-00000021.639985
-00000000.203313
-00000034.152522
-00000037.547994
000000014.561511
000000026.088375
-00000009.234406
000000045.818163
000000040.867128
000000040.908929
-00000034.369022
000000046.562440
000000043.045529
-00000046.122554
000000008.910904
-00000048.539380
000000013.805680
-00000011.560150
000000020.517115
000000000.308922
000000045.255284
000000036.785102
-00000044.789536
-00000049.284928
-00000021.363313
000000002.060309
000000037.344280
-00000046.179344
-00000006.359055
000000006.850509
-00000001.723121
000000034.766783
000000032.865576
000000026.936909
-00000031.399637
-00000000.394546
-00000016.441836
000000037.252999
-00000015.989822
-00000041.070612
000000033.852106
-00000003.118554
000000009.634843
-00000045.440308
-00000002.759177
000000017.598631
-00000033.272620
-00000049.927306
-00000047.146673
000000048.163280
-00000033.128736
000000038.705814
-00000016.199429
000000008.108512
-00000048.331271
-00000012.738538
000000047.884139
000000040.642978
-00000025.034955
-00000034.905981
-00000021.465004
000000046.369171
-00000004.961573
-00000039.753063
-00000033.969148
-00000043.579301
000000006.183596
000000006.496189
-00000005.310408
000000005.402913
-00000006.617753
-00000004.293284
000000028.528894
000000047.852960
000000046.242750
000000028.836517
000000021.306923
000000005.038743
-00000004.626089
000000029.507515
000000035.216598
000000036.576573
000000007.415564
-00000041.255303
-00000048.090293
-00000040.087894
-00000014.023326
-00000005.230726
000000048.902811
000000023.088720
000000011.936531
-00000016.816056
-00000049.497203
000000006.894354
000000025.466068
-00000009.862061
-00000015.263207
-00000047.532759
000000006.556341
-00000037.202471
000000033.742317
-00000007.649508
-00000026.055690
-00000009.571814
000000034.844721
-00000004.024563
-00000037.440702
-00000022.566098
000000011.108522
000000015.346418
-00000004.253616
-00000037.323762
000000004.297839
-00000049.419226
-00000025.362430
000000012.251896
-00000021.467809
000000016.774539
000000017.532366
-00000045.353141
000000020.903108
000000028.827079
-00000003.276532
000000035.873919
000000005.162671
-00000023.660720
000000008.880070
000000029.967476
000000008.357978
000000010.034954
000000043.212972
000000018.246407
-00000012.171033
000000029.441674
-00000035.163360
000000034.316330
-00000020.013300
-00000049.534692
000000039.970782
-00000014.816718
-00000026.766450
000000044.224880
-00000003.842773
-00000009.529571
000000018.576344
000000004.866027
000000031.089162
000000009.009502
-00000035.968175
000000005.390118
-00000025.146554
000000036.522999
-00000043.243480
-00000005.267994
000000034.579914
-00000009.711766
000000031.688513
000000035.865176
000000040.193817
000000041.209036
-00000038.082467
-00000030.356116
-00000006.989173
-00000005.693424
-00000043.634547
-00000049.994699
000000043.442923
-00000046.968546
-00000040.162489
000000047.211008
-00000016.445015
-00000032.188837
000000002.083621
-00000027.271058
-00000001.604413
-00000034.240749
000000001.989822
-00000015.570722
000000036.003359
-00000023.573607
000000014.015449
-00000022.161539
000000009.156840
000000011.873003
-00000007.072129
000000028.674712
-00000043.001892
-00000028.745584
-00000005.998196
-00000004.251408
-00000033.361954
000000027.661915
000000046.195152
000000020.088710
-00000025.923907
000000014.347448
-00000029.748738
000000015.943084
000000040.884033
-00000031.069449
000000029.884217
-00000031.228853
-00000005.930906
-00000032.940646
000000027.667618
-00000037.297377
000000047.615638
-00000005.347712
-00000003.731003
000000009.982600
000000016.989267
-00000027.275124
000000006.364807
-00000046.005229
000000034.266594
-00000022.589567
-00000036.139302
000000048.467154
-00000041.264558
000000045.681274
000000007.666752
-00000037.110670
000000013.313224
000000044.096846
000000034.788264
000000039.042385
000000013.787818
000000012.338547
-00000030.747115
-00000011.539806
-00000031.160069
-00000001.908162
-00000014.419799
000000014.763301
000000032.515735
000000036.820833
-00000015.901609
000000008.857398
-00000023.946991
000000025.027986
-00000034.774678
-00000033.747855
-00000003.194844
000000003.642964
000000041.471522
000000033.080740
000000002.849837
000000038.244449
-00000029.184252
-00000003.803862
-00000047.580430
000000022.952580
-00000037.511438
-00000010.040994
000000007.570032
-00000022.832748
000000048.126309
000000021.550402
-00000003.159963
-00000029.940404
-00000012.409640
-00000007.063521
000000007.699686
000000032.104914
-00000017.839767
-00000027.356561
000000027.287145
-00000029.708760
000000048.792594
-00000002.508930
-00000029.430659
000000032.327715
000000000.991826
000000043.167714
000000025.209648
-00000007.347734
000000025.675217
000000024.356080
-00000031.019129
000000000.802786
000000015.162608
-00000022.051951
-00000009.268368
000000021.336367
000000040.814821
-00000043.809765
-00000047.782010
000000048.586126
-00000045.561851
000000046.415675
000000043.382041
000000032.826220
-00000002.273050
000000027.938302
000000006.039632
-00000045.373451
000000043.908654
000000038.875956
-00000026.112544
000000018.135986
000000002.373632
000000021.847266
000000014.024968
-00000047.384530
-00000017.782914
000000039.942963
-00000034.108958
-00000045.308492
000000037.904742
000000046.950675
-00000012.966623
000000025.520353
000000046.124452
-00000021.075787
000000006.167607
-00000049.590141
-00000018.459978
000000029.806437
-00000002.437802
-00000009.431458
000000047.672598
000000030.474056
-00000032.763249
-00000046.268716
-00000037.638065
-00000031.628990
000000041.429635
000000042.702095
000000012.880691
000000040.494350
-00000022.766887
000000047.672994
-00000040.722256
000000004.115561
-00000049.520278
000000012.903181
000000034.212317
-00000017.953773
-00000011.525238
000000023.415681
000000029.522540
000000048.837356
-00000003.099242
-00000010.706546
-00000027.024079
000000003.946874
000000018.377792
-00000040.499978
000000039.813201
-00000037.907723
-00000037.731798
000000043.539775
-00000047.627922
000000020.760471
-00000035.802766
000000016.401848
000000044.626541
000000012.772023
-00000007.432502
000000002.852521
-00000012.923103
000000007.052513
-00000013.468585
-00000006.928934
000000019.063204
-00000025.927777
000000024.221863
000000008.741661
000000041.051596
000000001.061965
000000015.608926
-00000018.039189
000000007.372130
-00000005.054690
000000045.544595
000000007.699638
-00000008.305880
-00000006.644198
-00000040.915597
000000002.139739
-00000007.551295
-00000036.895281
-00000046.945009
000000026.109063
000000005.499406
-00000025.434313
-00000019.598666
-00000013.728248
000000026.482983
000000024.744550
-00000027.258520
-00000008.072925
-00000001.929287
000000042.966651
-00000027.262823
000000046.563869
-00000011.577346
-00000045.638416
000000042.625136
-00000020.922832
-00000040.374796
000000027.442842
-00000024.871957
000000047.224353
-00000049.971284
-00000025.585895
-00000005.128760
-00000033.016828
-00000023.937252
-00000035.704478
-00000035.422699
-00000033.460386
000000039.040083
000000009.024715
000000033.216112
000000027.308985
-00000034.782304
-00000022.616309
000000010.784430
000000040.369820
-00000014.673361
000000018.531931
-00000025.379049
-00000027.278433
-00000021.910843
-00000049.752175
-00000001.412478
000000040.679550
000000023.898556
000000002.418043
000000012.833952
000000028.373601
-00000014.353902
000000046.152426
000000007.294834
-00000042.338788
000000007.252927
-00000023.011658
-00000034.063478
000000015.806140
-00000016.770654
000000027.393176
-00000014.212150
000000022.075397
000000048.777103
000000031.149512
-00000010.031085
-00000028.899535
-00000003.376605
000000048.749711
-00000022.389678
000000025.623700
-00000021.208649
000000038.732599
-00000023.624839
-00000045.637713
-00000033.453362
-00000048.374875
000000031.214796
-00000028.514024
000000045.301770
-00000040.971320
000000002.276692
000000046.000318
000000021.609503
-00000034.801487
-00000022.879823
000000014.595390
000000032.647672
-00000011.447062
-00000030.521410
-00000033.234832
000000023.715674
000000028.826998
-00000034.059111
000000031.791039
000000002.965896
000000036.525588
-00000049.368080
000000003.143403
-00000015.567563
-00000014.031150
000000039.080235
-00000004.320684
-00000012.242158
-00000015.844322
-00000040.879855
-00000032.544467
000000006.031893
-00000035.940541
000000047.337607
000000012.851597
-00000030.166739
-00000046.463491
-00000026.992861
-00000027.114425
-00000003.294366
000000047.057079
000000041.761183
000000027.047253
-00000000.481873
-00000044.190976
-00000027.221131
-00000042.326230
000000045.881212
-00000032.214574
000000035.784836
-00000019.082637
-00000016.747784
000000010.222210
-00000002.369689
000000049.832930
000000022.619529
-00000004.264651
-00000021.980038
-00000023.764049
-00000032.434729
000000025.817191
-00000014.306259
000000024.002780
-00000022.251950
-00000027.352026
-00000018.970008
-00000028.278062
000000016.908925
000000015.684348
000000039.874032
-00000034.564404
-00000011.314460
-00000047.013148
000000022.997386
000000010.076431
000000049.934848
-00000029.909523
-00000047.148850
000000022.610325
-00000015.160214
000000039.316829
-00000023.600082
-00000028.593629
-00000044.452160
000000049.245622
000000032.329554
-00000000.398714
000000031.010555
-00000036.357524
000000020.645111
000000008.896960
-00000042.574101
-00000030.923094
-00000009.241253
000000012.081458
000000026.405820
-00000045.080899
-00000035.931296
000000034.411709
000000033.687545
000000044.099316
000000002.518750
000000006.719264
-00000002.319927
-00000049.765485
000000034.785069
-00000013.359664
000000027.000003
000000020.321071
-00000014.041197
000000022.731671
000000025.829318
-00000047.430134
-00000000.415479
000000032.481168
-00000000.339921
-00000021.906152
000000037.697140
-00000043.514673
000000048.828109
000000011.583035
000000035.404499
000000023.536099
-00000001.957109
000000009.915799
000000032.234189
-00000024.708629
000000024.569807
000000005.518224
000000008.858630
-00000046.087451
-00000008.698129
-00000018.582046
000000001.201113
000000014.918441
000000021.971985
000000032.130531
000000015.889707
000000042.968307
000000040.316735
-00000034.887742
000000023.460111
-00000013.147667
000000032.034704
-00000025.575534
-00000004.180334
-00000002.798483
000000034.624419
-00000004.047866
-00000010.207547
000000015.959654
-00000044.809847
-00000006.959492
-00000038.098344
-00000010.820517
000000007.431238
000000035.354147
-00000045.945277
000000026.966728
000000026.457948
000000011.283969
-00000016.063669
000000028.216385
000000001.792820
000000046.051977
000000046.453316
-00000000.956093
-00000014.278855
000000001.075592
000000017.596542
-00000012.548619
000000014.661645
-00000025.998430
000000003.981735
000000011.789370
-00000013.136186
000000048.513438
-00000000.188382
-00000004.954991
-00000010.259707
000000005.529003
-00000031.915237
000000013.035368
-00000033.438200
-00000023.729183
000000019.894458
-00000006.596828
-00000035.058196
000000018.010243
000000010.258158
000000049.153804
-00000038.805924
000000026.715132
000000032.051703
000000019.654427
000000005.746810
-00000029.405362
-00000027.438014
000000011.916927
-00000031.357117
-00000035.582305
-00000003.500724
-00000036.952308
-00000028.139597
-00000012.168355
-00000048.079704
-00000027.527153
000000000.676616
000000039.634696
000000023.612606
000000010.503873
-00000028.690033
-00000026.467058
000000014.599346
-00000007.375550
-00000038.839782
-00000034.625292
000000048.372887
000000000.246374
-00000046.511500
-00000045.200264
000000000.401110
000000026.354230
000000015.513610
-00000000.171786
-00000019.172228
-00000034.748221
-00000019.363789
-00000003.132268
-00000035.121644
-00000049.583551
-00000012.360535
-00000006.780160
-00000037.633106
-00000036.796517
-00000004.133516
000000048.269883
000000012.272094
-00000008.178062
000000031.967430
-00000046.445878
000000007.319679
-00000042.302602
-00000024.919440
-00000027.210293
-00000008.108277
-00000047.830235
-00000019.687334
000000009.260770
000000024.714917
000000036.640283
000000009.978581
-00000000.224403
-00000033.697231
-00000035.966099
-00000044.077635
-00000001.594405
-00000004.001393
000000028.097675
000000019.862926
-00000022.390786
000000010.956580
-00000047.008086
-00000019.615317
-00000006.081639
000000031.088609
000000001.289762
000000031.043030
000000046.468725
-00000028.209062
000000020.386643
-00000026.999696
-00000017.800958
000000037.351686
000000020.999984
-00000005.610816
-00000043.999734
-00000010.149966
000000006.540694
-00000043.232351
000000048.499066
000000013.920520
-00000042.647464
000000033.946069
000000041.108711
000000000.116806
000000041.897514
000000040.308495
-00000013.365674
000000027.225359
000000039.731353
000000032.505093
000000034.801450
000000025.520156
000000044.441705
000000040.861574
000000042.871869
000000032.696935
-00000016.445436
-00000036.352169
000000040.866554
000000016.474114
-00000024.244856
000000049.897511
000000024.242338
-00000017.695628
000000011.684821
-00000025.988789
000000011.139349
000000031.325527
000000025.194386
000000019.959201
-00000049.934601
-00000002.076200
000000038.447292
000000004.388302
-00000027.790909
000000013.731391
-00000048.071273
-00000030.992450
000000002.135550
-00000003.509573
-00000016.456468
000000013.766915
000000024.640085
-00000000.743516
-00000022.042791
-00000043.146730
000000033.800831
000000024.468880
000000035.590852
000000036.521440
-00000005.870775
-00000024.623534
-00000008.273227
-00000012.818820
000000031.077173
-00000003.616387
-00000009.416807
-00000040.288335
000000048.494639
000000026.591174
-00000008.397360
000000028.224291
-00000020.023798
000000034.983252
000000049.260946
-00000045.194396
000000006.987722
000000019.497347
-00000028.804055
000000025.320674
-00000016.615457
-00000020.930250
-00000030.806463
000000036.131617
-00000040.856459
000000021.439549
000000024.432512
-00000000.613038
-00000011.882228
-00000040.894726
000000032.320034
000000046.978403
-00000020.767784
000000000.752613
000000027.250613
-00000013.231956
000000028.182355
000000040.416764
000000006.759398
-00000006.500262
-00000030.653420
000000026.628423
000000034.944410
-00000022.026644
-00000036.185954
-00000000.849852
-00000047.106544
-00000043.555913
-00000010.740977
-00000027.715578
000000019.423736
-00000044.514091
-00000002.478615
000000027.083218
000000048.042032
000000011.217519
000000034.403142
000000026.380724
-00000040.960282
000000014.130998
-00000021.851906
-00000042.011793
-00000018.508890
-00000022.098375
000000004.683411
000000034.527282
-00000014.870279
-00000028.582684
-00000038.121689
-00000029.557865
000000002.201306
000000004.586433
-00000033.711189
000000025.242056
-00000015.936066
000000039.813961
-00000014.856220
000000049.815042
-00000014.784692
-00000040.258430
000000046.283940
000000022.865689
-00000048.670140
000000038.102639
000000018.552255
-00000014.376785
000000019.599385
-00000027.662754
000000015.473856
000000013.707701
-00000004.930113
-00000035.254896
000000013.241534
000000039.516605
000000010.695443
000000012.039854
000000008.886498
000000011.093773
-00000009.509020
000000042.631691
000000021.473697
000000043.876600
000000032.526532
000000046.045327
000000005.189225
-00000039.996811
-00000006.305514
-00000028.372424
-00000028.180706
-00000018.667594
-00000037.609910
000000043.976629
000000036.453661
000000032.630071
000000033.727936
-00000006.990847
000000005.941346
-00000048.538716
-00000021.010341
000000027.760053
000000027.905673
-00000007.528451
000000015.039607
-00000021.816278
000000038.774232
-00000047.480072
000000007.897155
-00000020.491714
-00000026.355001
000000046.440545
-00000020.979435
000000003.011472
-00000013.197368
-00000006.738682
-00000046.295759
000000027.176467
000000038.791655
-00000037.979614
-00000007.052236
-00000041.400512
000000020.180906
000000002.723390
-00000033.087289
000000025.120768
000000041.113957
-00000000.377011
-00000042.604276
-00000020.386671
000000033.593413
000000024.332914
-00000044.569774
000000034.677283
000000005.915598
-00000000.918111
000000049.063182
000000041.952488
-00000001.958562
-00000035.250015
-00000034.520857
-00000011.507691
000000006.806927
-00000036.394075
000000044.965049
-00000006.938180
-00000048.847451
000000017.585588
000000024.792571
-00000008.426615
000000001.958184
000000004.538906
000000006.068887
000000030.201828
000000007.143375
-00000002.543297
-00000037.836778
-00000028.106279
-00000049.469851
000000045.915138
000000033.709040
000000034.676456
000000019.226939
000000000.800459
-00000008.272994
000000043.870941
000000047.200273
000000039.070208
-00000049.509546
000000003.317823
000000007.040830
-00000043.549113
-00000022.195269
-00000010.845644
000000044.050057
000000004.460951
-00000001.101876
-00000007.546869
-00000030.417321
000000041.188829
-00000023.308313
-00000009.106761
000000038.552076
000000000.368068
-00000004.542973
000000004.129735
000000040.174540
000000013.307623
-00000014.523716
-00000019.978132
-00000006.007303
000000016.299386
000000026.041289
-00000000.449837
000000004.137932
-00000039.305823
000000014.785329
-00000034.914598
000000024.389225
000000002.681281
000000018.810241
000000020.469651
-00000007.853529
-00000030.992886
000000042.294937
000000020.743895
000000019.807839
-00000022.179674
-00000014.747053
000000035.734537
-00000017.366839
-00000009.759321
-00000003.087539
000000004.330078
000000009.961340
-00000001.863255
-00000023.048334
000000007.190632
-00000004.835420
000000032.295132
-00000030.273754
-00000045.300209
-00000035.936583
000000038.315798
-00000034.071374
-00000013.133512
000000033.354340
-00000003.868608
000000047.136428
000000003.102241
000000003.138741
000000004.292734
000000019.819407
000000015.637247
000000040.673378
-00000041.330287
000000014.021368
-00000008.089464
-00000042.664085
-00000006.118487
000000009.620121
-00000007.499470
-00000034.575235
000000036.799222
-00000019.639236
-00000046.208763
000000035.262913
000000027.376985
-00000042.615526
000000023.146637
-00000007.814098
-00000029.302827
000000043.427854
-00000048.745060
-00000015.037678
-00000006.395215
000000004.000744
000000036.681068
-00000013.818902
000000033.113789
000000009.479551
000000014.518183
000000016.866360
-00000004.337279
-00000046.942445
-00000019.841795
000000014.332728
000000005.360618
-00000036.185258
000000044.220270
000000027.919283
000000034.991942
000000025.811283
-00000037.989283
-00000047.850742
-00000039.552656
-00000003.862596
-00000035.223146
000000013.027467
000000042.435747
000000044.396814
000000017.510093
-00000040.856344
-00000040.855966
-00000040.647416
000000024.015433
-00000024.904915
-00000049.411621
000000045.677287
000000012.069447
000000007.135798
-00000004.297175
-00000035.760300
000000035.226185
000000048.125997
000000003.005727
000000016.507341
-00000018.499467
-00000024.422321
000000026.555101
-00000010.110968
000000048.874826
000000029.220069
000000012.744348
000000032.688337
000000032.262690
-00000014.049621
-00000022.492790
000000020.353671
000000022.962506
-00000025.235153
000000015.214778
-00000021.477126
-00000010.707772
000000033.316873
-00000047.210142
000000001.660600
000000033.380983
-00000046.278865
000000008.479633
000000021.629880
-00000015.823482
-00000012.725022
-00000037.226729
-00000049.859003
000000028.599638
-00000033.376308
000000037.896506
000000018.560421
000000022.237871
-00000023.160177
000000046.242334
000000032.981239
-00000013.365843
000000032.765930
-00000038.599769
000000030.758298
-00000046.481966
000000044.195445
-00000012.167136
-00000015.037485
-00000023.515019
000000020.010131
000000026.738601
000000037.538416
-00000000.295066
-00000049.209777
000000021.562275
000000021.548338
-00000038.903063
000000041.762368
000000002.620145
000000043.009796
-00000043.280914
000000045.911045
-00000032.655124
-00000042.204328
000000004.379701
-00000026.126021
000000032.002129
-00000012.750986
000000000.977841
-00000037.343742
-00000031.035906
000000045.006786
-00000039.057948
-00000049.420913
000000017.641448
-00000011.466232
-00000023.718554
-00000010.862410
-00000010.819044
-00000007.394651
000000033.931168
-00000016.949690
000000007.550632
-00000036.924835
000000027.815675
-00000026.223592
-00000029.509836
-00000048.588288
-00000016.268541
000000006.752490
000000021.145707
-00000008.558761
-00000020.058443
-00000037.280181
-00000011.507843
-00000003.691322
-00000041.734253
000000004.496887
000000045.642171
000000026.743096
000000025.243511
000000034.687291
000000008.931582
-00000038.769464
-00000005.745129
-00000029.054026
000000036.649920
-00000031.340970
000000003.732993
-00000006.031388
000000009.159601
000000047.474476
000000008.030075
-00000018.708397
-00000023.062571
-00000040.499194
000000003.155523
000000005.829171
000000040.109532
000000047.524948
-00000045.644179
000000001.926984
-00000017.019922
-00000006.219745
000000004.024749
000000010.238699
-00000014.167684
000000000.897928
-00000017.791049
000000034.155557
000000000.177012
-00000028.886780
000000026.307991
000000029.624762
000000024.220365
000000025.953443
-00000042.426596
000000013.327518
-00000005.484528
-00000036.198220
000000008.613482
-00000005.737540
000000004.755347
-00000047.808864
-00000044.952034
-00000004.732612
000000030.981053
000000015.064616
-00000034.719691
000000044.946938
000000036.947527
000000011.235043
000000042.427825
000000049.453698
000000027.156887
000000031.639272
000000021.947834
000000036.755461
000000026.591278
000000031.530163
-00000004.591013
000000044.134493
-00000015.775731
-00000014.641046
000000025.982155
-00000040.009005
000000006.043454
000000021.714818
-00000016.822143
-00000047.589958
000000026.971792
-00000007.689535
-00000035.437037
000000014.809340
-00000020.561713
000000020.699192
-00000040.113368
000000030.286761
000000029.439567
-00000004.691277
000000000.284910
000000024.567073
000000044.084570
000000038.671847
-00000018.121641
000000017.804061
-00000036.530345
000000035.677255
-00000048.196601
000000049.587673
-00000044.752142
000000012.572438
000000046.013860
-00000007.441567
-00000016.296646
-00000036.297050
000000005.355485
-00000032.171628
-00000026.897504
-00000047.989774
000000010.565963
-00000038.703206
-00000045.539480
000000003.637266
000000041.912357
000000021.840444
-00000032.154721
-00000042.825579
000000016.884783
000000009.723726
000000031.455650
-00000041.255022
000000004.270654
-00000007.549223
-00000038.205387
000000048.973770
-00000022.598939
000000043.264928
000000034.449946
000000014.655497
000000008.565635
000000048.752741
-00000044.243953
-00000036.540762
000000033.522861
000000042.251845
-00000014.291849
-00000024.849360
000000025.490038
000000041.279534
000000021.017094
000000027.525007
000000015.594215
000000023.840101
000000043.523461
000000043.526691
000000017.928205
-00000049.356691
000000038.041303
-00000049.050550
-00000043.677439
000000049.946998
000000030.093344
000000044.797469
000000023.765853
-00000022.541412
000000028.263526
000000041.029118
000000018.945120
000000045.591040
000000038.673637
-00000030.740970
000000015.311651
-00000038.971421
-00000043.654569
-00000029.624783
000000001.892645
-00000004.760949
000000006.207824
000000006.315547
-00000049.932454
000000044.058207
-00000023.167740
000000005.883421
-00000027.177769
-00000033.885858
-00000045.477082
000000028.969803
-00000048.489456
-00000041.432202
-00000038.641064
000000037.454301
-00000033.370817
-00000033.109560
000000035.702917
-00000015.989358
000000023.099459
-00000005.783471
-00000029.614398
000000028.733048
-00000045.588799
-00000012.201880
-00000034.604676
000000040.683656
000000003.895912
000000024.404899
000000026.899731
000000048.953562
-00000046.653566
-00000016.115029
-00000008.424252
-00000048.489768
000000019.989629
000000007.810649
000000008.603978
000000034.913418
000000001.060234
-00000042.971640
000000025.690158
-00000017.075938
-00000027.656094
-00000046.577295
-00000000.184042
-00000024.827427
-00000037.706290
-00000035.735875
-00000041.886136
-00000019.476936
000000028.727850
000000035.672866
000000034.638191
000000004.760151
-00000029.449510
000000030.096586
-00000009.489158
000000043.988616
-00000044.922198
-00000027.074866
000000018.913465
000000047.989983
000000032.886350
-00000031.323499
000000043.946562
000000000.102860
000000029.931145
000000037.367730
000000040.062905
000000049.427034
000000042.119666
000000028.081483
000000043.501997
-00000021.201194
000000034.501451
000000047.262988
-00000038.888926
-00000011.386760
000000047.478935
-00000046.593983
000000037.656016
000000016.806797
000000000.514733
000000003.545495
000000048.034463
-00000017.147335
000000032.066869
000000027.965889
-00000016.152086
000000036.214867
000000028.102316
-00000028.081019
-00000001.973258
000000044.172324
000000033.508863
-00000007.355499
000000020.401353
-00000028.860609
-00000043.153342
-00000021.112373
000000020.356192
-00000028.483588
000000022.766922
-00000037.743818
000000049.385512
000000044.706346
-00000015.497791
-00000014.432377
-00000028.802227
000000027.298079
000000025.338403
-00000045.225717
-00000024.991210
000000030.672405
-00000020.035824
000000026.659958
-00000040.845712
-00000031.375700
000000028.922211
000000024.369488
-00000022.215069
-00000030.730997
000000029.733866
-00000046.374430
000000019.138173
-00000022.174192
-00000027.876625
000000042.426427
-00000044.019040
000000045.231401
-00000009.569966
000000000.889154
-00000001.132569
-00000035.634552
000000049.880211
000000002.054345
000000032.750877
-00000022.521312
-00000006.178538
000000001.808090
000000014.436299
-00000009.235278
000000003.036550
000000031.080225
000000009.878554
000000014.539583
-00000034.593230
000000017.178078
000000009.253244
000000008.879701
-00000018.155194
-00000013.889570
000000047.197842
-00000022.427216
-00000027.256773
000000003.207254
-00000005.904087
-00000020.326105
-00000013.826076
-00000034.030430
-00000039.472597
000000043.709521
000000015.527156
000000038.175709
-00000044.885278
-00000010.422942
-00000011.190460
000000026.672985
-00000039.647673
000000016.449886
000000005.854244
000000047.407475
-00000008.676239
-00000030.414668
000000042.471970
000000002.061844
-00000001.495879
-00000013.026585
-00000035.861095
000000014.717221
-00000016.550246
-00000030.550467
-00000043.959093
000000034.327572
-00000049.264812
-00000049.521701
-00000026.152403
000000045.154034
000000001.966827
000000038.614779
000000000.964009
-00000003.125066
000000039.353442
000000005.042504
-00000003.498225
000000048.649850
000000033.726874
000000018.016079
-00000025.060174
000000048.320765
-00000008.022757
000000027.004011
000000047.331963
000000047.090204
000000043.802353
-00000047.599093
000000006.703808
-00000009.101982
000000039.990367
-00000013.513750
-00000028.484815
-00000031.639814
-00000008.009656
-00000008.458817
000000033.109403
000000019.132422
-00000016.578754
000000039.448752
000000041.103787
-00000019.921399
-00000008.116222
-00000039.486508
000000017.684548
000000035.381727
-00000012.259744
000000008.521922
000000013.554477
000000033.018497
000000034.497725
000000044.167783
000000008.457130
-00000022.324848
000000032.463367
000000043.888755
-00000045.807841
000000029.622397
-00000001.854290
000000048.971204
-00000047.918725
-00000047.736681
000000001.469976
000000037.605209
000000026.993950
000000006.555720
000000031.593025
-00000023.394901
-00000008.840382
-00000011.613397
-00000009.412697
-00000049.995125
000000000.754531
000000021.902002
000000028.471045
-00000031.990348
-00000027.855042
000000035.992490
000000009.263248
-00000004.787522
000000000.994776
-00000032.611248
000000007.518587
-00000045.987969
-00000017.681982
000000008.480197
-00000029.955866
000000024.294649
-00000038.098626
-00000016.057146
-00000024.576613
-00000020.759709
000000016.076291
000000032.023442
-00000007.906697
000000039.205314
-00000002.864057
000000044.909647
-00000023.131197
000000049.716741
000000043.132231
000000000.619942
-00000006.868940
-00000031.563038
000000013.527929
-00000014.570063
000000029.847860
-00000008.659175
000000014.207353
-00000048.261161
000000007.945978
000000036.167951
000000037.466336
-00000001.245643
000000003.388818
-00000003.586966
-00000006.577953
-00000028.715064
-00000048.977862
-00000039.300086
000000010.231154
-00000009.315345
000000019.543460
-00000021.582273
-00000049.180750
000000008.571267
000000035.846374
000000025.108242
000000035.556087
-00000018.133359
-00000048.178687
-00000048.525827
-00000016.676671
000000032.089191
-00000025.895850
-00000026.717469
000000030.390007
-00000025.680322
000000048.210072
000000000.181510
-00000042.076121
-00000014.912162
000000004.242214
-00000002.087236
000000038.125316
-00000046.627237
000000028.504520
000000008.024755
-00000013.012625
000000006.322418
000000040.770717
000000003.480937
000000012.487179
-00000020.912602
-00000007.126747
-00000031.924641
-00000047.662085
-00000034.196457
-00000006.803001
000000046.946710
-00000030.171607
000000032.282606
000000031.424576
000000008.411263
-00000007.888426
000000027.977364
-00000023.372206
-00000018.430389
000000037.750410
000000019.437610
000000042.989942
000000026.497761
-00000047.622832
-00000004.511002
000000024.846119
-00000044.810825
-00000001.228162
000000008.032831
-00000044.574644
000000041.711928
-00000015.870506
000000005.529363
000000021.063666
000000043.288364
000000039.191509
-00000040.699950
-00000010.561810
000000043.259753
000000035.499428
000000047.738197
-00000018.430983
000000029.294472
-00000034.656008
000000048.887694
000000023.278888
000000031.926521
000000048.888505
000000047.733702
-00000036.863430
-00000020.174351
000000042.121207
000000017.607404
-00000003.405945
000000028.417417
000000023.223912
000000013.561897
000000016.330552
000000000.970093
000000041.934581
-00000025.786839
000000038.319502
000000048.486703
000000042.643093
-00000026.293566
-00000026.266928
000000003.188831
-00000033.782038
-00000019.925569
000000015.698776
000000025.620242
000000004.655459
000000044.772270
000000044.644665
000000047.061954
000000016.122294
-00000018.360063
-00000020.655180
-00000004.272446
000000003.191959
-00000045.445733
-00000014.049684
-00000010.147947
000000044.228841
000000020.748807
000000022.719360
000000045.115976
000000034.941573
000000011.924429
000000032.613499
000000003.737526
000000014.908506
000000045.131037
-00000016.513287
-00000037.039085
000000000.987045
-00000041.180855
000000000.655279
-00000009.427693
000000037.380615
-00000038.150677
-00000011.094305
000000032.552606
-00000030.009532
-00000038.419525
000000020.495069
-00000024.842492
000000012.575269
000000024.969517
-00000012.244640
000000041.791152
-00000045.957382
-00000000.996844
000000019.174153
000000019.264347
-00000047.420819
000000025.407066
000000017.247333
-00000007.281925
000000023.778209
-00000017.338328
000000046.252632
-00000037.973359
-00000010.254306
-00000044.317994
000000024.959523
000000042.313984
-00000044.527487
000000001.439386
000000030.064973
-00000041.174933
-00000008.524568
-00000044.774804
000000003.033041
000000012.358372
-00000040.426901
000000016.654384
-00000041.461135
-00000039.585707
000000036.224852
000000002.913647
-00000005.293831
-00000035.161009
-00000012.516314
000000046.774343
000000001.926633
000000046.797961
-00000013.524281
000000012.672964
000000001.716273
-00000048.785387
-00000048.594574
-00000028.564608
000000033.567985
000000006.235461
000000015.199319
000000005.270078
-00000044.817436
000000008.776430
000000020.654187
-00000046.672420
-00000040.802608
000000028.768298
000000003.775010
-00000025.170432
000000012.289668
-00000004.580258
-00000022.889306
000000023.482233
000000035.328938
-00000034.217223
000000031.373481
000000042.142087
000000006.423962
000000025.328974
000000022.323681
000000000.594142
000000042.896017
-00000007.620361
000000018.490880
-00000011.506501
000000009.371710
-00000007.604519
000000029.274464
000000018.234159
-00000016.407235
-00000002.299818
-00000029.379256
-00000006.471452
-00000039.229986
000000045.629022
000000022.924645
000000015.155457
-00000016.741332
000000019.862312
-00000008.023540
-00000041.427014
-00000017.791330
000000011.390143
-00000044.593063
000000003.369363
000000019.167296
000000036.788867
000000003.727748
-00000017.126718
000000021.213022
000000040.962179
000000014.082363
-00000033.735698
000000036.224671
000000021.964478
000000006.390460
-00000025.626831
-00000036.205048
-00000001.202063
-00000036.324607
-00000045.235905
-00000019.147723
-00000024.963885
-00000028.190263
000000018.931450
000000013.341167
-00000003.282452
-00000022.688159
000000043.369462
-00000039.275717
000000041.176405
000000036.602404
000000002.295630
-00000041.685018
000000022.400404
-00000044.477380
-00000020.100726
000000033.548058
000000040.257669
-00000004.024815
-00000022.318878
000000041.579829
000000006.705452
-00000032.860222
000000012.845719
000000038.721592
000000037.138587
-00000035.488811
-00000001.534104
000000000.109744
000000023.670584
-00000028.500551
000000008.480249
000000011.970983
-00000002.255748
-00000021.182179
-00000009.704371
-00000034.565870
000000019.483211
-00000002.520293
-00000023.805221
-00000035.034338
-00000007.875678
-00000034.144895
000000019.804550
000000002.371108
000000022.280559
-00000038.360466
000000005.035311
-00000030.571425
000000025.302861
-00000009.685830
000000028.192334
000000016.435821
-00000006.670394
000000005.088434
-00000023.017221
-00000041.596942
-00000000.512624
000000024.591425
000000037.057568
-00000021.232940
000000041.952992
000000016.704483
-00000036.741408
000000046.107682
000000037.083460
-00000044.295263
000000001.173445
000000001.497643
000000041.508646
-00000011.068101
000000028.779986
-00000027.795122
000000022.965363
-00000045.076286
-00000021.698485
000000046.200972
-00000048.202724
000000021.627486
-00000033.137025
-00000003.671329
-00000043.418298
-00000012.063042
000000009.674490
-00000036.621722
-00000025.536737
000000049.288596
-00000038.631677
000000004.361400
000000039.729462
000000036.054958
-00000043.560790
000000041.908021
000000042.270936
000000017.483543
000000026.708639
000000039.218818
-00000035.791702
000000032.248045
000000017.136093
-00000006.038973
-00000029.420429
-00000024.581350
000000007.482336
000000035.797495
000000005.071100
-00000010.255351
-00000040.798497
000000013.091899
-00000020.093099
-00000016.685561
000000028.972858
000000022.258013
-00000030.184338
000000015.465843
000000033.514649
000000021.049330
000000032.162303
-00000044.373289
-00000022.650761
000000047.961905
000000001.616212
-00000044.252044
000000005.170775
-00000037.695070
000000009.947258
-00000025.863424
-00000045.873304
000000012.149904
-00000014.427541
000000017.605839
000000025.947558
000000014.382256
000000008.262054
000000008.546757
-00000006.706346
-00000003.156471
-00000039.042269
000000045.215095
-00000005.658202
-00000043.225285
000000001.024143
-00000023.540216
-00000048.515800
-00000047.528396
-00000000.423326
000000008.342432
-00000002.411385
-00000018.426908
-00000009.005046
-00000040.523044
-00000018.327325
000000045.367836
-00000029.403102
-00000022.870972
000000006.735564
000000034.880442
-00000048.971642
-00000032.354741
-00000020.910266
-00000047.444913
-00000024.402163
000000015.932596
000000000.629190
000000049.674150
000000016.995407
000000010.592693
000000044.406873
-00000018.873471
000000004.084050
000000027.859628
000000027.581729
-00000032.018027
-00000001.693628
-00000009.569276
000000043.709074
-00000002.946600
000000029.339018
000000021.170062
-00000025.479171
-00000046.929079
000000030.642497
-00000021.134093
-00000042.627117
-00000028.606414
000000037.249485
000000048.912408
000000002.585273
-00000039.195152
000000007.326307
-00000021.049045
000000000.689882
-00000009.355181
-00000043.390778
-00000006.051857
000000025.414898
-00000026.591302
-00000009.299288
000000000.518840
-00000032.076819
000000032.380798
000000038.415047
000000032.949970
-00000048.206976
-00000001.415689
000000022.953546
-00000002.418204
-00000001.542802
-00000022.671944
000000013.796820
000000015.009324
-00000012.165119
000000002.254800
000000027.015597
000000025.840343
-00000011.201316
000000014.685948
000000045.477045
000000033.164272
-00000004.424344
-00000025.828501
000000012.476587
-00000021.064216
-00000022.590445
-00000001.238329
-00000023.965386
-00000049.540249
000000034.596983
000000022.199507
-00000021.095040
-00000046.807148
000000010.699802
000000031.886723
-00000032.248866
-00000033.922139
-00000028.759210
-00000046.695078
000000039.523762
-00000027.662490
-00000042.018632
-00000018.899212
000000023.447190
-00000028.373275
000000025.994643
000000027.098851
-00000028.113734
-00000023.961836
-00000019.218443
-00000015.766481
-00000024.530210
-00000047.147824
000000043.792825
-00000038.749663
000000039.011455
000000039.106838
-00000022.362805
-00000035.215742
000000030.871166
000000037.837356
000000014.262585
000000027.162369
000000014.380828
000000041.810138
000000019.338401
-00000045.605761
-00000035.177011
-00000020.818937
000000039.355121
-00000000.987836
-00000012.735565
-00000044.021882
-00000038.436483
000000016.725375
-00000038.561031
-00000015.303532
000000044.336039
000000009.588960
000000021.035443
000000046.462441
-00000028.055642
-00000022.795779
000000011.432733
-00000021.152383
-00000045.229836
000000022.319563
-00000013.551065
000000012.983502
000000036.823647
-00000010.640703
-00000010.583246
-00000014.558094
000000016.920756
-00000049.546043
-00000005.697931
000000013.519473
000000019.314109
000000010.374418
-00000049.847969
-00000028.977517
000000021.893329
000000041.590283
000000007.459099
000000017.128503
000000024.741400
000000016.000268
000000002.687113
-00000022.044641
000000004.889428
-00000001.449454
000000020.916201
000000031.458587
-00000007.849343
-00000041.889048
000000044.078976
000000006.381727
000000030.095877
000000026.075432
-00000039.602573
000000038.187910
-00000028.720847
-00000043.038212
-00000039.732833
-00000024.993175
000000039.020164
-00000023.111347
-00000035.085465
000000048.251734
-00000036.754822
000000024.599176
000000030.676523
000000002.122427
000000035.492801
000000020.388267
-00000013.210168
-00000042.049804
000000000.175905
000000035.892842
000000005.252697
000000000.310843
000000004.092618
-00000027.445563
-00000036.167418
000000046.894658
000000014.094706
-00000000.694642
-00000042.111381
-00000029.045919
000000010.411154
000000006.620159
-00000007.324050
000000009.238528
-00000001.389021
000000030.783320
-00000041.421077
000000017.972615
000000011.357417
000000010.633487
-00000040.277177
-00000049.248238
-00000001.696742
000000001.049116
000000048.143288
-00000025.856025
000000011.614479
-00000029.753178
-00000033.284691
000000016.036522
-00000029.841015
000000009.091755
000000043.988547
000000047.902155
000000038.394502
000000032.900882
000000021.634056
000000032.544774
000000049.032031
000000032.799736
-00000046.866699
-00000046.305364
-00000029.201034
-00000046.972033
-00000047.549996
-00000028.953147
000000014.801658
000000021.448497
000000019.597716
-00000015.225431
-00000047.623990
000000026.981209
000000041.192544
000000025.813341
000000002.764302
000000024.149485
-00000012.734934
000000023.731480
000000035.876967
000000001.103478
-00000031.135520
000000012.010858
000000020.762218
-00000006.612551
000000016.450491
-00000036.885391
-00000042.250677
-00000023.318315
000000007.925599
-00000037.324335
000000036.650646
-00000036.582943
-00000047.333647
000000026.178799
000000016.563485
000000041.489249
-00000001.616936
-00000016.882756
-00000022.072140
-00000020.440499
000000009.452479
000000036.083620
000000034.355906
000000029.201492
-00000004.031780
-00000013.282683
000000041.700097
000000046.334264
-00000006.356520
-00000019.197802
000000012.781266
000000045.175811
-00000013.554131
-00000007.171967
000000047.625996
-00000030.119235
-00000028.925761
-00000039.453000
-00000042.998438
-00000000.079536
000000018.793408
000000014.836347
-00000020.917107
-00000006.730886
000000043.478591
-00000015.304388
000000029.400126
-00000039.967144
000000021.803686
000000004.449876
000000048.519897
-00000037.931233
-00000016.784920
000000006.000309
000000012.493731
-00000039.529756
000000033.606802
000000046.872825
-00000008.189592
000000011.938379
-00000048.542360
000000041.291033
000000005.826123
000000021.722803
-00000008.327497
000000020.778840
000000043.389328
000000040.019686
000000007.617894
000000029.932138
-00000044.838552
-00000019.208967
000000002.046228
000000046.850920
-00000030.942090
000000007.562798
000000003.019724
000000023.969063
000000013.956217
-00000024.173484
000000030.888256
000000049.146821
000000036.561836
000000022.479792
000000040.225635
-00000012.798121
-00000033.126398
000000020.877062
000000038.826820
000000044.661658
-00000014.604233
-00000032.581966
-00000029.081635
000000004.348420
000000003.014020
-00000030.615688
000000009.202463
-00000041.802321
000000016.760278
-00000028.535797
-00000000.129926
-00000033.989495
000000012.571099
-00000007.086089
000000004.972313
000000032.014486
-00000037.805278
-00000028.265502
-00000039.714608
000000000.332530
-00000005.217707
-00000004.944630
000000025.859345
-00000037.278751
000000005.132253
-00000025.123936
000000026.683455
-00000031.957503
000000007.328576
000000039.510797
000000027.273148
-00000048.514256
000000023.470871
000000007.899182
000000035.488029
000000023.991320
-00000042.252224
-00000003.901320
000000005.595062
-00000002.126677
-00000006.772974
000000042.779313
-00000009.376328
-00000024.642962
000000035.961280
-00000001.269042
-00000049.387992
000000002.492203
000000043.435955
-00000010.087378
000000041.669824
000000034.356342
000000013.674014
-00000034.621359
000000015.199705
-00000030.890241
-00000019.314399
-00000018.221883
000000035.503609
-00000028.393402
-00000008.807273
-00000048.376743
-00000045.202595
000000013.017762
000000008.018609
000000010.054103
-00000041.133960
000000025.207350
-00000044.882222
-00000003.401543
000000044.782644
-00000010.837190
000000047.409547
000000036.956135
000000008.915235
000000010.161037
000000021.398796
-00000027.041868
-00000007.454041
-00000049.078545
000000037.622175
-00000025.291750
-00000048.415870
000000002.928466
-00000022.595288
-00000029.035579
000000022.881881
000000038.387832
000000019.974209
000000015.828714
-00000046.560880
000000046.715353
000000003.943844
000000030.871021
000000030.253971
-00000026.345126
000000043.384718
000000001.306119
000000001.739933
000000034.512033
-00000046.420158
-00000012.515744
-00000040.441987
000000009.808460
000000017.051929
000000033.761152
-00000040.470035
-00000021.040805
-00000014.875498
000000006.116374
-00000001.801058
000000040.217148
000000014.206860
-00000021.666091
000000037.840203
-00000029.211678
000000005.848556
-00000029.897412
000000036.613448
000000025.188412
-00000016.389097
000000045.306151
000000005.468782
-00000039.113734
-00000047.263244
000000026.635392
-00000018.188365
000000034.175589
-00000043.186937
000000015.362434
-00000001.697901
-00000025.040828
-00000047.976310
000000009.876729
-00000010.922516
000000033.458016
000000048.655299
-00000049.086420
000000034.772355
-00000015.678245
000000032.281941
000000038.140614
000000010.659326
-00000028.419862
000000036.111986
000000035.050468
-00000008.199735
000000011.513723
000000030.494346
000000025.395845
000000047.097880
000000027.823608
-00000033.727746
-00000006.534314
000000046.450599
000000045.245893
000000022.827284
-00000043.579536
000000026.780863
-00000007.400257
-00000011.878464
-00000015.924909
000000042.532128
-00000024.395648
000000032.232058
000000049.646671
000000032.379558
000000042.887911
000000024.751388
-00000015.909139
-00000001.497559
000000037.491795
000000013.536606
-00000027.933092
000000039.014152
-00000039.291228
000000002.724243
-00000035.057835
000000033.292022
-00000032.039065
-00000006.650063
-00000023.471117
000000028.311035
000000018.109525
000000033.542449
000000021.709100
-00000049.959143
000000041.395684
000000046.886817
000000003.329319
-00000005.043301
000000018.251615
-00000001.481415
000000015.630061
-00000015.755213
000000045.421568
000000026.730427
000000025.223246
-00000032.080770
000000038.929658
000000022.816715
-00000004.237719
-00000007.562320
-00000000.022367
000000019.585830
000000017.797696
000000027.199842
-00000027.786432
000000037.031878
-00000010.980240
000000030.289450
000000002.157867
-00000003.762723
000000005.615678
000000008.793270
-00000008.105786
000000015.397790
-00000013.417627
000000044.878813
000000000.230957
000000037.207509
-00000031.381650
-00000044.522722
000000009.026159
000000048.560372
000000009.064457
-00000015.096383
-00000038.327027
-00000037.972620
-00000007.019659
-00000010.882093
-00000004.900631
-00000044.172605
000000002.850715
000000014.720459
000000002.098361
-00000036.440706
000000015.945185
-00000048.631467
-00000037.764992
-00000033.097840
000000005.651800
000000003.359210
-00000015.349613
-00000049.521921
000000045.124896
-00000016.042816
-00000009.711242
000000006.331812
000000020.601489
000000048.037012
-00000017.287008
000000030.798106
000000029.329704
-00000002.802022
-00000018.141634
-00000004.751456
-00000044.888133
-00000016.799842
000000022.731758
000000027.245585
000000020.201040
000000005.928967
000000007.930397
000000044.454573
000000013.222493
000000020.751219
-00000011.517501
000000001.310172
-00000008.247143
-00000004.229964
-00000020.735540
-00000049.500532
-00000021.675970
-00000035.127318
-00000026.698244
-00000023.029884
-00000021.616557
000000019.410976
000000041.601470
000000022.121037
-00000013.093628
000000045.737235
000000012.594247
-00000002.629605
-00000048.998141
000000012.581187
000000046.395748
-00000041.731356
-00000026.624181
000000020.398793
000000015.358146
000000018.143397
-00000024.379768
-00000037.581070
-00000006.990902
-00000029.099515
-00000038.994606
-00000003.712782
000000040.519782
000000039.596886
-00000010.904894
-00000042.850585
-00000026.831767
-00000004.155989
-00000015.273091
000000042.983625
000000031.545194
000000006.654135
-00000017.341878
-00000004.702560
-00000026.024775
-00000036.768662
-00000042.257065
-00000028.667941
000000031.096707
-00000039.783717
000000005.458312
000000035.101699
000000011.873948
000000005.369133
000000035.831365
-00000024.552771
000000046.428525
000000006.527095
-00000012.454665
000000020.364266
-00000023.286271
-00000035.624857
-00000009.265237
-00000047.193098
000000025.766062
-00000017.844502
000000034.554992
000000027.660198
-00000037.585260
000000024.511169
-00000022.828739
000000040.371464
000000036.089569
000000031.371407
-00000035.184572
000000041.648576
000000048.727912
000000034.864942
-00000033.226732
000000030.552053
000000003.543353
-00000020.024508
000000043.674410
-00000019.832266
-00000022.804523
000000006.881046
000000026.654797
-00000040.147411
-00000010.882302
-00000014.946268
000000019.555149
-00000041.136184
000000033.656459
-00000031.786355
000000040.327756
-00000004.860082
000000024.301345
-00000036.337276
-00000018.419870
000000006.293211
000000009.504804
000000029.471453
000000004.332053
-00000022.249797
000000024.078209
-00000044.888107
000000039.559461
000000014.755830
-00000035.603981
-00000026.351951
-00000014.786065
000000024.018596
000000027.942753
-00000048.706111
-00000026.277713
000000039.557587
-00000045.788427
000000009.378273
-00000011.618519
000000022.323140
-00000006.465748
000000037.424624
000000013.776835
000000039.966847
000000019.828515
000000038.634106
-00000027.114292
000000011.362738
-00000017.959056
000000021.589568
-00000015.283304
-00000011.178967
-00000045.394924
-00000022.928897
000000044.320290
-00000027.857042
000000029.700842
-00000004.346962
000000000.247967
-00000035.444040
-00000018.518674
000000030.959082
-00000028.197587
000000017.022318
-00000004.473214
-00000037.627570
-00000006.206058
-00000020.628106
-00000025.792810
-00000021.521544
000000004.391818
000000013.175638
000000011.809070
-00000016.030550
-00000048.258984
-00000009.683272
-00000048.551556
000000025.136222
000000007.324624
000000034.959917
000000040.999764
-00000044.054415
-00000046.078441
-00000013.741919
-00000042.615414
000000003.153298
-00000000.916957
-00000000.077880
-00000039.741343
-00000013.410812
000000032.286503
000000043.032521
000000017.900747
-00000037.102445
000000046.591642
000000006.567167
-00000046.758514
-00000032.593258
000000030.302432
-00000008.498471
000000027.589101
-00000039.215477
-00000032.274666
-00000041.491695
-00000012.363053
-00000047.379012
-00000017.184997
000000048.810231
-00000020.486491
-00000017.459549
-00000002.166200
000000029.250970
-00000003.490290
000000026.913772
000000038.952544
000000021.836318
-00000002.945587
-00000046.679997
000000000.131595
-00000005.384858
-00000038.317505
000000029.751638
000000019.100726
000000003.632983
-00000034.860727
-00000023.106428
000000038.572709
000000035.680105
000000018.191011
000000021.917320
000000031.061195
000000048.611125
-00000013.222860
000000014.966838
-00000013.777110
-00000005.860573
-00000039.728652
000000025.280466
-00000029.785849
000000030.272459
000000010.054204
-00000035.332175
000000012.162564
000000044.082881
000000031.390216
000000040.376078
-00000006.163186
-00000043.503415
-00000019.389515
000000017.334426
-00000024.402282
000000029.475946
000000023.504163
000000048.019300
-00000009.313193
000000041.701471
-00000024.893940
-00000015.042047
-00000042.874350
000000004.986420
-00000005.965265
000000030.970352
-00000036.458506
000000012.638222
-00000037.701441
-00000038.014019
-00000026.002981
000000009.311575
000000032.972279
000000009.573550
000000004.591336
-00000044.852602
000000020.091895
000000049.660384
-00000041.264854
-00000005.211771
-00000022.928096
-00000028.670458
-00000028.582625
-00000007.104441
000000009.279500
000000007.664119
000000028.618072
000000034.821966
-00000026.719132
-00000011.480005
-00000035.260025
000000025.927124
-00000032.306374
000000013.572972
000000037.298386
000000031.550670
000000039.337474
-00000039.710832
-00000031.792009
000000046.808032
000000042.085516
000000004.456151
-00000020.769612
-00000049.838544
-00000044.092708
-00000014.003054
000000035.204556
-00000004.795909
000000019.299585
000000046.942235
000000012.593670
000000013.408947
-00000048.326634
-00000024.806943
-00000002.022283
000000007.928337
-00000046.832023
000000032.164686
-00000022.953271
000000000.136802
000000010.472786
000000026.222371
000000030.361179
-00000029.191909
000000009.040184
000000020.223740
000000008.913773
000000004.983255
000000037.872824
-00000039.743680
000000016.932440
-00000018.836163
-00000036.024318
-00000034.850806
-00000001.697615
000000032.955387
-00000026.494393
-00000019.544367
-00000031.337343
-00000014.741558
000000007.365812
000000035.821237
-00000009.830730
000000022.185697
000000025.031074
000000037.004755
-00000022.055432
-00000036.233356
-00000015.885575
000000010.904128
000000004.495821
000000010.938510
000000029.773747
000000017.918452
000000024.341878
000000000.131140
000000010.495097
-00000033.429809
000000039.504788
-00000009.187397
000000020.879637
-00000047.193723
000000026.485514
-00000018.386987
-00000028.584020
-00000005.360744
000000026.243832
000000017.090391
-00000013.734633
000000012.190720
-00000014.750809
-00000049.089356
-00000022.938344
-00000014.268690
000000022.881338
-00000020.687123
-00000039.317595
000000008.510024
-00000021.331222
000000047.412665
000000016.744642
-00000012.872194
-00000027.295682
-00000029.586487
-00000016.104951
-00000043.403199
-00000049.973041
-00000048.533100
-00000001.712547
-00000001.740285
000000001.077828
000000031.122991
-00000008.728390
000000031.208751
-00000022.893256
-00000027.511330
000000002.369440
-00000001.911937
-00000006.480180
-00000012.139075
-00000022.985989
-00000032.902075
000000022.824388
000000002.298229
000000013.010890
000000008.115370
-00000020.435110
000000046.959254
-00000015.198193
-00000016.859860
000000045.284329
-00000011.231496
000000007.730141
-00000017.635965
000000045.234923
-00000044.183864
000000035.802398
-00000023.793682
-00000011.244228
-00000028.319277
000000003.897772
-00000018.619605
000000010.704149
-00000007.542014
-00000000.199992
000000022.742651
-00000013.847405
-00000037.373075
-00000038.574808
000000031.170822
000000039.140672
-00000001.008777
-00000048.378223
000000046.436684
-00000021.694739
000000043.864744
000000036.163241
-00000010.051111
-00000012.273943
000000031.554213
000000032.090075
-00000041.118463
-00000004.354532
000000007.221266
-00000036.750306
000000045.670297
-00000027.500899
-00000040.366230
-00000049.594031
-00000043.189341
-00000046.118701
-00000046.540823
000000025.132836
000000045.554887
-00000005.060585
000000010.989514
000000023.169510
-00000035.739346
-00000013.177337
000000024.959799
000000025.111568
000000015.142750
-00000029.898971
000000024.933276
000000044.168326
000000040.929881
-00000023.276166
-00000049.855947
000000043.970781
-00000041.095921
000000003.625707
000000046.339642
000000018.616761
000000039.035686
000000045.341967
000000036.743767
000000004.654005
000000047.020084
-00000011.889777
-00000034.482349
-00000024.296403
-00000019.866723
000000037.367444
-00000037.147843
000000007.903640
-00000016.325088
000000028.071380
-00000015.047451
-00000005.892827
000000040.644408
-00000038.036010
-00000020.376266
000000030.412345
000000021.046228
-00000042.852935
-00000027.069577
000000036.562494
-00000019.745793
-00000042.136507
-00000042.439734
-00000003.732551
000000030.154702
-00000018.808817
000000046.187433
-00000008.384295
000000020.869616
000000012.792506
-00000020.489138
000000042.333510
-00000035.169639
-00000033.435154
000000008.979281
-00000036.622910
-00000014.506909
-00000001.035555
000000007.830624
-00000001.293527
-00000041.723618
-00000005.804303
-00000035.654564
000000033.384535
000000036.150353
-00000017.046480
000000030.583742
-00000003.513899
-00000026.941418
000000016.871818
000000004.846583
000000042.615169
000000007.921136
000000030.473465
000000022.243290
-00000003.148313
-00000015.178495
-00000010.243822
-00000015.317383
000000006.233693
000000022.157045
-00000045.583819
000000038.031411
000000007.789300
000000017.629660
-00000007.747890
-00000027.147544
-00000021.158335
-00000023.869214
000000047.962418
-00000002.140027
000000017.807123
-00000035.444859
000000023.119845
-00000012.104173
000000033.792826
000000048.646178
000000003.658662
000000005.773174
000000029.588699
000000020.980478
000000030.138659
000000018.761098
000000006.565291
000000031.548537
000000044.061418
-00000006.139998
000000020.772208
000000030.058275
000000030.628723
000000043.472111
-00000020.767762
-00000004.389852
-00000020.117862
-00000024.204145
-00000006.092834
-00000010.133205
-00000010.208739
-00000032.479069
-00000049.251486
000000025.925723
-00000032.476981
000000044.489018
000000003.128204
000000000.023345
-00000049.904814
000000017.292254
000000046.071320
000000016.737891
-00000040.524011
-00000049.250887
-00000038.801099
000000031.864960
000000046.832874
000000040.329206
-00000033.941025
-00000001.477096
000000028.264194
-00000044.538944
000000037.316892
-00000009.221467
000000002.487305
-00000016.120893
-00000030.357509
-00000018.798060
-00000002.562665
-00000043.560572
-00000046.565225
000000001.860200
-00000034.302699
000000045.911705
000000009.940493
000000036.503490
000000031.589233
-00000047.045392
-00000025.160388
-00000009.193547
000000049.377145
000000018.681315
000000016.788799
000000009.787518
000000021.448061
000000025.863401
-00000030.652897
-00000049.212902
000000026.941376
-00000026.091854
000000029.581769
000000047.052210
000000049.796656
-00000020.656692
-00000021.295205
-00000016.977165
-00000034.394886
-00000029.216931
000000036.373268
000000046.379294
000000039.312420
000000011.420986
000000005.661965
-00000026.112101
000000011.374766
000000003.253935
-00000032.139068
-00000005.265933
-00000035.626704
-00000045.198134
-00000029.347898
000000024.580852
-00000008.386483
000000041.430500
000000028.178154
000000030.821435
-00000044.541631
-00000043.050723
000000033.147193
-00000019.245735
-00000032.039456
-00000036.551125
000000018.344024
-00000017.390609
000000036.978665
000000048.927865
000000004.481297
000000018.966708
-00000045.097591
000000018.765367
000000022.772210
-00000035.833428
000000017.205744
-00000013.782528
000000001.304170
000000034.418095
000000017.439620
000000011.603466
-00000015.584422
-00000019.379377
-00000007.577275
000000031.520055
000000001.813993
000000040.152103
-00000024.939102
000000044.156626
-00000010.075902
-00000017.670690
000000036.504409
-00000010.476348
-00000029.468462
000000031.757046
-00000031.367814
000000013.153418
000000022.619396
000000029.766452
000000021.840190
-00000003.346234
000000011.616366
-00000006.430785
-00000008.172991
000000010.520534
000000018.140066
-00000020.840105
-00000042.154504
000000015.033990
-00000004.411033
000000022.480383
000000049.369284
000000039.132998
-00000024.712345
-00000024.421069
000000039.264492
-00000020.805935
-00000020.189001
000000023.673813
-00000019.370762
000000018.019905
000000032.904016
000000044.953685
-00000031.951127
-00000003.494994
000000009.189092
-00000011.039238
-00000020.992378
000000017.897845
000000022.536474
000000009.419197
000000049.804527
000000007.887282
000000040.305948
000000002.862133
000000045.062916
000000037.533138
000000046.198096
000000011.412026
-00000031.370045
-00000025.970480
-00000020.454250
000000034.177597
000000034.480780
000000004.187869
000000008.706055
000000021.107416
000000012.627309
-00000035.828472
-00000036.230820
-00000038.492866
000000000.754523
-00000042.716357
-00000045.118070
000000019.070173
-00000043.551023
-00000010.553099
000000040.706637
-00000049.962378
-00000013.160101
-00000046.579134
000000023.323530
-00000008.597413
000000006.949656
000000040.846840
000000025.476488
000000043.879766
-00000009.932946
000000013.020296
000000030.508611
000000048.207881
-00000016.654119
-00000036.941751
000000019.498525
-00000036.661729
000000010.237012
000000014.107468
000000041.666647
-00000022.152180
000000034.242042
000000019.745558
-00000021.438975
-00000000.279121
-00000007.900418
000000027.139548
-00000031.844401
-00000020.741719
-00000009.536097
-00000016.712864
000000007.913137
-00000018.360493
-00000009.695876
-00000023.721943
-00000044.993606
-00000027.503278
000000014.847718
000000012.543580
000000043.992567
000000046.229380
000000017.434138
000000007.139799
-00000013.151378
-00000026.269327
000000037.965022
-00000034.073472
-00000045.238164
-00000013.690270
-00000016.118838
000000038.812268
000000045.606722
000000035.036502
-00000037.779744
000000033.853112
-00000046.385351
-00000039.767720
000000002.083017
-00000021.201319
-00000000.843266
-00000008.337135
-00000024.159629
-00000035.387488
-00000024.572774
000000045.011368
000000007.045934
-00000016.438294
-00000013.440544
000000029.823445
000000042.982617
000000000.737528
000000007.567672
-00000014.697742
000000040.089669
-00000045.536134
-00000007.463373
-00000013.381329
000000026.518746
000000039.165456
000000003.539811
000000040.891808
-00000046.600787
-00000030.843507
-00000028.467449
000000020.346348
-00000043.989122
-00000022.211015
000000032.426133
-00000036.411652
000000019.236257
-00000038.151983
-00000009.995653
000000044.246204
-00000025.023665
000000013.439226
000000033.407820
000000040.745257
-00000030.441926
-00000017.613711
000000004.509792
-00000000.366425
-00000011.254252
000000011.909398
-00000048.621915
000000027.125392
000000049.311050
-00000016.281474
-00000017.287482
-00000044.587414
-00000012.949202
-00000020.680914
000000027.028336
000000049.411188
000000039.810602
000000010.046396
000000004.600078
-00000039.880675
000000033.934984
000000025.935419
000000002.774966
000000008.387878
-00000002.611260
-00000016.127359
-00000047.988784
000000039.930696
000000001.662807
000000028.508898
-00000015.492151
000000022.674978
-00000043.114888
000000019.139569
000000005.994414
000000031.484765
-00000024.990152
-00000034.751978
-00000031.620098
-00000045.146213
-00000030.423168
000000019.788624
000000023.570609
-00000038.106414
-00000032.351809
000000018.748262
000000001.720352
000000035.936367
-00000019.213011
-00000041.675823
-00000041.851271
000000039.989640
-00000026.701283
000000016.507346
-00000002.357367
-00000042.655930
000000003.681220
-00000032.656437
000000021.143485
000000002.632188
000000020.903799
000000006.100209
-00000035.968881
000000030.911369
000000012.656280
000000018.499317
-00000043.729352
-00000032.190020
000000015.280977
000000042.653397
000000039.329171
000000026.903396
-00000037.755922
000000007.988449
000000012.545801
-00000017.688066
000000022.550207
-00000000.049926
000000049.914277
-00000012.366752
000000035.599165
000000015.417518
-00000042.811648
000000015.897542
000000003.084327
000000003.313249
000000016.834317
-00000020.012228
000000040.407194
-00000046.228836
-00000034.566623
000000046.183924
000000003.814397
000000022.356178
000000043.292299
-00000005.981798
-00000000.553571
-00000017.784337
-00000039.320368
-00000001.123395
-00000003.571384
-00000045.244636
000000008.505165
000000016.724682
000000028.053860
000000010.597987
-00000044.547145
-00000043.493750
-00000011.664466
-00000021.607059
-00000021.574444
000000010.261355
-00000048.607934
-00000015.245260
-00000038.660717
000000025.493738
000000039.219336
000000048.531654
000000019.303724
000000002.011356
-00000009.317538
000000005.124258
-00000005.654952
-00000043.848878
-00000012.403041
-00000030.872948
-00000033.819970
-00000049.671287
000000039.465122
-00000002.340933
000000001.062945
000000043.136179
000000028.993899
-00000027.052088
-00000044.863233
-00000015.783199
-00000041.535125
000000025.664806
-00000029.421191
-00000005.086601
-00000009.812472
000000003.867319
-00000024.498666
000000027.810674
000000040.787931
000000003.945594
-00000022.774468
000000049.934435
000000012.423826
000000006.503242
000000036.181044
000000011.253215
000000037.942805
-00000047.485211
000000020.093546
000000034.536171
-00000009.404570
-00000006.671170
-00000031.076844
000000038.402754
-00000008.426159
000000006.133923
-00000013.367643
000000002.964745
000000015.075962
-00000022.560900
000000010.531988
000000028.782413
-00000014.184811
-00000021.928445
-00000030.271500
-00000026.530998
000000028.237590
000000030.352038
000000015.938250
-00000023.720881
000000020.817573
-00000038.272331
000000010.321096
-00000023.932988
000000038.635856
000000048.538590
-00000045.495977
-00000029.677117
000000009.269790
000000042.148148
000000020.916915
-00000042.625540
000000032.427796
-00000010.182591
000000033.060094
000000006.624575
000000014.631329
-00000019.042225
-00000030.707298
000000045.793841
-00000016.203578
-00000028.683385
-00000029.089386
-00000025.976888
-00000017.687897
000000032.869099
-00000033.776770
-00000033.601425
-00000006.013321
000000004.396252
000000024.403364
000000041.590623
-00000036.820223
000000049.678428
000000006.249399
000000009.006311
-00000017.984996
-00000021.258465
000000021.652173
-00000014.133216
-00000007.455297
000000028.539112
-00000043.698591
-00000004.779175
000000009.196650
-00000002.221649
000000021.611310
-00000008.058780
-00000032.832955
-00000034.693827
-00000026.582116
-00000039.367904
000000044.341981
000000010.628940
-00000044.060037
000000034.075494
-00000042.149847
-00000019.124728
-00000040.147457
-00000033.100706
-00000033.195053
-00000017.982968
000000046.958203
-00000008.346147
000000005.828827
-00000001.307125
000000031.535856
-00000014.898440
-00000039.475974
-00000009.151837
000000020.484098
-00000015.525400
-00000022.569395
-00000035.006586
-00000015.840160
000000046.526625
-00000026.222109
-00000049.367717
000000048.454935
000000017.741564
-00000006.617242
000000019.823141
-00000009.920000
000000039.977468
000000006.585150
000000000.482166
-00000037.026212
000000011.587831
000000006.657217
000000046.539255
000000048.779135
000000045.712378
000000040.509495
000000024.112563
-00000019.214065
-00000047.438449
-00000024.109846
-00000049.773169
000000043.813558
000000035.293913
000000044.088652
000000016.081421
-00000034.822053
000000045.226276
-00000029.817492
000000041.354936
000000029.963044
000000033.907444
-00000028.812458
000000029.455911
000000030.905498
-00000039.124041
000000045.482257
000000029.997278
-00000014.268408
000000037.120101
000000019.283105
000000007.152410
-00000033.005718
-00000022.662610
-00000047.231230
-00000031.928416
000000018.396883
-00000002.413894
000000030.020257
000000020.390988
000000012.121665
-00000021.069499
-00000026.095890
000000012.305853
000000001.482090
000000048.864620
-00000004.664502
000000012.021362
-00000032.225003
000000038.879633
000000032.285686
000000019.018525
-00000042.175520
000000013.301414
-00000020.973299
-00000030.081325
-00000024.504215
000000037.816518
-00000007.670817
000000023.303484
-00000024.658979
000000048.835802
-00000024.145338
000000036.213872
000000016.257229
-00000018.511636
000000044.330243
-00000000.160224
-00000042.857994
000000025.629452
000000008.094010
-00000008.185143
000000012.385860
-00000031.617881
-00000030.602130
-00000049.700231
-00000037.180532
-00000012.426177
000000002.908106
000000042.491002
000000025.426353
000000023.698623
-00000007.077897
000000013.208434
-00000006.462053
000000046.018167
000000003.004608
-00000027.264991
000000046.961830
-00000040.041986
-00000035.567002
000000046.110303
000000009.980971
-00000026.529850
000000037.735383
000000026.682510
-00000026.359735
000000046.490428
000000046.727522
-00000012.970411
000000049.257346
000000013.556348
000000022.136508
000000021.561216
000000042.520894
-00000029.836331
-00000042.214546
-00000037.537164
000000024.547198
000000000.189972
-00000042.638887
-00000001.542184
-00000021.657218
000000047.922195
-00000014.735030
-00000027.477607
000000049.568431
-00000016.321593
-00000022.460156
-00000032.367754
-00000029.568982
000000008.059411
-00000014.736932
-00000049.647098
000000028.870072
-00000005.586772
000000025.310797
000000011.175342
-00000046.305727
-00000008.382071
-00000015.454439
-00000037.428102
-00000005.490228
000000035.820572
000000041.092740
-00000035.502689
000000015.530725
000000037.910102
000000028.595875
-00000009.760471
000000049.848473
-00000012.590129
000000019.632533
000000009.950846
-00000011.552340
000000008.873794
-00000043.398576
000000005.741299
000000001.996070
000000016.044116
000000021.439652
-00000019.165869
000000016.813326
-00000024.173985
000000038.890874
000000039.971666
000000025.867654
000000038.964978
000000026.427762
-00000007.914628
000000005.397896
000000039.149694
-00000017.644868
000000016.335201
000000004.860718
-00000044.358737
-00000017.584688
-00000014.828075
-00000032.776312
-00000023.453474
-00000004.970582
000000013.335950
000000035.839479
-00000032.830654
000000032.094181
-00000001.006553
-00000011.266941
000000018.711487
000000002.283334
000000005.904534
-00000030.586745
000000031.739374
-00000001.342618
-00000043.940030
000000021.395681
000000032.632257
000000023.960353
000000027.116425
-00000019.578380
-00000037.408816
-00000027.516068
-00000016.227856
-00000009.384818
-00000047.810538
-00000045.672314
-00000013.416251
000000028.089836
-00000039.080945
-00000030.889039
-00000025.677668
-00000014.841578
000000033.331292
000000034.842036
-00000020.443134
-00000029.506164
-00000009.655461
000000022.180206
000000023.551645
-00000046.681055
000000026.818702
-00000026.493766
000000021.650906
000000043.774845
000000041.861808
000000034.128062
-00000020.960597
-00000014.360555
-00000044.614911
000000043.986354
000000048.116299
000000002.969450
000000008.570076
000000032.095370
-00000029.232085
000000008.256350
-00000045.873052
-00000007.321648
000000023.701300
000000048.371778
-00000011.957159
-00000033.134818
-00000006.103119
000000045.792916
-00000016.960287
-00000007.442126
000000019.408371
000000029.020164
-00000043.156172
000000048.593761
-00000037.501871
000000038.215510
000000048.835609
000000008.916376
000000025.825220
000000023.201514
000000016.484675
000000034.682096
-00000044.457207
000000012.181026
-00000020.471981
-00000016.018767
-00000010.784826
000000044.792324
-00000006.970436
-00000027.657735
000000031.999461
000000014.141678
-00000020.260477
000000004.937050
-00000023.819499
000000013.806108
-00000016.412838
-00000048.755007
000000000.593208
000000009.836681
-00000042.711595
-00000006.990079
-00000004.533832
-00000040.307233
-00000017.909630
000000040.091791
-00000008.408132
000000042.788626
-00000047.668891
000000040.045911
000000031.350465
-00000003.263779
-00000015.950447
-00000034.962914
-00000007.072747
000000023.035614
000000019.185761
000000023.409556
-00000027.927200
000000022.322375
-00000034.624906
000000037.592794
-00000018.974501
-00000013.431476
000000007.934526
-00000049.952262
000000048.877891
000000040.900327
-00000046.099781
-00000045.020185
-00000002.087937
000000025.806050
-00000031.999751
000000016.208784
000000036.509483
000000009.135451
-00000036.104732
-00000023.152054
000000000.473343
000000041.928422
000000049.115464
000000020.576195
000000004.365636
000000031.053802
000000043.649674
000000028.867774
000000035.198286
000000011.004040
000000006.449515
000000035.470942
000000049.031515
000000005.903063
-00000005.891873
-00000004.094906
-00000027.710255
-00000012.418531
000000026.132199
000000023.295780
-00000016.465469
000000046.006037
-00000047.417491
000000045.320481
-00000033.273229
-00000008.217401
-00000024.990013
-00000016.460416
000000006.420603
000000037.058457
-00000000.278631
-00000035.606375
000000000.675420
000000038.920993
000000044.193535
000000029.429222
000000024.629176
000000009.123692
000000040.203868
000000004.954118
000000001.587061
-00000025.717238
-00000000.197133
000000022.711023
-00000041.851408
000000023.002679
000000028.035251
000000003.007366
000000023.389585
-00000030.054425
-00000023.710753
000000040.063436
000000011.562261
-00000046.291782
-00000044.143910
-00000018.523628
000000024.368317
000000025.374696
000000047.810436
000000005.286985
-00000042.149968
-00000029.551470
000000004.337681
-00000049.862861
-00000025.350168
-00000010.976778
-00000008.641336
-00000002.312826
000000043.188039
-00000029.174229
-00000047.478859
-00000011.592513
-00000021.356697
-00000015.723024
000000011.688321
000000038.960530
-00000012.005786
000000025.880969
-00000017.132097
000000033.856103
000000003.360379
-00000020.177214
000000032.563018
-00000031.586516
000000029.095575
000000032.167641
-00000024.175533
000000002.130674
-00000037.773952
-00000008.117827
-00000028.560675
000000039.488340
000000020.647284
000000047.212105
-00000022.135584
000000032.461000
000000015.809299
000000043.740740
000000005.427163
000000009.340110
-00000012.687611
000000005.519330
000000044.255877
-00000013.025020
000000015.843818
000000036.616850
000000005.214452
000000047.602509
000000002.215075
-00000026.291115
000000003.212738
000000031.772440
000000036.975388
000000005.151441
-00000039.383682
-00000039.499040
000000044.309133
000000005.416392
-00000038.376893
-00000006.966238
000000011.864015
000000040.664124
000000046.506766
000000012.114967
-00000024.942715
-00000000.728380
-00000025.791340
000000012.397338
000000009.585261
-00000034.190997
-00000018.886562
000000025.861761
-00000037.304089
000000046.565169
000000027.753660
000000022.421875
-00000025.283363
000000035.376886
000000010.003683
-00000033.832350
-00000026.136401
-00000020.858540
000000049.952597
000000025.156637
-00000024.938674
000000019.728913
000000008.562845
000000032.813029
000000047.000883
-00000007.393461
000000038.460574
-00000015.325290
-00000010.347080
-00000000.290169
000000033.363344
000000048.581549
-00000040.317582
000000025.114955
000000019.890667
000000037.881440
000000005.501248
-00000035.122504
-00000031.454258
-00000015.386527
000000002.921758
000000017.800814
-00000009.212276
-00000013.007801
-00000018.519216
-00000039.501596
000000007.180686
000000047.257758
-00000020.507210
-00000030.656187
-00000036.981874
-00000038.219325
-00000019.170464
-00000027.002620
-00000020.446756
000000045.236975
-00000049.559177
000000024.211904
000000034.550292
000000030.030921
-00000030.082290
-00000021.587196
-00000009.591171
-00000033.416344
-00000035.789819
000000001.797996
000000033.260779
-00000009.416585
000000030.261868
000000003.897061
-00000044.577463
000000021.076250
000000016.194116
-00000018.031134
000000036.186031
000000004.947424
000000033.201677
-00000031.584848
000000033.501416
000000045.797333
000000003.016709
000000011.470269
000000049.549997
000000010.658988
-00000017.777208
-00000024.467286
000000036.001797
000000028.956322
-00000044.514624
-00000014.817019
000000045.932937
000000012.395892
000000036.600777
000000028.547963
-00000043.458479
-00000019.736602
-00000043.093531
-00000013.599676
-00000005.893035
-00000034.682014
-00000008.142583
000000026.210354
000000005.809499
-00000035.089055
-00000020.664603
000000041.098466
-00000015.651029
000000049.183290
000000007.462142
-00000024.117958
-00000045.377241
000000022.613287
-00000000.663432
-00000047.403385
000000047.451772
-00000018.502685
000000040.277725
000000030.236498
-00000014.546270
000000013.175077
-00000013.042602
000000035.054958
-00000010.810557
000000033.285093
-00000036.559206
000000013.451929
000000027.748215
-00000034.296804
-00000003.125507
-00000043.065976
000000013.652997
-00000007.967599
000000024.684124
-00000046.654577
000000005.577138
-00000040.153440
000000029.049056
000000038.839891
-00000011.342315
-00000037.075251
000000025.549063
-00000022.992987
-00000042.487184
000000034.342774
-00000032.267544
000000024.105474
000000014.333380
000000011.719676
-00000016.497123
-00000040.768831
-00000001.906854
000000000.670096
-00000047.708195
-00000044.991118
-00000007.955357
000000030.419976
-00000027.332825
000000035.406452
-00000022.165211
000000037.747683
-00000018.920691
000000042.705631
-00000045.052761
-00000049.627524
000000025.680013
000000003.512408
-00000035.520957
-00000042.603322
000000000.448036
000000014.752275
000000013.773014
000000036.499038
000000019.155653
000000043.486012
000000012.001799
-00000040.330838
-00000014.979312
-00000039.475194
-00000008.154775
-00000028.926526
-00000041.727626
-00000023.541717
000000005.891589
000000042.171577
-00000027.553170
-00000028.114063
-00000028.138466
-00000024.209888
000000022.210152
-00000028.775045
-00000026.702576
-00000011.846272
-00000023.862018
-00000005.868812
-00000046.357932
000000026.826761
000000031.476390
-00000019.196623
000000024.870756
000000034.404020
-00000037.151169
-00000039.455545
000000026.825079
-00000010.813125
-00000049.400656
-00000041.958896
-00000048.526434
000000011.886111
000000048.476777
-00000017.180467
-00000004.597082
000000033.812726
000000045.235233
-00000044.020095
000000033.397225
-00000040.428317
000000035.080903
000000009.154851
-00000047.973839
000000003.793446
-00000028.573510
-00000033.957793
000000032.334442
000000035.068586
-00000015.124625
000000042.004435
-00000010.836082
-00000035.551173
-00000013.435038
-00000014.904724
000000027.069269
-00000015.586877
000000002.831181
000000028.268935
-00000048.506521
000000006.151781
000000036.555315
000000031.061715
000000022.697769
-00000012.210212
-00000021.475964
-00000003.863707
-00000020.697368
-00000031.540588
-00000008.259716
000000045.983131
000000010.164650
-00000032.038722
000000019.995154
000000014.832431
-00000033.776870
000000019.454683
-00000024.659183
000000035.307124
-00000022.001228
000000033.836172
-00000002.354447
-00000003.781876
-00000043.726053
-00000044.842318
-00000047.519430
-00000007.343992
-00000018.646856
000000032.871149
000000004.563390
000000040.468989
000000034.978113
-00000019.552478
000000025.305631
-00000049.551019
-00000045.197362
000000002.899206
000000031.187795
-00000047.998687
000000027.227084
-00000004.857046
000000010.276724
-00000021.512276
000000014.825331
000000046.494803
000000046.841545
000000016.357220
000000000.601748
000000036.721798
-00000042.597421
000000024.978690
000000035.491043
-00000000.868540
-00000021.581173
000000033.938458
-00000012.980667
000000024.616314
000000007.999560
-00000042.546362
-00000003.396735
000000026.156812
-00000022.606735
-00000047.721127
-00000022.139364
000000010.103686
-00000022.495981
000000014.663243
-00000002.611622
-00000036.995318
-00000029.684742
000000024.971411
000000018.142143
-00000039.482181
-00000007.069708
000000024.756883
000000000.798660
000000008.083261
-00000004.903378
-00000047.583724
000000023.832785
-00000003.159334
000000010.758630
-00000020.074997
000000023.593296
-00000011.576991
000000035.634411
000000027.232652
-00000026.924807
-00000040.311650
-00000009.646232
-00000016.831277
000000015.584205
000000044.437436
-00000019.295311
000000015.477174
-00000023.143471
000000000.289377
000000000.456258
-00000001.025347
-00000022.218797
000000022.044428
000000049.560970
-00000046.261879
000000017.584060
-00000019.740754
-00000008.144925
000000046.411136
-00000046.356360
000000017.915341
000000046.300900
000000031.725082
-00000044.944141
000000016.807823
-00000021.958567
-00000029.474548
-00000009.756672
-00000003.236389
000000027.818706
-00000039.850376
000000038.477125
000000028.472853
000000027.460135
000000015.909765
000000006.866223
-00000011.645864
-00000003.960193
-00000005.506720
000000030.457802
000000020.555036
-00000014.083797
000000004.916909
000000027.427985
-00000023.690742
-00000045.862081
-00000003.315052
000000044.337323
-00000000.862902
000000015.760928
-00000007.754646
000000030.051195
000000010.806660
-00000001.436138
-00000031.239422
000000019.717454
000000017.901350
-00000040.327104
000000027.476010
000000042.249658
000000012.909064
-00000046.030784
-00000014.746194
000000012.744378
000000042.917232
000000011.165947
000000007.631790
-00000036.612109
-00000010.464877
-00000003.513151
-00000015.633029
-00000042.533681
-00000032.847614
000000001.397432
000000042.944117
000000027.431536
000000044.975432
-00000047.665742
-00000048.102263
-00000037.496859
000000018.667841
-00000007.583467
-00000009.251108
000000028.477105
-00000042.622871
000000003.334592
000000046.447316
000000043.299551
-00000015.710116
000000000.683831
000000034.797662
000000019.147116
-00000013.234925
-00000021.295917
-00000030.387916
-00000045.606351
000000014.008283
-00000038.490301
000000000.258051
-00000042.340663
-00000005.062868
-00000036.666433
-00000019.338857
-00000021.582253
-00000019.567493
-00000014.999488
-00000001.709225
000000023.226508
-00000013.034390
000000006.795656
-00000008.371820
000000048.958549
000000042.344644
000000047.168071
-00000011.671140
000000041.415563
000000029.056450
-00000025.561969
-00000044.203254
000000032.938897
000000001.719744
000000006.049036
000000031.047948
-00000038.806942
-00000041.837718
000000042.177245
-00000019.766138
-00000025.156506
000000049.541357
000000031.997582
-00000019.495140
000000003.606119
-00000024.985017
-00000000.013691
-00000048.672349
000000009.896133
-00000032.677972
-00000006.244103
000000030.034884
-00000041.604078
000000004.137943
-00000004.426731
-00000038.789559
-00000013.793859
-00000011.554392
000000047.473525
-00000016.763488
000000039.313364
000000011.917730
000000019.376854
-00000037.500380
-00000003.063111
000000026.280201
000000034.538002
-00000031.264361
000000021.504210
-00000003.040596
000000004.759225
-00000041.035749
000000012.709382
000000044.467646
000000005.895603
-00000044.590460
-00000024.946282
000000005.719258
-00000006.845295
-00000039.473722
000000021.739103
-00000021.122548
-00000044.517551
-00000046.635815
-00000022.371674
-00000019.196713
-00000007.062662
-00000007.569096
000000030.614425
000000020.420122
-00000036.547394
000000005.196759
000000036.124711
000000019.339226
000000042.898976
-00000049.528474
-00000047.839913
000000033.246850
000000021.081247
-00000018.061467
-00000027.665867
000000004.474514
-00000023.516459
000000036.830378
000000008.489356
000000013.819600
000000033.537318
-00000001.438494
000000030.852667
-00000025.677894
-00000028.698012
-00000005.603170
000000007.133685
-00000007.082401
-00000025.838417
-00000044.954484
000000048.815565
000000009.570536
-00000040.043582
-00000018.648949
000000006.048803
000000044.853334
-00000005.547692
-00000009.259182
-00000013.493350
-00000046.505786
-00000027.169317
-00000007.648456
-00000030.668648
-00000003.996870
-00000022.347724
000000012.124381
-00000044.508690
000000026.244443
-00000018.741257
000000037.840829
000000029.640330
000000018.214467
-00000039.352800
000000017.036465
-00000003.355708
-00000040.928822
000000010.360935
000000038.784357
000000015.602765
-00000048.265820
000000038.827036
-00000007.902700
-00000045.708810
-00000046.479917
-00000005.157780
-00000019.416535
-00000027.106818
000000027.008757
000000011.628079
000000004.241973
-00000035.344868
-00000034.331020
-00000041.824615
-00000003.045971
000000006.211611
000000045.039949
000000022.665159
000000042.174930
000000026.897866
000000026.112298
000000005.846073
000000022.238214
-00000003.954990
000000031.935959
-00000002.320374
-00000010.966249
-00000046.732912
000000032.671677
000000036.715434
-00000041.082503
-00000001.117843
000000004.880492
-00000014.029734
000000023.665152
000000001.209487
-00000005.294586
-00000006.939912
-00000043.979051
000000022.462201
-00000026.051003
-00000033.459369
-00000045.345533
-00000025.218307
-00000034.591058
-00000010.522002
-00000016.326481
-00000021.327759
-00000042.966553
-00000011.112257
-00000011.386900
000000045.288911
-00000028.356885
-00000016.397248
000000019.204848
-00000044.130567
000000003.594039
-00000019.826506
000000022.216773
-00000018.196287
000000039.596544
-00000022.552322
000000031.039944
000000019.688304
000000007.038239
-00000034.538531
000000026.100621
000000001.065126
000000018.982811
-00000032.794902
-00000041.981212
000000046.804089
000000035.234606
000000015.768356
-00000042.044478
000000043.230770
000000028.492889
-00000008.545054
000000033.842765
000000019.658084
000000024.000879
-00000040.129514
000000002.033280
-00000044.947504
-00000019.132365
-00000037.009108
-00000000.978427
-00000038.188859
-00000040.637161
-00000029.877541
-00000017.243402
000000015.268612
-00000002.775241
000000007.850984
-00000024.004953
-00000026.623394
000000020.962480
-00000040.013775
000000041.243043
-00000031.646556
-00000012.830804
-00000023.356220
-00000042.969886
000000033.894147
-00000028.798944
000000011.535388
-00000004.709522
000000042.237630
-00000046.264649
000000037.889796
-00000030.956110
-00000023.958916
-00000047.465376
-00000015.109090
000000025.734751
000000013.210216
-00000019.645800
000000010.852028
000000034.679690
-00000002.262029
-00000001.203300
000000048.360800
000000045.078656
000000046.936265
-00000029.192226
000000046.208228
000000044.763523
-00000027.509633
-00000024.495303
000000007.997772
000000007.904529
-00000011.628657
000000042.528087
000000016.921468
-00000006.305587
000000038.218855
000000038.813845
000000008.355274
000000016.821059
-00000004.673070
000000018.617092
000000038.794505
000000006.372671
-00000006.635451
000000043.114319
000000022.413689
-00000037.441767
000000010.538418
000000024.608779
000000000.447286
000000002.946026
000000005.717476
000000033.224335
000000047.964907
000000012.312566
000000045.310056
-00000027.735930
000000045.835921
000000005.954310
000000044.200372
000000028.713996
-00000019.815105
000000026.558079
000000004.158825
000000004.583691
000000018.935273
-00000006.620848
-00000023.249400
000000045.101724
000000035.690277
000000041.276767
000000014.351906
-00000016.256272
000000049.836307
000000040.655946
000000038.478041
-00000000.502883
-00000037.933645
-00000000.074438
000000036.830042
000000026.803117
000000034.263163
-00000025.118877
-00000036.563031
000000016.721119
-00000021.329601
-00000042.554911
000000025.731771
000000032.801836
000000034.393896
-00000014.751470
-00000009.364913
-00000013.983577
-00000040.544545
000000007.228811
-00000027.418862
-00000000.736888
000000007.872682
-00000004.825477
000000000.313038
000000018.168049
-00000013.373697
000000001.209397
000000018.174177
-00000003.867529
-00000045.969784
000000003.622146
000000010.062887
000000018.186070
-00000024.869372
000000043.082481
000000040.297092
-00000049.168990
-00000048.417060
000000045.810548
-00000037.985807
000000019.659506
-00000007.695143
000000035.176214
000000028.631723
-00000000.630228
-00000049.539371
000000006.796587
-00000037.898517
000000023.472415
-00000025.564473
-00000049.411674
000000039.551561
-00000024.633314
-00000028.084220
000000045.341329
-00000009.662930
000000045.780257
-00000027.436547
-00000016.049323
-00000017.015815
000000041.326997
-00000034.302847
-00000049.975048
-00000012.951685
000000007.976641
000000043.549382
000000006.544568
000000031.113720
000000014.692703
-00000029.176281
-00000045.250666
000000034.198609
-00000005.162430
000000039.236195
000000014.478353
-00000045.580503
000000004.936027
000000027.374177
-00000013.431615
-00000006.803511
-00000033.887633
000000036.484173
000000012.252191
-00000015.605198
-00000042.633549
-00000009.288899
000000005.211975
000000031.007452
000000031.537472
-00000006.077800
000000018.273040
-00000025.737751
-00000005.659564
000000006.687705
000000020.720079
-00000035.081780
-00000010.418665
000000017.449219
000000013.746284
-00000020.900050
-00000044.792581
000000016.639086
000000043.279544
-00000017.036676
-00000013.814334
-00000034.163355
-00000018.141321
000000005.015319
-00000037.404755
-00000025.661250
000000027.656675
-00000048.190938
-00000028.649667
000000030.223839
000000000.280553
-00000016.648970
-00000015.467278
-00000026.394898
000000023.544602
000000006.800024
000000018.616229
-00000023.134813
-00000043.246492
000000010.380255
000000019.426496
000000004.871502
000000032.695180
000000029.908551
000000025.332457
-00000048.821317
-00000045.106859
-00000044.453991
000000004.054000
-00000018.212610
000000003.880957
-00000039.512371
000000030.051222
000000002.962372
-00000034.675428
-00000017.977941
000000033.503756
000000004.796899
-00000032.466477
-00000048.987106
-00000032.524156
000000007.586376
-00000044.118133
000000042.220527
-00000013.611184
-00000042.354743
000000023.330333
-00000024.590431
000000031.094330
000000026.034662
000000003.840717
000000007.843961
-00000031.321299
-00000035.107778
000000046.052881
000000021.095321
000000028.963000
-00000032.137909
-00000046.982993
-00000030.822699
000000025.139690
-00000026.234336
-00000032.285116
000000047.530167
-00000000.938343
-00000004.551286
000000029.052204
-00000008.462152
000000018.642873
-00000037.932662
000000027.259903
-00000026.150269
-00000002.776147
000000035.374680
-00000032.680236
000000048.148966
000000044.493878
000000015.346786
-00000046.946350
-00000033.931708
-00000017.147184
000000043.305520
000000039.625051
-00000041.824065
000000029.457762
-00000038.811777
-00000042.053061
000000030.373248
000000005.465648
000000002.468989
-00000011.765478
000000046.259996
-00000036.702970
-00000003.790848
-00000018.138895
-00000016.807267
000000038.565415
000000022.621047
-00000011.241759
000000005.609330
000000024.410326
-00000007.751618
000000012.648423
-00000038.996673
000000016.422811
000000046.339971
-00000032.976967
-00000009.446685
-00000009.446151
000000022.225002
-00000047.594103
-00000046.745070
000000004.056079
-00000037.446012
-00000010.688087
-00000013.560890
-00000029.352930
000000003.278796
-00000026.528480
-00000009.674983
-00000028.970084
-00000026.600760
000000030.208650
000000004.847240
-00000045.691119
000000015.056477
000000026.007933
-00000004.925314
000000045.651135
-00000040.178729
-00000002.225330
000000030.325528
-00000047.960180
000000014.387018
000000017.379162
000000011.364019
-00000002.279139
000000043.774679
-00000038.101269
000000001.188363
-00000009.139449
000000034.093282
-00000017.548096
-00000044.205523
000000035.210078
-00000049.558078
-00000011.601884
000000041.400976
000000037.736311
000000023.316046
000000003.503610
-00000000.018835
000000003.057403
000000032.583727
000000028.813350
-00000026.833994
000000046.261578
-00000040.519576
000000018.595403
-00000020.182003
000000040.744940
000000030.949930
-00000046.173242
000000030.552346
-00000039.151288
000000037.913595
-00000021.931355
000000045.483925
-00000010.609845
000000009.620974
000000046.848420
-00000036.646122
-00000032.941102
000000024.126670
-00000029.750262
000000011.348549
000000038.798701
000000023.216733
-00000006.448603
-00000032.661617
000000046.733215
000000035.902396
000000039.498545
000000038.470597
-00000029.744819
000000044.100689
000000013.001375
000000002.144550
-00000017.773798
000000007.584348
-00000037.588416
-00000015.957081
-00000018.214149
000000002.023943
-00000023.485874
-00000038.692311
-00000044.686181
-00000022.657858
000000031.291935
-00000018.077229
-00000020.790691
-00000033.905096
-00000048.512477
000000040.242380
000000003.242237
000000029.691098
000000017.923580
-00000023.703644
-00000021.501763
000000029.526944
-00000010.806935
000000007.482977
000000026.903419
000000020.173716
-00000044.761329
000000016.561722
-00000007.192702
000000041.307679
000000047.875195
000000022.080508
-00000005.732022
000000006.864219
-00000020.357982
000000035.674276
-00000029.020675
-00000034.250022
000000005.494958
-00000044.222789
000000045.975346
000000014.236311
000000022.557855
-00000023.515661
000000013.423967
000000040.826171
-00000029.932182
-00000027.572451
-00000010.624196
-00000041.061767
000000026.189726
000000001.006318
000000015.969982
000000049.253361
000000039.783758
-00000010.892739
-00000037.661539
-00000025.851918
-00000014.464876
000000016.094217
-00000017.375580
000000012.489143
-00000000.038957
-00000006.550390
-00000041.216200
-00000020.563726
-00000013.627714
-00000024.341613
000000004.128928
-00000032.886568
-00000030.626676
000000019.970686
000000034.168945
-00000043.559057
000000017.237330
-00000025.656453
000000020.785499
-00000014.486480
000000024.603039
-00000005.506750
-00000048.951686
000000007.165955
-00000017.664290
000000030.498289
-00000024.769037
-00000041.644121
000000037.812345
000000040.251280
-00000017.648100
-00000008.659851
000000031.882736
-00000032.698586
000000013.671579
-00000034.980366
-00000039.313910
000000001.855020
-00000036.832115
-00000037.969691
-00000043.456309
000000040.070607
000000012.546113
000000019.983052
-00000024.710361
-00000015.980995
-00000029.414106
000000044.579263
-00000036.555142
000000025.064143
-00000008.332174
-00000001.904232
000000011.197616
000000020.803188
000000015.551676
000000032.944452
-00000037.347440
-00000019.503582
000000024.602794
000000009.735906
-00000002.512068
-00000011.910071
-00000049.296440
000000009.641164
000000045.068071
000000014.023310
-00000027.625934
000000018.042642
-00000021.941258
000000047.117302
000000033.805540
000000030.748585
000000025.362077
000000042.613498
000000047.538148
-00000035.268828
-00000030.785757
-00000039.888199
000000037.661402
-00000044.184306
-00000043.126892
000000010.507036
-00000037.737639
-00000001.561557
-00000020.421463
-00000049.588814
-00000035.711176
000000044.007946
-00000000.679829
000000038.872626
000000026.238652
-00000019.885584
000000044.135015
-00000011.059113
000000003.651895
-00000017.535411
000000034.730580
000000016.810209
000000038.101437
-00000026.334950
000000046.552061
-00000023.494986
-00000024.604934
-00000039.409630
-00000017.840235
000000007.505620
-00000042.525856
000000016.869575
000000016.944100
-00000042.924309
000000005.791041
-00000045.115698
-00000042.419367
000000035.629240
-00000046.148916
000000007.536055
-00000004.169673
000000041.112087
000000021.509681
000000042.912040
-00000038.254195
000000042.480719
000000003.228377
000000032.925625
000000049.291736
000000039.913179
-00000013.165517
000000022.157359
-00000044.123119
000000043.916984
000000043.729645
000000016.667221
000000005.190317
000000012.105919
-00000028.402218
-00000030.257904
000000002.710617
000000002.760953
000000007.429230
-00000043.299014
-00000044.197370
000000001.593151
000000013.375302
000000042.382862
000000008.732720
000000032.173457
000000017.157735
-00000019.770005
000000038.333167
000000002.633284
000000029.375248
-00000017.543308
000000002.355720
-00000020.618889
-00000025.718294
000000047.226295
-00000038.488719
000000022.196358
000000040.976645
-00000034.323237
000000022.348171
000000000.187962
-00000033.718701
-00000007.271297
-00000006.161342
000000022.338827
-00000002.983826
-00000001.366852
-00000029.001778
000000023.858939
-00000008.593164
000000009.986183
-00000032.957336
000000016.062015
000000020.692273
-00000049.667450
000000007.295358
000000025.248268
000000031.777140
000000041.442053
-00000023.095878
-00000041.033126
-00000040.650185
-00000019.125186
000000016.839918
-00000033.543811
000000005.989618
-00000037.379343
-00000017.133604
000000025.990317
-00000013.571810
000000012.532946
-00000002.759244
000000043.832439
-00000002.355950
000000015.169565
000000017.695907
-00000012.393935
-00000009.499832
-00000026.242729
000000040.437215
-00000022.194847
-00000012.860888
-00000030.373260
000000018.952522
000000003.095594
-00000012.401552
000000035.003264
-00000023.317667
000000012.798968
000000010.682653
-00000024.076436
-00000014.858495
000000029.842434
000000009.921296
000000046.786495
-00000031.149978
-00000047.583711
000000032.663818
-00000009.799033
000000041.157026
000000007.075722
-00000043.471722
-00000015.002960
000000010.279707
000000041.090817
000000045.367099
-00000049.792649
-00000030.009513
000000010.086562
000000039.781533
000000006.259610
-00000015.452290
000000017.582593
000000003.465466
000000008.363387
000000030.665216
-00000013.336578
000000025.057653
000000017.004561
-00000008.644553
000000007.969006
-00000040.188272
000000021.520179
000000035.972360
-00000018.659575
000000040.649693
-00000036.081149
000000029.150280
-00000003.803696
-00000006.245665
000000039.503678
000000007.821084
000000025.025070
000000029.798419
-00000039.425079
-00000047.854357
000000008.791365
000000013.535829
000000030.729666
-00000037.120531
000000017.669569
000000027.436402
-00000024.710630
-00000012.917135
-00000023.006395
-00000029.710769
000000032.490003
000000006.670783
-00000040.127366
-00000029.501890
000000018.642228
000000003.377864
-00000005.647929
000000042.729619
000000015.952259
000000030.403077
-00000004.353777
-00000007.456318
-00000014.408502
-00000020.778316
-00000029.257085
000000038.845251
000000011.481245
000000011.548341
000000013.054379
000000010.963587
000000026.746585
-00000004.245361
-00000005.202389
000000013.724567
000000048.582383
000000016.550742
000000012.028997
-00000011.824080
000000046.118101
000000021.609574
-00000044.107580
000000021.112453
000000026.583227
-00000007.968267
-00000010.610045
000000036.997608
000000048.540472
000000020.920578
000000044.134781
000000000.371194
000000047.110897
000000009.473120
000000009.944766
000000044.765325
-00000011.032352
000000029.319229
000000042.192448
-00000049.771444
000000007.489553
-00000002.402557
000000029.515492
000000010.801465
000000007.971156
-00000005.508742
000000046.346351
-00000043.972536
-00000024.626523
-00000043.471686
000000010.838385
000000027.465025
-00000026.976388
-00000029.457726
000000005.808329
000000018.148807
000000039.247700
-00000001.698366
000000026.504330
-00000013.703186
-00000016.470258
-00000011.277991
000000049.130018
-00000024.139109
-00000043.130437
-00000000.588104
-00000025.544159
-00000042.337092
000000039.070838
000000000.982284
-00000025.560645
000000033.056121
000000004.290966
-00000017.183945
000000041.029013
-00000025.180187
000000014.957514
000000007.394708
000000016.276287
-00000029.832494
-00000038.207519
-00000030.819266
000000034.126490
-00000048.530659
000000036.939502
000000033.629890
-00000034.040528
-00000029.985363
-00000040.123073
-00000049.853188
-00000025.169836
-00000024.359295
-00000002.199836
000000020.500724
000000014.700873
-00000005.589220
000000048.411375
000000039.998733
-00000020.390021
-00000047.868101
000000012.567274
000000023.998092
000000009.095321
000000023.069803
000000045.073002
-00000043.635877
-00000012.742131
000000010.761961
-00000033.799448
000000001.298123
-00000042.852709
000000006.683649
-00000034.554429
-00000034.567363
-00000015.226498
-00000041.669794
-00000032.129672
-00000024.104106
-00000000.342738
-00000008.001879
000000036.429768
000000002.671183
-00000035.348801
000000028.448118
-00000010.679384
000000033.321277
-00000033.424779
000000048.296764
000000047.071994
000000046.125994
000000002.364990
-00000024.695958
000000031.313807
-00000002.181599
-00000029.161003
-00000038.090326
-00000003.517359
-00000023.859730
-00000022.678509
-00000035.059574
000000031.783055
-00000020.079026
-00000046.749706
-00000031.803924
-00000042.793727
000000002.679423
-00000026.852113
000000040.767819
000000002.072384
-00000034.968505
-00000018.898575
-00000041.093438
-00000015.777447
-00000020.555795
-00000016.094990
-00000021.190564
-00000046.476585
000000033.913186
000000020.550922
000000036.912901
-00000035.301856
-00000047.434689
000000021.663112
000000002.564562
-00000044.328471
-00000032.570788
000000048.156350
-00000009.999629
000000021.676246
000000010.911309
-00000032.149374
-00000002.601343
000000049.443201
-00000010.085405
000000040.507793
000000020.749579
-00000043.918204
000000014.905048
000000035.883850
-00000049.987483
000000024.000118
000000048.241954
-00000017.434332
000000000.491800
000000035.736816
-00000018.768042
000000015.808125
000000039.812393
-00000045.745364
000000006.943020
-00000034.908350
000000011.903848
000000017.521759
-00000008.063053
-00000046.971211
000000025.897506
-00000012.414998
-00000036.326347
-00000000.528346
000000007.015573
000000019.385118
-00000021.855113
-00000027.317227
000000005.900904
-00000037.092301
-00000046.139152
-00000035.735004
000000035.235072
000000042.594990
000000001.002952
-00000001.200573
-00000028.935830
000000043.018166
000000018.546018
000000011.973980
-00000010.546244
-00000018.557332
000000015.431348
000000033.121775
000000045.696001
000000041.990057
-00000044.760376
000000006.813336
-00000022.624567
000000047.549752
-00000044.117720
-00000047.692921
-00000021.440798
000000033.427100
-00000041.972017
000000034.669088
000000049.920608
-00000021.003330
000000027.545253
-00000045.801763
000000048.750207
000000032.490535
-00000019.776103
000000024.971580
000000008.889222
000000000.681930
000000021.300104
000000033.955203
-00000040.720287
-00000045.120990
000000020.528489
-00000049.132459
-00000027.977906
-00000048.362222
-00000003.792564
-00000000.941736
000000017.832608
-00000030.683279
000000041.972462
000000028.861248
-00000004.816649
-00000002.530591
-00000010.560587
000000038.542678
000000046.079850
-00000023.390513
-00000018.169281
000000022.004973
000000038.593175
000000001.651233
000000020.292144
000000046.296819
000000016.434518
-00000032.042642
000000000.255122
-00000038.245920
000000016.872208
000000038.105123
-00000047.715825
-00000039.146352
-00000011.711212
000000037.966269
000000045.545910
000000042.762275
-00000008.883987
-00000010.698008
-00000034.666108
000000024.827966
000000004.538082
-00000046.319867
-00000015.216913
000000012.177692
000000045.299987
-00000010.930583
-00000031.378089
-00000014.000427
000000013.593228
000000009.958714
-00000040.035119
-00000029.589374
000000039.022201
000000037.354477
-00000046.017193
-00000040.984877
000000002.100944
000000033.655485
-00000018.148852
000000023.878901
000000043.923607
000000035.382341
000000049.533837
000000041.779089
-00000040.762480
000000034.303609
-00000033.614623
-00000018.102988
-00000047.917840
-00000036.032431
-00000016.263424
000000033.826949
000000044.710109
000000037.397076
-00000048.130264
-00000030.339667
-00000008.740640
-00000044.823502
000000011.200660
000000035.321326
-00000000.505464
-00000022.142056
000000008.993376
000000037.185840
-00000005.915186
-00000011.894532
-00000016.722861
000000014.784492
000000020.858112
-00000024.090474
-00000029.634997
-00000019.894043
000000046.096399
-00000026.768922
-00000031.147812
000000021.278295
000000021.360422
-00000034.670724
-00000038.623521
-00000047.627713
-00000018.989327
-00000023.394950
000000043.740238
-00000017.534779
000000005.294631
-00000005.065947
000000010.025047
000000043.211149
000000000.680196
-00000024.892310
-00000029.311147
-00000026.168030
000000025.426352
-00000021.845700
000000049.747494
000000011.082995
-00000028.098549
000000027.040343
-00000013.754047
-00000033.670433
000000027.906665
000000022.682641
000000006.370399
000000015.932933
-00000007.430897
-00000011.471363
-00000004.396708
-00000040.218304
-00000046.119590
000000032.436262
-00000022.043638
-00000032.320244
000000025.629343
000000005.524743
-00000047.981650
-00000012.364400
000000042.580398
000000037.451354
-00000025.373092
000000013.676005
-00000029.132877
-00000036.361763
-00000036.469902
000000034.977541
-00000027.407278
-00000026.168164
-00000015.631468
000000020.781785
-00000018.230918
-00000016.408391
000000026.422369
000000046.207469
-00000014.502119
000000005.503425
-00000029.620859
-00000031.269826
000000037.536037
000000008.787833
000000032.251863
000000011.365223
-00000040.763038
-00000047.721915
-00000014.312084
-00000039.377760
000000048.775906
000000043.293838
000000033.246062
000000010.823215
000000037.321650
-00000035.387250
000000011.582424
-00000026.325150
000000009.489993
-00000036.514891
-00000020.510342
-00000033.091769
-00000025.598630
-00000035.549860
-00000012.197448
000000018.754577
000000007.672562
000000044.663074
-00000039.443667
-00000002.012387
000000028.720412
-00000046.341596
000000004.511658
-00000049.233807
-00000027.824301
000000015.148330
-00000005.893948
-00000004.347226
000000017.642385
-00000023.159792
-00000031.268909
-00000026.375603
-00000035.551543
-00000025.330851
000000004.456275
000000048.855626
-00000046.311080
000000013.660808
000000041.225014
000000013.322550
000000020.341328
-00000008.693849
000000025.248808
000000020.201168
-00000004.565962
-00000032.651445
-00000036.251750
-00000009.477610
000000009.374110
000000021.820398
000000042.072256
000000039.072140
-00000019.884843
000000010.650172
-00000038.879339
000000010.123816
000000006.697278
-00000016.116405
-00000036.736623
000000013.859305
-00000047.033782
000000048.277067
000000007.767332
-00000000.565989
-00000033.566009
000000045.545473
-00000029.901148
-00000018.706431
-00000027.952032
-00000044.242164
-00000005.835373
-00000031.159671
000000044.171893
-00000012.785150
-00000048.797680
000000004.723815
000000046.744944
-00000041.383972
000000015.057962
000000039.301505
000000041.080912
000000034.497266
-00000029.770217
000000005.156977
-00000036.881749
000000022.921142
000000028.367926
-00000020.493063
000000032.465287
-00000043.576514
-00000049.240230
-00000041.025454
-00000040.052243
000000038.514737
000000001.377145
000000022.213916
-00000000.484934
-00000027.080415
-00000012.197058
000000024.462333
000000045.566837
-00000010.407552
-00000030.908911
-00000015.942149
000000004.604388
000000017.810735
000000011.459077
-00000034.361998
-00000012.512628
000000023.826585
-00000021.408213
-00000003.959306
000000037.690849
-00000040.782805
000000034.987681
000000026.333523
-00000035.667813
-00000049.157073
-00000017.245801
-00000037.062086
000000014.202322
-00000012.107546
000000016.921746
-00000029.912659
000000042.736701
000000023.619219
-00000023.129215
000000009.024536
000000023.254597
000000045.869850
-00000045.157563
000000042.123752
000000030.651029
-00000017.748241
000000042.530575
000000034.805917
000000009.125274
-00000017.274608
000000007.045803
000000028.544580
-00000037.131619
-00000031.459574
-00000025.475163
000000004.849076
000000018.616346
-00000005.169045
000000007.570861
-00000015.169046
-00000005.374944
-00000048.028652
000000018.602228
000000010.345573
-00000037.730056
000000024.163384
-00000000.078295
-00000019.149386
000000014.761930
000000042.930346
000000040.572068
000000001.697057
000000018.358765
-00000032.448540
-00000034.695451
-00000037.211169
000000041.206817
000000007.359199
-00000019.444802
-00000033.800209
-00000044.845282
-00000025.315888
-00000037.686073
-00000036.231307
000000028.431647
000000038.570654
000000020.107618
000000033.814601
-00000040.813646
-00000006.230372
000000026.740514
000000004.399163
-00000000.942083
-00000013.432943
000000004.492923
000000030.043853
000000035.027691
-00000042.572958
000000002.536351
000000012.086960
000000009.928403
-00000007.038674
000000017.555312
-00000040.902783
-00000014.381936
-00000011.792700
-00000012.038483
-00000046.329009
-00000023.267332
000000030.477958
000000002.445736
-00000007.186851
-00000008.805339
000000043.083165
-00000015.450430
000000019.785692
000000010.668419
000000000.015620
-00000042.120473
-00000038.786847
-00000020.373552
000000009.313277
000000030.767382
000000021.332318
-00000034.359711
-00000004.618202
000000016.654638
-00000010.898937
000000021.270210
000000010.277171
-00000012.891754
-00000041.465138
-00000044.857818
000000006.063895
000000030.835398
-00000000.220269
-00000012.573539
-00000020.805559
000000014.845432
000000001.279940
-00000025.761193
-00000008.219946
000000046.307468
000000011.742658
-00000016.944982
000000011.082687
-00000043.213352
-00000024.212349
-00000046.043392
000000029.056895
000000048.335476
-00000012.891716
000000001.617059
000000008.875254
-00000014.891853
-00000012.866957
-00000017.086230
-00000000.289717
-00000000.694424
-00000048.400225
-00000047.257485
-00000001.688813
000000028.710476
000000019.735528
-00000045.836419
-00000036.140888
-00000029.989038
-00000004.966673
-00000018.121312
-00000001.973753
000000030.526195
000000048.656175
000000033.994893
000000035.981021
-00000013.360847
-00000021.436829
000000035.158001
-00000003.784788
000000013.823117
-00000036.609470
000000003.828001
-00000038.477126
-00000022.954350
000000020.341571
000000022.429824
000000003.302124
-00000044.215053
-00000047.182766
-00000003.636220
-00000026.292298
000000001.949321
000000004.787331
-00000003.266628
000000021.246521
-00000023.485548
000000025.060363
000000032.788444
-00000004.566237
-00000000.639298
-00000037.683576
-00000000.554343
-00000005.569881
-00000047.907405
000000039.246096
-00000030.894176
000000039.540233
-00000046.144882
-00000003.826444
000000016.920558
-00000015.490195
-00000048.559674
000000007.481950
-00000023.436405
-00000047.782004
000000026.228375
-00000009.086406
-00000043.357935
000000042.189215
-00000021.531980
-00000015.140512
000000013.659429
000000038.972846
000000043.623499
000000023.116985
-00000021.253191
000000032.552571
-00000026.639168
000000002.879054
-00000004.642461
000000010.302399
-00000044.607175
000000009.083418
000000012.227999
000000007.420859
-00000010.163489
000000017.417761
000000028.915669
-00000014.873159
000000005.760480
-00000033.466856
000000044.214952
000000008.131842
000000018.825506
000000036.209594
-00000034.882937
-00000005.982409
-00000039.223876
000000037.755546
-00000004.570610
000000025.211798
-00000026.738528
-00000037.220836
000000008.721510
000000031.396866
-00000045.898445
000000020.179667
-00000014.748255
000000037.598287
-00000016.466427
000000043.868289
000000042.594085
000000016.135002
-00000016.152397
-00000022.998395
000000045.787729
000000003.389658
-00000021.359756
000000035.617255
000000046.239725
000000033.351341
000000000.979492
-00000044.711193
-00000034.092548
-00000023.461597
000000044.197377
000000010.110240
000000031.366334
000000046.728360
-00000021.265356
000000021.891463
000000033.436419
-00000020.528111
-00000044.807838
000000008.367070
-00000025.381381
-00000009.722346
000000042.047665
000000038.526364
-00000003.490244
-00000029.684617
-00000021.262904
000000008.461097
000000000.769404
-00000028.749736
-00000033.846935
000000036.558724
-00000016.441961
000000005.208711
000000030.066969
000000018.165684
-00000041.575304
000000041.762769
000000024.337010
000000019.292653
000000005.475157
000000011.149290
000000043.634889
000000020.379410
000000034.693312
000000025.714466
-00000023.764800
000000014.991079
000000013.225642
-00000047.139328
-00000009.598275
-00000003.447230
-00000024.708606
000000019.699845
000000040.124765
000000027.381138
-00000000.519048
-00000001.622838
000000032.276591
000000028.436813
000000012.196689
000000021.874501
-00000014.666188
-00000017.938872
000000013.831210
-00000037.648544
-00000044.845684
000000031.696803
-00000047.763001
-00000018.888483
000000014.193089
000000047.010357
000000007.700944
000000033.533675
-00000036.890922
000000006.281650
000000046.891710
000000000.289263
-00000023.120039
000000013.313312
000000037.304392
-00000026.563445
000000048.041710
-00000002.087481
000000046.104887
-00000027.819553
-00000022.944290
-00000041.755236
000000030.807991
000000006.892981
-00000028.558565
-00000047.348329
000000037.052912
-00000025.833810
-00000018.627048
-00000022.977427
-00000030.675347
000000012.028438
000000007.911071
000000012.235258
-00000017.420806
-00000001.122225
000000041.730705
-00000038.179891
000000040.446532
-00000042.887632
000000003.718050
000000041.701434
000000003.403009
-00000048.127358
-00000024.419510
000000027.040364
-00000002.270051
000000024.818842
-00000002.128149
000000002.817822
-00000006.770944
000000004.580099
000000026.637556
000000028.388989
-00000000.121793
000000010.618331
000000038.091745
-00000013.089983
000000016.528839
-00000048.993869
000000046.027164
-00000000.056358
000000009.325072
-00000018.661202
-00000000.482991
-00000001.084539
000000015.034540
-00000019.934401
-00000007.803404
000000038.202187
000000001.503689
000000032.375717
-00000019.874904
000000040.834692
000000040.880551
000000041.914006
000000046.849380
-00000004.997542
-00000026.707234
-00000012.402960
000000003.561453
-00000022.775378
000000041.847383
-00000043.720054
-00000016.291033
000000002.241424
000000041.963875
000000044.680544
000000007.448043
-00000022.023847
000000047.307187
-00000016.446770
000000007.094889
000000040.481786
-00000005.589242
-00000019.562610
000000033.225847
000000024.341086
000000042.239678
-00000044.737398
-00000001.904768
-00000019.180840
-00000019.476458
-00000004.382875
-00000037.800075
000000033.020962
-00000028.918253
000000039.580868
-00000032.455001
-00000025.206808
000000044.277824
-00000003.244218
-00000038.306090
000000000.103106
-00000016.806383
-00000000.375850
000000017.070745
000000040.661053
-00000048.559407
-00000016.179872
000000015.084063
-00000008.273201
000000017.368896
-00000012.434088
-00000047.862359
-00000003.988006
000000003.752003
000000036.717515
000000009.971319
000000011.585190
000000024.085433
000000005.965274
-00000025.664086
000000016.486714
000000026.024033
-00000028.817806
000000049.863023
-00000043.283829
000000041.088413
-00000040.786927
000000004.069367
-00000041.724481
-00000025.195891
-00000034.884619
000000036.474351
000000032.508138
-00000029.583357
000000012.628014
000000049.359491
-00000031.895627
000000045.083786
000000040.147727
000000042.122668
000000035.444188
-00000046.872475
-00000025.510843
000000041.654448
000000018.578088
000000044.989636
000000020.009290
-00000045.323613
000000027.830964
000000001.745747
000000017.169921
000000005.332990
000000049.035096
-00000032.524516
-00000022.766499
000000031.133142
000000022.606036
000000029.855236
-00000042.457348
000000014.019159
-00000037.521642
000000012.742212
000000022.788006
000000040.140401
-00000031.709674
000000013.273474
000000023.951740
000000013.874386
000000027.682155
000000005.443348
-00000010.583303
000000008.634898
-00000025.750223
000000027.891783
000000047.307161
-00000038.290589
-00000037.765360
000000006.691694
000000008.793636
000000013.265563
000000044.653099
000000035.534733
000000027.229237
000000034.059199
000000027.061199
000000042.464296
-00000014.969011
-00000026.622095
-00000004.139909
000000031.086355
000000040.679289
000000012.289827
000000045.883821
-00000042.789939
000000022.649482
000000009.076076
000000016.447697
000000021.650369
-00000019.860191
000000038.357097
-00000025.893166
-00000045.703608
-00000024.188679
000000025.242146
-00000008.321407
-00000018.343828
000000031.161623
-00000033.987601
-00000019.220484
000000003.388207
000000047.431891
-00000029.619629
-00000045.060212
000000016.591859
000000024.974490
000000003.052143
-00000025.428747
-00000021.065231
-00000018.272013
-00000002.232453
000000047.526346
-00000027.559920
000000030.861424
-00000048.367145
000000000.105071
000000043.646769
-00000038.173280
000000025.628798
-00000034.881985
000000047.912078
-00000014.874016
000000005.724809
-00000045.469480
000000006.178142
000000045.250640
-00000047.078548
000000044.394196
000000002.219766
-00000011.264346
-00000042.547145
000000025.877047
-00000036.815884
000000044.411050
000000037.797918
-00000003.544652
000000002.395249
000000044.103346
-00000002.626118
000000034.514156
-00000017.490950
-00000013.317139
-00000013.068228
000000025.066559
000000021.061724
000000042.972974
-00000032.333865
-00000033.045196
-00000003.535385
-00000030.799234
000000035.629538
-00000022.788291
-00000021.920791
-00000037.996057
000000041.756386
000000027.273634
-00000048.009065
-00000042.792091
000000021.013931
-00000038.955730
000000017.633107
-00000029.596684
-00000040.913259
-00000004.428181
000000007.950312
-00000038.395370
-00000036.447396
000000032.043463
000000026.103117
000000004.833308
000000039.523651
-00000024.794579
-00000021.114798
-00000028.713723
-00000024.180261
-00000007.967858
000000025.444566
000000020.825683
000000038.337463
000000030.904354
-00000000.720857
000000008.925479
000000011.616081
-00000032.314563
000000021.833721
-00000012.936471
-00000020.268353
-00000031.555824
000000022.691361
000000025.045682
-00000046.563687
000000035.256838
000000049.973231
000000049.144779
000000024.576598
-00000016.806902
-00000023.907198
000000044.549158
000000011.760947
000000036.471060
000000029.723321
-00000047.179219
-00000013.696291
000000009.641753
-00000038.686597
000000032.304103
-00000024.236828
-00000013.119309
000000043.618937
-00000016.792902
000000007.841172
000000036.933426
000000032.717395
000000049.961833
000000011.759418
000000012.456270
-00000048.647458
000000046.092636
-00000047.976220
000000016.447607
-00000016.944485
000000034.866518
-00000046.904374
-00000037.222896
-00000019.553180
-00000009.772888
000000038.084736
-00000023.350131
000000037.899998
000000043.736287
-00000036.850460
000000039.912804
-00000028.888954
000000045.345771
-00000022.361698
-00000022.293751
-00000006.849735
-00000031.264074
-00000018.257403
-00000049.066863
000000007.669434
000000029.694162
000000024.987876
-00000016.229547
000000029.804256
-00000048.372157
-00000015.506736
000000038.956498
000000038.969312
-00000037.055292
-00000041.355132
000000004.387365
000000005.522386
-00000007.120681
-00000005.493016
-00000027.255079
-00000024.178528
000000005.650692
-00000046.380456
-00000041.883494
-00000046.531869
-00000023.079469
-00000013.713869
-00000021.923779
-00000045.205395
000000034.762196
-00000012.654233
000000041.264223
000000015.491281
000000012.189198
000000012.856700
-00000024.528477
-00000025.419743
-00000043.767557
000000046.027351
000000042.523574
-00000001.073061
000000015.164118
-00000031.153302
000000048.329069
000000043.664254
-00000049.628126
-00000037.255449
000000030.356002
-00000025.884634
-00000048.718719
-00000025.385484
000000003.112876
000000026.185102
000000043.361238
000000023.834935
-00000045.890934
000000023.204794
-00000017.557363
000000029.513823
-00000001.032554
000000036.629376
-00000000.786168
000000025.863742
000000042.149655
000000009.881396
-00000039.230993
000000035.994816
000000017.977412
000000013.408669
000000030.480979
-00000048.075464
-00000049.297754
-00000035.622416
-00000048.684965
000000040.479931
000000019.263647
-00000003.617837
000000033.123699
-00000036.938195
000000015.616946
-00000031.558122
-00000037.344519
-00000028.184588
-00000029.794988
000000044.033466
-00000038.772524
-00000031.717097
-00000014.047790
-00000019.089395
000000013.568565
-00000016.411595
-00000023.702409
-00000047.720147
-00000029.384121
000000044.927518
-00000026.957732
-00000033.896295
-00000033.516528
000000022.712532
000000037.510911
-00000021.213417
-00000023.077247
000000030.088653
000000031.629468
-00000025.526017
000000013.925545
-00000046.576805
000000043.473295
000000034.178525
-00000006.688434
-00000006.670147
000000000.676889
-00000022.228858
000000012.884087
-00000036.812903
-00000017.583835
-00000025.314186
000000035.784423
000000031.119215
-00000029.363256
-00000020.561003
000000023.844111
-00000034.981193
-00000020.470252
000000019.529826
000000009.902153
-00000005.798494
000000011.235228
000000005.046273
000000026.164765
-00000010.689567
-00000000.769674
000000020.750275
000000021.740793
-00000029.444533
-00000010.755355
000000027.258439
000000049.553595
000000027.518763
000000042.811787
000000033.193764
-00000011.961322
-00000001.365809
000000029.248801
-00000004.809947
-00000017.422814
000000049.917526
000000048.051930
-00000031.971342
-00000044.257704
-00000021.737777
000000022.067790
000000018.934133
-00000006.534861
-00000029.889319
-00000049.433393
-00000035.579308
-00000020.462094
-00000020.136170
-00000034.706534
000000006.647078
000000025.905754
-00000029.884047
-00000001.947560
-00000019.101778
000000047.459893
000000026.622654
000000028.297064
-00000036.225263
000000013.098184
000000031.566089
000000018.031539
-00000009.544395
-00000010.704305
000000038.723753
-00000029.894434
000000041.837196
-00000012.982755
000000040.938610
000000027.309255
-00000038.412322
-00000049.738946
-00000015.995195
000000002.703578
-00000032.353052
000000046.663450
000000049.713099
000000037.078703
000000021.217879
-00000036.701737
-00000024.855949
-00000015.397366
-00000007.082909
-00000010.987724
-00000026.031636
-00000048.546581
000000024.877061
000000007.353964
-00000010.061693
000000049.930004
-00000021.076749
-00000000.556962
000000012.170072
-00000020.817824
000000004.509571
-00000003.878022
-00000031.724813
000000026.824245
-00000028.785029
000000044.619194
000000044.762760
-00000021.602347
000000024.927741
000000001.990554
-00000042.920575
-00000024.415132
000000025.329312
000000010.108270
-00000045.331612
000000032.473291
-00000043.794591
-00000016.687703
000000032.814007
-00000018.191325
000000016.041462
-00000022.528970
-00000026.093111
000000011.410334
-00000038.804323
000000049.619005
000000030.042559
-00000027.344535
-00000000.105831
000000041.115909
000000018.292455
000000007.649706
000000004.877599
-00000030.967519
000000044.110264
-00000014.579037
000000003.579860
000000023.906132
000000019.522567
000000047.801044
000000015.381054
-00000005.123663
-00000043.823677
000000006.754989
-00000020.793680
-00000037.676638
000000001.965081
-00000027.496160
-00000034.691429
-00000035.627286
000000049.631786
000000018.148026
000000001.558849
-00000003.066899
-00000019.938068
000000045.483320
-00000003.632583
000000001.311706
000000048.362335
000000028.719526
-00000017.821152
000000021.963508
-00000028.493669
-00000000.163661
-00000019.655216
000000036.710244
000000009.366412
000000049.876426
000000040.410809
000000019.000665
000000031.213591
-00000045.319777
-00000004.896563
000000046.731045
000000044.914829
-00000031.929485
000000002.526708
000000024.119769
000000011.593996
000000038.520157
-00000004.455269
-00000004.488825
000000032.738820
000000001.668442
-00000003.381141
-00000044.786898
000000045.749441
000000037.038354
-00000023.619575
-00000037.946334
-00000003.340770
-00000014.141675
-00000026.840711
-00000043.157950
000000031.953796
000000042.480915
-00000043.925753
000000024.964533
000000004.620372
000000015.552051
000000008.955732
000000003.631856
-00000029.859711
000000019.415947
-00000040.541277
-00000023.428551
000000036.267802
-00000009.597449
000000045.691392
000000040.044175
-00000035.892556
000000017.359132
000000040.302264
000000038.839236
000000018.010104
000000048.340448
-00000026.682375
000000024.303945
-00000043.231605
-00000045.389347
-00000035.503898
-00000042.498755
000000009.930507
000000044.444668
-00000006.724261
-00000012.676563
000000010.006705
-00000030.380030
-00000030.449872
-00000042.045412
-00000044.035021
000000030.496737
-00000013.143850
000000013.657816
-00000024.434936
-00000013.707346
000000026.731280
-00000043.278884
-00000023.560810
000000017.228660
-00000030.039864
000000000.842898
000000028.881553
-00000032.123886
-00000041.552394
000000035.654919
-00000009.642460
-00000043.940589
000000037.111497
-00000044.092760
-00000046.098587
000000040.408711
000000005.375698
000000002.581039
000000003.763223
-00000039.974743
-00000015.227576
000000043.417055
-00000026.369427
-00000048.810587
-00000004.651295
-00000018.320993
-00000009.960928
-00000005.355754
-00000043.150052
000000008.103906
000000018.560434
-00000009.677198
000000039.166665
-00000000.321306
000000018.194724
000000008.615398
-00000026.263663
-00000043.058500
000000013.081723
000000044.116903
-00000032.739565
-00000040.185102
-00000044.013589
000000041.538242
-00000009.691136
000000000.479310
000000038.618486
-00000032.041057
000000025.535019
000000024.490974
-00000013.858517
000000041.248548
-00000021.978607
000000021.307201
000000001.451583
-00000036.733159
-00000031.262365
-00000040.269252
000000026.010523
000000046.901221
000000041.552259
-00000041.283424
-00000006.935669
000000018.211838
000000025.340395
000000029.751822
000000033.645725
000000045.591492
-00000038.570056
-00000027.059973
-00000018.668790
000000025.130376
-00000040.803018
-00000031.627678
000000016.604970
-00000009.909277
000000000.640104
-00000020.207158
000000011.983844
000000018.890971
000000020.127266
-00000004.532964
000000033.706814
-00000026.816765
000000025.424505
000000027.106139
000000031.526736
-00000010.045527
-00000041.896675
-00000008.682238
-00000005.487603
-00000009.874183
-00000031.685528
000000018.032816
-00000034.861474
000000013.463781
-00000026.145154
-00000010.543336
000000016.486049
-00000015.088371
000000004.898497
-00000026.876122
-00000003.917177
000000001.421732
-00000007.518548
-00000000.519743
-00000004.412838
-00000031.694548
000000024.905652
-00000036.985848
-00000003.234064
000000028.863522
-00000023.946001
000000025.315611
-00000017.528336
000000016.027352
-00000047.106478
000000036.622773
-00000044.182890
000000006.902707
000000036.206423
000000001.549244
000000033.532232
000000003.996973
000000014.161366
000000015.965245
000000030.430174
-00000024.372550
-00000031.635721
000000030.683077
000000023.682147
000000014.210872
000000047.466291
000000027.990289
000000028.693759
-00000031.953635
000000005.525591
-00000032.439251
-00000033.911529
000000049.610426
000000037.702197
-00000003.703913
-00000007.249459
-00000047.369041
-00000018.595781
-00000036.288532
-00000017.013969
000000029.208007
-00000021.091656
000000021.146949
000000010.364256
-00000003.525694
000000000.265439
-00000046.012485
000000011.254448
-00000004.225710
-00000019.193629
000000034.902814
000000029.836490
000000003.683291
000000033.927992
000000040.625390
000000006.616252
-00000042.450287
000000000.521668
000000031.790447
-00000008.796446
-00000025.655638
000000005.176357
000000005.739521
000000031.114887
000000002.728234
000000015.227004
000000035.886540
000000015.257008
-00000001.749565
-00000028.778416
-00000037.738648
-00000030.042785
-00000029.128263
-00000048.846641
-00000010.750618
000000011.169715
000000044.549210
-00000009.131516
000000035.465530
000000025.855879
000000038.948552
000000049.744948
000000013.327144
-00000026.627457
000000033.570855
000000044.691586
-00000047.521182
-00000018.317305
-00000018.650267
-00000017.307569
000000021.087235
000000038.815161
-00000019.684378
-00000021.208268
000000005.546288
000000005.545000
-00000006.978115
000000024.160358
000000034.752597
-00000033.142391
-00000019.570333
-00000040.400256
000000046.333209
-00000003.677311
000000022.765493
-00000049.268080
-00000005.402789
-00000014.222344
-00000031.030034
-00000040.286861
-00000036.830000
000000032.254429
000000049.782857
-00000032.573899
000000027.944481
000000022.242183
000000019.856882
000000042.896376
-00000009.098500
-00000009.662655
-00000049.280100
-00000048.400617
-00000015.671411
-00000006.920842
-00000030.364395
-00000019.855352
000000003.880701
-00000049.894776
000000046.731258
-00000034.373860
000000032.720309
-00000007.699969
000000043.015347
000000008.105804
000000046.651032
-00000018.223895
-00000009.491759
000000013.958946
-00000040.214829
-00000049.439353
000000029.627791
000000036.174454
-00000036.009844
000000045.810855
-00000048.255615
000000010.502009
000000004.333279
-00000020.887917
000000011.544016
000000019.216904
000000002.242156
-00000001.399832
-00000013.826511
-00000021.812007
000000012.436493
000000035.781074
-00000030.688294
000000039.155047
-00000032.756089
000000007.298137
000000028.100180
000000024.230517
000000000.130085
-00000033.367019
000000000.622161
-00000019.468090
000000040.655341
000000025.746416
000000029.253199
000000021.731654
-00000033.817604
-00000016.291458
-00000029.810745
000000042.701059
-00000023.867879
-00000027.016325
-00000022.173219
-00000018.844214
000000006.107409
000000036.588920
-00000027.979847
000000004.426597
000000019.533376
-00000013.989083
-00000029.264377
000000013.638188
000000040.411591
000000023.531845
000000025.980248
000000045.450058
000000023.235768
-00000010.716046
-00000020.605881
-00000027.821231
-00000014.992283
-00000033.465074
000000049.402449
000000033.974963
-00000046.370724
000000034.830131
000000044.740688
000000006.478408
-00000040.205152
000000043.920502
000000041.463590
000000009.039408
000000022.998920
000000018.937197
-00000039.236828
-00000017.492638
-00000047.405008
000000033.899667
-00000006.851603
000000022.391538
000000012.250532
-00000025.962050
-00000042.558557
-00000001.147738
000000029.953424
-00000026.938608
-00000011.155893
-00000044.247694
-00000010.682371
-00000032.284882
-00000026.191482
-00000021.529768
000000013.751019
-00000025.154049
-00000003.043517
-00000003.755550
-00000030.409678
000000014.676688
000000019.741618
000000026.685697
000000023.143366
-00000015.199866
-00000043.589372
000000035.286151
000000009.336109
000000022.102683
-00000038.870199
000000024.097496
000000015.032855
-00000028.224985
-00000046.502340
-00000045.607637
-00000029.163689
000000043.940161
000000027.224904
-00000033.479075
000000043.096300
-00000032.784677
000000049.250959
-00000024.903661
000000048.840811
000000015.524025
000000031.267738
-00000026.828630
-00000004.667897
-00000031.697257
-00000038.616634
-00000020.401585
000000001.947659
-00000023.673044
000000015.891593
-00000040.996762
-00000036.842654
000000014.953757
000000026.789357
-00000046.231373
-00000010.356972
-00000034.307378
-00000016.659707
000000007.449908
000000041.276617
000000035.535926
-00000029.286129
-00000035.225709
-00000024.009122
-00000005.917951
000000047.198191
-00000014.232539
-00000043.139224
000000031.654768
-00000013.087851
-00000038.126812
000000024.340648
-00000049.336136
000000047.114639
000000016.766972
-00000020.984729
000000038.476704
-00000010.527436
-00000019.192462
-00000026.074865
000000007.004860
000000000.915640
-00000042.072795
-00000034.915961
-00000046.208203
000000031.447105
000000039.753477
-00000041.150319
000000016.168145
000000029.530540
000000041.711537
-00000040.973603
-00000023.616699
-00000001.968180
000000037.925268
000000002.727662
-00000013.298096
-00000020.678236
-00000000.629981
-00000031.079221
000000032.259327
-00000027.237807
000000006.703042
-00000001.903809
000000031.802590
-00000016.309226
000000024.589473
000000015.590540
-00000004.084814
000000044.036059
000000017.547351
-00000041.250137
-00000044.637866
-00000048.756430
000000033.061578
-00000037.586520
000000033.033300
-00000033.750647
000000020.983392
000000015.259245
000000038.659554
000000041.334216
000000039.370923
000000007.568142
000000000.890782
000000014.927625
-00000023.417754
000000009.194767
000000034.133122
-00000010.534972
000000003.562031
000000044.286342
000000043.233152
-00000021.541103
000000035.136060
000000029.955523
-00000044.029984
-00000025.192780
-00000003.673601
-00000027.877218
000000007.485850
000000010.381125
-00000048.881426
000000029.606446
-00000018.823806
-00000019.984045
-00000006.042375
-00000027.180961
-00000006.086425
000000025.650169
000000036.041979
000000045.756194
000000039.339980
-00000020.451088
000000042.054722
000000048.030593
000000018.700671
-00000038.088180
000000011.465578
-00000039.737991
-00000025.521358
000000006.857626
000000020.410750
-00000046.998034
000000035.914151
000000042.524102
-00000015.818703
000000022.426700
000000008.158034
-00000006.893975
000000000.605940
-00000049.783504
000000016.924152
-00000028.076266
000000045.495576
-00000030.643173
000000019.501143
000000040.480738
000000012.531501
-00000049.886400
000000030.094961
-00000034.096735
-00000008.453244
-00000016.719942
-00000015.247837
-00000008.307099
000000026.402333
000000002.157859
-00000001.577020
-00000030.536929
-00000027.758453
000000035.873576
-00000013.261490
-00000016.068644
000000012.773914
000000048.860615
000000038.286317
000000043.125062
000000002.663761
-00000016.965680
000000012.873962
000000030.312283
-00000035.339355
-00000042.203792
-00000001.416048
000000004.942584
000000012.702964
-00000009.974240
000000009.271894
-00000045.219539
-00000046.940025
000000002.221358
000000026.280718
-00000000.086318
-00000031.829733
-00000013.435199
000000048.088363
000000017.452524
000000040.018660
-00000030.402367
-00000018.262397
000000031.102519
-00000030.186990
-00000025.833688
-00000004.609431
000000006.552721
-00000008.165461
000000039.133325
000000015.195181
000000027.496435
000000025.409596
000000033.941714
000000037.647009
000000040.376837
000000019.069245
-00000015.597514
-00000005.608747
000000042.473750
-00000005.479708
000000012.051911
000000036.361421
000000018.130125
000000019.754287
000000025.165251
000000042.532045
-00000026.269899
000000025.489329
-00000007.856174
000000032.423389
-00000017.979794
000000017.504996
-00000026.294979
000000005.699614
-00000029.391256
000000039.938179
-00000000.646365
000000014.424268
000000004.646089
-00000032.786167
-00000004.685554
000000019.266394
000000048.002909
-00000028.740617
000000018.838765
-00000001.512127
-00000004.490400
000000047.576598
000000030.003586
-00000015.998942
-00000042.654035
000000030.514900
-00000046.695420
000000041.091136
000000028.385669
-00000028.087878
000000003.070007
-00000005.711783
-00000025.322220
-00000044.337602
-00000011.379394
000000020.900757
000000027.323088
000000026.568033
-00000014.138000
-00000016.752307
-00000046.626643
-00000001.822487
-00000015.624935
-00000019.172392
000000013.207496
-00000010.337767
-00000045.117493
-00000037.472574
-00000045.157551
000000014.909575
-00000042.904649
000000017.301460
000000005.103509
-00000008.008240
000000037.322728
000000038.157356
000000014.356522
-00000037.597123
-00000022.133951
000000040.194390
-00000008.996923
-00000043.352287
000000024.180824
-00000021.910140
000000021.132106
000000035.935062
-00000036.795061
000000003.871975
000000031.142296
-00000005.793010
-00000021.687498
-00000008.084334
-00000008.102784
-00000043.831250
-00000001.688611
000000027.527196
000000033.709060
000000036.328574
-00000035.923300
-00000041.267598
-00000004.609835
-00000017.417951
-00000004.819592
-00000018.747271
000000047.549099
-00000037.835819
-00000022.319016
000000005.256234
000000041.587801
000000024.738144
-00000045.420442
000000013.233098
000000049.388111
000000009.200069
-00000037.102327
-00000006.994667
-00000016.067211
000000029.973659
-00000029.485174
000000032.988945
-00000035.877177
-00000037.021121
-00000044.486878
000000020.747187
-00000004.572737
000000049.230050
-00000011.434550
000000045.781443
000000045.894023
-00000011.392622
000000011.689003
-00000013.609952
-00000029.817187
000000021.521791
000000005.346628
-00000045.914339
-00000035.060297
000000001.038029
000000040.355804
-00000018.887892
-00000029.135573
-00000028.070330
-00000024.637097
000000003.467491
-00000009.363335
-00000029.180673
-00000022.174781
000000007.760252
-00000010.561337
-00000011.972978
-00000026.356024
-00000047.750499
000000034.674047
000000027.341884
000000013.999451
000000025.413529
000000013.733997
000000025.291274
000000047.808553
-00000012.973130
000000019.962425
-00000047.435733
000000003.871910
000000022.494777
-00000004.456082
-00000006.677302
-00000018.419228
-00000010.604645
-00000029.332726
-00000045.215367
-00000024.544841
000000011.927091
-00000002.648958
-00000008.413193
-00000016.712343
-00000016.821007
-00000023.334253
-00000025.768769
-00000024.161620
000000023.570128
-00000045.776873
-00000004.083655
000000007.494939
-00000044.003939
-00000028.239137
000000000.076873
-00000019.231968
000000041.534512
000000025.029557
000000045.153379
000000015.692502
-00000045.822449
-00000020.852604
-00000028.060494
000000029.961803
-00000003.039108
000000022.849517
000000041.081510
-00000017.180385
-00000004.146755
000000019.908843
-00000001.986944
000000040.307312
-00000019.536529
000000008.290715
-00000045.807249
-00000039.575978
000000033.446218
-00000049.264914
000000046.679732
-00000007.836504
-00000017.323866
000000001.410201
000000022.853177
000000014.377858
000000023.867413
-00000004.414548
-00000041.212972
-00000019.826053
000000006.202546
000000018.026445
000000044.075949
-00000034.672736
000000032.377675
-00000037.317926
-00000016.270334
-00000030.682065
000000017.759909
-00000035.565468
-00000019.620135
-00000026.568487
000000004.385448
-00000006.996414
-00000035.941209
-00000000.633786
000000025.419324
000000030.883962
000000049.106131
000000025.451302
-00000011.625900
-00000030.640634
-00000019.452281
000000036.475139
-00000027.416002
000000008.651210
000000018.085542
000000001.874848
-00000017.296381
000000026.159663
000000022.475608
-00000020.655979
000000037.709808
000000018.136860
000000004.692836
000000024.524254
000000009.207232
000000039.157149
-00000033.652585
-00000010.822950
000000016.761020
-00000023.860228
-00000035.905518
000000010.963593
-00000012.695767
000000041.720529
000000030.350582
000000027.632523
000000044.007251
000000049.308409
-00000043.109280
-00000008.966000
-00000006.223858
000000009.611076
000000021.555868
-00000044.991467
-00000023.993982
000000037.742098
000000006.372179
-00000027.029995
000000045.404053
-00000020.231970
000000008.201829
-00000037.894342
000000023.478536
000000007.812670
-00000008.744059
-00000018.194756
000000034.340832
000000020.269032
000000030.359432
-00000016.476383
-00000033.725334
000000046.499548
-00000028.964538
000000031.154576
-00000020.607387
000000048.416872
000000008.855371
-00000032.409748
000000027.736235
000000040.879062
000000007.973271
000000030.963541
000000030.309794
000000001.813999
000000024.539622
-00000041.312391
000000016.506204
-00000004.118641
000000032.284911
-00000021.554969
-00000023.261451
000000003.321405
000000017.814876
-00000018.568704
-00000033.805544
-00000008.974003
-00000004.792890
000000027.176903
-00000031.340360
000000024.958652
000000001.802450
000000002.975698
000000016.299243
000000042.569925
-00000031.587276
-00000019.786788
-00000049.057931
000000048.086938
-00000008.398632
-00000010.340963
-00000018.603371
-00000018.650784
-00000022.370519
000000007.065626
-00000048.935050
000000037.627311
000000026.804292
-00000032.731318
000000049.848546
-00000021.431405
000000003.339140
000000041.540494
000000036.111693
-00000003.398773
000000004.766034
000000040.398494
000000038.143327
-00000048.109560
000000042.078163
-00000022.329047
-00000027.183563
000000043.940869
000000048.077415
000000025.686435
000000002.470930
-00000037.602408
-00000001.869442
000000044.362352
-00000017.256610
-00000036.698249
000000001.279249
000000006.162035
-00000024.751732
-00000030.648021
-00000032.701925
000000005.873198
-00000016.394422
000000003.520320
-00000010.941715
000000019.499750
-00000048.951598
000000044.143705
-00000018.047536
000000004.882702
000000047.280224
-00000027.605595
-00000029.001050
-00000048.334364
-00000006.249386
-00000042.577093
000000009.719035
000000037.649959
-00000014.746186
-00000045.375476
-00000003.578217
000000019.261167
-00000025.283353
000000044.129359
000000036.910304
000000026.648641
-00000006.969352
000000002.039233
-00000003.078524
-00000011.190558
-00000019.588303
000000019.982431
000000022.223021
000000035.065046
000000046.464469
-00000010.362183
-00000046.075542
-00000000.704574
000000047.127019
-00000030.033307
-00000023.768582
000000049.676214
000000045.023566
000000004.518830
000000043.918012
000000025.463267
-00000009.675713
-00000045.553911
000000007.854059
000000043.878741
000000039.675483
000000036.423104
-00000005.040069
000000043.690165
-00000003.389872
-00000018.237721
-00000019.758838
000000021.017832
-00000033.621713
-00000031.594970
-00000015.340256
000000039.697640
000000037.462541
-00000022.479606
000000035.423864
000000029.670028
000000030.091115
000000024.056057
-00000027.970407
000000027.927483
000000045.569173
000000040.238099
-00000020.413652
000000037.161965
000000048.767492
000000013.739517
-00000016.565136
000000036.101048
-00000032.999256
000000010.631545
-00000031.033640
000000045.361407
-00000028.029286
000000036.456037
-00000033.668302
000000045.297000
-00000034.568869
-00000002.465601
000000000.159120
000000033.655732
000000034.551348
000000036.243966
-00000016.439449
-00000034.176032
000000008.228982
-00000002.706157
-00000012.005808
000000018.036918
-00000007.747295
-00000017.570628
000000045.672002
-00000027.768965
000000008.483934
000000015.460065
000000009.174397
000000022.341023
000000013.160895
000000041.575364
-00000030.906965
000000016.990343
000000031.893856
000000049.683422
000000000.510382
-00000032.055986
-00000033.408101
000000035.640612
000000003.899049
-00000008.297470
000000002.927762
000000020.956125
000000026.854007
000000001.594765
-00000040.691189
000000035.642111
-00000003.461104
000000007.117114
-00000039.207625
000000046.682932
-00000024.271782
-00000002.430120
000000017.888258
000000023.027393
000000040.067252
000000018.826340
000000022.468560
000000033.538014
-00000006.829372
-00000010.036031
000000005.605708
-00000038.003458
000000017.270697
000000034.182424
000000007.447145
000000030.662792
000000048.452537
000000013.682858
-00000007.614757
-00000034.825478
-00000039.469132
-00000002.195482
-00000033.218067
000000024.482224
000000004.104679
-00000041.413830
-00000032.839935
000000002.319489
000000036.350099
-00000032.016859
000000037.690982
-00000024.735356
-00000027.924505
-00000029.770432
-00000006.584133
-00000002.837084
000000012.172019
-00000035.643778
000000014.175511
-00000007.477038
-00000043.132734
-00000037.214099
-00000039.260074
-00000018.987493
-00000021.538444
-00000011.577697
-00000016.010924
000000021.452622
000000022.139978
000000044.978381
-00000022.125425
000000023.409031
-00000020.034132
-00000007.227136
000000032.777939
-00000034.175555
-00000031.457677
-00000001.762187
-00000013.925499
000000039.913396
-00000043.340251
000000002.367128
-00000042.673171
000000004.098075
-00000022.576247
-00000012.200154
000000045.493082
-00000014.989623
000000007.086068
-00000028.260873
-00000038.417408
-00000035.005548
-00000042.398935
000000032.087067
-00000038.126232
-00000025.849365
-00000035.366149
-00000004.281805
000000031.491485
000000016.363360
000000030.497501
000000003.474709
-00000024.001712
000000043.112774
000000020.753637
-00000021.939522
-00000002.325837
-00000013.095234
000000002.741884
-00000015.582367
000000034.144236
000000045.152356
000000038.191773
000000002.330444
-00000001.424304
-00000015.849668
000000004.709857
-00000043.079858
-00000005.769597
000000006.814958
-00000027.967650
000000042.437798
-00000049.033778
-00000005.915884
000000018.508803
-00000039.540887
-00000000.621041
000000011.825489
-00000043.332504
-00000003.573404
000000019.531124
000000047.879155
-00000020.447433
000000013.724814
-00000031.700601
-00000040.873833
000000022.773799
000000026.429762
-00000047.222095
000000019.449266
000000012.141627
-00000041.077292
000000010.199954
000000045.920693
-00000020.045366
000000040.143639
000000018.600225
-00000026.136936
-00000048.641098
-00000046.116581
-00000029.142085
-00000040.507675
000000037.915232
-00000045.256423
000000029.577821
000000021.139854
000000011.110899
000000006.856971
-00000043.968865
000000022.598706
000000041.869333
000000042.852991
-00000004.545668
000000042.544696
-00000018.711549
000000021.621298
-00000041.431256
000000026.406461
-00000033.666696
-00000028.005272
-00000021.776665
000000047.222621
-00000024.209190
-00000003.586052
000000036.379879
000000002.213733
000000045.545651
000000013.894970
-00000046.133844
-00000014.140383
000000007.551415
-00000000.800228
000000049.845030
000000028.618978
000000018.456854
000000018.076331
000000004.023329
-00000004.969351
000000036.723156
000000023.916357
-00000030.694622
000000044.329505
000000031.566520
000000015.368194
-00000029.255160
-00000029.007323
000000023.825521
000000017.592807
000000005.941284
000000038.463402
-00000026.158153
000000041.278738
000000007.952575
-00000025.096770
000000020.925498
-00000043.383590
000000002.651865
000000019.983626
000000014.533446
000000046.614542
-00000045.638313
-00000047.207192
-00000049.181301
000000041.925653
000000045.473369
000000025.813234
-00000023.088401
-00000006.699994
000000034.345849
000000013.092000
-00000043.303370
-00000022.463093
000000020.624871
000000013.215832
000000008.778038
000000017.040295
-00000034.405315
000000042.111891
-00000047.069370
-00000005.433939
000000047.445550
-00000003.814470
000000004.065403
-00000024.712135
000000015.399900
-00000046.401044
-00000028.627512
-00000016.214756
-00000036.711380
000000027.875800
-00000011.081482
-00000011.085920
000000001.019958
-00000037.666669
-00000023.033706
000000003.758721
000000022.862762
000000001.506835
000000010.358700
000000029.053801
-00000026.188590
000000043.711980
000000021.485623
000000038.730928
000000001.562684
000000040.726116
-00000044.035677
-00000003.217748
-00000038.321737
-00000008.644058
000000014.854649
-00000009.306475
-00000039.993798
-00000022.942904
-00000011.042105
-00000007.400116
-00000030.120934
000000013.003503
000000019.781365
000000003.437258
000000035.296048
-00000033.143965
000000004.671932
-00000024.857673
-00000043.655336
000000011.298787
000000017.325561
000000032.898313
-00000026.549627
-00000016.892821
000000001.572967
-00000035.901030
000000004.397862
-00000019.442078
000000048.543799
-00000002.262224
000000006.996675
000000028.421660
000000012.855028
-00000048.984903
000000013.129502
000000013.192587
000000010.498108
-00000033.153313
000000011.899718
-00000045.234390
-00000036.929018
000000043.468888
000000013.673770
-00000049.806590
-00000026.315316
-00000033.651888
000000048.794723
000000042.728161
-00000001.647853
-00000016.943942
-00000001.761209
000000028.923332
-00000007.666606
000000017.671547
000000004.922949
-00000011.449825
-00000011.526361
000000045.681253
000000017.986891
-00000021.556272
-00000000.951568
-00000049.596133
000000005.217527
-00000029.330344
000000014.354906
-00000046.153236
-00000034.277841
-00000012.306295
000000010.904978
-00000031.125030
-00000046.336789
000000019.200001
000000035.541978
000000004.945523
000000009.831223
000000025.065676
000000025.386278
-00000010.184866
-00000000.645523
-00000008.457613
-00000021.200038
000000047.006735
-00000012.963530
000000019.267961
-00000048.559937
000000009.925039
-00000004.397800
-00000034.756273
000000001.151363
000000013.908922
-00000006.740839
000000020.837804
000000003.452769
000000006.828302
000000034.989905
-00000004.753184
-00000041.472184
-00000034.233445
000000034.253239
-00000048.734119
-00000015.915437
000000024.630273
-00000001.543637
000000046.839421
-00000045.340113
-00000032.987143
000000010.658858
000000012.416005
-00000004.322316
000000046.185761
-00000047.717875
000000007.894248
-00000046.088417
-00000025.357232
000000015.737971
-00000027.228591
000000049.345166
000000008.182258
-00000036.716701
000000004.401837
000000016.473293
000000002.146460
000000018.292579
-00000030.988380
-00000014.133474
-00000027.725876
-00000020.433266
-00000008.166360
-00000045.341139
-00000029.144785
-00000011.870449
-00000038.478371
-00000016.838469
000000025.757127
000000041.876493
-00000028.467342
000000015.009571
-00000040.262134
-00000003.075843
-00000039.342322
000000001.382701
000000048.651611
000000048.862308
-00000013.885818
-00000037.510178
000000017.127417
-00000006.552193
-00000003.058323
000000008.561726
-00000049.433505
-00000001.473495
-00000019.230660
-00000019.733678
000000003.423865
000000008.863691
000000042.828893
000000037.264507
-00000049.654803
-00000032.343386
-00000021.600695
000000001.394644
-00000007.489352
-00000004.842628
000000006.291229
000000045.854059
000000044.248484
-00000028.773261
000000005.668182
-00000042.805959
-00000028.561451
000000037.757605
000000007.181051
-00000003.269929
-00000015.691830
-00000035.448536
000000024.347729
-00000038.826581
000000042.872309
000000012.015972
000000016.188189
000000018.308396
-00000032.510535
000000012.401916
-00000032.262744
000000047.078430
-00000047.138426
-00000027.547807
-00000016.824602
-00000012.476657
000000018.428710
-00000048.655657
-00000044.522828
000000044.961652
000000037.689242
-00000026.464746
000000006.775194
-00000044.719888
000000033.767128
000000014.237379
-00000038.265189
000000010.134869
000000007.866668
000000021.258771
000000000.353676
000000038.554284
000000044.480115
-00000030.875080
000000041.526356
000000016.444486
-00000035.213414
000000045.882301
-00000009.205430
000000019.729797
000000044.105528
000000048.687348
-00000022.151221
-00000012.481833
-00000023.888986
-00000032.051425
000000046.029403
000000026.286365
000000025.403310
000000010.964582
-00000001.669073
-00000032.537233
000000019.662833
000000002.049936
-00000035.162640
000000012.091835
-00000034.267292
-00000022.759736
000000024.273011
000000025.950729
000000042.406113
000000005.805510
-00000021.838950
000000025.324509
000000002.312251
000000038.777113
-00000042.771089
-00000048.285918
-00000028.958327
000000035.123955
000000005.032046
000000027.444983
000000042.531541
000000010.519329
-00000021.304126
000000013.172249
-00000046.189218
000000011.064891
-00000021.827275
000000022.656594
-00000038.387146
000000036.928633
000000037.011345
-00000044.748105
000000009.291286
000000038.475404
000000004.438601
-00000032.061915
-00000049.825595
000000022.796383
000000022.216809
-00000042.585936
000000007.286887
000000042.066295
-00000046.512014
-00000039.998351
-00000012.373920
-00000029.825063
-00000015.566308
-00000000.514097
000000009.351676
000000001.706033
-00000025.586523
000000037.424026
000000033.832327
-00000048.502768
000000034.206515
-00000030.898709
-00000047.941555
-00000024.551355
000000024.542421
-00000006.282139
-00000048.894211
000000038.504346
-00000025.696326
-00000002.613269
-00000035.189298
-00000003.824948
-00000042.788827
-00000029.744924
-00000008.650790
000000036.776555
-00000048.373661
000000027.985874
-00000024.185274
000000015.715665
-00000043.959392
-00000013.276477
000000009.041997
000000046.464208
-00000014.838849
000000008.598110
-00000025.230599
000000048.935304
000000022.088004
-00000028.807274
-00000010.228223
-00000018.759478
000000021.322540
000000043.913659
-00000031.102033
000000039.499810
000000017.223090
-00000028.115952
000000016.140159
000000029.549155
-00000008.434347
-00000035.840361
-00000009.862747
000000028.906990
000000042.173678
-00000031.614844
000000028.125845
000000034.895235
-00000001.188987
000000044.428632
-00000014.383664
-00000039.147187
-00000019.091023
-00000048.681829
-00000026.632897
000000005.229264
000000039.007220
-00000043.456727
-00000049.002001
-00000005.882930
-00000025.623665
000000006.365452
-00000015.670427
000000035.399132
-00000027.931868
000000047.417442
000000046.822760
000000028.890970
-00000003.920186
000000021.076460
-00000036.045766
000000041.196231
-00000007.543857
000000015.706660
-00000028.313362
-00000026.167541
-00000010.413348
000000031.023703
000000009.134290
-00000041.302540
000000013.843311
000000001.997323
-00000047.099747
-00000005.876717
-00000006.229666
000000035.645282
-00000047.751352
-00000041.594318
-00000025.432742
000000016.866440
-00000044.781763
-00000015.584850
000000025.446643
000000043.506100
-00000045.016463
-00000039.883033
-00000008.991076
000000005.850562
000000001.294360
000000004.790588
000000011.031714
-00000048.270686
000000045.802762
000000011.493765
000000034.554395
-00000009.305352
000000043.709167
000000002.727384
-00000041.051214
000000024.994154
-00000047.319050
000000010.998908
-00000015.536797
000000032.208611
000000027.733341
000000019.543800
000000042.732976
000000015.765756
000000046.093100
000000014.146121
000000013.750629
000000031.641335
000000036.431397
000000045.914993
000000021.131095
-00000040.682818
-00000026.242397
-00000039.051475
-00000001.898266
000000024.688996
000000015.276733
000000047.789392
-00000044.033863
-00000015.376643
000000038.258853
000000001.997379
-00000001.130063
000000025.086529
000000032.140470
000000031.397045
000000001.133764
000000005.351151
000000041.429439
-00000019.220912
-00000039.626809
000000043.188125
000000040.332898
-00000045.969771
000000026.820751
-00000006.060622
-00000004.749162
-00000049.360705
-00000021.014098
000000039.024680
-00000022.682212
000000015.889910
000000011.883008
-00000003.842962
-00000021.964583
-00000033.771346
000000046.934917
-00000030.966867
000000049.786197
-00000012.470100
-00000015.706540
000000013.547616
-00000003.218517
-00000008.684346
000000047.243083
-00000049.015316
000000026.967827
000000037.293874
000000014.667728
-00000033.188186
000000001.846991
000000007.527652
-00000022.076017
000000002.595881
-00000011.625600
000000023.628649
-00000028.901821
-00000045.549373
-00000011.533535
-00000008.117934
000000013.316673
000000005.888641
000000049.610902
000000008.270434
000000024.874623
000000037.885173
000000011.139560
-00000045.104577
-00000031.640648
000000011.572247
000000020.456975
000000028.039053
-00000043.857466
000000016.789256
000000031.548621
-00000004.391213
000000017.636075
000000025.552455
000000033.112129
000000035.338380
000000046.147371
000000006.515147
000000018.416497
000000035.043838
000000035.190776
000000013.129815
000000015.314863
-00000019.550443
-00000041.563799
-00000006.737393
000000018.594757
000000035.404666
-00000036.611981
000000015.531398
-00000027.012823
-00000037.683189
000000005.235512
000000022.035716
000000022.676397
-00000001.233875
-00000010.489959
-00000001.872897
-00000009.877625
000000018.763990
-00000032.803265
-00000032.548418
-00000044.444012
-00000033.959623
000000007.314844
000000040.013784
000000049.825462
-00000038.056805
-00000015.201349
000000048.109554
000000032.614164
000000004.689026
-00000032.559811
000000030.607451
000000029.731835
-00000009.694799
-00000032.081450
-00000028.500898
000000035.582224
-00000018.050964
-00000024.676429
-00000039.534156
000000027.471394
000000024.494603
-00000023.568393
000000038.319013
-00000021.353449
-00000030.733597
-00000021.781651
-00000019.229317
000000027.411587
000000021.310930
000000009.170652
-00000007.399849
-00000045.018566
000000013.182330
-00000006.078604
-00000041.269032
000000028.604309
000000017.240246
000000001.176135
-00000022.831504
-00000023.347196
000000038.092433
-00000027.012206
-00000025.374309
000000015.678005
000000041.050032
-00000030.111249
000000042.754754
000000046.714306
000000017.100302
-00000046.506783
-00000009.713599
-00000030.642300
000000013.553429
-00000030.215152
-00000036.548669
000000031.321001
-00000041.387499
-00000037.185148
-00000031.472961
-00000018.637888
000000021.887199
000000011.927396
000000031.237020
000000031.814942
000000008.372891
000000044.436830
000000038.360545
-00000040.381610
000000015.511057
-00000019.997042
000000037.934261
-00000008.009255
-00000040.690075
000000039.446295
-00000018.201268
-00000015.948551
000000021.624282
000000027.637736
000000004.233374
000000014.128190
-00000005.128631
000000032.171422
-00000035.386026
000000000.646251
000000018.808820
-00000026.866534
-00000017.687299
-00000001.117194
-00000034.553360
-00000022.677173
000000045.648269
000000022.047814
000000039.446363
000000017.236538
000000041.103110
-00000031.245737
000000012.027799
-00000037.965031
-00000022.912699
000000036.655116
-00000006.179832
-00000002.848578
000000041.389863
-00000017.393637
000000006.435953
000000020.364314
-00000048.425899
000000014.981490
000000021.800670
-00000044.267901
000000021.714370
-00000000.408748
-00000026.759366
000000010.086183
-00000038.880986
000000041.995484
-00000018.372788
000000048.632886
000000045.432880
000000004.834452
-00000005.074483
-00000017.957650
000000007.469624
-00000002.777403
-00000020.463501
000000034.172662
000000004.308702
-00000033.633834
-00000021.095423
000000020.826625
000000043.936404
-00000049.420327
000000028.851682
-00000009.235793
000000034.659069
-00000046.961750
-00000017.331382
000000012.255816
000000034.626826
000000041.230186
000000002.634229
-00000015.017035
-00000021.652701
000000006.545124
-00000048.357158
-00000002.141397
-00000011.377279
-00000040.809988
000000010.114048
-00000030.302747
000000012.805433
000000027.170829
000000023.261934
000000009.525034
-00000036.157272
-00000045.020295
-00000016.148413
000000026.154555
-00000018.207946
000000002.513319
-00000009.680071
000000038.494491
000000038.163666
-00000038.689271
000000011.948944
-00000023.483788
-00000018.265453
-00000018.809008
-00000003.172139
-00000017.979849
000000013.831720
000000022.609450
-00000012.384737
-00000015.944517
-00000002.725445
-00000030.584614
-00000039.586957
000000028.333090
-00000044.723638
-00000006.875858
-00000022.994982
000000027.081588
000000034.029948
000000007.317827
-00000023.280451
-00000014.060619
-00000039.853061
-00000017.573349
000000025.486023
-00000020.374987
-00000033.393856
-00000035.953207
-00000036.679720
000000036.818648
000000028.723920
-00000001.688229
000000032.357330
-00000042.982977
000000005.534142
-00000024.093411
000000043.326773
-00000005.247280
000000027.813802
-00000038.586216
000000024.525424
-00000012.281044
-00000011.917832
000000040.186884
-00000047.816301
-00000020.201818
000000041.818718
000000043.301026
-00000049.239579
-00000045.895437
000000014.782374
-00000031.163441
-00000024.939251
-00000022.173232
-00000034.121179
000000010.375767
-00000000.107734
000000004.371279
-00000013.966461
000000000.764196
-00000013.194571
000000040.092705
000000023.817537
000000039.598057
000000018.670180
-00000024.645999
000000041.285271
-00000030.698518
-00000028.403962
-00000008.053725
-00000012.923168
000000008.868643
-00000032.003086
-00000018.262418
-00000032.921261
000000022.244676
000000045.234895
-00000037.902000
000000029.911656
-00000045.152573
000000009.862643
000000021.011909
000000019.613483
-00000004.106786
-00000010.552348
000000014.248048
-00000019.180252
000000034.050382
-00000038.458403
000000015.486100
000000002.529388
-00000048.366576
000000034.605333
-00000038.569439
000000020.515053
000000019.259204
-00000011.522165
-00000037.223998
-00000048.762546
-00000006.130779
-00000005.038508
-00000029.917170
000000032.709980
000000012.594429
000000032.774822
-00000005.598172
000000001.402495
000000001.480590
-00000031.202314
000000015.634320
000000035.553821
-00000040.955884
-00000009.683222
000000048.480440
-00000038.924549
000000021.494526
-00000035.203764
000000034.320785
000000008.781632
-00000000.193378
-00000043.711980
000000046.969413
-00000036.507462
-00000006.717959
000000005.510016
000000026.963795
-00000015.540069
000000013.497391
-00000043.780182
000000030.517712
-00000049.297042
-00000005.651250
-00000011.025186
000000009.616213
-00000012.327388
-00000044.913899
-00000032.317433
000000044.700427
000000026.956466
000000024.665428
-00000039.689432
-00000026.740725
-00000002.427535
000000017.371893
000000016.354353
-00000009.737293
000000025.176580
-00000024.511128
-00000043.416416
000000010.147112
000000048.930773
000000007.870840
-00000000.564729
000000046.970653
000000049.864780
-00000039.247715
000000040.252595
-00000012.070324
000000009.649446
-00000044.818800
000000049.240129
-00000044.235382
-00000004.574427
000000024.358314
000000029.197339
000000004.345229
-00000049.342790
000000033.208417
000000000.290487
-00000002.866999
-00000009.828205
-00000024.913227
-00000035.370926
000000035.058680
-00000028.806612
000000019.073231
-00000035.659804
000000034.972280
-00000016.835876
000000042.333001
000000032.108268
-00000004.867793
-00000045.310157
-00000018.907336
000000049.506961
000000004.671689
-00000026.441781
-00000009.478301
-00000034.554554
-00000029.350200
000000008.293691
000000026.915064
-00000017.954331
000000011.758596
-00000019.722488
-00000022.204999
000000018.436997
000000041.177459
-00000017.469592
000000028.706796
000000002.287536
-00000026.836695
-00000036.400831
-00000004.547561
-00000014.811510
000000006.025979
-00000023.310992
-00000017.770452
000000009.882415
-00000022.990354
000000039.635262
-00000021.375621
-00000013.796159
000000047.693403
000000010.217980
000000049.713675
000000027.719847
-00000041.189618
-00000026.289241
000000035.789384
000000014.469477
000000014.399357
-00000019.247290
-00000017.375641
000000038.767783
-00000007.955872
-00000000.715563
000000004.999897
-00000046.561624
-00000019.716328
000000035.352157
000000019.733807
000000025.556120
-00000030.686896
-00000014.671631
000000008.059534
000000037.119701
000000046.626828
-00000046.895437
000000008.354102
000000008.145514
000000006.628741
-00000033.023826
000000040.399163
000000021.405472
-00000019.640078
-00000025.530977
000000002.151712
000000033.160218
000000037.844773
-00000038.230269
000000004.027877
-00000024.683457
000000047.167016
000000015.551762
000000047.656105
000000013.826942
-00000021.144858
000000016.978603
-00000036.311122
-00000018.974091
-00000014.357122
-00000026.026980
-00000016.608713
-00000041.049958
000000031.896665
-00000027.764043
-00000017.770845
-00000047.681837
-00000013.745713
-00000032.937573
000000040.500511
-00000042.633373
-00000030.855898
-00000023.870738
-00000029.804202
000000042.569689
-00000015.736775
000000042.827858
-00000048.199207
000000003.663417
-00000018.242111
-00000034.596371
-00000033.199337
000000015.384974
000000049.305435
-00000030.525300
000000047.395304
-00000039.199469
000000005.642480
000000001.080140
-00000045.350982
-00000006.299810
-00000044.022013
000000040.209579
000000039.288077
-00000044.224409
000000038.395884
-00000042.938922
-00000000.993298
-00000013.534005
000000049.574649
000000026.644559
-00000025.113102
-00000004.425126
000000043.278647
-00000026.311520
-00000006.115756
000000015.947261
-00000020.982001
-00000023.675098
-00000030.153329
-00000027.603524
-00000004.496823
000000021.241982
-00000008.154704
000000033.228233
-00000044.927596
-00000022.264520
000000014.396896
-00000000.506221
-00000036.258016
-00000033.493554
-00000007.799375
000000014.687411
000000006.082112
000000009.597982
-00000015.886616
-00000018.024261
000000035.476027
-00000000.690607
-00000036.872176
-00000021.992800
000000045.763889
-00000049.646929
-00000023.964334
-00000019.486148
-00000011.347926
-00000044.677199
-00000022.739177
000000042.709193
000000037.993759
000000048.428700
000000034.098010
-00000029.856111
-00000015.909431
-00000033.556655
000000047.422161
-00000012.743301
000000042.062604
000000044.227798
000000024.033342
000000031.213802
000000003.183217
-00000019.290287
-00000040.575097
000000022.441925
000000048.535483
-00000009.274394
-00000032.774221
000000035.017472
-00000016.357892
000000019.985133
000000012.249985
000000009.076008
-00000029.365258
000000041.148932
000000045.428886
000000002.767243
000000012.409894
-00000014.472198
-00000007.591307
-00000003.074141
000000038.977085
-00000040.583343
000000043.833185
000000023.296499
000000019.313160
-00000020.908580
000000028.928849
-00000048.607427
-00000041.470004
-00000038.147154
000000008.657831
000000012.246782
-00000022.361198
-00000019.657420
-00000001.842764
-00000035.398062
000000025.812991
000000017.140846
-00000042.742200
-00000016.517755
-00000041.464117
000000010.151279
-00000026.550343
000000018.378351
-00000028.345601
000000015.568779
-00000006.320676
-00000017.912452
000000004.993084
000000013.705375
000000043.823946
-00000022.000751
-00000009.775526
-00000031.676114
-00000049.337289
-00000002.456481
-00000011.885479
000000017.419297
-00000042.219835
000000047.677913
000000038.600834
000000012.925197
000000000.283115
000000035.538256
-00000016.485614
000000049.251902
-00000016.253895
000000011.398316
000000042.782357
-00000018.158970
000000049.736201
-00000022.640438
-00000041.126527
-00000036.682130
000000016.985134
000000016.026449
000000025.852834
000000037.919871
-00000033.782917
-00000003.072050
-00000004.951640
-00000023.428435
000000004.307330
000000027.548342
-00000018.094180
-00000007.529809
-00000044.592706
000000037.267669
-00000027.403366
000000007.861819
000000002.553756
000000005.835785
-00000044.622699
-00000000.343188
-00000048.224035
-00000029.423453
000000043.179234
000000007.800653
000000034.577617
-00000001.483470
000000049.592930
-00000035.661540
-00000034.282192
-00000020.956322
-00000028.976390
-00000018.341568
-00000042.675020
-00000049.673461
-00000019.378242
000000009.553158
-00000027.508125
-00000002.822701
-00000026.520913
000000036.892530
000000010.621604
-00000039.252386
000000012.938528
000000024.565164
000000020.991507
-00000049.356554
000000011.668451
000000031.936083
-00000027.598633
-00000000.215447
-00000038.068225
-00000045.280823
-00000013.432741
000000011.479308
-00000017.662558
-00000036.482049
000000006.365670
000000009.411716
000000024.955100
000000000.304576
-00000008.558985
-00000034.966571
000000040.226510
000000006.054534
-00000048.557908
-00000023.480288
000000007.404185
-00000036.785525
-00000031.309086
-00000049.901782
000000036.636805
000000008.548633
-00000031.085498
-00000037.881340
000000043.212238
000000017.391416
-00000048.646909
-00000009.561488
-00000005.664924
-00000038.049947
000000032.725721
000000011.105282
-00000029.808287
-00000018.116441
000000026.877680
-00000016.716805
-00000048.460220
-00000026.922796
000000021.207739
000000047.076864
000000009.810345
000000043.792249
000000008.992896
000000048.335184
-00000001.546629
000000019.968469
000000044.373393
-00000022.524111
000000018.274643
000000012.473867
000000043.972441
-00000030.531655
-00000001.346621
000000017.926648
000000019.907340
-00000004.225057
000000021.204182
-00000013.934072
-00000013.632115
-00000019.481785
000000034.627578
-00000004.460699
-00000006.876977
-00000030.537730
000000017.715165
-00000023.260608
-00000049.540940
-00000043.563334
000000041.836156
-00000034.397615
-00000018.593715
000000045.264132
000000041.391901
-00000027.963810
-00000032.008058
-00000028.431070
-00000001.093509
-00000022.855940
000000012.045153
-00000013.659089
-00000004.590008
000000006.233032
-00000039.785133
-00000022.075311
000000022.913783
-00000048.359901
000000013.849237
-00000019.880326
000000036.985172
-00000022.120468
-00000037.209624
000000038.053229
-00000021.826574
000000039.031881
000000017.591090
000000019.976706
-00000027.643087
-00000022.509218
000000025.851332
000000019.495903
000000044.568707
-00000022.697563
000000018.055795
-00000030.840717
000000037.676052
-00000017.168502
000000048.286427
000000020.777468
000000007.160022
000000003.135588
-00000048.636074
-00000038.863240
-00000016.549126
000000038.310896
-00000004.718457
-00000047.488883
000000022.669498
000000040.577724
000000045.236960
-00000023.003188
-00000049.383802
-00000040.285494
-00000008.790126
000000041.430319
-00000009.592455
-00000010.358681
000000007.003106
-00000032.446546
000000024.825232
-00000004.168854
-00000023.844887
-00000039.976141
000000005.305518
000000047.433790
000000024.395438
-00000044.490749
-00000017.775944
000000034.490318
-00000036.331601
000000009.938749
-00000001.058666
000000020.664851
-00000032.426879
-00000038.685094
-00000005.246206
-00000037.892695
000000039.801154
000000003.428962
-00000019.207456
000000030.280059
-00000002.699596
000000045.295186
000000045.935665
-00000026.959690
-00000000.977684
-00000006.133767
-00000023.575998
-00000033.512269
000000003.847002
000000048.160955
000000019.129279
-00000022.104032
000000021.319914
000000003.692434
000000021.914958
000000025.591012
000000023.927357
000000042.202828
-00000040.585320
-00000021.623365
-00000043.396708
-00000013.818675
000000014.553020
000000048.806346
000000008.875194
-00000023.737226
-00000022.466185
-00000039.655150
-00000002.536256
000000035.990763
000000038.670133
-00000012.355848
000000046.253686
000000009.005754
-00000040.262751
000000006.487432
-00000010.582308
000000032.724721
-00000017.531682
000000040.447066
-00000030.769537
-00000022.935733
-00000029.082895
000000045.293680
000000048.947972
-00000038.412232
000000036.780648
000000040.325590
000000023.300575
000000037.304476
-00000009.932625
000000034.019187
000000033.975165
000000005.702928
000000019.935512
000000026.000567
-00000001.680538
-00000044.236659
-00000003.102116
000000019.888811
000000038.832358
000000045.777121
000000004.239944
-00000006.043602
-00000024.688130
-00000010.268031
000000036.338374
000000035.999372
-00000033.616902
000000034.536674
000000029.070399
000000012.828475
-00000017.848446
000000024.011214
000000023.704292
-00000033.785323
-00000036.386291
000000035.718669
-00000026.842946
-00000020.907180
-00000000.039467
-00000022.458730
000000017.456068
-00000043.197494
-00000006.152433
000000030.392174
000000024.370331
000000006.895445
000000012.955552
-00000007.592148
-00000021.231214
-00000038.354772
-00000041.329685
-00000003.003315
000000029.166031
-00000025.746498
000000048.473314
-00000046.346710
-00000042.460674
-00000017.437263
-00000024.278591
-00000034.276609
000000025.818099
-00000007.120194
000000011.034975
-00000034.628324
-00000007.006782
000000006.618446
-00000035.301188
000000032.728158
-00000034.334301
000000029.526837
-00000025.435747
000000026.242955
-00000006.286416
000000048.236085
-00000006.759972
-00000004.846605
000000004.823957
-00000016.984103
-00000039.747539
000000005.961668
-00000033.300288
-00000024.462900
-00000013.215900
000000034.049265
000000005.155348
000000013.011568
-00000005.932351
000000022.941800
-00000002.027025
000000037.515474
000000012.085585
000000029.022972
000000017.771400
000000024.121217
000000007.533947
-00000036.770011
000000048.282942
000000011.498827
000000002.742945
000000035.808140
000000034.932006
000000032.043765
000000018.161121
-00000039.264859
000000016.626682
-00000041.198336
000000006.920170
-00000004.065413
-00000013.067671
-00000022.738490
000000001.783255
-00000020.316762
000000041.579466
000000010.558704
000000002.381888
-00000023.707935
000000029.414904
000000006.163306
000000048.069371
000000001.631960
-00000044.154858
000000005.433222
000000042.028598
-00000044.380166
000000013.517227
000000009.506924
-00000027.402292
000000021.430483
-00000017.030283
-00000033.772604
-00000035.689919
-00000015.182792
-00000043.637236
-00000006.227015
000000044.139299
-00000000.814389
-00000033.178265
000000033.378648
000000027.211449
000000048.458497
000000032.625966
-00000037.767654
-00000025.824618
-00000001.403814
-00000045.771713
-00000030.091959
000000001.947687
000000046.009044
-00000010.750461
-00000000.556628
000000007.177068
-00000034.056512
000000009.065572
000000014.593787
-00000006.931023
-00000007.022649
000000044.864878
-00000014.584933
000000044.804649
-00000031.423864
000000022.138130
-00000012.025028
000000035.370457
000000014.601560
-00000026.935783
000000013.816545
000000034.937765
000000016.903765
-00000004.658986
000000049.247645
-00000045.183484
-00000032.343180
-00000015.604289
-00000047.617128
-00000042.673387
000000039.714538
000000020.884301
-00000038.802590
-00000029.368889
-00000020.416600
000000015.800331
-00000036.938168
000000041.658269
-00000030.942647
000000046.769543
000000045.019745
-00000041.228005
000000038.373624
000000008.182088
-00000005.534295
-00000039.038931
000000017.980357
000000018.242864
-00000002.788744
-00000006.801840
000000001.519047
000000002.900782
-00000030.163325
-00000046.476034
000000002.093177
000000011.609612
-00000003.327867
000000030.656211
000000017.807533
000000016.199108
000000020.004016
000000039.886617
-00000035.778936
000000031.580592
-00000048.257899
000000007.152773
-00000028.126816
-00000043.076379
-00000047.294256
000000017.959916
000000010.344909
000000026.230099
000000024.099174
-00000030.153538
-00000031.859633
000000037.371708
000000007.166930
000000038.965551
-00000045.428107
-00000015.318918
000000019.282583
-00000023.215665
-00000031.833649
-00000010.305611
000000015.971438
-00000010.362886
000000001.057289
000000021.792988
-00000047.941750
-00000041.275826
-00000016.624654
000000041.007397
-00000014.966652
000000032.004146
-00000038.401253
000000021.412909
-00000021.072783
-00000047.774693
000000003.790031
000000019.210668
000000006.868874
-00000018.915537
000000019.050140
000000005.160905
000000039.784499
-00000018.742845
000000012.604932
-00000041.510981
000000042.389116
000000032.938970
-00000001.247137
000000017.255447
-00000033.932187
-00000014.233983
-00000003.690722
000000048.564445
000000042.078512
-00000009.202912
000000002.858223
-00000032.454866
-00000006.307294
-00000030.042917
000000010.555282
000000024.993133
000000028.693385
-00000024.660147
-00000004.284621
-00000045.302016
-00000034.347377
-00000029.509987
000000003.081024
000000029.147928
000000030.509530
000000046.731602
000000002.425038
-00000000.590270
000000021.369477
000000025.352872
000000026.735441
-00000024.000334
000000036.667282
000000010.620120
-00000002.790088
-00000046.472250
000000047.712332
-00000042.129411
-00000001.983818
-00000044.591571
000000044.307077
000000028.078977
000000013.428716
000000015.147371
000000010.058827
-00000022.879477
-00000030.480616
-00000041.641561
-00000019.041978
000000000.344738
000000002.861280
-00000027.977513
-00000009.143986
000000035.969127
-00000011.686324
-00000036.582046
000000015.036526
-00000046.794392
000000008.318104
000000016.042552
000000037.844295
-00000018.989895
000000006.489060
000000040.678215
000000012.331587
000000003.026974
-00000009.321504
000000020.063183
-00000035.559807
-00000025.124135
-00000005.005485
000000030.523104
-00000043.002148
000000046.653236
-00000030.862810
000000045.037766
-00000049.269281
-00000029.289529
-00000012.633463
000000032.803873
000000031.847089
-00000019.195785
