-00000021.639985
-00000000.203313
-00000034.152522
-00000037.547994
000000014.561511
000000026.088375
-00000009.234406
000000045.818163
000000040.867128
000000040.908929
-00000034.369022
000000046.562440
000000043.045529
-00000046.122554
000000008.910904
-00000048.539380
000000013.805680
-00000011.560150
000000020.517115
000000000.308922
000000045.255284
000000036.785102
-00000044.789536
-00000049.284928
-00000021.363313
000000002.060309
000000037.344280
-00000046.179344
-00000006.359055
000000006.850509
-00000001.723121
000000034.766783
000000032.865576
000000026.936909
-00000031.399637
-00000000.394546
-00000016.441836
000000037.252999
-00000015.989822
-00000041.070612
000000033.852106
-00000003.118554
000000009.634843
-00000045.440308
-00000002.759177
000000017.598631
-00000033.272620
-00000049.927306
-00000047.146673
000000048.163280
-00000033.128736
000000038.705814
-00000016.199429
000000008.108512
-00000048.331271
-00000012.738538
000000047.884139
000000040.642978
-00000025.034955
-00000034.905981
-00000021.465004
000000046.369171
-00000004.961573
-00000039.753063
-00000033.969148
-00000043.579301
000000006.183596
000000006.496189
-00000005.310408
000000005.402913
-00000006.617753
-00000004.293284
000000028.528894
000000047.852960
000000046.242750
000000028.836517
000000021.306923
000000005.038743
-00000004.626089
000000029.507515
000000035.216598
000000036.576573
000000007.415564
-00000041.255303
-00000048.090293
-00000040.087894
-00000014.023326
-00000005.230726
000000048.902811
000000023.088720
000000011.936531
-00000016.816056
-00000049.497203
000000006.894354
000000025.466068
-00000009.862061
-00000015.263207
-00000047.532759
000000006.556341
-00000037.202471
-00000001.559258
-00000007.966526
-00000079.308279
-00000068.118819
000000057.549872
000000036.653941
-00000051.839522
000000048.876233
000000074.830914
000000079.133987
-00000057.843785
000000035.279090
000000071.416919
-00000121.336181
-00000011.468033
-00000063.433515
000000000.058806
-00000001.250716
000000049.523839
-00000044.871452
000000091.467765
000000086.184539
-00000073.114969
-00000040.973993
-00000028.148243
-00000020.448168
000000067.109434
-00000042.038029
-00000001.557429
000000020.716664
000000040.526182
000000072.456787
000000039.074875
000000071.443262
-00000084.123491
000000033.701131
-00000045.650363
000000008.552341
000000015.038526
-00000078.856393
000000026.017713
000000039.362251
000000011.180432
-00000080.382729
000000014.274075
000000032.306832
-00000020.791432
-00000068.840044
-00000109.481997
000000080.489092
-00000076.802796
000000096.875345
-00000068.502568
000000007.375266
-00000040.781001
-00000029.574431
000000106.352234
000000099.238059
000000001.157866
-00000013.218389
-00000071.551944
000000041.945379
-00000014.725545
-00000067.678700
-00000096.601208
-00000117.946068
000000053.084743
-00000036.839312
-00000048.442785
000000055.635543
-00000026.763798
-00000038.883174
000000046.567523
000000047.344047
000000070.499960
000000010.722818
000000035.212809
-00000007.714022
000000028.790093
000000022.436218
000000068.927208
000000034.870772
000000020.719616
-00000052.454653
-00000082.057297
-00000033.832652
-00000064.867874
-00000036.901635
000000070.253897
000000031.749860
-00000014.749824
000000001.441348
-00000030.983753
000000030.838786
000000013.784260
-00000001.030048
-00000053.548014
-00000058.172746
000000051.107059
-00000089.077694
-00000001.380972
000000003.955253
000000260.589697
000000184.633764
-00000179.847628
-00000146.245657
000000239.901591
-00000135.391957
-00000243.269812
-00000246.518226
000000198.313392
-00000102.511405
-00000216.662481
000000370.216068
000000091.931272
000000161.274483
-00000017.306634
000000037.449806
-00000208.810292
000000223.585818
-00000291.615088
-00000327.193099
000000240.648303
000000138.098231
000000116.619540
000000122.765286
-00000200.075540
000000114.837190
-00000033.368770
-00000084.019086
-00000193.830943
-00000240.481105
-00000123.584360
-00000230.613732
000000321.883377
-00000097.020513
000000141.951396
000000026.476082
-00000105.509661
000000280.207576
-00000090.932494
-00000193.742140
-00000034.110827
000000258.825173
-00000018.796399
-00000070.397724
000000039.136644
000000241.575998
000000338.736470
-00000255.646413
000000210.444175
-00000306.762240
000000211.062569
-00000028.014407
000000102.125057
000000076.550035
-00000306.396989
-00000314.834380
-00000042.312192
-00000025.862521
000000240.953807
-00000108.933561
000000059.091144
000000244.893404
000000317.331977
000000378.968142
-00000174.137058
000000124.971084
000000233.062525
-00000215.100291
000000067.287995
000000180.191589
-00000143.796889
-00000078.006350
-00000189.775560
-00000009.936762
-00000084.176076
000000061.825351
-00000151.279722
-00000047.189068
-00000208.828776
-00000109.463435
-00000080.979000
000000171.835349
000000298.960812
000000034.646659
000000189.421004
000000187.317930
-00000255.900346
-00000047.278165
000000118.205339
000000003.902819
000000051.921262
-00000084.515979
-00000013.312671
-00000054.918583
000000234.626517
000000203.322450
-00000219.199756
000000319.085201
-00000000.109687
-00000002.739584
-00000000.794325
-00000091.461142
-00000001.380399
000000027.054548
000000013.419164
-00000013.927447
000000054.157712
000000072.416564
-00000017.679160
000000045.850355
000000074.398298
-00000064.473752
000000048.750653
-00000100.591437
-00000030.531651
000000054.859296
-00000030.375779
000000045.273039
000000071.583099
000000010.721154
-00000046.827813
-00000054.231514
-00000024.462053
000000010.093016
000000070.452823
000000013.688107
-00000018.589158
000000031.262375
-00000065.895705
000000058.967851
-00000028.234521
000000019.612841
-00000027.747890
000000028.121196
000000020.101346
000000030.592867
-00000055.888735
000000025.452829
000000032.283477
000000002.437327
000000001.492239
-00000030.314793
-00000003.152144
000000038.465850
-00000011.144464
-00000042.679682
000000003.773415
-00000015.184444
-00000084.612310
000000069.514645
-00000069.421129
000000019.602500
-00000071.706618
-00000005.211464
000000097.861015
000000039.020329
-00000040.616062
-00000057.732344
-00000019.904552
000000040.522897
-00000007.417122
-00000002.175957
000000002.754709
-00000052.807293
000000032.008879
000000007.797436
000000092.883339
-00000016.786624
-00000004.990116
000000018.096789
000000023.855614
000000067.934794
000000093.013991
000000032.345683
000000023.636533
000000021.884675
-00000082.715353
000000029.358800
000000019.265547
-00000024.301393
-00000053.692102
000000014.373007
000000012.893595
-00000094.998139
-00000048.386062
000000033.394126
000000021.045499
000000076.704282
000000027.535795
-00000002.868634
-00000050.998754
000000061.075192
000000002.719036
-00000000.962957
000000026.418815
-00000048.717247
000000009.240598
-00000015.582056
000000001.865750
-00000003.492385
-00000000.913800
-00000000.525915
-00000041.223898
-00000065.661537
000000057.336235
-00000078.853293
-00000032.664412
-00000022.847441
-00000001.390367
-00000066.687660
000000049.284198
-00000024.278944
000000086.185315
-00000009.192780
-00000092.206726
000000057.657009
-00000061.325031
000000111.207602
-00000008.499090
-00000042.461006
-00000001.881553
000000019.251000
000000013.345263
-00000007.518055
000000017.507508
000000092.162702
-00000009.944879
000000001.651954
-00000054.196394
000000027.814838
-00000066.988709
000000044.982056
000000051.631176
000000002.226637
000000018.787458
-00000022.365278
-00000077.517611
000000086.476520
-00000055.182123
-00000005.080041
-00000023.527677
000000046.699725
000000084.941687
000000067.043057
000000009.337653
000000022.142731
000000013.755987
-00000001.607509
-00000080.999589
000000047.973690
-00000073.862465
000000034.071086
-00000020.263396
-00000057.945429
000000020.110651
-00000044.801375
000000021.941996
-00000063.547367
000000045.178722
-00000059.227111
000000010.203203
000000106.448801
000000039.045616
-00000046.877429
000000008.682944
-00000007.882534
000000135.196022
-00000032.613848
-00000052.780411
000000013.156838
000000014.263997
000000069.334665
000000001.376954
000000023.368376
000000021.699873
000000068.189712
-00000121.931539
-00000001.235486
-00000021.248339
-00000073.299903
-00000004.630573
000000054.041713
000000070.878028
-00000077.507778
-00000093.613402
000000037.073680
-00000062.628530
000000029.001525
000000096.052511
000000051.317631
-00000025.399865
000000003.263898
-00000037.101370
-00000063.002656
000000066.468496
000000092.754682
000000012.569190
000000068.749465
000000000.022268
000000005.546514
000000001.586493
-00000000.474645
-00000000.267507
-00000008.802914
-00000035.376027
-00000104.101552
-00000029.794796
-00000010.246617
-00000004.159167
000000019.677054
000000017.776331
000000045.312906
-00000058.224791
000000023.086393
-00000044.769088
000000015.060202
000000011.005782
-00000030.603973
-00000036.238476
000000006.624950
-00000016.956334
-00000039.600674
-00000019.547724
-00000062.932332
000000022.361064
000000048.591122
000000038.921197
-00000013.494781
000000059.993247
000000024.370846
-00000002.781879
-00000039.561074
-00000089.882117
000000003.560960
000000027.768112
-00000042.414625
000000013.471149
000000000.365648
-00000044.688166
000000138.160349
000000018.633661
000000033.936350
000000002.947330
-00000068.062062
000000071.824175
-00000005.762127
000000033.786840
-00000080.485343
000000021.787146
000000006.403486
000000019.158485
-00000023.305318
-00000010.139219
000000059.309842
-00000019.337051
-00000001.212169
000000050.373524
000000077.441502
000000015.388284
-00000107.235922
000000022.032204
000000001.827594
000000071.863749
000000036.645757
-00000014.831250
000000030.243353
000000005.136485
-00000031.570681
000000024.938049
-00000025.520836
-00000015.991120
-00000111.017155
-00000008.766911
-00000066.262522
000000003.613939
-00000015.200079
000000043.949172
-00000013.094098
-00000050.281314
-00000041.789645
000000018.896655
000000015.813450
000000031.553485
000000073.273189
000000020.437849
-00000112.706384
-00000000.231491
-00000076.025286
-00000066.022140
000000013.472873
000000081.552294
000000024.875469
-00000048.645785
000000118.718358
-00000004.251669
-00000032.053986
000000095.355425
-00000013.480157
-00000001.480348
000000003.248155
000000000.778494
-00000000.209286
-00000000.217619
-00000002.355890
-00000110.313062
-00000234.895814
-00000103.957692
-00000025.482591
-00000069.277861
000000064.761017
000000076.025696
000000160.959491
-00000175.284884
000000066.938248
-00000071.749566
000000028.587705
000000022.231039
-00000038.060881
-00000073.536447
000000083.895115
-00000019.862522
-00000148.789104
-00000093.529466
-00000172.813100
000000081.889894
000000103.632227
000000121.923611
-00000042.629782
000000136.444181
000000090.927853
-00000022.236120
-00000043.445736
-00000230.332754
-00000024.716456
000000076.885789
-00000086.103046
-00000019.124007
000000015.241599
-00000107.577032
000000319.521927
000000063.487782
000000069.505900
-00000046.105443
-00000143.777539
000000166.978762
-00000006.906940
000000066.691992
-00000157.550520
000000084.640302
000000041.173405
000000054.494471
-00000062.936615
-00000089.329668
000000155.554768
-00000088.090672
-00000057.099292
000000103.566811
000000130.975872
000000026.834436
-00000252.010872
-00000001.022273
-00000030.177269
000000195.501647
000000128.284804
-00000030.448470
000000113.657507
000000000.321911
-00000116.715002
000000085.573320
-00000081.184376
-00000065.497103
-00000289.077412
000000034.684977
-00000128.411520
-00000045.632750
-00000077.205703
000000077.502256
000000008.923003
-00000112.717057
-00000093.563926
000000019.820296
-00000007.189126
000000035.700727
000000156.319788
000000025.007405
-00000333.757562
000000021.284095
-00000195.666286
-00000192.950562
-00000027.102241
000000158.740432
000000096.198331
-00000106.547863
000000289.097504
000000010.626816
-00000151.668527
000000250.983599
-00000076.500787
000000001.151546
000000003.386190
000000001.150363
-00000000.149521
000000000.597873
-00000007.570191
000000003.310246
000000008.680458
000000135.575323
-00000000.437636
000000169.646824
-00000109.810716
-00000221.672380
-00000148.410413
000000014.040543
000000056.908602
-00000027.164166
-00000054.817168
000000101.689188
-00000318.031306
-00000061.116679
-00000164.459676
-00000015.075638
000000211.051701
000000166.793518
000000073.760983
-00000170.029727
000000055.549479
-00000081.806961
000000043.456006
000000150.128885
-00000112.061814
000000054.771702
-00000231.279556
-00000012.401011
000000116.133606
-00000085.541618
-00000071.935095
000000306.058186
-00000146.252239
000000067.095771
000000125.891305
-00000064.407508
000000063.042128
000000140.450307
-00000135.680982
000000074.655539
000000012.053465
000000095.199284
-00000088.193613
000000002.179817
-00000081.386907
000000047.103795
000000055.258003
000000329.304583
-00000021.765070
000000048.671320
000000232.655556
000000109.370725
000000272.507923
000000037.395867
000000018.015194
000000132.867793
000000054.680033
-00000150.877487
-00000102.348268
000000032.881919
-00000142.711252
-00000107.119236
000000167.242957
-00000044.906977
000000038.153627
000000070.062702
-00000068.275434
-00000228.033381
-00000191.837642
000000091.041685
000000054.338528
000000215.039513
-00000195.658186
-00000011.891805
000000023.918656
000000085.893464
000000118.760510
000000026.419002
000000224.042100
000000163.041340
000000185.525150
000000005.075570
-00000019.275186
-00000038.798783
000000162.317846
000000188.825103
-00000107.011381
-00000057.273209
000000047.864434
-00000214.446930
000000262.985646
-00000016.949451
000000076.768850
-00000001.304266
000000002.546778
000000000.738402
-00000000.409332
000000000.983272
-00000014.914375
000000005.585579
-00000018.696643
000002793.058496
000000050.671955
000003426.005950
-00002021.238512
-00004251.684920
-00003065.897586
000000302.789876
000001005.883751
-00000666.629384
-00001045.626707
000002003.007719
-00006298.876163
-00001146.364831
-00003349.183661
-00000490.283683
000004110.634345
000003270.697778
000001409.567704
-00003225.315434
000001068.225805
-00001614.063015
000000848.060178
000003030.159746
-00002169.470806
000001173.648096
-00004720.429551
-00000413.215410
000002309.985022
-00001678.450039
-00001465.567321
000006074.375192
-00002928.936260
000001256.844777
000002671.864443
-00001220.802858
000001240.633401
000002827.766603
-00002771.917601
000001527.641344
000000029.618996
000001880.663949
-00001949.189421
-00000107.071212
-00001663.084364
000000881.632256
000001028.776919
000006495.142028
-00000349.074935
000001123.170597
000004705.380520
000002145.558513
000005566.687482
000000707.123995
000000220.294924
000002818.060228
000001036.337479
-00002871.141901
-00002110.231330
000000619.487717
-00002845.830476
-00002118.780437
000003403.612606
-00000863.085695
000000692.353344
000001495.913134
-00001339.984686
-00004544.708856
-00003830.230188
000001971.900872
000001158.435690
000004375.187647
-00003878.789453
-00000324.548137
000000461.634227
000001815.833881
000002412.766086
000000638.269175
000004463.030310
000003303.843098
000003568.530394
000000159.205205
-00000392.822297
-00000705.793332
000003339.527916
000003886.197252
-00002147.235682
-00001195.670658
000001136.299032
-00004271.901628
000005082.738908
-00000283.613698
000001492.711452
-00000002.032193
-00000004.523991
-00000001.517959
000000000.770593
-00000000.267285
000000004.045612
-00000001.907629
000000005.807732
-00000000.299153
000000043.469863
-00000100.466178
000000137.526088
000000104.327628
000000069.773432
-00000046.022421
-00000053.152430
-00000016.974077
-00000026.354230
000000008.738031
000000124.797032
000000027.022338
000000021.635333
-00000056.061042
-00000194.901552
-00000033.727892
000000045.266367
000000076.570409
-00000104.615429
-00000032.969647
-00000048.769928
-00000023.222727
000000038.995157
000000086.778333
000000074.158238
-00000048.327199
-00000104.279372
-00000026.294291
000000145.317104
-00000129.252508
-00000055.146791
000000005.405794
-00000000.935290
000000064.605317
000000022.103536
000000027.884168
000000021.226791
-00000075.054542
-00000092.912273
-00000087.407092
000000046.189236
-00000059.546480
000000083.282107
000000020.998424
-00000086.464268
-00000159.120650
000000048.613634
-00000001.597717
-00000034.034979
-00000067.732978
-00000117.226015
000000039.340803
-00000006.912580
-00000000.815670
-00000095.437337
000000055.404958
-00000008.603449
000000008.228061
000000133.787396
000000091.182948
-00000088.419450
000000023.116171
000000004.101416
000000060.021944
000000099.746559
000000159.031168
000000015.264686
000000025.214435
000000022.772784
-00000091.186053
000000090.658383
-00000004.600290
000000098.875109
000000036.208493
-00000103.668405
-00000035.726517
-00000124.141995
000000025.503791
-00000123.025462
000000046.385799
000000034.727518
000000054.996876
-00000060.218755
-00000086.491020
000000081.230755
000000063.686073
-00000005.540599
000000065.283291
-00000161.288359
000000030.940075
-00000028.509501
000000000.020787
-00000000.519945
-00000000.306351
-00000000.401378
000000001.478391
-00000012.045443
000000004.134466
-00000019.584394
000000000.995364
-00000001.318425
000000011.537723
000000157.135270
-00000124.391981
000000198.588793
-00000171.734316
000000020.456582
000000020.787625
-00000073.840566
000000080.041178
-00000109.684415
-00000149.822830
-00000104.874222
000000015.486275
-00000128.313565
000000116.959185
000000094.918648
-00000080.322647
-00000103.209471
-00000123.253061
-00000084.608544
000000105.693190
-00000154.463217
000000133.642758
-00000089.395699
-00000061.464252
000000025.669488
-00000019.193616
000000146.910220
000000090.965067
-00000132.338765
000000071.766885
000000158.284905
-00000009.884339
000000121.565318
000000065.653328
-00000227.046942
-00000005.168631
000000042.235004
000000029.983485
-00000120.025455
000000131.062902
-00000028.908320
000000142.609294
-00000088.478555
000000061.251666
000000105.869325
-00000042.455476
000000077.839651
000000005.741317
000000132.904715
000000068.343725
-00000049.082903
000000051.771658
-00000053.288522
000000061.125361
000000085.667408
-00000007.305655
000000151.751615
000000090.098794
-00000105.520219
000000035.200584
000000067.668083
-00000011.319528
-00000075.101825
000000036.624145
-00000247.492999
000000099.384400
000000027.975997
000000096.025202
-00000010.112672
-00000083.263087
000000057.357343
-00000000.280098
-00000043.965572
-00000017.452462
000000101.367725
000000266.960528
-00000017.179279
-00000013.032606
-00000098.888827
-00000125.850526
-00000065.574065
000000083.761777
000000035.315204
000000016.079312
000000155.090123
000000011.964850
000000003.041102
000000042.175731
000000042.564929
-00000001.627829
-00000005.999483
-00000002.027699
000000000.862775
000000000.315646
000000006.953212
-00000003.655616
-00000001.701705
000000000.033119
-00000000.204440
-00000003.646491
000000674.875311
-00000502.632098
000000857.633161
-00000817.342225
000000188.909520
000000163.326864
-00000374.661172
000000372.997332
-00000544.353107
-00000662.352567
-00000335.354644
000000051.070098
-00000556.949569
000000472.211808
000000317.046868
-00000315.999894
-00000411.408051
-00000450.861926
-00000409.781690
000000501.457625
-00000617.021513
000000608.901241
-00000491.439731
-00000316.053998
000000076.706424
-00000091.199935
000000594.840115
000000430.529861
-00000580.599026
000000255.834070
000000780.618630
-00000008.349978
000000542.885209
000000173.879279
-00000945.444983
000000048.216374
000000179.723061
000000122.215174
-00000453.527612
000000668.242972
-00000081.208657
000000714.808265
-00000424.611628
000000253.601351
000000528.155790
-00000332.043012
000000362.039924
000000061.624221
000000604.680177
000000272.571252
-00000196.762891
000000158.378455
-00000326.229752
000000285.833217
000000444.611874
-00000020.607921
000000663.280947
000000252.004097
-00000544.272665
000000179.701580
000000320.605881
-00000117.462725
-00000536.258190
000000166.671559
-00001063.271337
000000289.532266
000000020.244674
000000487.755732
-00000044.549925
-00000305.051384
000000277.261276
000000060.985183
-00000295.371710
-00000106.077976
000000521.884128
000001109.894247
-00000265.872453
000000012.286416
-00000496.328360
-00000598.911739
-00000311.659505
000000364.397864
000000146.956889
000000057.552157
000000723.010384
-00000053.922112
-00000071.111099
000000301.661619
000000115.174140
-00000001.166522
-00000004.324359
-00000001.434691
000000001.227275
-00000000.091596
000000010.127503
-00000004.468584
000000006.189412
-00000000.374286
-00000001.131256
-00000010.729585
000000002.814928
000000108.032778
-00000162.227072
000000256.579059
-00000300.276462
-00000180.802721
000000134.317260
-00000062.799329
000000376.578782
000000170.795141
-00000153.565448
-00000031.134863
-00000035.465512
-00000084.688012
000000200.614727
000000046.665675
-00000119.032075
-00000095.654868
000000158.119078
-00000125.489433
000000074.916232
-00000067.997903
000000398.472788
000000103.025563
-00000061.455699
-00000093.690371
000000099.892683
-00000273.752407
-00000021.036627
000000068.465703
-00000371.247923
000000038.656083
-00000193.375770
000000197.970130
000000111.801998
-00000174.689109
-00000133.748131
-00000131.221229
000000069.385200
-00000373.636735
-00000032.679090
-00000261.773404
000000175.605869
-00000113.233202
-00000197.480960
000000378.541418
-00000134.526374
-00000116.191797
-00000249.296092
000000043.025062
000000018.432762
000000123.002020
000000144.762265
-00000056.955813
-00000293.009213
-00000014.087938
-00000028.775815
000000180.156528
000000245.157988
-00000015.927658
-00000196.447512
000000237.560813
000000656.587437
000000009.801918
000000254.714506
000000203.138117
000000246.040678
-00000216.160161
000000074.080398
-00000067.980096
000000060.762789
000000003.115610
000000215.727698
-00000023.201707
-00000297.721911
-00000109.661943
000000363.436385
-00000082.368246
000000297.755996
000000230.162327
000000106.334195
-00000066.568309
000000031.786110
000000053.254707
-00000294.488984
000000239.221590
-00000007.290945
-00000329.960311
-00000014.919504
-00000000.488261
000000004.870690
000000001.243607
-00000000.956448
000000000.217007
-00000008.865911
000000003.587616
-00000019.191270
000000000.982595
-00000000.749006
000000005.110390
-00000001.309561
-00000001.191193
000000000.025597
000000098.609817
-00000146.884782
-00000130.042339
000000070.445276
000000059.564870
000000315.229370
000000036.106042
-00000104.183527
-00000031.628420
-00000156.712047
000000032.860949
000000297.031970
-00000090.374769
-00000148.390602
-00000119.703692
000000159.290940
-00000091.620011
000000011.758298
000000033.996695
000000333.126993
000000184.122570
-00000076.569582
-00000103.839831
000000176.804286
-00000179.359667
-00000158.547589
000000098.369865
-00000259.233478
000000064.236608
-00000028.637710
000000212.129344
000000041.908749
-00000153.405358
-00000027.581520
-00000067.060147
000000191.892203
-00000176.283418
-00000000.008819
-00000048.543122
000000084.552100
-00000126.522210
-00000134.547074
000000184.426470
-00000103.541490
-00000074.625800
-00000251.029015
000000111.021314
000000142.064017
000000031.973278
000000087.994018
-00000076.737505
-00000229.358757
-00000055.914493
000000142.218723
000000177.534746
000000005.097659
-00000034.394298
-00000024.873581
000000152.169358
000000504.166537
000000088.657090
000000126.470561
000000122.081436
000000203.953421
-00000274.943169
000000078.626190
-00000090.501744
000000151.614177
-00000008.814536
000000155.939382
-00000067.347646
-00000226.604798
000000026.265157
000000349.666197
-00000131.122741
000000246.476276
000000157.728752
-00000023.557814
-00000097.261383
000000066.062090
000000112.119164
-00000267.091324
000000181.801563
-00000027.876178
-00000233.312872
000000027.671334
000000001.278009
000000005.814010
000000001.936233
-00000000.674700
000000001.058028
-00000010.077078
000000005.450766
000000023.651446
-00000001.022746
000000003.944649
000000021.146152
-00000005.111939
000000002.097013
000010288.223828
-01015267.261820
001512210.965355
001338694.314134
-00725166.776596
-00612718.662123
-03244128.320247
-00371775.637114
001072783.581792
000325443.531339
001612599.432246
-00338152.006574
-03056981.534503
000929999.399810
001527163.106410
001232304.172897
-01639248.835843
000942897.768525
-00121000.144497
-00349624.176094
-03428544.954114
-01894621.367729
000787938.583853
001068787.303512
-01819757.073725
001846086.673137
001631560.224494
-01012529.085047
002668044.170031
-00660871.033544
000294832.247316
-02183710.523528
-00431135.781794
001578951.195242
000284142.531298
000690246.284617
-01974269.023742
001815011.384537
000000112.588985
000500285.803979
-00870393.447892
001301888.783334
001384910.420156
-01898809.728648
001065521.185701
000768098.994806
002583394.450626
-01142723.402553
-01461513.414099
-00329509.744910
-00905919.786746
000789788.349367
002360743.588532
000575183.672704
-01463308.953693
-01827673.001857
-00053254.503979
000353998.237479
000256411.418048
-01566627.540444
-05189386.648436
-00912307.563148
-01301415.782685
-01257046.531469
-02099359.370837
002829544.234076
-00809057.104102
000931545.025773
-01560181.031591
000090776.918762
-01605150.271803
000692920.858301
002332392.336646
-00270420.779618
-03598884.463331
001349368.108313
-02536756.619687
-01623508.980349
000241949.700200
001000869.554358
-00679967.643113
-01153706.543532
002748770.179088
-01871282.992122
000286378.191644
002401425.093306
-00285009.199402
-00000000.140321
-00000003.897771
-00000001.166736
000000000.446331
000000000.423352
-00000000.999687
-00000000.182869
-00000006.863049
000000000.310320
-00000001.003115
000000003.493116
-00000000.735023
-00000000.465400
-00002595.394415
-00000000.252067
-00000094.578787
-00000140.645261
-00000016.009044
000000165.909022
000000486.683175
000000036.516433
000000029.543385
-00000147.469305
-00000313.198892
000000025.926443
000000454.171225
-00000162.861188
-00000234.432876
-00000060.223608
000000271.249960
-00000048.614738
000000060.620457
000000243.195591
000000400.745644
000000224.153588
-00000210.492371
-00000260.912215
000000275.099184
-00000229.667611
-00000416.755937
000000029.077631
-00000245.906200
000000178.841147
-00000081.225490
000000189.712243
000000146.589048
-00000145.172679
-00000011.474238
-00000151.721848
000000468.969143
-00000082.116826
000000065.396666
000000158.094044
000000088.260532
-00000205.782380
-00000073.223574
000000047.235378
-00000050.696250
-00000061.076957
-00000346.578216
000000215.973346
000000340.059793
000000029.535018
-00000080.810084
-00000117.762637
-00000304.797716
-00000083.506431
000000283.972062
000000004.867859
-00000204.342949
-00000020.502005
000000030.723177
000000190.948847
000000553.958688
000000140.078047
000000245.302379
000000046.378422
000000182.863324
-00000328.055443
000000091.107326
-00000049.175069
000000411.692648
000000137.758774
000000101.700017
-00000173.421358
-00000177.251587
000000042.702542
000000351.151368
-00000124.292936
000000304.963393
000000209.768257
-00000047.741775
-00000166.711980
000000138.508233
000000220.986690
-00000331.537781
000000079.787043
-00000284.835249
-00000217.331626
-00000051.502675
-00000001.247411
-00000000.791073
-00000000.283004
000000000.785772
-00000000.122189
000000002.356538
-00000000.777594
000000008.234781
-00000000.405119
000000000.794488
000000003.152400
-00000000.791835
000000000.000353
000001214.571870
000000000.118019
-00000000.051708
000000054.251311
-00000080.356191
000000006.145845
-00000090.345100
-00000010.308265
000000042.700651
-00000053.861075
000000042.648825
-00000078.640145
-00000072.505120
000000012.770534
-00000069.401931
000000042.125552
-00000020.075492
000000047.672318
000000055.547259
000000037.051761
-00000008.299482
-00000078.043082
000000038.024060
000000011.709074
-00000003.231725
000000001.022038
-00000054.051509
-00000009.537952
000000009.714694
000000035.919963
-00000056.826329
-00000033.469562
-00000061.076163
000000018.321573
-00000006.975134
-00000011.914271
000000006.293513
000000033.297253
-00000039.386400
000000014.827716
-00000020.186842
-00000038.184786
-00000027.058101
-00000005.350382
000000016.358060
000000011.957300
000000024.147849
-00000080.392031
-00000011.670876
000000055.420927
-00000030.495693
000000048.081516
000000012.430555
-00000054.796718
-00000083.639225
-00000126.025513
000000071.291298
-00000003.058713
-00000072.789390
000000036.501821
-00000079.654998
000000005.717383
000000026.191893
-00000045.615749
-00000041.703617
000000124.969551
000000009.520670
000000060.203440
-00000012.754804
000000092.087239
-00000053.878697
-00000048.996110
000000061.614412
000000052.343412
-00000076.470730
000000087.085470
-00000082.046256
-00000020.099260
-00000015.371231
-00000037.368716
-00000085.780757
-00000017.640444
000000088.749652
-00000077.080231
-00000007.639592
000000039.707052
-00000048.072582
000000000.364530
-00000003.521168
-00000001.113553
000000000.426426
-00000000.858820
000000010.427017
-00000004.925520
-00000011.769669
000000000.455856
-00000002.592968
-00000005.423283
000000001.219514
-00000002.489820
-00007977.145134
-00000000.775213
000000000.952438
-00000000.902978
-00000052.665856
000000057.599091
-00000003.729545
000000065.509795
-00000148.036469
000000033.783415
000000119.883535
-00000027.554024
000000034.668899
000000051.575169
-00000052.233868
-00000050.676960
000000021.514960
000000123.046865
000000060.758112
000000023.726099
000000151.694252
-00000124.680556
000000005.893643
000000057.354723
-00000002.497039
-00000003.383890
000000018.442597
000000103.598994
-00000089.582744
000000101.793254
-00000049.671440
000000097.464172
-00000136.956791
000000014.070598
-00000025.364373
000000034.195713
-00000099.061255
-00000118.649674
-00000067.660605
-00000087.174145
000000000.225006
000000041.901217
-00000077.094968
000000103.119203
-00000041.050120
000000040.254999
000000057.769043
-00000074.373855
-00000139.721574
000000080.458273
000000072.168822
000000055.925217
-00000111.082683
-00000066.714474
-00000083.985372
-00000002.289284
000000238.253172
000000053.415643
-00000130.573563
000000104.839170
000000117.602644
-00000033.756254
-00000009.006502
000000010.712928
000000126.717020
000000122.297731
-00000027.090732
-00000010.607906
-00000107.134849
000000117.706829
000000012.901817
-00000054.580865
-00000006.395595
000000021.009740
000000069.289891
000000034.954755
-00000027.426974
-00000024.354579
-00000046.863474
000000125.200563
-00000092.492689
-00000056.235286
000000021.358998
-00000036.734251
000000066.709023
-00000061.748498
-00000092.541293
000000002.191352
-00000003.245153
-00000000.634254
000000000.316554
-00000001.576632
000000018.221765
-00000007.081515
000000005.523078
-00000000.365895
-00000001.501017
-00000017.964775
000000004.247314
-00000000.467447
-00004234.731801
-00000000.411742
-00000000.575168
000000000.365340
000000000.659705
-00000120.808800
000000096.585241
000000041.235475
000000215.108217
-00000007.793468
-00000104.952558
000000056.816543
-00000026.079836
000000051.063123
000000084.506033
000000049.323400
000000029.642357
-00000104.295415
-00000010.430769
-00000077.950317
000000006.691483
000000083.602147
-00000054.469484
-00000052.567954
-00000099.760219
000000022.238594
000000123.106740
-00000123.915496
000000064.848352
-00000157.887228
000000023.992511
-00000107.652322
000000199.068399
-00000073.183925
000000115.991497
-00000050.598760
000000022.241160
000000094.184122
000000140.894935
-00000071.319368
000000011.652555
000000028.638673
-00000016.931104
-00000091.476498
000000035.081931
-00000059.989525
-00000058.858098
000000019.340910
000000090.872040
-00000067.011690
-00000090.649632
-00000056.038208
000000057.222753
000000183.417605
000000021.544379
000000042.060055
-00000167.901458
-00000088.086409
000000084.062074
-00000155.244145
-00000080.645284
000000040.109980
000000064.185105
000000021.379349
-00000131.233184
-00000181.475227
000000032.995034
000000054.993256
-00000055.183503
-00000213.256144
-00000057.911728
-00000010.523770
-00000028.929656
-00000117.020119
-00000013.395735
-00000017.466332
000000006.825998
000000046.559251
000000028.725573
-00000096.239047
000000119.727231
000000068.607394
-00000001.678099
000000032.223893
-00000130.378701
000000043.132914
000000038.110950
000000001.678587
000000005.635408
000000001.861604
-00000000.855294
000000001.050984
-00000015.106384
000000006.425431
-00000011.049342
000000000.621696
000000001.063406
000000016.922579
-00000004.173579
-00000001.413164
-00004825.356162
-00000000.468582
000000001.014058
-00000000.811260
000000000.196008
-00000002.414141
000000588.409818
000000022.290014
000000571.260954
-00000022.004647
-00000346.789621
000000099.037139
000000214.020309
-00000046.018942
000000001.679000
000000094.997197
000000361.167523
-00000370.344127
000000009.482460
-00000150.488875
000000442.859164
000000629.593019
-00000170.050085
-00000253.835235
-00000191.011175
-00000066.593853
000000042.645102
-00000170.189176
-00000318.740498
-00000246.317207
-00000062.590170
-00000312.907451
000000564.791773
-00000293.306059
000000346.067111
-00000246.385166
000000601.048047
000000272.668504
000000242.209321
000000001.723579
000000160.556332
-00000085.276337
-00000217.263586
-00000176.106131
-00000133.688166
-00000207.274632
-00000432.116220
000000019.700586
000000690.446376
-00000324.164049
-00000122.482876
-00000238.217534
-00000146.624638
000000246.978473
000000241.355979
-00000115.763547
-00000484.597973
-00000228.640596
000000236.385884
-00000432.460802
000000213.754555
000000077.322180
000000490.953251
-00000187.499877
-00000207.660695
-00000599.564912
000000168.375872
000000116.640966
000000063.695924
-00000419.521699
000000010.726091
-00000253.761871
-00000190.948666
-00000378.014261
000000359.856405
-00000222.772182
000000297.113766
000000158.557066
-00000072.758029
-00000286.118372
000000111.578382
000000370.987335
-00000414.464128
000000205.859590
-00000400.281340
-00000179.414147
-00000075.834604
-00000001.490206
-00000002.112980
-00000000.861546
000000000.767953
000000000.853072
-00000003.754258
000000000.660313
-00000011.264209
000000000.526084
-00000002.630912
-00000008.697206
000000002.434785
000000000.789138
000001901.455637
000000000.184635
-00000000.474766
-00000000.703436
000000001.937900
000000001.062806
-00000000.507045
-00000170.184109
000000340.868834
-00000127.817780
-00000270.934375
-00000084.367678
-00000083.052369
-00000147.409044
000000005.320931
000000143.101169
-00000057.638855
-00000191.978935
-00000023.866659
000000098.699538
-00000266.371447
000000199.080453
-00000095.185792
-00000176.972317
000000023.964483
-00000009.812686
-00000252.393230
-00000192.139466
000000135.166061
-00000164.496586
000000032.574945
-00000215.034158
000000244.746068
-00000122.248657
-00000030.897718
-00000162.958454
000000337.784110
000000176.357307
000000144.496717
000000216.671205
-00000096.162772
-00000130.362407
000000121.461855
-00000269.359004
000000113.618090
-00000046.768865
-00000215.644226
000000122.423474
000000328.114461
-00000127.945379
-00000259.538388
-00000123.999749
000000158.835924
000000118.702099
000000158.401987
-00000198.244993
-00000377.581182
-00000150.027509
000000243.169397
-00000072.496692
-00000208.229864
000000038.387670
000000117.881394
-00000101.748340
-00000277.785695
-00000155.483748
000000069.429665
000000154.881977
000000318.257299
-00000088.830418
-00000117.147212
000000001.210665
000000005.453277
-00000038.460064
-00000267.076306
000000113.076519
000000011.467065
000000092.442648
000000144.959414
-00000352.693896
000000091.276790
000000214.194859
-00000051.899406
-00000048.167713
-00000190.043583
000000164.008260
000000130.097438
-00000000.023976
000000004.027062
000000001.346720
-00000000.690824
-00000001.038062
000000005.419574
-00000001.310411
000000020.097955
-00000000.956372
000000002.725062
000000000.106927
-00000000.246101
000000001.113887
000004038.931291
000000000.392488
-00000000.237319
000000000.964233
-00000002.005407
-00000000.317042
-00000000.015125
-00000001.007308
000000094.998710
-00000027.057810
-00000033.840370
-00000060.458475
-00000109.705076
-00000021.998503
000000084.774366
-00000058.611684
000000011.727207
-00000004.197210
-00000023.548248
-00000088.600884
-00000038.134781
000000028.612348
-00000011.024224
-00000029.589716
-00000130.016299
000000017.310931
000000057.931185
-00000040.275983
000000098.481736
-00000222.968216
000000050.461921
-00000108.505812
000000039.170065
-00000039.390595
000000007.571104
-00000024.594476
-00000073.483523
-00000009.155975
000000057.333384
-00000171.220994
000000032.026649
000000050.422259
000000016.593142
-00000001.709605
000000068.844881
-00000019.402624
000000048.433389
000000022.342174
000000035.539324
-00000034.475597
-00000044.104100
000000021.162159
000000025.758047
000000130.265077
-00000042.523888
-00000013.839820
000000049.223119
-00000094.079796
000000048.891621
-00000065.941421
-00000127.619316
-00000020.008661
-00000052.757371
000000013.061985
-00000026.299707
-00000023.464311
000000000.387071
000000112.024183
-00000131.155783
-00000203.141281
-00000004.434507
-00000017.720309
-00000057.547814
-00000026.344069
-00000061.940044
000000121.138673
-00000053.803149
-00000039.066682
000000077.831117
-00000084.041363
000000036.897650
-00000037.822622
000000094.482812
-00000040.981355
000000046.246588
000000120.441357
000000005.071216
000000001.339073
-00000002.782340
-00000000.511684
000000000.408009
-00000001.608071
000000011.322110
-00000004.479445
000000001.540570
-00000000.144952
-00000000.281910
-00000005.739432
000000001.129775
-00000001.310820
-00005348.890800
-00000000.519755
000000000.608923
-00000000.664071
-00000000.784411
-00000000.832269
000000000.123531
-00000000.690792
000000001.358349
-00000018.274236
-00000071.167961
000000035.763948
000000172.505048
-00000010.811648
-00000178.210342
000000139.156359
-00000068.494487
-00000010.324691
000000049.306594
000000102.425917
000000198.754997
000000074.550920
000000035.045010
-00000074.077145
000000115.634473
000000026.959249
-00000134.054563
-00000004.663993
-00000133.017879
000000138.548060
-00000117.045910
000000168.031215
000000042.582448
-00000091.707263
000000026.387018
-00000114.863158
000000220.906119
000000052.642657
000000006.501453
000000156.240833
-00000054.345559
-00000029.669461
-00000207.312088
-00000004.221917
-00000064.217648
000000010.340777
-00000237.090137
-00000143.913683
000000037.473529
000000027.138910
000000065.751671
-00000125.839565
-00000062.408714
-00000079.072694
000000010.010625
-00000003.533456
-00000123.287756
-00000022.657158
-00000017.798242
000000099.684777
000000244.869521
000000070.958936
000000132.731877
000000047.527750
000000022.235856
-00000021.235833
000000015.147028
-00000099.222614
000000118.726196
000000115.579940
-00000073.538738
-00000105.649281
000000059.838844
-00000003.498943
000000142.431527
-00000128.299487
000000021.443592
000000108.181429
-00000032.482716
-00000002.576383
-00000052.434464
000000152.514205
-00000195.063495
000000102.387716
-00000023.859100
-00000147.638596
-00000027.543889
-00000000.555031
-00000002.592017
-00000000.886976
000000000.187941
000000000.943483
000000000.637700
-00000000.144278
000000017.218490
-00000000.840016
000000002.455078
000000014.828769
-00000003.622495
-00000000.044371
-00000092.642631
-00000000.008744
000000000.514888
000000000.778893
-00000001.162133
-00000001.677590
000000000.603953
-00000000.674114
000000000.913007
000000000.126304
-00000097.280630
000000059.692852
000000170.706494
000000039.201312
-00000101.855122
000000056.283825
-00000033.477463
000000095.772943
000000013.919832
000000180.943878
-00000154.181256
-00000093.801230
-00000114.974500
-00000091.591660
000000078.064563
000000049.000789
-00000161.286811
000000007.114570
000000061.508047
000000188.951225
000000069.371479
000000009.122220
-00000042.621897
000000010.917358
-00000050.216659
000000058.107636
000000091.341862
000000033.346369
-00000086.971539
000000271.283202
-00000084.080695
-00000056.817889
000000165.041419
-00000052.487133
000000053.265716
000000032.933251
-00000041.029761
000000100.942043
000000003.955758
000000044.724433
-00000157.482532
000000002.599113
000000125.845853
-00000028.200030
000000154.992244
-00000036.113736
-00000190.463370
000000096.413973
000000057.979262
000000087.225231
-00000070.767558
-00000005.243229
000000012.858446
000000034.211378
-00000005.261719
000000018.949327
000000070.689499
-00000071.592220
000000291.641712
000000174.355115
000000042.898519
000000021.037750
000000078.011357
000000124.164555
000000003.956757
000000027.489308
000000028.473127
-00000031.951200
-00000047.031674
000000100.073328
000000075.021057
000000039.324932
-00000002.399694
-00000085.379156
-00000218.031412
-00000101.352667
-00000021.575390
000000001.570680
-00000001.618075
-00000000.313789
-00000000.127517
-00000001.107436
000000015.293710
-00000005.292892
000000021.270835
-00000001.083666
000000001.177881
-00000005.784616
000000001.250410
000000000.287691
-00000136.611423
-00000000.013342
-00000000.516442
000000000.105229
-00000000.810034
-00000000.047520
000000000.330246
-00000000.469892
-00000000.502886
000000000.936005
-00000001.545054
-00000053.369798
000000000.397646
000000077.165265
000000011.015244
-00000083.487380
-00000070.397317
000000240.199599
-00000016.788929
000000183.336726
-00000453.106592
-00000306.651662
-00000240.882458
-00000038.613492
000000059.314962
-00000019.410062
-00000098.924364
000000040.635503
000000281.286209
000000072.061399
000000216.203918
-00000230.270691
-00000167.511961
000000084.927898
-00000132.364225
000000186.832755
-00000184.160932
-00000116.847120
-00000222.569245
000000170.961360
-00000102.427671
-00000055.999763
000000426.864988
-00000045.942167
000000137.209132
000000017.196844
000000219.451768
000000238.219622
-00000033.722088
000000118.549263
-00000359.286357
000000214.696547
000000307.911209
000000046.376571
000000141.861521
-00000161.112031
-00000000.382209
000000132.461520
000000022.074843
000000154.436673
-00000407.214653
-00000083.061018
-00000111.499384
000000065.086747
000000004.350404
000000157.296169
000000051.160160
000000114.546417
000000294.428830
000000160.036595
000000137.547427
000000128.817623
000000065.367773
000000254.873444
-00000198.319178
000000377.567512
-00000095.246172
-00000168.187705
-00000047.389170
000000081.149510
000000188.708939
-00000120.222811
000000258.954504
-00000336.277925
-00000308.251014
000000052.953546
-00000022.993120
-00000001.858465
-00000001.735890
-00000000.855014
-00000000.083929
000000001.361769
-00000009.610972
000000003.162620
-00000006.978121
000000000.379708
-00000000.385595
000000006.440834
-00000001.205092
000000001.410560
000002568.121253
000000000.249722
-00000000.359939
-00000000.869438
000000002.151150
-00000000.270743
000000000.412829
000000001.196469
-00000002.029180
000000007.836366
-00000004.058351
000000001.041382
-00000712.784584
000000064.196177
000001114.315915
-00000929.999331
000000542.225356
000000295.498298
-00000267.737707
-00000380.116867
-00001830.177734
-00000683.978991
-00000538.869973
000000257.244425
-00000637.322337
-00000055.687136
000000597.071299
000000001.156099
000001269.961161
-00000597.476582
000001222.048801
-00000996.021625
-00000350.264586
000000731.236847
-00000287.296646
000001040.846673
-00001365.985484
-00000212.679879
-00000038.870453
-00000510.578356
000000276.464506
000000002.905987
000002042.402684
-00000050.662771
000000737.729458
000000009.960557
000001564.624267
000001514.055487
-00000254.570600
-00000166.651668
-00000773.579552
000000881.202611
000000777.994908
000000455.969719
000000457.903471
000000199.622116
000000126.364845
000000344.196700
000000495.325831
-00000586.995360
-00002005.258755
-00000303.107527
-00001146.038060
-00000184.120452
-00000087.784615
-00000036.876263
000000136.657941
000000458.121619
-00000192.572247
-00000599.353529
000000610.868696
000000885.348532
-00000321.789723
000000431.398306
-00001058.513636
000000908.389857
-00000015.403246
-00000852.720015
000000135.158879
000000176.716945
000000746.101554
-00001055.587380
000001542.019483
-00000888.430771
-00000293.012227
000000969.191837
000000237.220260
-00000000.099717
000000000.474862
000000000.153001
-00000000.100009
000000000.160177
-00000004.111436
000000001.629139
000000001.481714
-00000000.049187
000000001.261928
000000008.707190
-00000002.265232
-00000000.985509
000000047.472426
000000000.004623
000000000.733616
000000000.689911
-00000000.618499
000000000.356742
-00000000.512844
000000000.146995
-00000000.732089
-00000006.964755
000000003.362393
-00000001.042116
-00000000.591166
000000015.709842
-00000106.476535
000000049.153307
-00000090.197784
000000062.801020
000000065.601546
-00000207.573890
000000358.796613
000000233.375446
000000126.142238
-00000073.996210
-00000122.191054
000000130.567795
000000216.523172
-00000028.165960
-00000073.656950
-00000178.281765
-00000117.276253
000000074.690403
000000046.523168
-00000186.903949
000000146.385656
-00000159.854651
000000057.130206
000000070.281556
000000053.206417
-00000199.117457
000000144.816688
000000194.477023
-00000393.717998
000000142.062992
-00000059.916855
-00000024.055360
-00000149.665373
-00000354.201677
-00000025.801549
-00000052.091548
000000220.085505
-00000119.833154
-00000111.032052
-00000000.579356
-00000144.974538
000000035.193600
000000062.964345
-00000187.233951
000000009.522821
-00000053.524277
000000185.473949
-00000017.747002
000000091.865564
000000169.590191
000000083.686992
000000009.654764
-00000016.200045
-00000008.337527
-00000332.204283
-00000256.869186
-00000096.871066
-00000198.471423
000000037.275842
-00000152.846882
000000230.135996
-00000022.839762
-00000063.981367
-00000004.205887
-00000018.309453
000000029.732261
-00000090.632787
000000064.894128
-00000070.519849
000000199.805444
000000193.480598
-00000097.476614
-00000140.247562
000000001.202624
000000004.584703
000000001.390771
-00000000.787324
000000000.029702
000000001.426865
000000000.181994
000000014.616861
-00000000.686939
000000001.250822
000000006.122262
-00000001.509807
000000001.649191
000011014.321692
000000001.070273
000000000.429046
000000000.686730
-00000000.175102
000000002.588393
-00000001.711755
000000000.357808
000000000.194889
-00000014.176222
000000008.608506
-00000000.699618
-00000001.398156
-00000021.948763
-00002267.453598
000001109.484322
-00001786.714405
000000801.140334
000001615.145842
-00005421.430125
000009427.299398
000006089.544764
000003449.781671
-00001576.227209
-00002817.614667
000002857.158158
000005316.157055
-00000627.971373
-00002347.950668
-00004583.698501
-00002988.138230
000002236.042538
000001428.791800
-00004473.663296
000003681.137968
-00004039.165912
000001503.602213
000001680.849896
000001768.461875
-00005304.595647
000003606.785445
000004521.698256
-00010045.165061
000003560.272047
-00001712.663177
-00000742.038856
-00003916.373352
-00008502.006562
-00000348.064034
-00001450.278202
000006024.645250
-00003142.437607
-00003258.395750
-00000022.763137
-00003670.035245
000001256.905063
000001577.877849
-00004728.930402
000000149.351892
-00001548.171426
000005209.262377
000000025.414558
000002246.105645
000003730.146251
000002076.477563
-00000245.848679
-00000535.053383
-00000309.134257
-00008454.919218
-00006548.758359
-00002428.645983
-00004799.878768
000000557.648870
-00003893.267166
000005691.804470
-00001231.719624
-00001355.410361
000000355.836939
-00000309.088280
000000283.055507
-00002357.376409
000001701.949044
-00002128.214933
000005275.249134
000005384.286655
-00002196.201218
-00003025.690670
000000000.206711
000000004.717934
000000001.439139
-00000000.467957
000000001.022211
-00000010.269668
000000004.623259
000000006.790040
-00000000.245886
000000000.970681
000000000.441329
-00000000.000219
000000001.353082
000004232.735652
000000000.411283
-00000000.941523
000000000.125529
000000000.780473
000000000.763861
000000000.078085
000000000.487292
-00000001.676507
000000007.248126
-00000005.160215
000000002.219495
000000000.720049
000000001.782893
-00000000.108178
000000067.792362
000000094.751565
-00000133.755410
-00000031.134765
-00000247.164049
000000371.186319
000000395.407303
000000218.009631
-00000026.232326
-00000340.544270
000000145.422793
000000102.858162
-00000070.986539
-00000293.701523
-00000171.306678
-00000192.810685
000000051.692535
000000111.034030
-00000116.928626
000000116.490292
-00000167.807293
000000180.084363
000000198.536367
000000108.990562
-00000199.898767
000000122.762159
000000180.757041
-00000335.182651
000000105.863953
-00000035.517574
000000021.139895
-00000091.988471
-00000318.533627
000000003.959519
-00000103.068394
000000324.703051
-00000197.675729
-00000292.858364
000000052.003788
-00000086.198025
000000104.764611
000000053.699743
-00000124.145224
000000038.639412
-00000264.615540
000000361.366130
-00000140.817391
000000194.698507
000000017.313106
-00000021.308349
-00000067.416015
000000026.470729
-00000127.381118
-00000283.385206
-00000295.749609
-00000046.440144
-00000162.222955
-00000043.793144
-00000311.435193
000000358.754478
-00000354.051820
000000165.993128
000000040.032728
000000146.114060
000000095.886239
-00000258.819743
000000019.576290
-00000179.999338
000000332.280070
000000278.286799
-00000214.983819
-00000068.988928
000000001.742212
000000004.727256
000000001.567247
-00000001.174012
-00000000.383155
-00000003.028133
000000001.628521
-00000014.146715
000000000.724832
000000000.793000
000000004.899012
-00000001.596320
-00000003.606237
-00011185.069307
-00000001.086907
000000000.888942
000000003.123067
-00000006.150780
-00000003.621531
000000001.579815
-00000003.098851
-00000000.039433
-00000005.121657
000000003.267069
000000004.593942
-00000000.140629
-00000026.166479
000000001.338017
000000011.065936
-00001159.999772
000000673.581362
000000191.175011
000003803.931651
-00004192.317463
-00004717.036913
-00002426.808789
000000627.299660
000004136.200749
-00001829.186948
-00002184.868207
000000642.763703
000002682.826490
000002919.740731
000001376.366281
-00000083.172284
-00000810.612906
000001405.187426
-00001713.904797
000001485.035293
-00001206.451087
-00002139.623891
-00000705.509302
000003042.853359
-00002144.058917
-00002458.775221
000003686.542231
-00002119.456447
000000235.820852
000000138.337782
000000422.180687
000003726.024671
-00000300.459060
000001133.600317
-00003823.237354
000001695.446166
000002802.957749
-00000759.699139
000001014.828864
-00001146.806704
-00000890.091511
000001741.336411
-00000642.847123
000003173.223457
-00003184.698838
000001577.903971
-00001761.462314
-00000893.798987
-00000297.350066
000000503.404384
-00000431.527720
000001109.200888
000004000.551587
000004473.365669
-00000028.289358
000002021.010855
000000374.541564
000002905.826397
-00004537.899335
000002997.701123
-00001412.739351
000000312.322166
-00001265.014282
-00001386.041996
000002409.818508
000000351.631633
000001035.376994
-00003507.396321
-00003354.719824
000002419.592132
000001268.718792
000000000.634688
-00000001.546441
-00000000.444070
000000000.531476
000000000.541294
000000002.036091
-00000000.806521
000000004.411055
-00000000.246996
-00000000.366077
000000001.989041
-00000000.335276
000000000.067648
-00003728.167574
-00000000.362047
000000000.612521
-00000000.389197
000000000.716021
-00000000.656761
000000000.448584
000000000.140860
-00000000.279758
000000002.663920
-00000001.433756
-00000000.185361
000000000.114765
-00000001.647726
000000000.039374
-00000002.469722
-00000000.220794
000000015.977357
-00000101.791069
000000179.702411
-00000444.357328
-00000076.617877
-00000201.988783
000000049.445493
-00000068.859481
000000021.204298
-00000099.020710
-00000019.235119
000000106.353962
000000196.377939
000000132.616011
-00000161.840912
-00000055.680715
000000091.102180
-00000223.274634
000000186.347365
-00000022.479437
-00000027.787524
-00000137.696825
000000192.723787
-00000159.851595
-00000061.382063
000000354.218742
-00000201.244733
000000093.187271
000000048.322395
000000071.094108
000000178.658871
-00000007.682104
000000009.140963
-00000308.997923
-00000006.949224
000000195.758777
-00000038.112979
000000205.983837
-00000041.860404
-00000045.678671
000000102.850560
000000130.551902
000000031.717377
-00000287.485064
-00000145.018650
-00000056.358963
-00000095.794291
-00000025.957865
-00000068.924553
000000049.557700
-00000035.477122
000000224.881565
000000064.364206
000000043.332889
000000165.940676
-00000016.118549
000000041.971072
-00000145.503686
000000121.371280
000000077.020557
-00000079.784397
000000007.423600
000000048.333696
000000078.929949
-00000081.219141
000000056.288658
-00000123.612811
-00000209.390939
-00000005.427507
-00000004.392292
-00000002.031923
000000005.210431
000000001.333363
-00000000.861454
000000000.316368
-00000015.919785
000000005.375152
-00000037.558108
000000001.881651
-00000000.501567
000000010.512830
-00000002.763815
-00000004.181704
-00012990.421174
-00000001.262288
000000000.808996
000000001.172795
-00000001.548426
-00000003.424868
000000001.379390
-00000000.905699
000000001.867618
-00000000.800418
000000001.451000
-00000001.058445
000000000.068689
000000005.321487
-00000000.225781
000000004.994060
000000000.540116
000000017.774694
000001895.926623
-00003815.011967
000008475.948304
000001704.544891
000003808.524117
-00000951.187196
000000942.914600
-00000164.341630
000002350.429484
000000414.184967
-00001920.471974
-00003965.360260
-00002356.928671
000002762.453797
000000897.661307
-00001764.347981
000004256.795751
-00003316.321686
000000152.805446
000000637.416956
000002317.007910
-00003809.129711
000003297.608512
000001437.434824
-00006691.947969
000004035.331725
-00001743.603433
-00000906.803486
-00001190.857643
-00003636.918547
000000114.202259
-00000144.463979
000005988.293196
000000147.561557
-00003516.618397
000000640.894101
-00003785.806880
000000860.454017
000000936.098057
-00002104.657999
-00002277.777650
-00000804.541120
000005217.157148
000002463.894214
000001079.335057
000002084.839146
000000742.222344
000001369.584138
-00000858.334493
000000637.041310
-00004640.670717
-00001753.021793
-00000676.587961
-00003214.618637
000000505.679973
-00000888.900918
000003115.967325
-00002077.784440
-00001470.053278
000001188.251811
-00000246.630611
-00000571.243805
-00001331.734531
000001310.744194
-00000899.591028
000002455.300545
000004051.971007
-00000119.689192
-00000197.310589
000000000.959694
000000000.526545
000000000.208824
-00000000.099955
000000000.314173
000000000.067822
000000000.348290
000000004.416900
-00000000.222692
000000000.774814
000000009.023033
-00000002.200711
-00000000.912452
-00006284.955496
-00000000.610436
000000000.571145
000000000.717267
-00000002.572428
-00000003.167564
000000001.540652
-00000001.429059
-00000000.284600
000000003.560692
-00000001.364090
000000002.762074
000000000.413048
-00000012.486568
000000000.639451
000000002.205181
000000000.104043
-00000003.035031
-00000000.226954
000000471.150873
-00000396.622172
-00000593.339793
-00000260.415269
000000041.172343
000000524.657378
-00000319.312306
-00000403.876725
000000096.406020
000000243.823994
000000383.170935
000000030.285577
000000093.820336
-00000073.267160
000000241.057570
-00000191.934881
000000165.402831
-00000092.098927
-00000227.940646
000000045.408247
000000303.328149
-00000286.337133
-00000326.555326
000000411.413594
-00000209.229257
000000072.582334
000000109.201387
000000099.701498
000000516.468369
-00000082.094679
000000133.601764
-00000405.662035
000000276.183203
000000123.583134
-00000008.768819
000000073.612865
-00000064.323096
-00000047.497411
000000281.111714
-00000166.979526
000000312.638618
-00000127.363698
000000146.230760
-00000208.958213
-00000174.168227
-00000075.605355
000000057.314930
000000030.511351
000000155.059402
000000603.574247
000000633.680924
000000001.568318
000000231.332684
-00000064.691761
000000252.993219
-00000514.895885
000000177.613066
-00000006.927851
000000192.935274
-00000011.517898
-00000192.752323
000000255.116901
000000000.728144
000000052.805325
-00000381.279363
-00000423.976674
000000283.018822
000000241.594117
-00000000.060267
-00000004.318801
-00000001.255366
000000000.580227
-00000000.215070
000000008.283327
-00000003.324377
000000017.043894
-00000000.868550
000000001.831422
000000004.718873
-00000001.178477
-00000000.084902
-00003482.839982
-00000000.338248
-00000000.319854
-00000001.420710
000000000.749542
-00000001.478934
000000001.021396
000000000.061640
000000000.526939
000000009.148916
-00000005.609492
000000000.461232
000000000.666988
000000010.820738
-00000000.544446
-00000001.163228
-00000000.156024
000000008.324873
000000000.502284
000000001.220440
-00000365.286439
000000296.370455
000000022.878551
-00000011.679464
-00000479.723205
000000335.601732
000000038.948418
-00000190.577035
000000101.052358
000000098.715088
000000190.694630
-00000229.459450
-00000055.322094
000000008.320298
-00000111.973358
000000163.092560
000000072.998187
000000221.926684
-00000207.531366
000000169.878362
000000060.164518
000000155.634770
000000240.431303
-00000128.562088
000000086.814557
000000009.273832
000000109.616028
-00000038.958996
000000009.706786
-00000151.845540
-00000195.398116
-00000188.471336
000000200.340355
-00000094.530983
000000231.751514
-00000113.859225
-00000099.807611
000000022.651869
000000219.187592
-00000241.025611
-00000479.489354
-00000222.969622
000000000.834802
-00000133.220114
-00000014.367956
-00000107.520574
000000039.007370
-00000196.719367
-00000160.268826
-00000261.404692
000000047.450986
000000064.395101
000000091.780501
000000014.991744
000000129.582368
000000020.144302
000000066.181271
-00000341.169662
-00000071.030205
000000268.017834
-00000121.445985
-00000140.443300
000000136.165478
000000053.170006
-00000070.787174
-00000137.953758
-00000226.282891
-00000001.925447
000000002.829797
000000000.740280
-00000000.038601
000000000.562091
-00000010.501566
000000004.168081
000000000.794760
000000000.017289
000000000.697110
000000005.401471
-00000001.181633
000000001.379077
000002540.255968
000000000.247054
000000000.679219
-00000000.828268
000000001.206129
000000000.114891
-00000000.414731
000000000.678192
000000002.179694
-00000002.047297
000000001.326017
-00000004.259603
-00000000.403698
000000023.253023
-00000001.125526
-00000004.775227
-00000000.359976
-00000006.854137
-00000000.268931
-00000000.426276
000000000.836809
-00000157.509826
-00000231.245172
000000148.905739
000000199.627409
-00000173.256619
000000164.382011
000000260.136921
000000000.683172
000000021.121082
000000081.259448
-00000048.910120
-00000057.759543
000000031.280205
-00000140.554397
000000209.044049
-00000164.254804
-00000161.051811
-00000042.389902
-00000079.268910
-00000232.504353
-00000098.858467
000000004.892733
000000022.047466
-00000000.141666
000000075.163492
-00000029.805852
000000060.781203
000000021.974976
000000042.572154
-00000024.562836
000000082.574123
000000110.006233
-00000143.304476
000000119.809869
000000276.369113
-00000008.692992
-00000037.580923
000000072.056654
000000113.278936
000000178.448957
000000009.263619
-00000020.601107
000000185.771108
000000249.841340
-00000194.493537
000000089.185631
000000092.467221
000000147.114303
-00000072.315808
000000039.368669
000000119.794074
-00000103.964323
000000023.578174
-00000097.563974
000000114.309886
-00000007.922449
000000203.605332
-00000089.169521
-00000116.744633
000000291.436868
000000008.537490
-00000064.351166
-00000062.631124
-00000080.826144
000000042.110121
000000222.321090
-00000000.128233
-00000001.049618
-00000000.346269
000000000.311696
000000001.153737
-00000011.181723
000000003.959288
-00000011.507913
000000000.588420
-00000000.440003
000000007.581928
-00000001.707461
-00000000.826017
-00004084.975864
-00000000.396767
000000000.876524
-00000000.719789
000000001.106757
-00000000.417961
000000000.212288
000000000.519462
-00000000.706203
000000003.587566
-00000003.195775
-00000001.301896
000000000.172838
000000013.241563
-00000000.672003
-00000003.014306
-00000000.277684
000000003.816554
000000000.236460
000000000.145203
000000000.738965
000000000.774219
000000003.694234
-00000126.938965
-00000101.015970
000000130.701036
-00000064.497375
-00000154.163242
000000052.440494
-00000118.482849
-00000048.142804
-00000009.401124
000000059.337501
-00000088.756097
000000150.725903
-00000194.674341
000000106.071045
-00000032.344270
000000132.327478
-00000034.558435
000000042.455698
000000094.330562
-00000055.558247
000000038.093143
000000018.749948
000000010.371346
-00000054.063331
-00000063.843446
-00000044.833272
-00000015.176494
000000012.734674
-00000002.936502
-00000086.152971
000000253.424881
-00000225.399974
-00000211.603570
000000056.395466
-00000046.701798
000000001.518203
000000009.205678
-00000076.306249
000000002.094669
-00000029.306460
-00000089.475906
-00000168.521433
000000154.794556
-00000072.176050
000000085.826772
-00000030.394367
000000082.121182
-00000010.245748
-00000146.165859
-00000053.053150
-00000104.949170
-00000099.523270
-00000041.632641
-00000032.633444
-00000068.119856
000000126.952231
-00000048.171631
-00000131.100621
000000126.788004
000000000.490297
-00000011.881314
000000072.968931
000000028.064646
-00000064.791406
000000000.261320
000000005.497471
000000001.659761
-00000000.513577
000000001.363500
-00000010.015352
000000004.504492
000000006.629239
-00000000.241228
000000002.351095
000000019.766952
-00000004.789372
-00000000.299551
-00000340.923281
-00000000.032744
000000001.581901
000000001.456352
-00000003.923912
-00000002.565352
000000000.718556
-00000001.804051
000000001.757471
-00000006.915970
000000005.345259
000000002.276634
-00000000.505794
-00000020.214347
000000001.064231
000000006.118566
000000000.397445
000000000.281906
000000000.006514
000000001.781708
000000000.602821
000000001.059672
000000053.552865
000006893.994953
000005565.804634
-00007063.320181
000003355.946521
000008114.189010
-00002982.052578
000006475.017392
000002590.286895
000000596.954520
-00003153.799101
000004750.274070
-00008030.423031
000010231.243283
-00005614.234807
000001729.564205
-00007172.316156
000002040.251774
-00002145.436924
-00005274.196778
000003024.963975
-00002065.871868
-00001281.930630
-00000776.574787
000002936.373571
000003321.445655
000002478.267395
000000848.343834
-00000545.897616
000000166.592692
000004593.711078
-00013640.851868
000011946.839268
000011050.065156
-00002937.613909
000002652.667156
-00000293.034343
-00000436.504398
000003895.246359
000000141.558508
000001638.356202
000004520.409570
000008690.592899
-00008098.144107
000003735.595723
-00004799.345597
000001517.091820
-00004089.282122
000000560.329436
000007819.577233
000002990.796287
000005736.461498
000005284.601659
000002160.687255
000001675.620494
000003403.230681
-00006954.139685
000002572.304654
000006743.813412
-00006718.959393
000000079.341266
000000616.090215
-00003840.029600
-00001511.274894
000003309.940476
-00000000.998675
000000001.037067
000000000.058743
000000000.135513
000000001.479024
-00000005.760929
000000001.954715
-00000000.967950
000000000.049123
000000000.441480
000000011.097786
-00000002.571692
-00000001.403106
-00009134.433745
-00000000.887237
000000001.409082
000000002.007652
-00000004.523037
-00000004.634083
000000001.883200
-00000002.883309
000000002.443442
000000006.161915
-00000001.391745
000000002.356510
000000000.978832
-00000008.398619
000000000.559918
000000007.233019
000000000.534341
-00000002.366452
-00000000.186097
000000001.911374
000000000.871058
000000001.156705
000000054.684310
000000001.004467
000000154.134387
-00000070.437719
000000000.029802
000000119.381735
-00000058.783199
-00000077.823871
000000077.949181
-00000153.379148
-00000032.483377
000000049.748876
000000012.750915
000000135.890893
-00000148.092868
000000012.649282
-00000348.480425
000000192.082661
000000029.436540
000000002.975620
000000082.096211
-00000007.917686
000000013.771897
-00000166.611945
000000097.272939
000000108.960413
000000233.371766
000000112.717756
-00000003.192192
000000110.265645
000000113.221707
-00000050.760842
000000250.203619
-00000057.026492
-00000068.849232
000000028.853362
000000006.557036
-00000023.618860
000000079.188161
-00000167.917742
000000235.178185
000000254.607750
000000068.517043
000000136.003836
000000052.136068
000000081.251077
000000287.744757
-00000047.265514
000000160.404976
000000019.536548
000000231.297594
000000170.718009
000000165.503095
000000072.286784
000000008.193652
000000155.257844
-00000031.624707
000000082.203467
000000166.281883
-00000002.124581
-00000102.636049
-00000068.768263
-00000133.663893
-00000209.819262
000000120.740107
000000001.139510
-00000006.159207
-00000001.817817
000000000.053874
-00000000.661513
000000015.133820
-00000006.746616
-00000006.700028
000000000.201439
-00000000.706572
000000001.957794
-00000000.706500
-00000003.561651
-00013828.019595
-00000001.343548
000000002.356285
000000002.297893
-00000005.484960
-00000003.101878
000000000.922636
-00000002.967928
000000002.326404
-00000012.852460
000000009.268669
000000001.917292
-00000001.024450
-00000028.077671
000000001.443210
000000008.691521
000000000.805881
000000000.956518
000000000.073879
000000000.597168
000000001.310105
000000002.062320
000000115.189276
000000002.108023
000000000.795593
-00000214.505282
-00000123.441688
000000312.195165
000000131.917465
000000123.707924
-00000127.726794
000000259.499722
-00000100.286050
000000193.881148
-00000197.706751
000000378.925178
-00000053.573086
000000078.273418
000000323.475595
-00000349.097849
-00000104.433925
000000020.003640
-00000057.802440
-00000022.029864
000000356.085076
000000328.665154
-00000062.774225
000000222.119633
-00000184.588037
-00000051.534186
-00000167.319694
000000064.686959
-00000105.713270
-00000132.472511
000000256.206037
000000555.489524
-00000114.363380
-00000067.239934
000000071.183855
-00000097.547769
000000467.508646
-00000107.715663
-00000311.874912
000000209.479133
000000465.882279
-00000328.485274
000000232.933351
000000215.635125
000000112.429817
-00000218.690188
-00000193.567643
000000136.255930
-00000258.998207
-00000151.113598
000000118.145359
000000009.865830
000000295.910103
000000404.677145
000000217.125722
-00000022.948706
000000331.962803
-00000339.679925
-00000024.833010
000000151.683061
-00000028.140330
000000220.620762
000000182.804516
-00000000.249441
-00000004.907908
-00000001.594083
000000000.361138
-00000000.115197
000000012.316293
-00000004.945667
000000015.785995
-00000000.842733
000000000.072733
-00000004.334566
000000001.169994
000000001.343685
000001489.041634
000000000.144753
-00000000.628044
-00000001.067042
000000001.626617
000000000.096903
000000000.169191
000000000.803839
-00000000.615927
000000006.004887
-00000003.035877
-00000000.292450
000000000.491952
000000008.331279
-00000000.459288
-00000003.649686
-00000000.264382
-00000010.230674
-00000000.549242
-00000001.491772
-00000000.290832
000000000.938625
000000051.697720
000000000.934338
-00000001.067415
000000000.594365
000000087.236037
000000119.189156
000000108.788606
-00000019.840187
000000030.640097
-00000337.249200
-00000141.208749
000000175.791832
-00000023.350393
000000321.934158
-00000355.716833
000000168.062906
-00000577.488240
000000303.009621
000000202.997041
000000261.956180
000000095.977586
-00000067.177091
000000047.249307
-00000088.944350
000000368.999269
000000164.568544
000000177.284432
000000162.438441
-00000101.310038
000000107.642006
000000078.997828
-00000179.232988
000000473.370825
000000106.046844
-00000032.061093
000000033.133408
000000019.653670
-00000135.043105
000000017.262716
-00000459.525779
000000336.964721
000000394.801958
000000194.696705
000000146.297012
000000091.496882
000000016.057745
000000234.861935
-00000321.161108
000000234.214665
000000085.586393
000000446.655038
000000296.638165
000000386.153215
000000159.416012
000000009.269111
000000137.776090
-00000135.187429
000000365.551015
000000294.483349
-00000229.226513
-00000064.359043
-00000061.797572
-00000329.205480
-00000350.243424
000000032.980831
-00000000.637991
000000002.076507
000000000.361258
-00000000.561841
000000000.877647
-00000002.667397
000000001.169819
000000003.525518
-00000000.164149
000000000.138070
000000009.189474
-00000002.017458
000000001.439408
000004216.257323
000000000.409902
-00000000.544895
-00000001.673976
000000003.873714
000000000.342330
000000000.197061
000000001.691140
-00000000.981753
000000008.327392
-00000003.595771
-00000000.365113
000000000.949055
000000003.837987
-00000000.158015
-00000004.353911
-00000000.439656
-00000013.843832
-00000000.824309
000000000.329578
-00000000.223966
000000000.397153
000000049.171593
000000000.899084
-00000000.345427
000000000.025449
000000000.963023
000000216.389828
-00000059.222217
-00000067.764470
-00000006.442884
000000085.773524
-00000028.133865
000000045.733119
-00000078.050516
000000134.328634
000000146.606866
000000060.915817
000000182.210373
-00000134.761100
-00000036.305066
-00000049.435600
000000044.875022
000000119.923964
000000078.715066
000000149.933971
-00000133.247542
-00000003.663503
-00000028.813742
-00000000.602248
000000031.345736
000000030.218381
000000010.425714
-00000010.336012
-00000062.499825
000000171.840852
-00000140.805375
-00000019.067080
000000006.023671
000000033.482536
000000197.634236
000000062.374416
-00000174.439269
000000036.565076
000000285.065015
-00000151.816312
000000034.385487
-00000018.198329
000000046.098180
000000009.123911
000000005.084252
-00000052.442011
-00000162.620941
-00000052.049012
000000073.344030
-00000078.047859
000000127.280771
-00000032.044065
000000053.614188
-00000076.742476
000000058.279435
-00000008.643201
-00000055.639298
000000022.202148
000000093.117219
000000067.976976
000000098.039034
-00000001.172584
-00000005.971490
-00000001.950761
000000001.451683
000000000.428254
000000004.843632
-00000002.040141
000000015.565821
-00000000.799665
-00000000.446021
-00000003.635073
000000001.234020
000000002.130888
000000303.657376
000000000.029723
-00000000.674782
-00000002.459166
000000003.567291
-00000000.389051
000000000.702152
000000001.238235
-00000000.432917
000000014.259391
-00000008.229863
000000000.341769
000000001.222121
000000013.197270
-00000000.672115
-00000003.273036
-00000000.279025
-00000004.519590
-00000000.287650
-00000000.612329
000000000.245007
000000000.836461
000000058.080144
000000001.051315
000000000.473586
000000000.493463
000000001.810544
-00000000.629188
-00000055.491814
000000010.747557
-00000055.061587
000000570.216302
000000207.553387
-00000194.380089
000000002.213052
-00000275.964942
000000601.537243
-00000030.679502
000001056.723640
-00000639.752431
-00000310.833571
-00000466.478250
-00000048.619912
000000243.925524
-00000014.259680
000000272.348171
-00000528.664858
-00000149.121132
-00000472.665775
-00000286.794057
000000176.586895
-00000030.512559
-00000047.494032
000000161.359456
-00000806.149935
000000165.222834
-00000192.738594
-00000047.882493
000000014.959671
000000099.019691
000000057.674379
000000827.928266
-00000763.669110
-00000501.242856
000000013.320506
-00000456.610116
-00000007.950223
-00000054.285010
-00000368.949227
000000408.854992
-00000391.176289
-00000100.964913
-00000834.759987
-00000392.732796
-00000578.144549
-00000306.277131
000000032.545670
-00000141.207599
000000175.298818
-00000645.091464
-00000323.415073
000000220.668332
000000153.036841
000000101.064642
000000531.514807
000000723.127544
000000051.646728
-00000001.160581
-00000002.467161
-00000000.757596
000000000.724445
000000000.278713
000000002.594515
-00000000.850579
000000020.329958
-00000000.978118
000000001.472684
-00000002.619491
000000000.739127
000000001.975182
000005075.964025
000000000.493242
-00000000.736565
-00000000.406661
000000001.642940
000000001.527562
-00000000.437832
000000001.071750
-00000001.200108
000000001.442452
-00000000.855853
000000000.336048
000000000.189461
000000002.080015
-00000000.069777
-00000001.383755
-00000000.232299
-00000008.741571
-00000000.509296
000000000.278561
-00000000.340467
000000000.405769
000000064.707300
000000001.201285
-00000001.749819
-00000000.027120
000000001.936280
000000000.454930
-00000000.631237
-00000129.169535
000000097.399145
000000466.027068
000000245.279212
-00000168.972408
000000068.230373
-00000256.631293
000000598.367336
-00000206.224465
000000942.846694
-00000716.582436
-00000454.009593
-00000553.417701
-00000086.649960
000000237.220983
000000184.839608
000000192.603066
-00000655.611753
-00000067.731022
-00000299.275025
-00000357.116187
000000113.271476
-00000026.667587
000000149.847414
000000159.914667
-00000754.771817
-00000037.120168
-00000263.338362
-00000182.351119
000000162.055807
000000143.083968
-00000027.406930
000000901.108106
-00000755.613501
-00000443.863127
000000027.049711
-00000359.952441
-00000018.277440
000000155.433363
-00000232.637617
000000387.708738
-00000335.793044
-00000061.445478
-00000893.465176
-00000443.012734
-00000723.153736
-00000204.927682
-00000102.713552
000000044.762719
000000234.760252
-00000751.433187
-00000189.236014
000000326.910322
000000102.411755
000000022.718844
000000608.711045
000000792.194790
000000199.369941
000000002.155943
-00000000.755093
-00000000.101338
-00000000.844892
-00000000.764360
000000009.322070
-00000003.199460
000000011.153354
-00000000.581956
-00000000.088178
-00000001.839606
000000000.362750
000000000.945310
000006406.630312
000000000.622418
000000000.304073
000000000.568963
-00000000.604000
000000002.398426
-00000001.571174
000000000.435319
-00000000.581904
-00000014.033655
000000008.437973
-00000001.722464
-00000001.265420
-00000008.034514
000000000.399699
-00000000.752299
-00000000.008455
-00000012.672861
-00000000.655675
-00000001.170253
-00000000.064903
000000001.368680
000000057.212345
000000001.038204
-00000000.436294
000000000.615918
000000000.651486
000000000.073057
000000000.756652
000000000.613848
000000065.095275
-00000742.901968
-00000271.437464
000000233.712078
-00000089.946266
000000320.416260
-00000834.420402
000000105.501959
-00001415.969683
000000839.822912
000000439.590524
000000629.579088
000000185.693875
-00000366.598819
-00000102.786125
-00000378.152485
000000754.579614
000000173.596630
000000563.599326
000000450.016444
-00000178.113167
000000032.095537
000000025.129774
-00000114.002103
000001001.742478
-00000254.627250
000000415.318884
000000166.047294
-00000170.044025
-00000174.012325
-00000206.897859
-00001065.635605
000001028.673230
000000455.108671
-00000013.320166
000000559.993271
000000021.619564
-00000111.304250
000000312.822702
-00000565.038863
000000490.703359
000000154.571672
000001083.385532
000000597.962335
000000876.562241
000000410.703975
000000079.071331
000000042.486770
-00000248.146384
000000951.060115
000000352.179806
-00000446.876911
-00000189.472941
-00000176.741068
-00000729.107324
-00000999.620975
-00000236.595483
-00000001.306329
000000006.122131
000000001.715621
-00000000.959710
-00000000.120840
-00000011.508642
000000004.585207
-00000019.870433
000000001.032737
-00000000.555886
-00000002.855346
000000000.605234
-00000000.340506
000000978.675711
000000000.094942
-00000000.143316
000000000.446634
000000000.503986
000000000.844798
-00000000.555120
000000000.271844
000000000.238165
-00000006.361822
000000004.214700
-00000001.448538
-00000000.448503
-00000010.173061
000000000.524474
-00000000.026670
000000000.058236
000000005.286208
000000000.186042
000000000.335701
-00000001.077986
-00000002.093036
-00000048.745016
-00000000.869634
-00000000.643961
-00000000.594977
000000000.004294
000000000.619102
000000000.034229
000000001.265412
-00000000.609680
-00001270.448017
-00000472.599913
000000313.310925
000000090.054521
000000537.911185
-00001321.603028
000000269.985581
-00002304.625534
000001568.545617
000000786.412983
000001108.797092
000000128.340951
-00000406.226958
-00000273.665254
-00000507.034886
000001403.812866
000000107.522724
000000975.728191
000000813.377994
-00000218.565908
000000119.469941
-00000126.167590
-00000192.999397
000001624.408581
-00000205.429918
000000565.510616
000000238.087621
-00000264.114636
-00000293.455593
000000014.449396
-00001945.999962
000001812.504242
000001118.168827
-00000138.012598
000000952.511887
000000047.652398
-00000052.571193
000000769.082425
-00000855.362964
000000910.355343
000000138.947610
000001890.177318
000000960.395438
000001594.243676
000000541.849252
000000126.367084
000000071.890398
-00000451.659408
000001477.777729
000000536.197085
-00000519.156436
-00000303.354717
-00000190.361222
-00001289.240407
-00001777.275572
-00000197.488452
000000000.047382
000000002.787810
000000000.939251
-00000000.741572
000000000.957978
-00000015.277926
000000006.214678
-00000009.774720
000000000.591422
000000000.133411
-00000000.416872
000000000.307114
000000002.568712
000007991.931320
000000000.776626
-00000000.399678
-00000001.178565
000000001.695172
000000001.662729
-00000000.833800
000000001.552970
-00000000.686524
-00000004.367615
000000001.221589
-00000003.368301
-00000000.722222
000000013.124373
-00000000.725197
-00000006.321024
-00000000.489274
000000005.228830
000000000.352629
-00000000.408416
-00000000.282908
-00000000.991235
-00000090.690679
-00000001.643465
-00000001.198781
-00000001.101977
-00000001.933960
000000001.213260
-00000005.556583
-00000000.389743
-00000003.023170
-00000000.424351
-00000002.428965
-00000074.614195
-00000105.814800
000000031.406394
-00000276.204003
000000334.222526
-00000148.040061
-00000123.519209
000000097.547274
000000154.625432
000000395.308728
-00000122.358855
-00000263.261052
-00000079.843615
000000369.718833
-00000006.493884
-00000371.083016
000000223.052898
000000125.235232
000000247.042289
-00000156.620187
000000495.261488
-00000162.584724
000000006.079912
000000477.839184
000000269.086755
-00000366.583810
-00000352.745832
-00000331.633054
-00000055.028099
000000061.352659
-00000270.494558
000000004.196318
-00000073.397205
000000237.589819
-00000214.637207
-00000420.605982
-00000335.250701
-00000158.045677
000000057.156592
-00000123.766749
000000296.192943
000000405.464091
000000072.560838
000000417.034050
-00000123.022459
000000016.810402
000000210.663265
-00000126.319548
-00000660.578620
000000123.546990
-00000138.111742
-00000104.673685
-00000103.166637
-00000407.031880
000000000.386868
-00000006.155406
-00000001.660148
000000000.558548
-00000000.949343
000000007.190045
-00000003.744793
-00000019.057312
000000000.839261
-00000000.915602
000000002.854458
-00000000.995503
-00000004.161328
-00017298.791173
-00000001.680739
000000001.631778
-00000000.792301
-00000000.499298
-00000003.739397
000000001.714458
-00000000.552296
-00000000.363328
000000002.244786
-00000000.672148
000000001.723828
000000000.388496
-00000007.020742
000000000.404031
000000002.681698
000000000.248434
000000000.168276
-00000000.067133
-00000000.109548
-00000000.696958
000000000.379559
000000107.816840
000000001.982585
-00000001.556037
000000000.304083
000000001.544940
000000001.105150
-00000001.179654
-00000000.169530
000000002.160851
-00000001.863594
-00000004.276854
-00000558.554403
-00000072.778441
000000173.726104
-00001108.929371
000001629.595125
-00000479.507919
-00000446.584956
000000120.607522
000000631.234159
000001408.469354
-00000205.342574
-00001124.587141
-00000111.982317
000001682.404901
-00000287.869823
-00001612.539054
000000986.251038
000000676.419516
000001100.959073
-00000749.929806
000002195.726631
-00000732.992170
000000604.893767
000001800.199684
000001078.795393
-00001424.784308
-00001753.708190
-00000860.889808
-00000435.596628
000000348.239432
-00000496.268510
-00000055.488420
-00000610.154297
000001273.529629
-00000600.092186
-00001344.746419
-00001415.410998
-00000498.577268
000000107.342811
-00000614.736975
000001173.727255
000001963.711458
-00000044.847364
000001891.837383
-00000371.066340
000000019.859055
000000563.392541
-00000431.170547
-00002518.407817
000000387.805916
-00000412.822647
-00000552.144157
-00000575.502734
-00001241.958028
000000000.427874
000000001.682836
000000000.389770
-00000000.345115
000000000.997071
-00000003.214225
000000001.564260
000000004.057054
-00000000.167701
-00000000.785013
-00000003.580425
000000001.131021
000000002.682276
000012656.973252
000000001.229732
-00000000.341952
000000001.582710
-00000000.730123
000000003.137024
-00000001.745667
-00000000.116927
000000000.682774
-00000007.619016
000000004.021209
-00000002.062779
-00000000.873889
-00000004.973014
000000000.176804
-00000002.650491
-00000000.071867
000000000.499431
000000000.026085
-00000001.128941
000000000.076959
-00000000.070622
-00000053.776855
-00000001.013730
000000001.286989
000000000.019295
-00000001.584934
000000000.296099
000000000.436381
-00000001.678524
000000001.520068
-00000001.148087
-00000049.774004
000000006.688291
-00004478.534736
000000275.695318
-00006163.158543
000005775.702461
-00003977.568230
-00003171.983682
000003932.767942
000003349.202013
000010092.222345
-00004468.941074
-00005564.314072
-00003125.644673
000007290.992479
000001473.326444
-00007625.216263
000004339.636513
000001756.562216
000004961.632639
-00002880.384646
000009913.326266
-00003347.430233
-00003718.570617
000011580.373961
000006107.519903
-00008635.008726
-00005859.818485
-00010427.608458
000000267.702474
000000734.526092
-00009993.405534
000000212.714536
000000506.221601
000003298.251366
-00006467.815668
-00011674.779404
-00006957.516892
-00004564.543729
000002209.784934
-00002141.725377
000006765.276614
000006882.123505
000003821.815298
000008033.430803
-00003452.759716
000000723.246386
000006460.708459
-00003440.591762
-00015700.799872
000003665.884334
-00004135.262386
-00001458.757729
-00001138.645753
-00011662.388761
-00000001.563900
-00000002.427673
-00000000.851702
000000001.169546
-00000000.314287
000000010.451081
-00000003.779649
000000026.455293
-00000001.326296
000000000.129320
-00000016.919684
000000004.254166
000000002.911140
000007860.441491
000000000.763620
-00000001.252413
-00000000.616288
000000002.650346
000000003.036090
-00000001.161034
000000000.993143
000000000.425903
000000004.410008
-00000002.839390
-00000000.438556
000000000.208882
000000006.006567
-00000000.353138
-00000002.877144
-00000000.321379
-00000007.409684
-00000000.405857
-00000000.428480
000000000.839551
000000002.520841
000000120.121735
000000002.164319
000000000.933201
000000001.082807
000000003.919059
-00000001.777789
000000006.208706
000000000.499591
000000002.676160
000000000.386317
-00000012.785684
000000001.676700
000000000.253286
000000041.259236
000000016.917920
-00000304.019751
-00000137.607934
000000185.076939
000000091.393788
000000197.662153
-00000202.648656
-00000142.268918
000000345.449330
000000005.961329
-00000315.243669
000000019.775561
000000346.539233
-00000118.576971
-00000176.317743
-00000306.416611
000000109.704831
-00000216.838656
000000430.891132
-00000142.913068
-00000205.468477
-00000158.819813
000000299.701969
000000270.199089
000000163.528719
-00000256.983998
000000176.783486
000000324.201812
000000112.303523
000000062.322226
-00000157.654954
000000164.741696
000000170.761111
-00000024.315740
-00000021.870785
000000055.395066
000000220.085653
-00000195.213521
000000012.871290
000000119.947788
-00000292.453396
000000051.495787
000000027.282510
000000112.950330
000000052.042842
000000253.511582
-00000053.294232
000000183.520136
000000028.055347
-00000164.363426
000000102.010172
000000000.003440
-00000004.623187
-00000001.303722
000000000.435406
-00000000.170403
000000009.181842
-00000003.794641
000000009.802392
-00000000.534509
000000001.458190
000000010.538673
-00000002.612428
-00000001.109430
-00007301.453384
-00000000.709135
000000001.565077
000000001.838208
-00000004.211253
-00000003.691291
000000001.362320
-00000002.296759
000000001.835239
-00000004.204148
000000004.721319
000000001.574337
-00000000.109478
-00000018.374687
000000000.994818
000000005.403216
000000000.463789
-00000001.300075
-00000000.102581
000000001.202407
000000000.221639
000000000.167288
000000019.846629
000000000.396690
-00000001.207815
-00000000.288660
-00000002.249194
000000001.698125
-00000005.789636
000000000.703110
-00000004.704836
000000001.250125
-00000001.763108
000000000.094101
000000000.120334
-00000001.385543
000000154.634514
-00000315.950558
-00000116.537158
000000324.188936
-00000100.748129
000000121.000911
-00000332.115506
-00000197.565911
000000507.524663
000000024.842992
-00000584.754516
000000099.552676
000000494.857682
-00000200.500072
-00000138.566727
-00000525.277276
000000367.257079
-00000475.160353
000000612.830562
-00000060.247708
-00000507.994656
-00000208.670721
000000577.791877
000000235.853165
000000187.148758
-00000239.942390
000000257.794504
000000466.004698
000000232.056972
-00000166.919596
-00000070.456619
000000158.697519
000000436.721776
000000052.164065
000000104.693086
000000044.329876
000000376.059241
-00000236.854531
-00000078.604688
-00000040.231950
-00000450.695869
000000155.755368
000000014.032641
000000094.893144
000000227.481494
000000470.551978
-00000273.405678
000000329.314146
-00000057.874787
-00000237.876264
000000317.163445
-00000001.999980
000000002.189574
000000000.351252
000000000.272907
000000001.248784
-00000011.691334
000000004.672960
-00000001.226082
000000000.129134
-00000001.198131
-00000009.837949
000000002.841022
000000003.547889
000009474.770482
000000000.920593
-00000001.377347
-00000001.062461
000000002.859953
000000002.215285
-00000000.788441
000000001.742630
-00000001.305614
000000004.816863
-00000003.857493
-00000002.248420
000000000.240234
000000020.005439
-00000001.035924
-00000006.691794
-00000000.518208
-00000010.996185
-00000000.573238
-00000001.676260
-00000000.167163
000000000.388154
-00000025.025324
-00000000.478546
000000000.055134
000000000.012158
000000000.789147
-00000000.685547
000000002.396337
000000000.396242
000000000.789999
000000000.477239
000000005.108389
-00000000.846591
-00000000.072770
000000004.383922
-00000001.528982
000000818.576066
000000422.281915
-00000268.902088
-00000557.618910
-00000689.275137
000000235.822827
000000428.520768
-00000554.336502
000000126.039749
000000491.187168
000000083.464560
-00000770.956501
000000231.612434
000000478.378826
000000526.668689
000000085.217554
000000090.967636
-00000747.686447
000000810.306622
000000027.120554
000000326.853201
-00000309.836583
-00000810.521053
-00000155.543100
000000552.752344
-00000290.866573
-00000372.260382
-00000086.036125
-00000503.500606
000000656.226305
-00000277.559312
000000087.549012
000000127.618680
000000338.175315
-00000082.445869
-00000354.472832
000000409.269287
-00000160.891022
-00000639.359284
000000602.251959
000000236.280482
-00000084.806983
-00000432.255371
000000309.221042
-00000317.262035
-00000210.054685
-00000251.244207
-00000280.581107
000000346.842736
000000354.788257
000000000.519490
-00000000.717370
-00000000.056569
000000000.291575
-00000000.887767
000000011.440340
-00000004.072999
000000025.139865
-00000001.271000
000000001.370307
-00000002.193525
000000000.491190
000000000.901167
-00002158.642132
-00000000.209563
000000000.459962
000000000.115383
-00000001.400098
-00000000.899613
000000000.434585
-00000000.610958
000000000.099649
000000004.093585
-00000002.220719
000000000.402773
000000000.464678
000000003.350425
-00000000.137843
000000000.997642
000000000.076825
000000004.791513
000000000.263361
000000000.369885
-00000000.060364
-00000000.145926
000000006.321107
000000000.138726
-00000001.585163
-00000000.399802
-00000000.364562
000000000.978232
-00000001.682855
000000000.829627
000000000.093196
-00000000.138747
000000030.257697
-00000003.895706
-00000000.660508
-00000000.885555
000000000.090893
-00000000.003353
-00000073.218444
000000014.675811
000000128.883775
000000157.687968
000000054.590889
-00000099.911643
000000010.569239
-00000084.092103
000000006.295085
000000029.067765
000000057.389009
-00000072.842284
-00000090.649484
000000017.733341
-00000144.507728
000000111.097463
000000177.294561
-00000334.722531
000000128.147798
000000013.050624
000000027.135667
000000074.624046
000000029.439022
-00000185.425672
000000195.269677
-00000026.864918
-00000174.877619
000000251.197513
000000021.134386
000000087.211003
-00000042.536556
000000036.876039
-00000156.950477
000000139.687322
000000070.190725
-00000042.359183
000000067.688828
000000196.255209
-00000063.114270
000000153.909879
000000104.755249
000000096.904902
-00000233.078690
-00000052.177184
000000187.075549
-00000035.428329
-00000057.553254
-00000078.437509
-00000158.679423
-00000001.446024
000000002.306052
000000000.432530
000000000.119992
000000001.994328
-00000020.947715
000000007.717449
-00000019.257904
000000001.023027
-00000001.881354
000000000.170423
000000000.421927
000000001.565125
000003575.406590
000000000.347437
-00000001.605270
-00000004.801732
000000008.493277
000000002.021574
-00000000.120466
000000003.663078
-00000000.412472
000000020.089191
-00000013.943282
-00000002.929056
000000001.261332
000000044.293213
-00000002.285138
-00000010.301723
-00000000.931566
000000012.180469
000000000.724417
000000000.033667
000000001.021437
000000000.581538
000000001.195849
-00000000.019141
000000001.018150
000000000.558974
000000002.901561
-00000001.742307
000000007.726608
-00000000.428907
000000005.975196
-00000001.130952
-00000002.524515
000000000.479310
-00000000.047427
-00000002.426731
000000000.116143
-00000000.997146
000000000.491992
000000178.493257
-00000050.670280
-00000199.121362
-00000199.754051
000000062.047375
000000162.222944
000000009.768539
-00000159.758182
000000005.764228
000000003.337710
000000049.798429
000000057.721840
-00000057.884833
000000129.258617
-00000223.957891
000000137.894732
000000406.006821
-00000340.986575
-00000102.704176
000000294.989527
-00000137.057644
000000219.062560
-00000074.127289
000000143.830178
000000475.124964
000000017.018678
-00000157.850111
000000143.731245
000000189.084695
000000356.313195
-00000089.024728
000000211.261912
-00000029.553830
000000114.042730
-00000075.723077
-00000191.267196
-00000365.194725
-00000005.467347
000000272.969138
-00000041.890470
-00000197.787946
000000202.636480
000000141.399237
-00000161.734704
000000090.942956
000000011.079976
-00000097.935092
000000518.066512
-00000000.517450
-00000002.598119
-00000000.798853
000000000.174613
000000000.575442
-00000000.620102
-00000000.176876
-00000000.693637
000000000.030516
000000000.131524
-00000003.774585
000000000.975102
000000000.423786
000000623.397181
000000000.060606
000000000.414510
-00000000.318641
-00000001.546422
-00000000.454534
-00000000.313999
-00000000.818870
000000003.228730
-00000006.422043
000000004.373795
-00000001.220048
-00000000.775552
000000001.435046
-00000000.015823
000000000.259362
-00000000.105882
-00000003.243239
-00000000.111082
000000001.758352
000000001.769441
000000002.850044
000000136.872725
000000002.501422
000000000.247082
000000000.528888
000000001.451043
000000000.175669
000000001.642887
-00000000.257652
000000000.164229
000000000.217516
-00000017.501521
000000002.232014
000000000.376689
000000002.576375
-00000001.189773
000000000.287754
000000001.305076
-00000000.161570
-00000486.639133
-00000353.360599
-00000127.982286
-00000008.627527
000000203.763196
000000033.021854
-00000375.016293
000000092.801276
000000044.069936
000000143.682455
000000174.688992
-00000321.339556
000000574.175445
-00000345.818377
000000048.879752
000000624.680085
-00000400.287613
-00000179.900479
000000362.788014
-00000162.590812
-00000077.132147
000000235.542336
-00000093.257193
000000258.138638
000000462.080696
-00000647.453091
000000115.058324
-00000041.966915
000000299.364665
-00000248.845536
000000249.456377
-00000147.008299
000000046.036806
000000114.592848
-00000144.700256
-00000426.702796
000000001.902435
000000095.907705
-00000027.317557
-00000198.452003
000000633.578652
000000137.163286
-00000581.138186
000000167.892838
000000007.730978
000000001.497315
000000438.528957
-00000000.108860
000000002.590969
000000000.675580
-00000001.037574
000000001.599662
-00000018.400171
000000006.495213
-00000039.468448
000000001.999117
-00000001.466775
000000003.042993
-00000000.738636
-00000002.755309
-00007894.734948
-00000000.767237
000000000.373568
000000000.665006
-00000001.784086
-00000001.630466
000000000.655289
-00000000.924368
000000001.311664
-00000004.733747
000000003.305261
000000001.218616
-00000000.385964
-00000009.135178
000000000.466883
000000005.465354
000000000.436336
000000004.244616
000000000.275156
000000000.759542
000000000.581753
000000000.503720
000000004.800046
000000000.093205
000000000.654624
-00000000.011308
000000000.396289
-00000000.925907
000000001.788623
-00000000.277868
-00000000.781636
000000000.870565
-00000003.780405
000000000.256391
000000000.118871
000000001.984110
-00000000.238722
000000000.577770
000000000.701654
-00000001.116275
000000000.235506
-00000225.622139
-00000024.649612
000000086.341607
000000098.147386
000000012.283235
-00000118.473044
-00000166.189765
-00000048.419737
000000158.327282
000000144.085923
000000049.121777
000000006.711072
000000036.028929
-00000256.509785
000000346.719358
-00000088.513983
-00000116.541686
000000034.520585
-00000200.942032
000000040.682588
000000137.882875
-00000104.088366
000000230.709469
000000060.804096
-00000061.457217
000000066.841633
000000235.794192
000000138.083794
-00000178.835390
000000176.532108
-00000198.960679
-00000149.373916
-00000062.205961
-00000096.590916
-00000338.166054
000000255.275137
-00000049.777780
-00000076.112065
-00000240.867784
000000152.791437
-00000034.917283
-00000198.967366
-00000007.938113
000000179.700056
-00000053.944494
000000289.982104
-00000000.361418
-00000003.132054
-00000000.886231
000000001.123091
000000000.489486
-00000000.587365
000000000.031478
000000009.316495
-00000000.474648
000000000.335862
000000009.468564
-00000002.175110
000000000.289975
-00001938.544304
-00000000.187985
000000001.183503
-00000001.227784
000000001.279781
-00000000.947924
000000000.473209
000000000.641362
-00000001.412270
000000003.696267
-00000001.685625
000000000.161998
000000000.567807
000000000.807509
000000000.061388
-00000002.333145
-00000000.240174
-00000010.338339
-00000000.649668
000000000.512823
-00000000.693386
-00000000.637308
000000021.434884
000000000.419150
-00000001.789834
-00000000.325207
-00000000.633581
000000002.077373
-00000003.234385
000000000.623204
000000000.668098
-00000001.021232
000000047.584790
-00000006.041867
-00000001.077236
-00000004.406694
-00000001.333902
-00000001.599447
000000002.339693
000000003.783045
000000000.963361
-00000002.673901
000000354.497817
000000103.231235
000000154.189843
000000286.080887
000000047.031158
-00000175.223254
000000129.447007
-00000000.038411
000000271.013315
-00000072.259651
000000097.888647
000000106.457078
-00000620.901187
-00000173.875327
000000260.625803
000000118.263899
-00000476.671335
-00000282.690706
-00000385.215565
000000509.126372
-00000522.133913
-00000562.315508
000000263.074290
000000013.181948
-00000018.991587
-00000114.195796
-00000165.338555
000000176.509266
000000085.688060
-00000223.549179
-00000250.841495
000000007.867733
000000219.440039
-00000020.600142
000000260.425286
-00000885.000179
-00000142.236536
000000258.444352
000000133.296327
-00000025.817716
-00000272.537113
000000114.790831
000000163.890232
000000011.727561
-00000317.043530
-00000000.341715
-00000002.034364
-00000000.778407
000000000.501814
000000001.166021
-00000007.583453
000000002.830736
000000002.425078
-00000000.085596
-00000001.399502
-00000007.690659
000000002.196914
000000002.161593
000005390.841064
000000000.523789
-00000000.455201
-00000000.814338
000000000.959423
000000001.891438
-00000000.586569
000000000.505916
-00000001.629548
000000008.853055
-00000006.771854
000000000.646177
000000000.805669
000000016.041554
-00000000.778674
-00000001.860222
-00000000.165904
-00000013.979539
-00000000.740871
-00000001.338998
000000000.238352
000000001.408528
000000035.376054
000000000.610240
000000000.632434
000000000.931021
000000001.823359
-00000001.528340
000000006.146057
000000000.098195
000000005.741241
-00000001.055299
000000045.483978
-00000006.055938
-00000001.063057
000000000.971973
-00000002.774371
000000000.042413
000000006.081138
000000003.149661
000000001.179178
-00000001.840636
000000001.185128
000000052.357523
-00000336.140840
-00000029.378831
000000151.664105
-00000282.626698
-00000255.916526
000000168.411872
000000143.258828
000000108.868043
000000111.227332
000000050.648085
-00000514.726078
000000510.475692
-00000196.508482
000000131.338985
-00000172.061922
000000037.522785
-00000363.702541
000000259.835490
-00000449.593748
-00000087.146630
000000330.014296
-00000580.308141
-00000403.015289
-00000385.213717
-00000412.766778
-00000308.692064
000000003.864350
-00000446.043423
-00000157.088652
000000231.009634
000000088.763764
-00000074.200936
000000124.192741
-00000719.193349
-00000369.478532
-00000019.125055
000000155.223232
-00000153.257811
-00000040.262259
000000003.226600
000000296.612006
000000158.662080
-00000206.150935
-00000000.688774
-00000004.486750
-00000001.647599
000000000.035990
-00000000.490404
000000012.397810
-00000005.647765
-00000001.227448
-00000000.044746
-00000000.830190
000000001.883430
-00000000.509494
-00000001.545840
-00004402.556620
-00000000.427791
000000000.404206
-00000000.269351
000000001.394751
-00000000.155627
000000000.205786
000000000.784598
-00000002.042474
-00000001.494268
000000001.439441
000000002.199365
000000000.178067
-00000015.006296
000000000.799131
000000001.469897
000000000.068198
-00000009.736768
-00000000.602021
000000000.200496
-00000000.515684
000000000.574099
000000105.536172
000000001.943187
-00000001.320570
000000000.587043
000000001.291651
000000000.797292
-00000000.553786
000000000.119237
000000001.796806
-00000001.134027
-00000037.460700
000000005.271648
000000000.726873
000000000.095463
000000000.727321
000000000.096633
-00000002.546259
-00000000.473812
-00000000.930196
000000000.442685
000000000.020559
-00000002.360985
-00000939.485607
-00000207.414342
000000081.593336
-00000466.065696
-00000548.035547
000000430.721743
000000364.289353
000000223.718438
000000426.276471
000000068.628061
-00000944.745681
000001062.684905
-00000684.514251
000000214.570380
-00000164.657032
000000236.412893
-00000801.851461
000000460.104692
-00000850.054495
-00000136.142304
000000838.709488
-00001352.797947
-00000920.713123
-00000949.231225
-00000929.542355
-00000725.563003
-00000163.140970
-00000987.491288
-00000202.290351
000000611.653598
000000148.075202
-00000199.234112
000000143.126841
-00001273.646786
-00000618.587224
-00000063.819054
000000173.787438
-00000291.918532
-00000068.857177
000000049.968058
000000608.166028
000000299.652583
-00000474.299968
-00000002.104711
-00000005.314030
-00000001.927213
000000001.048343
000000001.051673
-00000003.789901
000000000.330619
-00000019.633770
000000000.916737
-00000002.154061
000000004.208769
-00000000.764509
-00000001.453292
-00007797.024052
-00000000.757512
-00000000.192724
-00000002.555964
000000005.340017
-00000001.133829
000000001.244110
000000002.227876
-00000002.648574
000000014.079282
-00000008.684054
000000001.341274
000000001.410617
000000015.766567
-00000000.761270
-00000000.824532
-00000000.167262
-00000003.185975
-00000000.168054
-00000000.192772
000000000.449079
000000002.342946
000000119.228018
000000002.132668
000000001.051342
000000001.035601
000000003.777734
-00000001.745311
000000005.494709
-00000000.765975
000000004.069159
-00000001.268278
000000013.016031
-00000001.858616
-00000000.296658
000000003.348237
-00000000.849271
000000001.079902
000000004.360651
-00000000.224908
000000000.549820
000000001.027292
-00000000.355590
000000005.542489
-00000001.648799
000000243.293091
-00000235.620590
000000461.925333
000000527.240549
-00000055.351676
-00000008.055056
-00000320.310656
000000195.415664
-00000232.765400
000000619.845188
-00000376.110773
-00000051.487915
-00000207.389854
-00000022.122320
000000082.587667
000000518.092937
-00000150.659458
000000287.119876
-00000035.385605
000000006.770327
000000324.606114
000000371.609760
-00000041.318192
000000401.065126
000000310.721525
-00000054.180490
000000398.304009
000000199.324158
000000071.122097
000000273.241315
-00000005.858307
-00000245.672420
000000608.458324
000000487.127766
000000127.828522
-00000288.178185
000000234.483700
-00000101.822406
000000193.155101
-00000412.537006
-00000217.906754
000000139.642643
000000002.217268
000000001.495457
000000000.909122
-00000000.598281
-00000000.459790
-00000002.268288
000000001.768473
000000005.383218
-00000000.219835
000000002.718756
000000014.728224
-00000004.005965
-00000002.354050
-00007795.546568
-00000000.757273
000000001.829552
000000003.839652
-00000008.925297
-00000004.667260
000000001.395474
-00000004.073936
000000001.246020
-00000010.866110
000000007.841195
000000001.985156
-00000000.632666
-00000026.512692
000000001.430452
000000007.347744
000000000.737660
-00000000.685758
-00000000.065015
000000001.081203
-00000000.361840
-00000002.365500
-00000114.497301
-00000002.037030
-00000001.914815
-00000001.260469
-00000005.392351
000000002.733307
-00000007.032656
000000002.158833
-00000007.323707
000000003.589603
-00000015.138165
000000001.662029
000000000.487714
000000002.204142
000000000.146286
000000000.902202
-00000002.228518
-00000001.510258
000000000.182486
000000000.195432
-00000000.301046
-00000002.362821
000000000.465436
-00000000.585312
000000016.398910
-00000005.748011
000000004.002304
-00000114.826875
-00000105.197267
000000109.676538
000000036.252356
-00000213.627442
-00000032.317421
000000284.382086
-00000380.001430
-00000016.508207
000000039.409731
-00000062.822501
000000183.887347
000000034.456417
-00000331.972889
000000213.615990
000000135.510332
-00000017.523826
-00000060.999059
000000093.637101
000000158.093274
000000024.214120
000000004.547981
-00000311.042333
000000032.534719
-00000071.176313
-00000173.630200
-00000161.389785
-00000126.707346
-00000166.211592
-00000050.503262
000000042.234274
-00000081.602746
000000105.219379
000000082.391216
000000108.270033
000000153.029691
000000003.961563
-00000027.461246
000000000.269657
000000003.904443
000000001.393133
-00000000.066549
000000000.654105
-00000011.708085
000000004.835072
-00000010.183196
000000000.576477
000000001.197763
000000013.762396
-00000003.392287
-00000001.199300
-00004151.674942
-00000000.403153
000000001.035584
000000001.097222
-00000002.644918
-00000003.237403
000000001.157852
-00000001.338471
000000001.078471
000000000.598494
000000000.147335
000000000.177608
000000000.105146
000000002.074673
-00000000.069535
000000001.794375
000000000.154965
000000002.163708
000000000.154053
000000000.330515
000000000.246717
000000000.227879
-00000027.385007
-00000000.498591
-00000000.213802
-00000000.023944
-00000000.978032
-00000000.367919
000000000.599607
000000000.144749
000000000.120399
000000000.406972
-00000028.468225
000000003.832837
000000000.635118
000000001.904726
000000001.726725
000000000.867471
-00000001.851870
-00000002.214899
-00000000.936438
000000002.634622
-00000000.215920
000000000.791417
000000000.040980
-00000000.648094
-00000002.657248
000000882.958496
000000570.267700
-00000600.669778
-00000743.540921
000000160.723118
000000117.853671
-00000886.618134
000001171.111541
-00000182.525270
-00000922.619689
-00000354.521424
000000269.851668
000000189.186265
000001396.284378
-00000407.617847
-00000055.366268
000000701.470277
-00000215.868997
000000922.477517
000000333.838489
000000465.138960
000001283.401407
000000769.502856
-00000090.733753
000000018.598476
000000585.305649
-00000251.393580
-00000612.095919
-00000041.025544
-00001018.526467
000001130.365496
000000646.266740
000000147.224609
-00000720.502848
000000862.824445
000000424.460491
000000279.423512
-00000373.136684
-00000189.655882
000000174.936294
000000001.741502
000000004.503498
000000001.707946
-00000001.042947
-00000001.001925
-00000004.034896
000000002.468503
-00000000.993424
000000000.117757
000000001.509308
000000002.758900
-00000001.022329
-00000000.543379
000002635.561310
000000000.255911
000000000.098235
000000002.409874
-00000003.636147
000000000.204726
-00000000.565498
-00000001.375709
000000000.679587
-00000011.201272
000000006.545909
-00000000.633784
-00000000.904343
-00000011.543030
000000000.572107
000000003.628565
000000000.465978
000000005.048308
000000000.304980
-00000000.625623
-00000000.429073
-00000001.655682
-00000094.735247
-00000001.726798
000000000.221157
-00000000.219632
-00000001.519921
-00000000.178168
000000000.590792
000000000.640868
-00000000.138176
000000000.850805
000000000.449958
-00000000.217121
-00000000.004384
-00000000.583399
-00000000.695275
-00000000.280644
000000001.418984
000000001.308127
000000000.659197
-00000001.603516
000000000.404378
000000000.084329
000000000.001636
-00000000.099859
-00000000.472683
-00000000.212277
000000083.349872
-00000083.035756
-00000163.598802
000000218.934883
-00000114.158296
-00000092.455401
000000055.569334
000000264.454406
-00000306.859718
-00000077.944366
000000013.752124
-00000137.836671
000000379.305092
-00000067.456015
-00000218.951224
000000340.797709
-00000018.301336
000000245.811590
000000126.450388
000000341.963749
000000418.944516
000000035.035169
000000052.962669
-00000376.812955
000000010.833749
-00000189.264114
-00000166.627962
-00000246.895259
000000026.457350
000000098.407467
000000084.285701
-00000090.282198
-00000222.402599
000000137.069749
000000023.901249
000000045.740795
-00000012.899883
-00000155.092350
000000015.857837
000000001.060738
-00000002.580451
-00000000.560246
000000000.319329
000000000.278347
000000005.971681
-00000001.793111
000000023.298255
-00000001.131357
000000002.156427
000000003.630467
-00000000.870359
000000001.203443
000002851.557863
000000000.277202
-00000000.324291
000000000.685955
-00000000.769824
-00000000.541811
000000000.361452
-00000000.315193
000000000.201157
000000002.868115
-00000002.417317
000000000.135684
000000000.016812
000000008.750774
-00000000.486681
-00000002.486399
-00000000.210043
-00000005.996214
-00000000.286759
-00000000.858432
-00000000.048693
000000000.353401
000000008.014802
000000000.135459
-00000000.601768
-00000000.075810
000000001.962882
-00000000.264030
000000001.874029
-00000000.440502
000000002.298131
-00000001.190844
-00000002.403894
000000000.491850
-00000000.001583
-00000001.161431
-00000000.777747
-00000000.924350
-00000000.466180
000000001.729799
000000000.444404
-00000002.040448
000000000.173392
-00000000.236913
000000000.015468
000000000.137551
-00000004.487149
-00000000.430858
000000002.571853
-00000505.352121
-00000243.496997
000000052.971225
000000309.593322
-00000821.691755
-00000064.360764
000000623.618168
-00001192.837851
-00000013.433525
000000281.211787
-00000089.632401
000000459.283825
000000146.984202
-00000978.717683
000000452.904335
000000509.134504
-00000197.616078
-00000400.437362
000000009.505893
000000198.189045
000000197.837233
-00000064.380452
-00000726.351129
000000239.325979
-00000135.123286
-00000542.763376
-00000253.644149
-00000637.616596
-00000714.585077
-00000258.031357
000000394.736212
000000074.384298
000000459.679820
000000346.762261
000000460.203015
000000644.682259
000000231.813741
-00000077.666661
000000002.070604
-00000001.103122
-00000000.161755
-00000000.248704
-00000001.114559
000000007.403189
-00000002.958743
-00000012.465143
000000000.543252
-00000001.582761
-00000003.939741
000000000.661110
-00000003.318994
-00009423.679122
-00000000.915925
000000000.341065
000000001.691712
-00000002.665440
-00000000.839765
000000000.698867
-00000001.724915
-00000000.720731
-00000002.686143
000000001.784752
000000002.850542
-00000000.015467
-00000017.892110
000000000.914572
000000005.061525
000000000.479486
-00000002.340649
-00000000.223434
-00000000.486006
-00000001.210572
-00000001.303161
-00000001.887541
-00000000.019150
-00000000.229418
-00000000.302043
-00000000.810521
000000001.139413
-00000004.075113
-00000000.648575
-00000001.971028
-00000000.606115
-00000025.707150
000000003.627295
000000000.580925
-00000002.751693
000000003.396306
-00000000.355548
-00000007.019154
-00000002.154063
-00000001.806022
000000001.411324
-00000000.535888
-00000000.167510
-00000000.036587
-00000000.248545
-00000009.314435
000000000.215861
000000001.413893
000000001.931252
-00000281.193153
000000581.369328
-00000324.822320
-00000112.948704
000000140.170185
000000460.804855
-00000531.332502
-00000165.073252
000000166.517344
-00000062.350220
000000496.457486
-00000277.315301
-00000246.040007
000000576.109924
-00000155.353998
000000351.475439
000000311.249363
000000793.981326
000000552.319669
-00000107.130573
-00000325.638418
-00000318.757941
-00000142.808630
-00000186.228134
-00000483.661912
-00000360.991672
-00000002.813322
000000660.166419
000000363.001166
-00000392.621552
-00000906.106923
-00000076.204166
000000390.086987
-00000058.265727
000000013.673351
-00000197.400691
-00000009.916529
-00000001.230942
-00000003.532120
-00000001.236764
000000000.523244
-00000000.911666
000000012.086844
-00000005.362869
-00000006.158914
000000000.228878
-00000001.400932
-00000016.064152
000000003.799780
-00000000.913543
-00001284.798021
-00000000.125232
-00000000.653487
000000001.159819
-00000001.190671
000000001.260880
-00000000.446612
-00000000.524032
-00000000.078984
-00000009.324005
000000005.080429
000000000.654528
-00000000.885997
-00000016.360901
000000000.803867
000000002.705840
000000000.279585
000000011.402804
000000000.565195
000000000.439209
-00000000.526662
-00000001.300604
-00000007.386564
-00000000.113382
-00000000.644878
-00000000.225202
-00000000.908897
000000000.850055
-00000002.452750
000000000.659203
-00000003.078274
000000001.220267
-00000024.058415
000000002.991184
000000000.598799
000000001.747901
000000000.192872
000000000.503762
-00000001.241863
-00000000.351935
000000000.068167
-00000000.097225
-00000000.128032
000000000.010403
000000000.036297
-00000000.012542
000000000.791097
-00000000.003744
000000001.620094
-00000000.320050
-00000000.983322
000000256.983607
-00000212.033320
-00000112.609089
000000165.383326
-00000060.116486
-00000097.738102
-00000061.536540
000000241.683814
000000127.337815
000000184.707749
-00000324.790125
000000235.761901
000000214.855849
-00000213.028654
000000217.165351
000000108.850026
000000394.160756
000000062.231509
000000013.163844
-00000432.715402
000000358.016067
-00000127.021912
000000129.205059
-00000365.621735
000000075.400543
-00000233.049109
000000613.951185
000000231.165475
-00000212.722027
-00000577.952769
-00000098.266946
000000491.782019
-00000056.327369
000000046.040940
000000069.601798
000000137.215117
-00000001.946520
-00000004.399463
-00000001.773918
000000000.773659
-00000000.126630
000000006.595122
-00000004.121926
-00000022.674005
000000000.976669
-00000003.162799
-00000002.576443
000000000.738606
-00000003.047146
-00010647.279717
-00000001.034682
000000000.402574
-00000000.283593
000000000.902564
-00000001.543028
000000000.695858
-00000000.250444
000000001.194345
000000002.472880
-00000000.400613
-00000000.343577
000000000.333523
000000003.060742
-00000000.133157
000000003.166680
000000000.278752
000000012.970593
000000000.732538
000000000.764216
000000000.862387
000000000.116153
-00000019.771846
-00000000.389378
000000002.799726
000000000.839236
000000000.563278
-00000002.573220
000000005.931168
-00000000.228171
000000003.419987
-00000000.028634
-00000028.234894
000000003.582538
000000000.583104
-00000000.331667
000000001.536748
000000000.356759
-00000000.035862
-00000001.133218
-00000001.001003
000000001.843757
-00000000.702471
000000002.717884
-00000000.750683
000000000.466496
-00000012.912635
000000000.044363
000000000.920616
000000002.600522
000000001.778396
-00000000.145604
000000412.318465
-00000355.431403
-00000459.680802
000000704.011617
-00000400.699111
000000084.305130
-00000444.949413
-00000161.108708
-00000070.853675
000000565.840749
-00000819.834927
000000251.003912
000000817.635613
-00000502.373117
-00000402.729420
-00000509.243204
000000281.482538
-00000021.704147
000000742.353095
-00001205.200177
000000143.183230
000000103.956421
000000143.765109
-00000401.539505
-00000189.650406
-00001346.410801
-00000578.645923
000000259.655721
000000510.366061
000000295.774400
-00000636.760139
000000226.951605
000000275.195868
-00000131.765859
-00000199.809799
000000001.966136
-00000003.298400
-00000000.887440
-00000000.627631
-00000000.934411
000000012.279740
-00000005.066205
000000000.111367
-00000000.080367
000000000.489438
000000002.478984
-00000000.938847
-00000003.021255
-00007864.544969
-00000000.764317
-00000000.021901
-00000000.388186
000000000.558333
-00000000.464590
000000000.540633
-00000000.215438
-00000000.169527
000000002.621705
-00000001.279983
000000001.690641
000000000.286105
-00000008.795472
000000000.440805
000000002.289876
000000000.155161
000000009.649827
000000000.445480
000000000.648434
-00000000.077438
000000000.472702
000000082.932180
000000001.500288
000000000.347897
000000000.858607
000000001.898298
-00000000.471134
000000004.321009
-00000000.044399
000000002.601142
000000000.131506
-00000034.284397
000000004.429089
000000000.696262
000000002.207972
000000000.904254
000000001.157368
-00000000.497333
-00000002.624712
-00000000.543394
000000001.971415
-00000000.276048
-00000002.018980
000000000.810052
000000000.129079
000000017.996403
-00000000.104504
-00000003.341836
-00000003.300816
-00000001.622949
000000000.308907
-00000001.228855
000000209.334917
000000155.388205
-00000279.798587
000000478.414507
000000005.733807
-00000217.215625
-00000091.370526
000000116.907300
000000028.648987
000000385.175705
000000102.939808
-00000021.696389
000000210.399996
000000112.159520
000000000.220542
000000334.180403
-00000028.303908
000000467.778556
-00000217.004381
000000105.256069
-00000053.441294
000000119.439910
000000016.031493
-00000032.781410
-00000099.771445
-00000030.407564
-00000082.309145
000000221.490252
000000195.350488
-00000331.435247
-00000024.418225
-00000122.262622
-00000141.937448
000000031.640367
000000001.702888
-00000005.053523
-00000001.425679
-00000000.309139
000000000.319243
000000006.891076
-00000002.887681
000000000.532198
-00000000.070308
-00000000.915110
-00000005.299697
000000001.399321
000000000.616732
-00000117.482427
-00000000.011428
000000000.045536
000000000.557112
-00000001.882727
-00000000.695836
-00000000.048406
-00000000.851111
000000001.976842
-00000005.195718
000000003.936496
-00000001.109084
-00000000.599679
-00000002.610997
000000000.101472
-00000000.387207
000000000.067908
-00000007.417313
-00000000.350913
-00000000.842907
000000000.478527
000000001.292689
000000036.245240
000000000.649083
000000000.288270
000000000.439154
000000000.509912
-00000000.618973
000000002.575577
-00000000.427520
000000001.110184
000000000.148638
-00000035.179652
000000004.518191
000000000.738935
000000005.048074
-00000000.714507
000000001.654077
000000002.962464
-00000001.882077
000000000.409126
000000001.799585
-00000000.204247
-00000000.123909
000000000.187255
000000000.702878
000000027.662499
-00000000.087765
-00000006.998203
-00000005.234861
-00000001.206009
-00000000.592752
-00000001.874305
000000000.925481
-00000182.546562
-00000159.475407
000000232.822723
-00000020.259194
000000009.320690
000000001.350882
000000161.123313
000000052.618027
000000058.448311
000000045.276207
000000141.324078
000000151.251768
-00000238.792542
-00000052.259908
000000344.052896
000000277.096183
000000396.299997
-00000537.400326
000000255.943057
-00000098.360642
-00000086.858847
000000193.676261
-00000000.536202
-00000346.351629
-00000316.146184
000000242.970857
000000750.073499
000000516.992607
-00000365.710004
-00000010.782400
-00000090.256481
-00000186.970695
-00000025.967403
-00000002.076134
000000003.436860
000000000.643809
-00000000.041272
000000000.706293
-00000012.194435
000000004.423809
-00000021.193993
000000001.077534
-00000001.234689
000000000.871897
-00000000.087097
-00000001.275105
-00003108.795762
-00000000.302302
-00000001.867171
-00000001.697579
000000005.217781
000000000.650887
000000000.782661
000000002.296051
-00000003.373838
000000017.141805
-00000012.357563
000000000.635860
000000001.520821
000000022.092956
-00000001.145540
-00000003.271525
-00000000.266100
000000013.734946
000000000.731172
-00000000.326148
-00000000.594948
-00000001.985198
-00000091.065944
-00000001.689578
000000000.554816
-00000000.438773
000000000.921887
-00000000.690069
000000003.807361
-00000000.891600
000000003.258694
-00000000.972793
-00000038.817405
000000005.149680
000000000.790321
000000002.629676
000000000.651937
000000000.976384
000000000.283407
-00000001.483745
-00000000.547273
000000002.124253
-00000000.688626
000000002.616054
-00000000.623014
000000000.499290
000000004.057624
000000000.173640
-00000001.579163
-00000000.547054
-00000000.505556
000000001.361663
-00000000.420389
000000002.234167
000000003.156074
000000871.868097
-00001288.097809
000000086.644468
000000001.352876
-00000078.630090
-00000783.892039
000000091.223761
-00001156.910547
-00000582.343819
-00000244.446695
-00000671.798553
000000709.810220
000000053.803408
-00001474.866427
-00000649.289677
-00001544.760177
000001464.398867
-00000862.484716
000000010.399372
000000382.587418
-00000856.300620
000000529.228049
000000787.976268
000001083.606475
-00000343.255399
-00002326.728469
-00001794.471655
000001019.564456
000000043.843224
000000265.395735
000000545.229442
-00000321.486198
000000001.202941
000000006.063121
000000002.098380
-00000000.853945
000000000.007284
-00000014.400947
000000006.322646
-00000010.740111
000000000.626756
000000000.151013
000000002.894301
-00000000.790157
000000000.071364
000002057.370969
000000000.199877
-00000000.145275
000000000.170706
-00000000.109309
000000000.132290
-00000000.049829
000000000.258799
-00000001.460447
-00000001.004436
-00000000.058420
000000000.966037
-00000000.013160
-00000006.648842
000000000.318334
000000000.653996
000000000.079077
-00000001.588729
-00000000.140445
-00000000.684783
-00000001.034211
-00000000.332460
000000033.992954
000000000.627433
-00000001.984453
-00000000.032799
000000001.866059
000000000.611173
000000001.019395
000000000.965373
000000001.468016
-00000000.270040
000000011.297502
-00000001.317475
-00000000.270818
000000000.715977
-00000000.778220
-00000000.216313
000000002.233389
000000001.168156
000000000.888364
-00000000.445676
000000000.368956
000000002.929980
-00000000.706911
-00000000.563187
-00000005.898955
000000000.893041
000000001.803859
000000000.405782
-00000000.712931
000000001.630445
000000000.589023
000000000.853851
000000001.620973
000000000.903916
000000189.361949
000000051.178227
000000119.001322
-00000171.812567
000000205.394901
-00000105.589929
000000247.736066
000000153.093385
000000096.566438
000000133.812910
-00000135.537680
000000101.852414
000000280.953162
000000128.406259
000000443.891736
-00000459.632198
000000238.923140
-00000116.307332
-00000098.060418
000000092.912149
000000159.849518
-00000244.575233
-00000327.032122
000000194.166395
000000739.561602
000000352.938745
-00000233.321788
000000059.230315
000000010.582516
-00000206.309934
000000133.283272
000000000.154379
000000001.771197
000000000.456282
000000000.010436
-00000000.238920
-00000002.759434
000000001.307224
-00000000.667657
000000000.040314
-00000000.505094
000000002.562979
-00000000.579578
000000000.001144
000001173.885080
000000000.114050
000000000.172987
000000000.605356
-00000000.401332
000000000.092290
-00000000.017856
000000000.117062
-00000001.834720
-00000003.610316
000000001.373146
000000000.145094
-00000000.258969
-00000004.845148
000000000.203843
-00000000.153323
000000000.183158
-00000007.956112
-00000000.460127
-00000002.507445
-00000001.275325
-00000000.653591
-00000030.087939
-00000000.561714
-00000001.237924
000000000.336114
-00000000.470077
-00000000.138895
-00000000.873549
000000000.571438
000000001.481116
-00000000.804691
000000028.796278
-00000003.873442
-00000000.624193
000000002.659631
-00000001.748871
000000000.969507
000000006.123229
000000002.323572
000000000.801008
-00000000.913165
000000001.123160
000000005.559575
-00000001.260597
000000000.142133
-00000007.991559
000000000.590342
000000001.024346
000000000.978560
000000000.555682
000000000.969539
000000000.587894
-00000000.035985
-00000000.660574
000000000.098440
-00000000.025442
000000030.785582
000000013.636493
-00000134.979926
000000449.394128
-00000082.072228
-00000021.463214
000000291.464112
000000298.476470
000000231.020665
-00000138.178597
-00000230.855682
000000449.235221
000000366.380932
000000661.570329
-00000726.664159
000000564.823432
-00000444.470566
000000017.917426
-00000232.338537
000000252.698936
-00000466.442669
-00000229.500859
000000468.005779
000000987.349204
000000571.553786
-00000501.768418
000000067.504360
-00000083.344534
-00000368.152299
000000123.145554
-00000000.067079
000000004.612650
000000001.275062
-00000000.393619
000000000.235217
-00000010.467626
000000003.665445
-00000035.327464
000000001.735919
-00000002.602549
000000002.184630
-00000000.522778
-00000002.421184
-00004793.612155
-00000000.465933
000000000.539594
000000000.166325
000000000.492697
000000000.274599
-00000000.237620
000000000.086682
000000000.604976
-00000006.141804
000000003.974313
-00000000.819241
-00000000.600696
-00000007.806507
000000000.359069
000000001.424480
000000000.167910
000000010.950185
000000000.587326
000000000.307057
-00000000.139426
-00000001.084871
-00000072.680473
-00000001.330112
000000000.931055
-00000000.030787
-00000000.925593
-00000001.050281
000000003.329902
000000000.771013
000000000.884067
000000001.254485
-00000007.133146
000000000.676702
000000000.181005
000000001.548153
000000000.587323
000000000.901743
000000001.749387
-00000001.226642
-00000000.403299
000000001.349879
-00000000.439156
000000002.361312
-00000000.745819
000000000.157258
-00000001.106113
000000000.247986
-00000001.174134
000000000.170003
-00000000.140663
000000001.373300
000000000.723151
000000001.329640
000000001.546619
000000001.075641
000000001.546524
-00000007.100792
000000168.966090
-00000841.057933
000003425.588650
-00000602.649738
-00000116.138997
000002364.901994
000002090.306838
000001802.393376
-00000996.560809
-00001437.759043
000003629.996626
000002568.508015
000004607.291493
-00005380.070811
000004107.077622
-00003108.872329
-00000066.028531
-00001654.319959
000001654.656203
-00003053.288057
-00001654.111365
000002981.785284
000007180.471516
000004324.603542
-00003756.061319
000000407.569799
-00000674.407523
-00002634.473821
000000986.280103
-00000000.520077
000000000.543706
000000000.023657
-00000000.525291
-00000000.234062
000000000.042641
-00000000.667311
-00000015.782475
000000000.746621
-00000002.001013
-00000011.074363
000000002.787893
-00000000.103508
-00001900.343351
-00000000.184823
-00000000.728665
-00000001.108590
000000001.843897
000000000.614540
000000000.022709
000000000.562192
000000000.325536
000000006.168791
-00000003.546861
000000001.020845
000000000.637601
-00000000.268356
000000000.018594
000000001.494624
000000000.019928
000000007.747768
000000000.431318
000000001.612597
000000000.756886
000000000.044110
000000012.177692
000000000.225640
000000000.964305
-00000000.353059
000000000.119865
000000000.205448
-00000001.079824
-00000000.936432
-00000000.791025
-00000000.530392
-00000001.226891
000000000.251081
000000000.013397
-00000001.002134
000000000.313528
-00000000.358527
-00000002.099609
-00000000.492261
-00000000.265358
000000000.106503
-00000000.102704
-00000003.474445
000000001.060485
000000000.066475
000000013.668721
-00000000.446071
-00000000.625293
-00000002.556689
-00000001.356981
-00000001.278250
-00000001.168013
-00000001.132546
-00000002.209496
-00000001.228790
-00000001.016333
000000003.085532
-00000000.097652
000000420.330926
-00001447.095334
000000073.613281
000000009.955433
-00001038.678204
-00000823.412583
-00000645.271006
000000457.070010
000000603.158112
-00001451.198375
-00000947.443436
-00001916.007242
000002192.917206
-00001445.852822
000001169.890081
000000110.821331
000000647.556655
-00000523.826078
000001338.949857
000000763.101590
-00000991.183722
-00002819.513759
-00001778.835815
000001462.404169
-00000163.156286
000000249.191852
000000972.418922
-00000586.484647
000000000.965246
-00000001.473699
-00000000.248260
000000000.175640
-00000000.605216
000000007.473615
-00000002.420333
000000019.680869
-00000000.959608
000000000.709407
-00000006.752876
000000001.622876
000000002.495278
000012367.558020
000000001.201569
-00000000.421255
000000000.128213
000000000.481932
000000003.965604
-00000002.013411
000000000.722623
-00000000.061829
-00000010.806398
000000005.718191
-00000000.982311
-00000001.096529
-00000005.510828
000000000.287628
-00000002.194063
-00000000.220787
-00000013.182412
-00000000.718685
-00000000.283648
-00000000.128822
000000000.448424
000000050.311441
000000000.928385
-00000000.620643
000000000.267320
000000001.675097
000000000.019454
000000002.440918
000000000.014912
000000003.194724
-00000001.049882
000000014.347932
-00000001.749794
-00000000.400329
-00000003.188649
-00000001.079357
-00000001.372891
000000002.820615
000000002.624434
000000001.058590
-00000002.104857
000000000.564615
000000002.461298
-00000000.955522
000000000.045689
-00000014.438014
-00000000.004920
-00000000.376969
000000003.040632
000000002.448519
000000000.798087
000000001.491821
000000002.131203
000000002.123814
000000001.253273
-00000000.195765
-00000000.038251
000000002.544805
000000004.679772
-00001389.670377
000000895.163233
000000555.310347
-00000836.861255
-00001512.535700
-00001279.052537
-00000055.609387
000000934.016626
-00001961.461379
-00001783.837104
-00002322.070838
000002889.455997
-00003297.568913
000002235.884445
-00000569.710747
000001408.440080
-00001604.381726
000001401.382655
000000075.169269
-00002760.346851
-00003630.872713
-00001896.788900
000002469.994554
-00000202.895231
000000381.695306
000001938.724482
000000790.791908
-00000002.030508
-00000003.365592
-00000001.418879
000000000.004727
000000001.569565
-00000013.746932
000000004.116481
-00000026.039399
000000001.290646
-00000001.066286
000000009.445008
-00000002.099167
-00000001.957019
-00009476.620797
-00000000.920642
000000000.519110
-00000001.823979
000000001.252142
-00000001.952027
000000001.204251
000000000.473729
-00000000.540942
000000012.586974
-00000007.974678
000000002.030668
000000001.141124
000000012.410566
-00000000.596940
000000001.849157
000000000.013552
000000004.457205
000000000.306074
000000001.126813
000000001.077805
000000001.407083
000000028.152789
000000000.504714
000000000.107272
000000000.343667
000000001.357001
-00000001.358408
000000003.556374
-00000000.312376
000000002.869078
-00000000.613549
000000023.851310
-00000003.203171
-00000000.571089
000000000.875939
-00000001.276238
000000000.278423
000000006.111707
000000000.708189
000000000.790841
000000001.028495
000000000.431807
000000002.012943
-00000000.360321
000000000.459192
000000002.841096
000000000.275697
-00000003.039257
-00000000.546937
000000000.630758
000000000.095170
000000000.409936
000000001.091539
000000000.995535
000000000.328213
-00000001.007101
000000007.058777
000000001.458697
000000004.568805
000000001.098722
-00000052.023038
-00000008.549269
000000074.672002
000000239.025480
000000273.824974
000000264.791448
-00000038.539668
000000339.973741
000000253.636193
000000200.534585
-00000388.962382
000000425.375093
-00000261.380016
-00000040.902621
-00000234.396464
000000376.760026
000000015.409960
000000061.570942
000000171.141354
000000418.441945
000000151.037181
-00000445.282507
-00000050.774646
-00000086.271929
-00000172.641580
-00000260.623033
-00000001.997837
000000002.754939
000000000.711442
-00000000.122979
000000001.108665
-00000012.054785
000000004.880206
000000000.283376
000000000.074710
000000001.861019
000000006.152028
-00000001.394949
000000000.673575
-00001420.868384
-00000000.137851
000000000.111460
000000000.682546
-00000002.522735
-00000002.858633
000000001.131759
-00000001.609282
000000002.835478
000000002.793641
-00000001.116088
-00000000.960556
000000000.235792
000000010.063593
-00000000.420434
000000001.894124
000000000.163828
000000007.032105
000000000.417333
000000001.430764
000000001.016727
000000000.142332
-00000016.214786
-00000000.283514
000000000.433610
-00000000.394177
-00000001.483261
000000000.525270
-00000002.410880
000000000.099142
-00000002.948369
000000001.007178
-00000024.554005
000000003.222431
000000000.589905
000000001.295688
000000001.576490
000000000.714619
-00000003.819540
-00000002.575485
-00000001.024028
000000001.979832
-00000000.564634
-00000001.846347
000000000.511888
-00000000.671119
-00000004.268252
000000000.308765
000000001.798501
000000000.563447
-00000000.456295
000000000.233850
000000000.478942
-00000000.559261
-00000001.403832
-00000000.386762
-00000000.969917
-00000002.335090
000000001.817226
000000002.749250
000000000.801643
000000000.923333
-00000193.205363
-00000169.736463
000000091.528178
-00000161.618138
-00000040.267615
-00000129.176641
-00000174.177988
000000016.127294
000000154.768401
-00000155.977905
000000298.568446
-00000293.855115
000000158.360128
-00000080.652060
000000112.494678
-00000469.070421
000000102.684465
000000693.088359
-00000042.693109
-00000014.862173
000000163.589829
000000124.176345
000000192.070859
-00000296.116102
-00000337.932114
-00000001.739697
-00000005.023913
-00000001.683811
000000001.227345
-00000000.187132
000000002.242076
-00000001.772610
-00000008.213868
000000000.357072
-00000001.501483
-00000006.021836
000000001.608025
000000000.346214
000000742.976387
000000000.072120
-00000000.765093
-00000001.847597
000000004.310170
000000001.224751
-00000000.234421
000000002.151840
-00000002.303753
000000003.494422
-00000002.055655
-00000000.526613
000000000.423439
-00000000.057273
-00000000.009985
-00000003.093090
-00000000.292203
000000004.824320
000000000.183348
000000000.382641
-00000000.831456
-00000001.509585
-00000020.871606
-00000000.375704
-00000000.667908
-00000000.171435
-00000000.074032
000000000.793730
-00000002.305253
000000000.866721
-00000001.232027
000000000.196100
000000029.430444
-00000003.738314
-00000000.611904
-00000004.157995
000000000.902296
-00000001.225126
-00000000.561111
000000001.274525
000000000.139679
-00000000.636392
-00000000.214107
000000001.608055
-00000000.584084
000000000.143933
-00000004.892324
-00000000.019291
000000001.632072
000000001.040334
000000000.083103
000000000.094635
000000000.205680
-00000000.770422
-00000000.679053
-00000000.632077
-00000001.098293
000000003.807027
-00000001.246366
-00000001.422803
-00000000.183230
000000002.928943
000000000.060094
-00000384.116972
-00000788.878947
-00000388.916672
-00000760.572472
000000278.662004
-00000943.752987
-00000483.816668
-00000597.066689
000001052.795640
-00000968.606177
000000471.883266
000000134.591849
000000572.335338
-00000703.502294
000000136.022284
-00000179.236133
-00000442.983279
-00000963.177604
-00000370.426646
000001164.441935
000000093.772859
000000168.483629
000000365.409059
000000656.661337
-00000000.242895
-00000005.214119
-00000001.523775
000000001.403655
-00000001.085102
000000009.681726
-00000004.424649
-00000008.628234
000000000.325529
-00000002.977062
-00000014.851771
000000003.589620
-00000000.575575
-00002941.565496
-00000000.285976
000000000.990253
000000000.987490
-00000001.098679
000000000.736710
-00000000.755206
-00000000.610124
000000001.264476
-00000011.401596
000000007.583144
-00000001.826489
-00000000.966684
-00000007.091747
000000000.393638
-00000000.017065
000000000.178173
-00000014.996380
-00000000.846374
-00000001.906255
-00000000.663932
000000000.379970
000000015.973524
000000000.294774
000000000.083333
000000000.499234
-00000001.427540
000000000.118405
-00000001.552915
-00000000.017483
-00000000.117451
-00000000.205608
-00000013.094728
000000001.669732
000000000.264799
000000003.632878
-00000000.888991
000000001.500686
000000003.039074
-00000000.040639
-00000000.128030
000000000.636850
000000000.726566
000000000.517338
000000000.222676
000000000.084896
000000004.993653
000000000.413336
-00000004.485853
-00000000.967725
000000000.991873
-00000000.642140
-00000000.525940
-00000000.110797
-00000000.177997
000000000.287566
000000002.517357
-00000006.721544
-00000002.301279
-00000006.307663
-00000001.356707
000000000.466892
-00000000.151732
000000000.286521
-00000097.948860
-00000120.417524
-00000236.358866
-00000211.366000
-00000016.234944
-00000013.310950
000000034.568837
000000215.273189
-00000360.513731
000000308.148760
000000217.641555
000000252.454814
-00000321.845988
-00000122.509187
-00000243.835231
-00000022.994578
000000099.926520
000000043.300743
000000145.968579
000000061.540701
-00000149.813963
000000096.148667
000000225.758111
-00000001.545575
000000006.223434
000000001.870620
-00000000.138678
000000000.406091
-00000013.359762
000000005.544241
-00000002.774107
000000000.233286
000000000.877502
-00000001.658546
000000000.397776
000000001.100097
000005165.076543
000000000.501777
-00000000.509715
000000001.166339
-00000000.102865
000000001.016860
-00000000.694296
000000000.170341
000000000.646350
-00000002.269847
000000001.440621
-00000002.151497
-00000000.165766
000000005.056250
-00000000.261263
000000000.228994
000000000.072150
000000015.863487
000000000.878430
000000000.314251
-00000000.070168
-00000001.263753
-00000066.606643
-00000001.212469
000000000.436726
-00000000.600269
-00000000.767729
000000000.076886
-00000000.722826
000000000.361535
-00000002.626465
000000001.360073
-00000006.425749
000000000.779111
000000000.203572
-00000001.320758
000000001.392350
-00000000.482572
-00000002.774473
-00000001.473749
000000000.063042
000000000.688118
-00000000.758344
000000001.394170
-00000000.663753
-00000000.120161
-00000000.336170
000000000.204941
000000001.452182
000000000.042082
-00000001.077559
000000001.445431
-00000000.134999
000000001.346345
000000002.682198
000000000.810189
-00000000.053661
000000001.711535
-00000000.342736
000000000.027974
-00000000.169697
-00000001.105231
-00000000.986043
-00000000.175543
-00000000.637106
-00000151.495847
-00000192.153090
-00000181.907852
-00000011.011687
-00000018.501251
000000164.879278
-00000193.002229
000000223.859642
-00000109.165736
000000175.069277
-00000036.981518
000000076.623002
-00000283.171513
-00000232.180808
000000402.668325
000000155.930574
000000086.021829
000000240.649163
000000065.268196
000000077.897757
-00000217.933150
-00000043.002386
-00000000.762764
000000000.536460
000000000.187192
000000000.527155
000000000.209440
-00000003.456076
000000001.338657
-00000000.688574
000000000.039597
-00000000.254754
000000000.557838
-00000000.020941
000000000.139032
-00002637.223730
-00000000.256161
-00000000.392721
-00000001.050908
000000001.115210
-00000001.133317
000000000.747669
000000000.411190
000000000.540065
000000010.197295
-00000006.350179
-00000000.557796
000000000.750926
000000019.000820
-00000000.958898
-00000003.737793
-00000000.389336
000000004.088793
000000000.259815
000000000.795011
-00000000.041598
-00000001.761035
-00000108.292800
-00000001.951274
-00000000.577087
-00000001.546538
-00000001.073091
000000001.042131
-00000002.052442
-00000000.837659
-00000002.381855
000000000.301953
-00000041.823605
000000005.615078
000000000.914071
-00000000.125914
000000000.428186
-00000000.615702
-00000006.617265
-00000001.485394
-00000000.437618
-00000000.281767
-00000000.797740
-00000004.900320
000000001.293822
-00000000.576045
-00000002.924973
-00000000.455500
000000002.835861
000000000.681727
-00000000.597463
000000000.431948
-00000000.034890
000000000.129477
000000000.943669
000000000.142255
-00000000.437591
-00000001.413628
-00000000.970221
-00000002.811067
000000000.181651
000000011.525549
000000000.744733
000000002.263172
000000007.707367
000000005.312068
000001860.159744
000002518.749972
-00000980.563181
-00001040.320297
-00001820.358039
000000998.619016
-00000174.455746
-00000360.765716
-00002146.362387
-00000606.843242
000000016.553805
000002312.957016
000002967.040886
-00002170.536246
-00003489.839498
-00001600.847350
-00000581.613149
-00000310.114871
000001201.201251
000001092.298617
-00000435.807609
-00000002.080573
-00000000.514129
-00000000.260615
000000000.432552
-00000000.095450
000000003.239144
-00000001.257939
000000019.499360
-00000000.932549
000000002.792593
000000004.048478
-00000000.948854
000000001.572629
000004142.843141
000000000.402751
-00000000.037383
-00000001.105172
000000000.943285
000000000.406693
-00000000.095635
000000000.486358
000000000.005255
000000001.595156
-00000001.570033
-00000000.306562
000000000.005918
000000002.442710
-00000000.148449
-00000000.502328
-00000000.128145
000000014.307604
000000000.843684
000000001.862988
000000001.357600
000000000.465880
000000028.949503
000000000.528756
-00000000.237134
000000000.529313
000000002.097650
-00000001.272982
000000006.506570
000000002.672433
000000002.495641
000000001.990987
000000057.062675
-00000007.768852
-00000001.205996
-00000002.079683
-00000000.402670
-00000000.704828
000000003.989153
000000000.947879
000000000.954571
-00000000.246829
-00000000.259730
000000002.052142
-00000000.805937
000000000.534153
000000002.828179
-00000000.267460
-00000001.459081
-00000000.044063
-00000000.160396
000000001.001674
000000000.198307
000000001.229834
000000001.414947
000000000.690227
000000001.433725
-00000002.365801
-00000000.762065
-00000001.853074
-00000000.697411
-00000004.151133
-00000000.958783
-00000000.239325
-00000002.327603
-00000003.538012
-00000000.293788
-00000696.616019
000000461.632074
000000298.505329
000000572.372529
-00000785.864340
000001103.432907
-00000632.946480
000000348.891875
-00000213.083924
000000731.674794
-00000461.232197
-00000270.704904
000001253.188442
000000858.082378
000000455.345923
-00000016.675681
000000105.146791
-00000069.118527
-00000710.271406
-00000421.272793
-00000000.344138
-00000003.840171
-00000001.027892
000000000.776759
-00000000.839467
000000012.671979
-00000004.449753
000000032.332959
-00000001.618266
000000002.903830
000000007.084163
-00000001.898095
000000000.382517
-00000377.012041
-00000000.036440
000000000.560888
000000002.449583
-00000003.877835
-00000001.854173
000000000.636811
-00000001.746153
-00000000.018268
-00000002.018394
000000002.931477
000000001.733875
000000000.232202
-00000017.361399
000000000.957043
000000003.148628
000000000.316696
-00000011.802585
-00000000.738642
000000000.007531
-00000000.890283
-00000000.887127
000000019.874712
000000000.392985
-00000001.337338
-00000000.162450
-00000000.924950
000000001.730613
-00000003.053574
000000000.963880
-00000001.937483
000000000.787822
-00000007.912700
000000001.164648
000000000.204329
-00000001.498522
000000001.581762
-00000000.290231
-00000004.379147
-00000001.014489
-00000000.583324
000000000.228183
-00000000.203729
-00000001.726911
000000000.539750
-00000000.572497
000000004.817766
000000000.193012
-00000000.381613
-00000000.724064
-00000000.927008
000000000.739509
-00000000.947888
000000000.968926
000000001.510028
000000000.348761
-00000000.002695
000000000.400548
-00000001.000121
-00000001.905631
-00000000.309383
000000001.272547
000000000.104171
000000000.210661
000000001.806248
-00000000.739965
000000000.060926
-00000000.176115
-00000059.980361
-00000058.634267
-00000017.053000
-00000422.314209
000000649.728928
-00000463.807762
000000121.357263
-00000375.090037
000000411.248226
-00000036.122325
-00000040.496122
000000483.826953
-00000173.257863
-00000050.256199
000000286.736072
000000021.900965
000000287.426950
-00000416.707015
-00000253.159350
000000001.464909
000000005.093311
000000001.829489
-00000000.990575
000000000.825031
-00000016.252503
000000006.872746
-00000015.634171
000000000.875275
000000001.884828
000000017.093883
-00000004.353370
-00000001.991016
-00007181.732833
-00000000.697534
000000002.209064
000000002.679481
-00000006.028680
-00000004.026089
000000001.002760
-00000002.957888
000000003.828773
-00000014.805591
000000010.384069
-00000000.712744
-00000001.353864
-00000016.067411
000000000.800128
000000006.286951
000000000.627328
000000003.612163
000000000.282804
000000000.165130
000000000.897514
000000000.906032
-00000018.549218
-00000000.327808
000000001.241586
-00000000.098048
-00000002.272864
-00000000.389378
-00000003.423472
-00000001.121919
-00000002.383183
-00000000.264774
-00000018.743154
000000002.525590
000000000.403712
000000000.723622
000000001.378267
000000000.869931
-00000001.073056
-00000002.356657
-00000001.100861
000000001.849671
000000000.012366
-00000003.466960
000000001.188526
000000000.461621
000000024.263949
-00000000.396383
-00000006.009324
-00000004.519794
-00000000.345191
-00000002.824657
-00000001.988796
-00000002.008536
-00000003.479507
-00000001.725141
-00000000.212786
-00000001.239796
-00000000.948823
-00000002.111347
-00000000.451561
000000001.491502
-00000000.256107
000000000.612228
-00000001.244287
000000001.307253
000000000.094040
000000000.507045
000000003.356214
000000146.795825
-00000175.017141
000002375.916932
-00003511.927398
000002438.104027
-00000302.818109
000001724.400816
-00002248.840196
000000224.325248
000000313.728167
-00002317.085271
000000327.864614
-00000117.209534
-00001099.583197
-00000025.451108
-00001321.102762
000002032.974495
000001282.669094
-00000000.711641
000000005.842663
000000001.575042
-00000000.702527
000000001.947791
-00000023.802264
000000009.399689
-00000020.378980
000000001.112972
-00000001.309723
000000002.877291
-00000000.364944
000000001.554353
000005274.710445
000000000.512560
-00000001.078792
-00000002.813501
000000004.775162
000000001.047481
-00000000.217775
000000002.283249
000000000.128691
000000013.034860
-00000009.326624
-00000003.046479
000000000.753399
000000039.082012
-00000002.005035
-00000008.739323
-00000000.738437
-00000003.265868
-00000000.095297
-00000001.356698
000000000.393303
000000001.003339
-00000020.627458
-00000000.411653
000000000.566731
-00000000.143414
000000000.557937
-00000000.465093
-00000000.433554
-00000002.211205
000000001.570949
-00000002.264273
-00000013.452717
000000002.022304
000000000.226782
000000000.189633
000000000.054767
000000000.045938
-00000001.214840
000000000.010194
-00000000.696418
000000000.350864
000000000.115098
-00000000.748555
000000000.189512
-00000000.096101
-00000007.082531
000000000.034079
000000000.041508
000000001.451608
000000001.266827
-00000000.768272
000000000.331518
-00000000.495401
-00000000.343060
000000000.093452
000000001.396752
-00000002.002706
-00000001.430563
-00000002.815170
-00000001.192920
-00000008.020507
-00000001.445248
-00000000.959678
-00000007.554791
-00000001.383892
-00000000.636642
000000000.551706
-00000003.236515
-00000000.243198
-00000386.413264
000000031.788498
-00000201.826345
000000123.108878
000000344.221916
000000022.219330
-00000312.265899
000000059.411092
-00000131.550977
000000145.096145
-00000389.390041
-00000215.077614
000000330.220116
000000176.070371
000000106.977404
-00000077.797564
-00000056.777938
000000000.029830
000000001.060882
000000000.245426
-00000000.820883
000000000.762796
-00000009.973024
000000003.967736
-00000007.782009
000000000.434812
-00000000.208719
000000003.845731
-00000000.775315
000000000.949522
000003395.237242
000000000.329934
-00000000.549174
-00000000.318724
000000000.795933
000000000.578882
-00000000.097579
000000000.307843
-00000000.653156
000000006.531877
-00000004.160817
000000000.039924
000000000.490876
000000004.092033
-00000000.273109
-00000002.345925
-00000000.186496
000000001.629937
000000000.121923
-00000000.183444
000000000.738395
000000001.076678
000000013.163362
000000000.204557
000000000.248182
000000000.444308
000000000.462983
-00000000.472724
000000002.568782
-00000000.222524
000000001.615665
000000000.011583
-00000026.751733
000000003.568322
000000000.573841
000000000.677135
000000001.868364
000000000.576114
-00000002.033463
-00000002.244839
-00000000.916306
000000002.620612
-00000000.252115
-00000000.129139
000000000.189718
-00000000.446713
000000002.580950
000000000.710291
-00000001.691384
-00000000.536378
-00000000.283766
000000000.494068
-00000000.595082
000000000.389918
000000000.400953
000000000.490530
000000002.221776
-00000002.381876
-00000002.429289
-00000004.918881
-00000001.527569
-00000006.767506
-00000001.439806
-00000000.793164
-00000006.173300
-00000001.350057
-00000000.642433
000000000.359451
-00000002.531290
-00000000.628826
000000000.928676
000000832.520017
-00001234.675970
000000935.438057
-00000060.025875
000000814.903401
-00000851.460938
000000079.196578
000000290.020780
-00000960.665507
000000221.192643
000000020.634062
-00000814.083946
-00000120.027661
-00000601.200767
000000841.496244
000000493.169637
-00000000.555267
-00000002.017855
-00000000.616632
000000000.841477
-00000000.651964
000000011.310903
-00000004.636815
000000004.845963
-00000000.312472
-00000001.071483
-00000012.604460
000000003.076774
-00000000.529558
-00007815.477517
-00000000.759495
-00000001.601032
-00000002.903697
000000005.273376
-00000000.192633
000000001.372001
000000001.535397
-00000001.578595
000000021.970660
-00000013.193268
000000002.550228
000000002.067379
000000014.970322
-00000000.723374
-00000002.198174
-00000000.384600
000000000.038575
-00000000.101975
000000001.153741
-00000000.713150
-00000001.646885
000000001.457846
000000000.057152
-00000000.326646
-00000000.924774
000000001.043234
000000000.930800
-00000005.189315
-00000000.598312
-00000004.228328
-00000000.182634
-00000002.222694
000000000.650450
000000000.098688
-00000005.692555
000000004.085204
-00000001.435337
-00000010.561842
-00000002.611769
-00000002.227290
000000001.747880
-00000001.056689
-00000003.234123
000000000.706087
-00000000.366566
-00000017.748042
-00000000.113197
000000004.333869
000000004.241059
000000001.231550
-00000000.797999
000000000.009153
-00000000.365197
-00000000.068480
-00000000.189875
000000000.528102
000000003.269021
-00000002.788662
-00000003.679822
-00000001.451954
-00000007.651256
-00000001.630972
-00000001.066982
-00000006.003985
-00000001.671149
-00000000.665204
-00000000.017129
-00000005.723828
-00000000.979714
000000000.661990
-00000000.201830
-00000022.378740
-00000072.745281
-00000022.936294
000000083.875671
-00000044.562524
-00000127.006163
000000023.927678
000000053.715248
000000153.862783
-00000062.496492
-00000218.033476
-00000022.559856
-00000172.536609
-00000042.047694
000000091.153541
000000002.241349
-00000004.350982
-00000001.149009
000000000.525046
000000000.308367
000000004.140074
-00000001.688329
-00000003.278702
000000000.131384
-00000002.208399
-00000013.451182
000000003.324189
000000000.201865
000000269.576409
000000000.026027
000000000.358477
000000001.732199
-00000002.037178
000000001.155881
-00000000.546701
-00000001.031511
-00000001.352889
-00000007.818808
000000005.170341
000000001.783560
-00000000.336530
-00000024.419959
000000001.303325
000000004.411651
000000000.378708
-00000014.873257
-00000000.963515
-00000000.371285
-00000000.949748
000000000.437012
000000066.240313
000000001.217328
-00000000.018661
000000000.584922
000000000.308807
000000000.042509
-00000000.220095
000000001.653838
-00000000.113841
000000000.739864
000000019.489270
-00000002.588086
-00000000.401162
000000000.496091
-00000000.414245
000000000.287804
000000001.665394
000000001.014748
000000000.105368
-00000000.205368
000000000.722819
000000000.926089
-00000000.104702
-00000000.363635
-00000006.134873
000000000.566046
-00000000.483441
000000001.081145
000000001.241201
-00000000.907946
000000000.235671
-00000000.651758
-00000001.255410
-00000000.238089
000000000.867650
000000001.872376
-00000001.000379
-00000000.856357
-00000000.861469
-00000009.425762
-00000000.514029
-00000001.890588
-00000003.960466
-00000006.829716
-00000000.905148
-00000000.528489
-00000003.924230
-00000000.810126
-00000000.447559
-00000001.173486
000000002.654870
000000443.758387
000000142.549103
000000062.146936
-00000148.559846
-00000015.063820
000000037.806086
000000235.498482
-00000180.709240
000000151.528402
000000330.349804
000000167.456873
000000308.881209
000000142.893723
-00000201.932297
-00000000.221377
-00000001.379109
-00000000.633970
-00000000.662571
000000000.505719
-00000005.599967
000000001.350348
-00000023.005805
000000001.111935
-00000002.507314
-00000003.115840
000000000.872947
-00000000.522694
000000102.033687
000000000.009753
-00000000.490081
-00000001.308714
000000002.095189
000000000.903725
-00000000.292887
000000001.005130
-00000000.587081
000000001.470874
-00000001.206669
-00000000.993218
000000000.069327
000000005.924900
-00000000.308004
-00000002.966891
-00000000.212313
000000001.491663
000000000.089939
000000000.004172
000000000.028241
-00000000.292772
000000003.605034
000000000.060913
-00000000.533346
000000000.106054
000000001.243366
-00000000.077311
000000003.820423
000000000.772973
000000002.161613
000000000.516631
000000010.121669
-00000001.450366
-00000000.235270
-00000001.869761
-00000000.963888
-00000000.958571
000000000.429650
000000001.422261
000000000.937732
-00000002.455091
-00000000.186448
000000000.785076
-00000000.795876
-00000000.155356
-00000020.593987
-00000000.642553
000000004.303048
000000004.201005
000000001.606170
000000001.401081
000000002.337875
000000001.213801
000000000.136443
000000000.801364
-00000000.574164
-00000005.139786
000000003.743063
000000005.598049
000000001.217562
-00000000.439965
000000000.173429
000000000.133871
-00000002.397247
000000001.655170
000000000.001332
000000000.399743
000000001.156637
000000000.958127
000000000.100001
-00000001.209006
000000005.281387
000000001.028493
000000132.263236
-00000077.196750
000000379.849094
000000914.027643
-00000033.564120
-00000854.639967
-00000456.180097
000000313.318576
000000117.207935
-00000082.953995
000000339.152452
000000289.405997
-00000162.220247
000000000.202921
-00000002.218951
-00000000.550668
000000000.095658
-00000001.484080
000000006.632009
-00000003.117381
-00000013.194322
000000000.597025
-00000000.497138
-00000003.881294
000000000.639882
-00000002.774665
-00009664.416955
-00000000.939197
000000000.153154
000000000.073736
-00000000.252586
-00000001.219647
000000000.878477
-00000000.061857
-00000002.075683
-00000001.465862
000000000.798285
000000002.717885
000000000.147961
-00000016.075848
000000000.838426
000000003.989903
000000000.322552
-00000000.176355
-00000000.110948
-00000000.014042
-00000001.396714
-00000001.066447
000000043.701812
000000000.820689
-00000001.687099
-00000000.124687
000000001.211682
000000001.053226
-00000001.525132
-00000000.085588
000000002.209209
-00000002.007994
000000026.013817
-00000003.053170
-00000000.669006
-00000001.426746
-00000001.778384
-00000000.950576
000000002.151076
000000003.020587
000000000.911903
-00000002.484628
000000001.038447
-00000001.349044
000000000.767495
000000000.117312
000000015.112312
-00000000.092325
-00000001.225486
-00000003.301314
-00000001.758462
000000000.197718
-00000001.137835
-00000000.337537
-00000000.034495
-00000000.432634
-00000000.644427
000000001.771485
-00000000.750729
-00000001.081198
-00000000.007402
000000003.079378
000000000.477997
000000000.352385
000000003.004178
000000000.010280
000000000.218531
-00000000.341148
000000002.589470
000000000.381731
-00000000.996700
-00000000.355435
000000009.145048
000000001.868014
000000001.847712
-00000520.899673
-00000228.093512
-00000715.137362
-00000401.969025
000000767.640292
000000134.895891
-00000299.724431
000001213.775063
000000108.979237
000000398.629850
-00000278.032633
-00000156.568423
-00000000.716778
000000002.528426
000000000.821136
000000000.156338
000000000.676018
-00000014.281114
000000005.772726
-00000008.147621
000000000.484887
000000000.829535
000000009.670097
-00000002.312523
000000000.023873
000001276.671891
000000000.124187
000000000.510872
000000000.483774
-00000000.653302
-00000000.458035
000000000.090689
000000000.139183
-00000001.587923
-00000003.956758
000000001.885201
-00000000.547297
-00000000.253558
-00000000.207028
000000000.049902
-00000000.332976
000000000.018777
-00000004.754156
-00000000.249626
-00000000.343832
-00000000.280506
-00000000.527615
-00000045.048885
-00000000.817740
-00000000.532030
000000000.011977
-00000001.291264
000000000.222960
-00000000.137573
000000001.149365
-00000000.003335
000000000.768926
000000015.551849
-00000002.098404
-00000000.318119
-00000000.850255
-00000000.082283
-00000000.147593
000000001.719006
000000000.552030
000000000.195455
000000000.111063
000000000.153406
000000001.797525
-00000000.654304
-00000000.080573
-00000006.729635
000000000.331913
-00000000.994990
000000001.229749
000000001.457262
-00000000.191071
000000000.859064
-00000000.070732
000000000.013870
000000000.116716
-00000000.150076
000000002.404892
000000001.216379
000000002.967537
000000000.566281
-00000000.771007
000000000.065903
-00000000.481965
000000001.624822
-00000002.049892
-00000000.030216
-00000000.270996
000000000.747900
000000000.017262
-00000000.849498
-00000000.494641
000000000.606519
-00000000.003590
000000000.962084
-00000000.093805
-00000564.894357
-00001084.334458
000000067.382963
000001017.188377
000000280.322687
-00000262.366638
000000125.728982
000000244.537715
-00000171.479998
-00000287.116592
000000004.293062
000000000.146587
000000002.253184
000000000.758027
-00000000.455278
000000000.205917
-00000003.900938
000000001.904730
000000000.739424
-00000000.006037
000000001.789066
000000010.684099
-00000002.790691
-00000001.849488
-00007405.624944
-00000000.719485
-00000000.059822
000000000.328707
-00000000.431554
-00000002.483668
000000001.450969
-00000000.762032
000000000.711381
000000010.089258
-00000005.297110
000000001.773137
000000000.957559
000000004.963647
-00000000.248230
000000002.518107
000000000.192350
000000004.228324
000000000.210857
000000000.022081
-00000000.124957
-00000000.838579
-00000038.965815
-00000000.703929
000000000.813035
-00000000.501534
000000000.478309
-00000000.729492
-00000000.244301
-00000000.498408
-00000001.696294
000000000.429810
000000019.628981
-00000002.783583
-00000000.380380
-00000002.811702
000000000.394729
-00000000.826697
-00000004.090589
-00000000.387287
-00000000.597586
-00000001.316801
-00000000.441081
-00000003.125858
000000000.312407
000000000.256225
-00000002.894330
-00000001.173083
000000001.958850
000000001.108754
000000000.750925
-00000001.439803
000000000.306393
-00000000.446557
-00000001.876515
-00000000.705244
-00000002.423102
000000000.340982
000000003.730476
000000007.121365
000000001.676065
000000003.754599
000000000.212795
000000000.227766
000000001.101709
000000005.388733
000000000.404083
-00000000.424272
000000002.723763
000000000.905364
000000000.022045
-00000000.341300
000000004.977195
000000000.763784
-00000001.240626
000000000.691604
-00000001.782189
000000502.066392
000000361.409377
-00000438.482509
-00000877.671036
000000397.368590
000000001.845180
000000148.071048
000000370.034018
000000197.412743
-00000349.412644
-00000001.514549
000000000.741365
000000000.032515
000000000.119070
000000001.111041
-00000011.639219
000000003.851318
-00000025.474399
000000001.268063
-00000000.459524
000000008.546019
-00000002.069347
-00000003.240792
-00012675.790099
-00000001.231638
-00000000.096478
-00000001.064159
000000000.911603
-00000003.081036
000000001.866498
-00000000.285198
000000001.582980
000000012.666781
-00000007.832893
000000001.330286
000000000.882862
000000011.500590
-00000000.606994
000000000.906491
-00000000.033008
000000019.859822
000000001.102585
000000001.779164
000000000.948579
-00000000.096331
-00000018.163512
-00000000.344590
000000000.882567
-00000000.148356
000000001.390992
-00000001.074231
000000004.528733
-00000001.131064
000000002.284046
-00000000.261778
-00000056.937551
000000007.539570
000000001.176179
000000000.571504
000000002.161776
000000000.598711
-00000002.500146
-00000003.117480
-00000001.062615
000000002.946461
-00000000.756990
-00000001.233377
000000000.459022
-00000000.267205
000000000.469748
000000000.304841
-00000001.552858
000000000.131013
000000000.146836
000000000.416071
-00000000.184914
000000001.357405
000000002.063811
000000000.805394
000000001.132212
-00000002.750187
-00000000.842729
-00000002.299348
-00000000.490100
000000000.519723
-00000000.357136
000000000.014501
000000002.318606
000000000.143940
000000000.160731
-00000000.147999
000000000.815411
000000000.091480
-00000000.101700
-00000000.418482
000000006.912474
000000001.124755
-00000000.556964
000000000.887993
-00000001.676302
-00000000.011490
000000287.979380
-00000125.938255
-00000454.405481
000000348.272552
000000156.280426
000000174.677024
000000257.211935
000000182.573772
-00000401.597045
000000000.684451
-00000000.773880
-00000000.235276
000000000.014724
-00000000.052374
000000005.762428
-00000002.437955
-00000002.704760
000000000.086408
000000000.276713
000000007.064881
-00000001.791739
-00000001.813162
-00007881.257265
-00000000.765611
000000000.533294
-00000000.293817
-00000000.851436
-00000002.784853
000000001.465853
-00000001.095456
000000000.682323
000000005.758615
-00000001.964991
000000003.581775
000000000.717599
-00000016.882094
000000000.870681
000000004.376280
000000000.269656
-00000001.499499
-00000000.156416
000000001.445779
-00000000.022761
-00000000.124545
000000034.477939
000000000.642520
000000000.079957
000000000.064861
000000000.707723
000000000.076633
000000001.362909
000000000.130139
000000001.417216
-00000000.250622
-00000007.644893
000000001.154653
000000000.118579
-00000000.210092
000000001.156805
000000000.358231
000000000.151996
-00000000.938712
-00000000.822636
000000001.580347
-00000000.023602
-00000002.062052
000000000.961014
000000000.173531
000000019.971072
000000000.108884
-00000003.376485
-00000003.956840
-00000001.807539
-00000001.039652
-00000001.740917
-00000001.254914
-00000001.214733
-00000000.930632
000000000.210288
-00000000.659052
-00000002.035067
-00000004.110368
-00000000.623087
000000003.641235
000000001.187386
000000000.343746
000000005.654716
-00000001.983740
000000000.197477
-00000000.762744
-00000002.487754
-00000001.969988
-00000000.278001
000000002.554151
000000000.170573
-00000000.377522
-00000001.352968
000000001.495012
-00000001.969388
000000000.147911
000000001.511155
000000587.564109
000000472.588143
-00000438.186727
-00000343.124544
000000295.956369
-00000355.266431
-00000283.970286
000000458.281880
000000000.204488
-00000005.437781
-00000001.729112
000000000.542311
-00000000.380486
000000013.578579
-00000005.493750
000000010.689573
-00000000.611256
-00000000.505656
-00000002.471243
000000000.639319
000000000.279943
-00000972.259903
-00000000.094378
000000000.355802
-00000000.137198
000000000.612639
000000000.439214
000000000.047177
000000000.237676
-00000002.024170
000000000.073177
000000000.918201
000000002.666248
000000000.251264
-00000022.558932
000000001.138763
-00000000.280183
-00000000.132734
-00000018.081823
-00000001.153355
000000000.047203
-00000001.032474
000000000.879209
000000131.908757
000000002.423885
-00000001.608690
-00000000.044943
000000001.376783
000000002.056431
-00000004.458291
-00000000.089926
-00000001.184516
-00000001.196378
-00000005.180439
000000000.895687
000000000.091861
000000001.665282
-00000000.859002
000000000.359151
000000000.597793
000000001.093540
000000000.109147
-00000000.741262
000000000.315184
-00000000.691560
000000000.445896
000000000.675498
000000018.724091
-00000000.186769
-00000003.482070
-00000003.553699
-00000001.544403
-00000000.168357
-00000001.688706
-00000000.428334
000000000.508297
-00000000.169915
000000001.435440
-00000004.038247
-00000002.547833
-00000006.042141
-00000001.036297
000000004.010659
000000000.844640
000000000.978195
000000003.197746
000000000.434779
000000000.250466
-00000000.037845
000000001.347026
000000000.108459
-00000000.116616
000000000.045867
000000005.008174
000000001.147654
-00000001.342393
000000001.061768
-00000001.886611
000000001.300783
-00000000.395116
-00000000.707686
000000633.351251
-00000197.452899
-00000605.340919
000000096.694555
-00000578.485313
000000151.206985
000000473.008843
000000001.016671
000000001.201129
000000000.377241
-00000000.010984
000000000.450097
-00000000.293796
000000000.339761
-00000001.367523
000000000.084240
000000000.156803
000000002.116949
-00000000.549100
-00000000.261493
000002258.334264
000000000.219339
-00000000.496475
000000001.062889
-00000001.140525
-00000000.069213
000000000.156147
-00000000.387139
-00000001.877228
000000000.281433
-00000000.616426
000000002.103830
000000000.156075
-00000009.849596
000000000.495182
000000001.488105
000000000.122026
-00000003.275252
-00000000.239154
-00000000.187984
-00000000.769379
-00000000.649316
-00000022.236886
-00000000.411347
-00000000.922376
-00000000.227728
-00000000.484906
000000000.768284
-00000000.141232
000000000.532974
-00000000.534625
000000000.733519
-00000023.937694
000000003.034640
000000000.540758
000000003.512996
-00000000.644415
000000001.046567
000000001.455842
-00000000.702286
000000000.368092
000000000.738519
-00000000.152379
-00000000.510426
000000000.385563
000000000.328677
000000020.537798
000000000.110612
-00000004.034258
-00000003.975726
-00000002.001501
000000000.504442
-00000001.415631
000000000.844143
000000001.634919
000000000.293665
000000000.136476
000000001.238161
-00000001.245923
-00000002.373817
-00000000.107143
000000006.212931
000000000.906024
000000000.549189
000000011.064100
-00000002.275803
000000000.610699
-00000001.077439
-00000003.185169
-00000001.633295
-00000001.131717
-00000000.117140
-00000000.879739
-00000000.026028
-00000000.194739
-00000000.123314
000000000.123146
-00000000.950009
000000001.196965
000000000.133843
-00000000.163290
000000041.074834
000000075.253243
-00000031.765591
000000143.688817
-00000002.922628
-00000055.162314
000000000.441844
000000000.699815
000000000.124875
-00000000.808326
000000000.345920
000000000.470441
000000000.000547
000000006.273535
-00000000.300083
-00000000.043833
-00000004.198321
000000001.167148
000000002.069854
000007281.352743
000000000.707436
-00000001.293400
-00000000.466589
000000001.721077
000000001.218609
-00000000.408736
000000000.974632
-00000000.814845
000000003.545730
-00000002.869509
-00000001.113729
000000000.111356
000000011.027135
-00000000.663374
-00000003.990076
-00000000.265685
000000001.215609
000000000.119059
-00000001.558956
-00000000.211015
-00000000.089245
-00000035.725258
-00000000.686598
000000000.820136
000000000.073156
000000000.108570
-00000000.720797
-00000002.128412
-00000001.064419
-00000001.521084
-00000000.802639
000000003.471457
-00000000.423217
-00000000.023719
000000000.623041
000000000.372149
000000000.098344
-00000001.414214
000000000.345213
-00000000.284442
-00000000.571528
-00000000.286722
000000002.628998
-00000000.877970
-00000000.034866
-00000009.825168
-00000000.082405
000000006.417554
000000001.294490
-00000000.983453
000000000.166155
000000000.562925
-00000001.746954
-00000002.482204
-00000001.084358
-00000001.991539
000000001.561138
000000001.543377
000000003.555768
000000000.631220
-00000001.911658
000000000.792029
-00000000.057625
-00000007.340123
000000002.473355
-00000000.343278
000000000.465322
000000001.599391
000000000.716944
000000001.362100
000000000.944816
000000001.444990
000000000.472438
-00000003.154501
000000001.275130
-00000003.218641
000000002.264104
-00000001.015239
-00000000.823945
000000001.388820
-00000001.962515
000000190.777672
000000095.515891
000000281.794425
-00000217.652743
000000044.971538
000000001.499379
-00000003.154458
-00000000.779524
000000000.420919
000000000.482371
000000001.352289
-00000000.900129
-00000002.583845
000000000.082573
-00000001.277039
000000003.178234
-00000000.697665
-00000000.487746
-00002217.213717
-00000000.215307
000000001.347778
-00000000.159722
-00000000.176643
000000000.090054
-00000000.365241
000000000.021578
000000000.335542
-00000006.844498
000000004.685504
-00000001.480243
-00000000.603043
-00000004.419217
000000000.248116
-00000000.894625
-00000000.012563
-00000004.397735
-00000000.257876
-00000000.220889
-00000000.272149
-00000000.086778
000000008.949312
000000000.175789
-00000001.099121
-00000000.161371
-00000000.669426
000000001.325329
-00000001.129114
000000000.465044
000000000.014840
000000000.107829
-00000006.569210
000000000.862318
000000000.133125
-00000000.735053
-00000000.600641
-00000000.441486
-00000000.544700
000000000.847047
000000000.433159
-00000000.992450
000000000.426037
-00000001.158655
000000000.371528
-00000000.422118
-00000000.895069
000000000.128517
-00000000.416580
000000000.167475
000000000.540586
-00000000.492352
-00000000.271775
-00000000.115172
-00000000.440492
-00000000.071209
000000000.323641
000000002.144588
-00000000.657616
-00000000.817828
-00000000.115360
-00000000.541467
000000000.451515
-00000000.776846
000000005.091122
-00000003.425491
000000000.100840
-00000000.777461
-00000002.753586
-00000000.593515
-00000000.994247
-00000001.815776
000000000.540000
000000000.363197
000000002.779518
-00000000.975077
000000002.309751
-00000001.922505
000000001.268532
000000000.613664
-00000000.728067
-00000003.508122
000000000.362028
-00000361.199605
000000233.256179
000000013.203727
-00000187.465982
-00000001.650587
000000003.411591
000000000.741735
-00000000.365494
000000001.500720
-00000017.309311
000000006.826060
-00000009.459552
000000000.561459
000000000.679131
000000012.687902
-00000002.860044
000000000.764436
000002647.654137
000000000.257490
000000000.675235
000000000.863288
-00000002.340320
-00000001.022149
000000000.267415
-00000000.442277
-00000002.093174
-00000000.223198
-00000000.223871
000000002.847900
000000000.274911
-00000013.414129
000000000.703361
000000003.426514
000000000.239966
-00000006.469462
-00000000.374465
000000000.363202
-00000000.221400
-00000000.296841
-00000016.178795
-00000000.277273
-00000001.258097
-00000000.801237
-00000001.302938
000000001.875411
-00000004.111524
-00000000.068146
-00000003.191164
000000000.456594
000000014.121313
-00000001.878701
-00000000.259724
000000001.482219
-00000001.453288
000000000.029913
000000001.528350
000000001.064879
000000001.068674
-00000000.872735
000000000.209296
-00000000.581761
000000000.303221
000000000.179063
000000016.359322
-00000000.005611
-00000000.541041
-00000003.448972
-00000002.698057
000000001.253179
-00000000.797689
000000001.250852
000000002.152646
000000000.046595
-00000002.646076
000000005.681464
000000002.044976
000000005.105860
000000001.833305
000000010.902237
000000001.899880
000000001.570087
000000007.261747
000000003.658359
000000000.743626
-00000000.516975
000000004.433806
000000000.877750
-00000000.677277
-00000000.632722
000000002.691441
000000000.548591
-00000001.817661
000000000.540245
-00000001.684256
000000001.611462
-00000000.970263
-00000000.811270
000000001.290565
000000001.516536
000000001.004474
000000000.356775
-00000136.784841
000000265.591492
-00000050.404068
000000000.037634
000000004.163749
000000001.400223
-00000000.587416
-00000001.438564
-00000000.594902
000000000.799270
-00000004.294712
000000000.235784
-00000000.494805
-00000013.351561
000000003.050644
000000000.827717
000003624.213971
000000000.351880
-00000000.910155
-00000001.038939
000000002.418034
000000002.647202
-00000001.155800
000000001.580133
-00000000.608167
-00000002.726348
-00000000.481925
-00000003.750827
-00000000.765329
000000019.813714
-00000001.146770
-00000007.263845
-00000000.434304
000000005.693921
000000000.393312
-00000002.661191
-00000000.877026
-00000002.191214
-00000160.623517
-00000002.938862
000000000.116386
-00000000.816992
-00000001.592444
-00000000.042350
-00000003.950835
-00000000.291642
-00000004.195112
000000000.637962
000000009.444117
-00000001.216065
-00000000.142538
-00000003.072228
000000000.207972
-00000001.264121
-00000002.003184
000000001.585997
000000000.062649
-00000001.706518
-00000000.154803
-00000000.066777
-00000000.263668
000000000.072967
-00000009.688017
-00000000.443856
000000003.511654
000000002.128593
000000000.500805
-00000000.139688
000000000.524546
-00000000.241190
000000000.072332
-00000000.235310
-00000000.157454
000000003.500048
-00000000.701294
000000000.009862
-00000000.213324
-00000001.252092
000000000.755286
-00000000.108989
-00000000.431509
-00000002.028666
-00000000.179197
000000000.111929
-00000000.719104
000000000.142422
000000000.032347
-00000001.070092
000000002.061172
000000000.619509
-00000001.714389
000000000.574212
-00000001.748159
000000001.164329
-00000000.540095
-00000001.137690
000000001.543837
-00000002.268324
000000000.792733
000000000.493224
-00000001.135359
000000208.339143
-00000036.799611
000000000.768238
-00000005.167069
-00000001.529304
000000000.095818
000000000.658190
-00000000.878766
-00000000.135381
-00000012.387451
000000000.588066
-00000000.457841
000000005.895584
-00000001.479830
-00000001.836140
-00005448.438421
-00000000.529414
000000000.300273
000000001.159876
-00000000.853577
-00000001.786325
000000000.913346
-00000000.601638
-00000000.506597
-00000000.096725
000000000.811519
000000000.870278
000000000.143186
-00000003.876070
000000000.193181
000000002.156370
000000000.331707
-00000006.506073
-00000000.394915
-00000002.036797
-00000001.051087
-00000000.339329
000000001.302033
000000000.013202
000000000.067018
000000000.563155
000000000.350022
-00000000.772327
-00000000.285043
-00000000.127321
000000001.016671
-00000000.867558
000000013.397271
-00000001.855891
-00000000.316089
000000001.304725
-00000002.108456
000000000.344505
000000003.887617
000000002.563457
000000000.802790
-00000002.920802
000000000.798286
000000002.650079
-00000000.786849
000000000.448873
-00000012.866052
-00000000.514184
000000002.989479
000000002.370224
000000001.622139
-00000000.799240
000000001.036312
-00000001.034440
-00000001.675726
-00000000.453912
-00000000.858113
-00000000.938287
000000001.795211
000000002.936053
000000000.821609
000000002.360277
000000000.784705
-00000000.127463
000000003.558090
-00000000.110295
000000000.150924
-00000000.770527
000000002.084239
000000000.356009
-00000000.955818
-00000000.661963
-00000005.602826
-00000001.495326
-00000000.173435
-00000001.012766
000000001.117781
-00000000.526894
000000000.448356
000000000.284643
-00000000.157117
000000000.498638
000000001.086738
000000000.312698
000000000.196453
000000001.539373
000000012.317312
