1.0000000000000000000000000000000000000000
1.0000000000000000000000000000000000000000
1.0000000000000000000000000000000000000000
1.0000000000000000000000000000000000000000
1.0000000000000000000000000000000000000000
1.0000000000000000000000000000000000000000
1.0000000000000000000000000000000000000000
1.0000000000000000000000000000000000000000
1.0000000000000000000000000000000000000000
1.0000000000000000000000000000000000000000
1.0000000000000000000000000000000000000000
1.0000000000000000000000000000000000000000
1.0000000000000000000000000000000000000000
1.0000000000000000000000000000000000000000
1.0000000000000000000000000000000000000000
1.0000000000000000000000000000000000000000
1.0000000000000000000000000000000000000000
1.0000000000000000000000000000000000000000
1.0000000000000000000000000000000000000000
1.0000000000000000000000000000000000000000
1.0000000000000000000000000000000000000000
1.0000000000000000000000000000000000000000
1.0000000000000000000000000000000000000000
1.0000000000000000000000000000000000000000
1.0000000000000000000000000000000000000000
1.0000000000000000000000000000000000000000
1.0000000000000000000000000000000000000000
1.0000000000000000000000000000000000000000
1.0000000000000000000000000000000000000000
1.0000000000000000000000000000000000000000
1.0000000000000000000000000000000000000000
1.0000000000000000000000000000000000000000
1.0000000000000000000000000000000000000000
1.0000000000000000000000000000000000000000
1.0000000000000000000000000000000000000000
1.0000000000000000000000000000000000000000
1.0000000000000000000000000000000000000000
1.0000000000000000000000000000000000000000
1.0000000000000000000000000000000000000000
1.0000000000000000000000000000000000000000
1.0000000000000000000000000000000000000000
1.0000000000000000000000000000000000000000
1.0000000000000000000000000000000000000000
1.0000000000000000000000000000000000000000
1.0000000000000000000000000000000000000000
1.0000000000000000000000000000000000000000
1.0000000000000000000000000000000000000000
1.0000000000000000000000000000000000000000
1.0000000000000000000000000000000000000000
1.0000000000000000000000000000000000000000
1.0000000000000000000000000000000000000000
1.0000000000000000000000000000000000000000
1.0000000000000000000000000000000000000000
1.0000000000000000000000000000000000000000
1.0000000000000000000000000000000000000000
1.0000000000000000000000000000000000000000
1.0000000000000000000000000000000000000000
1.0000000000000000000000000000000000000000
1.0000000000000000000000000000000000000000
1.0000000000000000000000000000000000000000
1.0000000000000000000000000000000000000000
1.0000000000000000000000000000000000000000
1.0000000000000000000000000000000000000000
1.0000000000000000000000000000000000000000
1.0000000000000000000000000000000000000000
1.0000000000000000000000000000000000000000
1.0000000000000000000000000000000000000000
1.0000000000000000000000000000000000000000
1.0000000000000000000000000000000000000000
1.0000000000000000000000000000000000000000
1.0000000000000000000000000000000000000000
1.0000000000000000000000000000000000000000
1.0000000000000000000000000000000000000000
1.0000000000000000000000000000000000000000
1.0000000000000000000000000000000000000000
1.0000000000000000000000000000000000000000
1.0000000000000000000000000000000000000000
1.0000000000000000000000000000000000000000
1.0000000000000000000000000000000000000000
1.0000000000000000000000000000000000000000
1.0000000000000000000000000000000000000000
1.0000000000000000000000000000000000000000
1.0000000000000000000000000000000000000000
1.0000000000000000000000000000000000000000
1.0000000000000000000000000000000000000000
1.0000000000000000000000000000000000000000
1.0000000000000000000000000000000000000000
1.0000000000000000000000000000000000000000
1.0000000000000000000000000000000000000000
1.0000000000000000000000000000000000000000
1.0000000000000000000000000000000000000000
1.0000000000000000000000000000000000000000
1.0000000000000000000000000000000000000000
1.0000000000000000000000000000000000000000
1.0000000000000000000000000000000000000000
1.0000000000000000000000000000000000000000
1.0000000000000000000000000000000000000000
1.0000000000000000000000000000000000000000
1.0000000000000000000000000000000000000000
1.0000000000000000000000000000000000000000
1.0000000000000000000000000000000000000000
1.0000000000000000000000000000000000000000
1.0000000000000000000000000000000000000000
1.0000000000000000000000000000000000000000
1.0000000000000000000000000000000000000000
1.0000000000000000000000000000000000000000
1.0000000000000000000000000000000000000000
1.0000000000000000000000000000000000000000
1.0000000000000000000000000000000000000000
1.0000000000000000000000000000000000000000
1.0000000000000000000000000000000000000000
1.0000000000000000000000000000000000000000
1.0000000000000000000000000000000000000000
1.0000000000000000000000000000000000000000
1.0000000000000000000000000000000000000000
1.0000000000000000000000000000000000000000
1.0000000000000000000000000000000000000000
1.0000000000000000000000000000000000000000
1.0000000000000000000000000000000000000000
1.0000000000000000000000000000000000000000
1.0000000000000000000000000000000000000000
1.0000000000000000000000000000000000000000
1.0000000000000000000000000000000000000000
1.0000000000000000000000000000000000000000
1.0000000000000000000000000000000000000000
1.0000000000000000000000000000000000000000
1.0000000000000000000000000000000000000000
1.0000000000000000000000000000000000000000
1.0000000000000000000000000000000000000000
1.0000000000000000000000000000000000000000
1.0000000000000000000000000000000000000000
1.0000000000000000000000000000000000000000
1.0000000000000000000000000000000000000000
1.0000000000000000000000000000000000000000
1.0000000000000000000000000000000000000000
1.0000000000000000000000000000000000000000
1.0000000000000000000000000000000000000000
1.0000000000000000000000000000000000000000
1.0000000000000000000000000000000000000000
1.0000000000000000000000000000000000000000
1.0000000000000000000000000000000000000000
1.0000000000000000000000000000000000000000
1.0000000000000000000000000000000000000000
1.0000000000000000000000000000000000000000
1.0000000000000000000000000000000000000000
1.0000000000000000000000000000000000000000
1.0000000000000000000000000000000000000000
1.0000000000000000000000000000000000000000
1.0000000000000000000000000000000000000000
1.0000000000000000000000000000000000000000
1.0000000000000000000000000000000000000000
1.0000000000000000000000000000000000000000
1.0000000000000000000000000000000000000000
1.0000000000000000000000000000000000000000
1.0000000000000000000000000000000000000000
1.0000000000000000000000000000000000000000
1.0000000000000000000000000000000000000000
1.0000000000000000000000000000000000000000
1.0000000000000000000000000000000000000000
1.0000000000000000000000000000000000000000
1.0000000000000000000000000000000000000000
1.0000000000000000000000000000000000000000
1.0000000000000000000000000000000000000000
1.0000000000000000000000000000000000000000
1.0000000000000000000000000000000000000000
1.0000000000000000000000000000000000000000
1.0000000000000000000000000000000000000000
1.0000000000000000000000000000000000000000
1.0000000000000000000000000000000000000000
1.0000000000000000000000000000000000000000
1.0000000000000000000000000000000000000000
1.0000000000000000000000000000000000000000
1.0000000000000000000000000000000000000000
1.0000000000000000000000000000000000000000
1.0000000000000000000000000000000000000000
1.0000000000000000000000000000000000000000
1.0000000000000000000000000000000000000000
1.0000000000000000000000000000000000000000
1.0000000000000000000000000000000000000000
1.0000000000000000000000000000000000000000
1.0000000000000000000000000000000000000000
1.0000000000000000000000000000000000000000
1.0000000000000000000000000000000000000000
1.0000000000000000000000000000000000000000
1.0000000000000000000000000000000000000000
1.0000000000000000000000000000000000000000
1.0000000000000000000000000000000000000000
1.0000000000000000000000000000000000000000
1.0000000000000000000000000000000000000000
1.0000000000000000000000000000000000000000
1.0000000000000000000000000000000000000000
1.0000000000000000000000000000000000000000
1.0000000000000000000000000000000000000000
1.0000000000000000000000000000000000000000
1.0000000000000000000000000000000000000000
1.0000000000000000000000000000000000000000
1.0000000000000000000000000000000000000000
1.0000000000000000000000000000000000000000
1.0000000000000000000000000000000000000000
1.0000000000000000000000000000000000000000
3.0000000000000000000000000000000000000000
3.0000000000000000000000000000000000000000
1.9230768680572509765625000000000000000000
1.5917159318923950195312500000000000000000
1.3240782022476196289062500000000000000000
1.1907495260238647460937500000000000000000
1.1085503101348876953125000000000000000000
1.0627461671829223632812500000000000000000
1.0360064506530761718750000000000000000000
1.0207321643829345703125000000000000000000
1.0119185447692871093750000000000000000000
1.0068567991256713867187500000000000000000
1.0039433240890502929687500000000000000000
1.0022683143615722656250000000000000000000
1.0013046264648437500000000000000000000000
1.0007504224777221679687500000000000000000
1.0004316568374633789062500000000000000000
1.0002481937408447265625000000000000000000
1.0001428127288818359375000000000000000000
1.0000821352005004882812500000000000000000
1.0000472068786621093750000000000000000000
1.0000271797180175781250000000000000000000
1.0000156164169311523437500000000000000000
1.0000089406967163085937500000000000000000
1.0000051259994506835937500000000000000000
1.0000029802322387695312500000000000000000
1.0000017881393432617187500000000000000000
1.0000010728836059570312500000000000000000
1.0000005960464477539062500000000000000000
1.0000002384185791015625000000000000000000
1.0000001192092895507812500000000000000000
1.0000000000000000000000000000000000000000
1.0000000000000000000000000000000000000000
1.0000000000000000000000000000000000000000
1.0000000000000000000000000000000000000000
1.0000000000000000000000000000000000000000
1.0000000000000000000000000000000000000000
1.0000000000000000000000000000000000000000
1.0000000000000000000000000000000000000000
1.0000000000000000000000000000000000000000
1.0000000000000000000000000000000000000000
1.0000000000000000000000000000000000000000
1.0000000000000000000000000000000000000000
1.0000000000000000000000000000000000000000
1.0000000000000000000000000000000000000000
1.0000000000000000000000000000000000000000
1.0000000000000000000000000000000000000000
1.0000000000000000000000000000000000000000
1.0000000000000000000000000000000000000000
1.0000000000000000000000000000000000000000
1.0000000000000000000000000000000000000000
1.0000000000000000000000000000000000000000
1.0000000000000000000000000000000000000000
1.0000000000000000000000000000000000000000
1.0000000000000000000000000000000000000000
1.0000000000000000000000000000000000000000
1.0000000000000000000000000000000000000000
1.0000000000000000000000000000000000000000
1.0000000000000000000000000000000000000000
1.0000000000000000000000000000000000000000
1.0000000000000000000000000000000000000000
1.0000000000000000000000000000000000000000
1.0000000000000000000000000000000000000000
1.0000000000000000000000000000000000000000
1.0000000000000000000000000000000000000000
1.0000000000000000000000000000000000000000
1.0000000000000000000000000000000000000000
1.0000000000000000000000000000000000000000
1.0000000000000000000000000000000000000000
1.0000000000000000000000000000000000000000
1.0000000000000000000000000000000000000000
1.0000000000000000000000000000000000000000
1.0000000000000000000000000000000000000000
1.0000000000000000000000000000000000000000
1.0000000000000000000000000000000000000000
1.0000000000000000000000000000000000000000
1.0000000000000000000000000000000000000000
1.0000000000000000000000000000000000000000
1.0000000000000000000000000000000000000000
1.0000000000000000000000000000000000000000
1.0000000000000000000000000000000000000000
1.0000000000000000000000000000000000000000
1.0000000000000000000000000000000000000000
1.0000000000000000000000000000000000000000
1.0000000000000000000000000000000000000000
1.0000000000000000000000000000000000000000
1.0000000000000000000000000000000000000000
1.0000000000000000000000000000000000000000
1.0000000000000000000000000000000000000000
1.0000000000000000000000000000000000000000
1.0000000000000000000000000000000000000000
1.0000000000000000000000000000000000000000
1.0000000000000000000000000000000000000000
1.0000000000000000000000000000000000000000
1.0000000000000000000000000000000000000000
1.0000000000000000000000000000000000000000
1.0000000000000000000000000000000000000000
1.0000000000000000000000000000000000000000
1.0000000000000000000000000000000000000000
1.0000000000000000000000000000000000000000
3.0000000000000000000000000000000000000000
3.0000000000000000000000000000000000000000
2.3609466552734375000000000000000000000000
1.9795174598693847656250000000000000000000
1.6559994220733642578125000000000000000000
1.4361622333526611328125000000000000000000
1.2831999063491821289062500000000000000000
1.1818968057632446289062500000000000000000
1.1154429912567138671875000000000000000000
1.0726538896560668945312500000000000000000
1.0453774929046630859375000000000000000000
1.0281664133071899414062500000000000000000
1.0173885822296142578125000000000000000000
1.0106848478317260742187500000000000000000
1.0065386295318603515625000000000000000000
1.0039869546890258789062500000000000000000
1.0024231672286987304687500000000000000000
1.0014685392379760742187500000000000000000
1.0008876323699951171875000000000000000000
1.0005352497100830078125000000000000000000
1.0003221035003662109375000000000000000000
1.0001934766769409179687500000000000000000
1.0001161098480224609375000000000000000000
1.0000694990158081054687500000000000000000
1.0000414848327636718750000000000000000000
1.0000247955322265625000000000000000000000
1.0000147819519042968750000000000000000000
1.0000088214874267578125000000000000000000
1.0000052452087402343750000000000000000000
1.0000030994415283203125000000000000000000
1.0000017881393432617187500000000000000000
1.0000010728836059570312500000000000000000
1.0000005960464477539062500000000000000000
1.0000002384185791015625000000000000000000
1.0000001192092895507812500000000000000000
1.0000000000000000000000000000000000000000
1.0000000000000000000000000000000000000000
1.0000000000000000000000000000000000000000
1.0000000000000000000000000000000000000000
1.0000000000000000000000000000000000000000
1.0000000000000000000000000000000000000000
1.0000000000000000000000000000000000000000
1.0000000000000000000000000000000000000000
1.0000000000000000000000000000000000000000
1.0000000000000000000000000000000000000000
1.0000000000000000000000000000000000000000
1.0000000000000000000000000000000000000000
1.0000000000000000000000000000000000000000
1.0000000000000000000000000000000000000000
1.0000000000000000000000000000000000000000
1.0000000000000000000000000000000000000000
1.0000000000000000000000000000000000000000
1.0000000000000000000000000000000000000000
1.0000000000000000000000000000000000000000
1.0000000000000000000000000000000000000000
1.0000000000000000000000000000000000000000
1.0000000000000000000000000000000000000000
1.0000000000000000000000000000000000000000
1.0000000000000000000000000000000000000000
1.0000000000000000000000000000000000000000
1.0000000000000000000000000000000000000000
1.0000000000000000000000000000000000000000
1.0000000000000000000000000000000000000000
1.0000000000000000000000000000000000000000
1.0000000000000000000000000000000000000000
1.0000000000000000000000000000000000000000
1.0000000000000000000000000000000000000000
1.0000000000000000000000000000000000000000
1.0000000000000000000000000000000000000000
1.0000000000000000000000000000000000000000
1.0000000000000000000000000000000000000000
1.0000000000000000000000000000000000000000
1.0000000000000000000000000000000000000000
1.0000000000000000000000000000000000000000
1.0000000000000000000000000000000000000000
1.0000000000000000000000000000000000000000
1.0000000000000000000000000000000000000000
1.0000000000000000000000000000000000000000
1.0000000000000000000000000000000000000000
1.0000000000000000000000000000000000000000
1.0000000000000000000000000000000000000000
1.0000000000000000000000000000000000000000
1.0000000000000000000000000000000000000000
1.0000000000000000000000000000000000000000
1.0000000000000000000000000000000000000000
1.0000000000000000000000000000000000000000
1.0000000000000000000000000000000000000000
1.0000000000000000000000000000000000000000
1.0000000000000000000000000000000000000000
1.0000000000000000000000000000000000000000
1.0000000000000000000000000000000000000000
1.0000000000000000000000000000000000000000
1.0000000000000000000000000000000000000000
1.0000000000000000000000000000000000000000
1.0000000000000000000000000000000000000000
1.0000000000000000000000000000000000000000
1.0000000000000000000000000000000000000000
1.0000000000000000000000000000000000000000
1.0000000000000000000000000000000000000000
1.0000000000000000000000000000000000000000
3.0000000000000000000000000000000000000000
3.0000000000000000000000000000000000000000
2.6376876831054687500000000000000000000000
2.3087077140808105468750000000000000000000
1.9816828966140747070312500000000000000000
1.7174072265625000000000000000000000000000
1.5091582536697387695312500000000000000000
1.3544405698776245117187500000000000000000
1.2424430847167968750000000000000000000000
1.1635520458221435546875000000000000000000
1.1090073585510253906250000000000000000000
1.0719146728515625000000000000000000000000
1.0470216274261474609375000000000000000000
1.0305062532424926757812500000000000000000
1.0196551084518432617187500000000000000000
1.0125861167907714843750000000000000000000
1.0080151557922363281250000000000000000000
1.0050790309906005859375000000000000000000
1.0032039880752563476562500000000000000000
1.0020128488540649414062500000000000000000
1.0012596845626831054687500000000000000000
1.0007857084274291992187500000000000000000
1.0004885196685791015625000000000000000000
1.0003029108047485351562500000000000000000
1.0001871585845947265625000000000000000000
1.0001155138015747070312500000000000000000
1.0000710487365722656250000000000000000000
1.0000436305999755859375000000000000000000
1.0000268220901489257812500000000000000000
1.0000163316726684570312500000000000000000
1.0000100135803222656250000000000000000000
1.0000060796737670898437500000000000000000
1.0000036954879760742187500000000000000000
1.0000021457672119140625000000000000000000
1.0000013113021850585937500000000000000000
1.0000007152557373046875000000000000000000
1.0000004768371582031250000000000000000000
1.0000002384185791015625000000000000000000
1.0000001192092895507812500000000000000000
1.0000000000000000000000000000000000000000
1.0000000000000000000000000000000000000000
1.0000000000000000000000000000000000000000
1.0000000000000000000000000000000000000000
1.0000000000000000000000000000000000000000
1.0000000000000000000000000000000000000000
1.0000000000000000000000000000000000000000
1.0000000000000000000000000000000000000000
1.0000000000000000000000000000000000000000
1.0000000000000000000000000000000000000000
1.0000000000000000000000000000000000000000
1.0000000000000000000000000000000000000000
1.0000000000000000000000000000000000000000
1.0000000000000000000000000000000000000000
1.0000000000000000000000000000000000000000
1.0000000000000000000000000000000000000000
1.0000000000000000000000000000000000000000
1.0000000000000000000000000000000000000000
1.0000000000000000000000000000000000000000
1.0000000000000000000000000000000000000000
1.0000000000000000000000000000000000000000
1.0000000000000000000000000000000000000000
1.0000000000000000000000000000000000000000
1.0000000000000000000000000000000000000000
1.0000000000000000000000000000000000000000
1.0000000000000000000000000000000000000000
1.0000000000000000000000000000000000000000
1.0000000000000000000000000000000000000000
1.0000000000000000000000000000000000000000
1.0000000000000000000000000000000000000000
1.0000000000000000000000000000000000000000
1.0000000000000000000000000000000000000000
1.0000000000000000000000000000000000000000
1.0000000000000000000000000000000000000000
1.0000000000000000000000000000000000000000
1.0000000000000000000000000000000000000000
1.0000000000000000000000000000000000000000
1.0000000000000000000000000000000000000000
1.0000000000000000000000000000000000000000
1.0000000000000000000000000000000000000000
1.0000000000000000000000000000000000000000
1.0000000000000000000000000000000000000000
1.0000000000000000000000000000000000000000
1.0000000000000000000000000000000000000000
1.0000000000000000000000000000000000000000
1.0000000000000000000000000000000000000000
1.0000000000000000000000000000000000000000
1.0000000000000000000000000000000000000000
1.0000000000000000000000000000000000000000
1.0000000000000000000000000000000000000000
1.0000000000000000000000000000000000000000
1.0000000000000000000000000000000000000000
1.0000000000000000000000000000000000000000
1.0000000000000000000000000000000000000000
1.0000000000000000000000000000000000000000
1.0000000000000000000000000000000000000000
1.0000000000000000000000000000000000000000
1.0000000000000000000000000000000000000000
1.0000000000000000000000000000000000000000
1.0000000000000000000000000000000000000000
1.0000000000000000000000000000000000000000
3.0000000000000000000000000000000000000000
3.0000000000000000000000000000000000000000
2.7902033329010009765625000000000000000000
2.5378744602203369140625000000000000000000
2.2522571086883544921875000000000000000000
1.9852626323699951171875000000000000000000
1.7512313127517700195312500000000000000000
1.5589357614517211914062500000000000000000
1.4071772098541259765625000000000000000000
1.2914261817932128906250000000000000000000
1.2054150104522705078125000000000000000000
1.1428854465484619140625000000000000000000
1.0982422828674316406250000000000000000000
1.0668581724166870117187500000000000000000
1.0450861454010009765625000000000000000000
1.0301564931869506835937500000000000000000
1.0200225114822387695312500000000000000000
1.0132054090499877929687500000000000000000
1.0086567401885986328125000000000000000000
1.0056433677673339843750000000000000000000
1.0036602020263671875000000000000000000000
1.0023628473281860351562500000000000000000
1.0015187263488769531250000000000000000000
1.0009722709655761718750000000000000000000
1.0006200075149536132812500000000000000000
1.0003941059112548828125000000000000000000
1.0002496242523193359375000000000000000000
1.0001575946807861328125000000000000000000
1.0000993013381958007812500000000000000000
1.0000623464584350585937500000000000000000
1.0000389814376831054687500000000000000000
1.0000243186950683593750000000000000000000
1.0000151395797729492187500000000000000000
1.0000094175338745117187500000000000000000
1.0000058412551879882812500000000000000000
1.0000035762786865234375000000000000000000
1.0000021457672119140625000000000000000000
1.0000013113021850585937500000000000000000
1.0000008344650268554687500000000000000000
1.0000004768371582031250000000000000000000
1.0000002384185791015625000000000000000000
1.0000001192092895507812500000000000000000
1.0000000000000000000000000000000000000000
1.0000000000000000000000000000000000000000
1.0000000000000000000000000000000000000000
1.0000000000000000000000000000000000000000
1.0000000000000000000000000000000000000000
1.0000000000000000000000000000000000000000
1.0000000000000000000000000000000000000000
1.0000000000000000000000000000000000000000
1.0000000000000000000000000000000000000000
1.0000000000000000000000000000000000000000
1.0000000000000000000000000000000000000000
1.0000000000000000000000000000000000000000
1.0000000000000000000000000000000000000000
1.0000000000000000000000000000000000000000
1.0000000000000000000000000000000000000000
1.0000000000000000000000000000000000000000
1.0000000000000000000000000000000000000000
1.0000000000000000000000000000000000000000
1.0000000000000000000000000000000000000000
1.0000000000000000000000000000000000000000
1.0000000000000000000000000000000000000000
1.0000000000000000000000000000000000000000
1.0000000000000000000000000000000000000000
1.0000000000000000000000000000000000000000
1.0000000000000000000000000000000000000000
1.0000000000000000000000000000000000000000
1.0000000000000000000000000000000000000000
1.0000000000000000000000000000000000000000
1.0000000000000000000000000000000000000000
1.0000000000000000000000000000000000000000
1.0000000000000000000000000000000000000000
1.0000000000000000000000000000000000000000
1.0000000000000000000000000000000000000000
1.0000000000000000000000000000000000000000
1.0000000000000000000000000000000000000000
1.0000000000000000000000000000000000000000
1.0000000000000000000000000000000000000000
1.0000000000000000000000000000000000000000
1.0000000000000000000000000000000000000000
1.0000000000000000000000000000000000000000
1.0000000000000000000000000000000000000000
1.0000000000000000000000000000000000000000
1.0000000000000000000000000000000000000000
1.0000000000000000000000000000000000000000
1.0000000000000000000000000000000000000000
1.0000000000000000000000000000000000000000
1.0000000000000000000000000000000000000000
1.0000000000000000000000000000000000000000
1.0000000000000000000000000000000000000000
1.0000000000000000000000000000000000000000
1.0000000000000000000000000000000000000000
1.0000000000000000000000000000000000000000
1.0000000000000000000000000000000000000000
1.0000000000000000000000000000000000000000
1.0000000000000000000000000000000000000000
1.0000000000000000000000000000000000000000
1.0000000000000000000000000000000000000000
1.0000000000000000000000000000000000000000
3.0000000000000000000000000000000000000000
3.0000000000000000000000000000000000000000
2.8797068595886230468750000000000000000000
2.6983032226562500000000000000000000000000
2.4663767814636230468750000000000000000000
2.2223258018493652343750000000000000000000
1.9869662523269653320312500000000000000000
1.7760287523269653320312500000000000000000
1.5961983203887939453125000000000000000000
1.4489874839782714843750000000000000000000
1.3322651386260986328125000000000000000000
1.2421400547027587890625000000000000000000
1.1740759611129760742187500000000000000000
1.1236362457275390625000000000000000000000
1.0868623256683349609375000000000000000000
1.0604312419891357421875000000000000000000
1.0416712760925292968750000000000000000000
1.0285038948059082031250000000000000000000
1.0193537473678588867187500000000000000000
1.0130522251129150390625000000000000000000
1.0087476968765258789062500000000000000000
1.0058289766311645507812500000000000000000
1.0038635730743408203125000000000000000000
1.0025480985641479492187500000000000000000
1.0016727447509765625000000000000000000000
1.0010933876037597656250000000000000000000
1.0007117986679077148437500000000000000000
1.0004615783691406250000000000000000000000
1.0002983808517456054687500000000000000000
1.0001921653747558593750000000000000000000
1.0001233816146850585937500000000000000000
1.0000789165496826171875000000000000000000
1.0000504255294799804687500000000000000000
1.0000321865081787109375000000000000000000
1.0000203847885131835937500000000000000000
1.0000128746032714843750000000000000000000
1.0000081062316894531250000000000000000000
1.0000050067901611328125000000000000000000
1.0000030994415283203125000000000000000000
1.0000020265579223632812500000000000000000
1.0000011920928955078125000000000000000000
1.0000007152557373046875000000000000000000
1.0000003576278686523437500000000000000000
1.0000002384185791015625000000000000000000
1.0000001192092895507812500000000000000000
1.0000000000000000000000000000000000000000
1.0000000000000000000000000000000000000000
1.0000000000000000000000000000000000000000
1.0000000000000000000000000000000000000000
1.0000000000000000000000000000000000000000
1.0000000000000000000000000000000000000000
1.0000000000000000000000000000000000000000
1.0000000000000000000000000000000000000000
1.0000000000000000000000000000000000000000
1.0000000000000000000000000000000000000000
1.0000000000000000000000000000000000000000
1.0000000000000000000000000000000000000000
1.0000000000000000000000000000000000000000
1.0000000000000000000000000000000000000000
1.0000000000000000000000000000000000000000
1.0000000000000000000000000000000000000000
1.0000000000000000000000000000000000000000
1.0000000000000000000000000000000000000000
1.0000000000000000000000000000000000000000
1.0000000000000000000000000000000000000000
1.0000000000000000000000000000000000000000
1.0000000000000000000000000000000000000000
1.0000000000000000000000000000000000000000
1.0000000000000000000000000000000000000000
1.0000000000000000000000000000000000000000
1.0000000000000000000000000000000000000000
1.0000000000000000000000000000000000000000
1.0000000000000000000000000000000000000000
1.0000000000000000000000000000000000000000
1.0000000000000000000000000000000000000000
1.0000000000000000000000000000000000000000
1.0000000000000000000000000000000000000000
1.0000000000000000000000000000000000000000
1.0000000000000000000000000000000000000000
1.0000000000000000000000000000000000000000
1.0000000000000000000000000000000000000000
1.0000000000000000000000000000000000000000
1.0000000000000000000000000000000000000000
1.0000000000000000000000000000000000000000
1.0000000000000000000000000000000000000000
1.0000000000000000000000000000000000000000
1.0000000000000000000000000000000000000000
1.0000000000000000000000000000000000000000
1.0000000000000000000000000000000000000000
1.0000000000000000000000000000000000000000
1.0000000000000000000000000000000000000000
1.0000000000000000000000000000000000000000
1.0000000000000000000000000000000000000000
1.0000000000000000000000000000000000000000
1.0000000000000000000000000000000000000000
1.0000000000000000000000000000000000000000
1.0000000000000000000000000000000000000000
1.0000000000000000000000000000000000000000
1.0000000000000000000000000000000000000000
1.0000000000000000000000000000000000000000
3.0000000000000000000000000000000000000000
3.0000000000000000000000000000000000000000
2.9307103157043457031250000000000000000000
2.8055009841918945312500000000000000000000
2.6270575523376464843750000000000000000000
2.4188797473907470703125000000000000000000
2.2001760005950927734375000000000000000000
1.9882627725601196289062500000000000000000
1.7945060729980468750000000000000000000000
1.6253501176834106445312500000000000000000
1.4830224514007568359375000000000000000000
1.3668758869171142578125000000000000000000
1.2744982242584228515625000000000000000000
1.2026216983795166015625000000000000000000
1.1477493047714233398437500000000000000000
1.1065493822097778320312500000000000000000
1.0760658979415893554687500000000000000000
1.0538045167922973632812500000000000000000
1.0377370119094848632812500000000000000000
1.0262620449066162109375000000000000000000
1.0181450843811035156250000000000000000000
1.0124533176422119140625000000000000000000
1.0084941387176513671875000000000000000000
1.0057603120803833007812500000000000000000
1.0038852691650390625000000000000000000000
1.0026074647903442382812500000000000000000
1.0017415285110473632812500000000000000000
1.0011579990386962890625000000000000000000
1.0007668733596801757812500000000000000000
1.0005056858062744140625000000000000000000
1.0003323554992675781250000000000000000000
1.0002175569534301757812500000000000000000
1.0001419782638549804687500000000000000000
1.0000923871994018554687500000000000000000
1.0000598430633544921875000000000000000000
1.0000387430191040039062500000000000000000
1.0000249147415161132812500000000000000000
1.0000159740447998046875000000000000000000
1.0000102519989013671875000000000000000000
1.0000065565109252929687500000000000000000
1.0000040531158447265625000000000000000000
1.0000026226043701171875000000000000000000
1.0000015497207641601562500000000000000000
1.0000010728836059570312500000000000000000
1.0000005960464477539062500000000000000000
1.0000002384185791015625000000000000000000
1.0000001192092895507812500000000000000000
1.0000000000000000000000000000000000000000
1.0000000000000000000000000000000000000000
1.0000000000000000000000000000000000000000
1.0000000000000000000000000000000000000000
1.0000000000000000000000000000000000000000
1.0000000000000000000000000000000000000000
1.0000000000000000000000000000000000000000
1.0000000000000000000000000000000000000000
1.0000000000000000000000000000000000000000
1.0000000000000000000000000000000000000000
1.0000000000000000000000000000000000000000
1.0000000000000000000000000000000000000000
1.0000000000000000000000000000000000000000
1.0000000000000000000000000000000000000000
1.0000000000000000000000000000000000000000
1.0000000000000000000000000000000000000000
1.0000000000000000000000000000000000000000
1.0000000000000000000000000000000000000000
1.0000000000000000000000000000000000000000
1.0000000000000000000000000000000000000000
1.0000000000000000000000000000000000000000
1.0000000000000000000000000000000000000000
1.0000000000000000000000000000000000000000
1.0000000000000000000000000000000000000000
1.0000000000000000000000000000000000000000
1.0000000000000000000000000000000000000000
1.0000000000000000000000000000000000000000
1.0000000000000000000000000000000000000000
1.0000000000000000000000000000000000000000
1.0000000000000000000000000000000000000000
1.0000000000000000000000000000000000000000
1.0000000000000000000000000000000000000000
1.0000000000000000000000000000000000000000
1.0000000000000000000000000000000000000000
1.0000000000000000000000000000000000000000
1.0000000000000000000000000000000000000000
1.0000000000000000000000000000000000000000
1.0000000000000000000000000000000000000000
1.0000000000000000000000000000000000000000
1.0000000000000000000000000000000000000000
1.0000000000000000000000000000000000000000
1.0000000000000000000000000000000000000000
1.0000000000000000000000000000000000000000
1.0000000000000000000000000000000000000000
1.0000000000000000000000000000000000000000
1.0000000000000000000000000000000000000000
1.0000000000000000000000000000000000000000
1.0000000000000000000000000000000000000000
1.0000000000000000000000000000000000000000
1.0000000000000000000000000000000000000000
1.0000000000000000000000000000000000000000
1.0000000000000000000000000000000000000000
1.0000000000000000000000000000000000000000
3.0000000000000000000000000000000000000000
3.0000000000000000000000000000000000000000
2.9601733684539794921875000000000000000000
2.8761548995971679687500000000000000000000
2.7439577579498291015625000000000000000000
2.5750284194946289062500000000000000000000
2.3831956386566162109375000000000000000000
2.1837017536163330078125000000000000000000
1.9892216920852661132812500000000000000000
1.8090901374816894531250000000000000000000
1.6489825248718261718750000000000000000000
1.5114550590515136718750000000000000000000
1.3966774940490722656250000000000000000000
1.3032213449478149414062500000000000000000
1.2287371158599853515625000000000000000000
1.1704770326614379882812500000000000000000
1.1256567239761352539062500000000000000000
1.0916825532913208007812500000000000000000
1.0662695169448852539062500000000000000000
1.0474871397018432617187500000000000000000
1.0337557792663574218750000000000000000000
1.0238164663314819335937500000000000000000
1.0166872739791870117187500000000000000000
1.0116164684295654296875000000000000000000
1.0080374479293823242187500000000000000000
1.0055295228958129882812500000000000000000
1.0037839412689208984375000000000000000000
1.0025762319564819335937500000000000000000
1.0017458200454711914062500000000000000000
1.0011776685714721679687500000000000000000
1.0007910728454589843750000000000000000000
1.0005291700363159179687500000000000000000
1.0003527402877807617187500000000000000000
1.0002343654632568359375000000000000000000
1.0001549720764160156250000000000000000000
1.0001022815704345703125000000000000000000
1.0000672340393066406250000000000000000000
1.0000439882278442382812500000000000000000
1.0000287294387817382812500000000000000000
1.0000188350677490234375000000000000000000
1.0000121593475341796875000000000000000000
1.0000078678131103515625000000000000000000
1.0000050067901611328125000000000000000000
1.0000032186508178710937500000000000000000
1.0000020265579223632812500000000000000000
1.0000011920928955078125000000000000000000
1.0000007152557373046875000000000000000000
1.0000003576278686523437500000000000000000
1.0000002384185791015625000000000000000000
1.0000001192092895507812500000000000000000
1.0000000000000000000000000000000000000000
1.0000000000000000000000000000000000000000
1.0000000000000000000000000000000000000000
1.0000000000000000000000000000000000000000
1.0000000000000000000000000000000000000000
1.0000000000000000000000000000000000000000
1.0000000000000000000000000000000000000000
1.0000000000000000000000000000000000000000
1.0000000000000000000000000000000000000000
1.0000000000000000000000000000000000000000
1.0000000000000000000000000000000000000000
1.0000000000000000000000000000000000000000
1.0000000000000000000000000000000000000000
1.0000000000000000000000000000000000000000
1.0000000000000000000000000000000000000000
1.0000000000000000000000000000000000000000
1.0000000000000000000000000000000000000000
1.0000000000000000000000000000000000000000
1.0000000000000000000000000000000000000000
1.0000000000000000000000000000000000000000
1.0000000000000000000000000000000000000000
1.0000000000000000000000000000000000000000
1.0000000000000000000000000000000000000000
1.0000000000000000000000000000000000000000
1.0000000000000000000000000000000000000000
1.0000000000000000000000000000000000000000
1.0000000000000000000000000000000000000000
1.0000000000000000000000000000000000000000
1.0000000000000000000000000000000000000000
1.0000000000000000000000000000000000000000
1.0000000000000000000000000000000000000000
1.0000000000000000000000000000000000000000
1.0000000000000000000000000000000000000000
1.0000000000000000000000000000000000000000
1.0000000000000000000000000000000000000000
1.0000000000000000000000000000000000000000
1.0000000000000000000000000000000000000000
1.0000000000000000000000000000000000000000
1.0000000000000000000000000000000000000000
1.0000000000000000000000000000000000000000
1.0000000000000000000000000000000000000000
1.0000000000000000000000000000000000000000
1.0000000000000000000000000000000000000000
1.0000000000000000000000000000000000000000
1.0000000000000000000000000000000000000000
1.0000000000000000000000000000000000000000
1.0000000000000000000000000000000000000000
1.0000000000000000000000000000000000000000
1.0000000000000000000000000000000000000000
1.0000000000000000000000000000000000000000
3.0000000000000000000000000000000000000000
3.0000000000000000000000000000000000000000
2.9770855903625488281250000000000000000000
2.9218568801879882812500000000000000000000
2.8267462253570556640625000000000000000000
2.6948101520538330078125000000000000000000
2.5339150428771972656250000000000000000000
2.3553698062896728515625000000000000000000
2.1706852912902832031250000000000000000000
1.9899817705154418945312500000000000000000
1.8209509849548339843750000000000000000000
1.6686401367187500000000000000000000000000
1.5356633663177490234375000000000000000000
1.4226722717285156250000000000000000000000
1.3288987874984741210937500000000000000000
1.2526679039001464843750000000000000000000
1.1918234825134277343750000000000000000000
1.1440480947494506835937500000000000000000
1.1070826053619384765625000000000000000000
1.0788590908050537109375000000000000000000
1.0575693845748901367187500000000000000000
1.0416864156723022460937500000000000000000
1.0299568176269531250000000000000000000000
1.0213749408721923828125000000000000000000
1.0151499509811401367187500000000000000000
1.0106707811355590820312500000000000000000
1.0074716806411743164062500000000000000000
1.0052025318145751953125000000000000000000
1.0036035776138305664062500000000000000000
1.0024836063385009765625000000000000000000
1.0017037391662597656250000000000000000000
1.0011634826660156250000000000000000000000
1.0007911920547485351562500000000000000000
1.0005358457565307617187500000000000000000
1.0003615617752075195312500000000000000000
1.0002430677413940429687500000000000000000
1.0001628398895263671875000000000000000000
1.0001085996627807617187500000000000000000
1.0000723600387573242187500000000000000000
1.0000479221343994140625000000000000000000
1.0000317096710205078125000000000000000000
1.0000208616256713867187500000000000000000
1.0000135898590087890625000000000000000000
1.0000089406967163085937500000000000000000
1.0000058412551879882812500000000000000000
1.0000036954879760742187500000000000000000
1.0000023841857910156250000000000000000000
1.0000014305114746093750000000000000000000
1.0000008344650268554687500000000000000000
1.0000005960464477539062500000000000000000
1.0000002384185791015625000000000000000000
1.0000001192092895507812500000000000000000
1.0000000000000000000000000000000000000000
1.0000000000000000000000000000000000000000
1.0000000000000000000000000000000000000000
1.0000000000000000000000000000000000000000
1.0000000000000000000000000000000000000000
1.0000000000000000000000000000000000000000
1.0000000000000000000000000000000000000000
1.0000000000000000000000000000000000000000
1.0000000000000000000000000000000000000000
1.0000000000000000000000000000000000000000
1.0000000000000000000000000000000000000000
1.0000000000000000000000000000000000000000
1.0000000000000000000000000000000000000000
1.0000000000000000000000000000000000000000
1.0000000000000000000000000000000000000000
1.0000000000000000000000000000000000000000
1.0000000000000000000000000000000000000000
1.0000000000000000000000000000000000000000
1.0000000000000000000000000000000000000000
1.0000000000000000000000000000000000000000
1.0000000000000000000000000000000000000000
1.0000000000000000000000000000000000000000
1.0000000000000000000000000000000000000000
1.0000000000000000000000000000000000000000
1.0000000000000000000000000000000000000000
1.0000000000000000000000000000000000000000
1.0000000000000000000000000000000000000000
1.0000000000000000000000000000000000000000
1.0000000000000000000000000000000000000000
1.0000000000000000000000000000000000000000
1.0000000000000000000000000000000000000000
1.0000000000000000000000000000000000000000
1.0000000000000000000000000000000000000000
1.0000000000000000000000000000000000000000
1.0000000000000000000000000000000000000000
1.0000000000000000000000000000000000000000
1.0000000000000000000000000000000000000000
1.0000000000000000000000000000000000000000
1.0000000000000000000000000000000000000000
1.0000000000000000000000000000000000000000
1.0000000000000000000000000000000000000000
1.0000000000000000000000000000000000000000
1.0000000000000000000000000000000000000000
1.0000000000000000000000000000000000000000
1.0000000000000000000000000000000000000000
1.0000000000000000000000000000000000000000
1.0000000000000000000000000000000000000000
1.0000000000000000000000000000000000000000
3.0000000000000000000000000000000000000000
3.0000000000000000000000000000000000000000
2.9868223667144775390625000000000000000000
2.9510855674743652343750000000000000000000
2.8842110633850097656250000000000000000000
2.7842354774475097656250000000000000000000
2.6540174484252929687500000000000000000000
2.5005645751953125000000000000000000000000
2.3328344821929931640625000000000000000000
2.1600968837738037109375000000000000000000
1.9906005859375000000000000000000000000000
1.8308475017547607421875000000000000000000
1.6853262186050415039062500000000000000000
1.5565994977951049804687500000000000000000
1.4455993175506591796875000000000000000000
1.3520094156265258789062500000000000000000
1.2746546268463134765625000000000000000000
1.2118475437164306640625000000000000000000
1.1616628170013427734375000000000000000000
1.1221415996551513671875000000000000000000
1.0914261341094970703125000000000000000000
1.0678412914276123046875000000000000000000
1.0499312877655029296875000000000000000000
1.0364689826965332031250000000000000000000
1.0264452695846557617187500000000000000000
1.0190470218658447265625000000000000000000
1.0136311054229736328125000000000000000000
1.0096963644027709960937500000000000000000
1.0068582296371459960937500000000000000000
1.0048245191574096679687500000000000000000
1.0033766031265258789062500000000000000000
1.0023516416549682617187500000000000000000
1.0016301870346069335937500000000000000000
1.0011252164840698242187500000000000000000
1.0007733106613159179687500000000000000000
1.0005294084548950195312500000000000000000
1.0003610849380493164062500000000000000000
1.0002453327178955078125000000000000000000
1.0001660585403442382812500000000000000000
1.0001120567321777343750000000000000000000
1.0000753402709960937500000000000000000000
1.0000504255294799804687500000000000000000
1.0000337362289428710937500000000000000000
1.0000224113464355468750000000000000000000
1.0000149011611938476562500000000000000000
1.0000097751617431640625000000000000000000
1.0000064373016357421875000000000000000000
1.0000041723251342773437500000000000000000
1.0000026226043701171875000000000000000000
1.0000016689300537109375000000000000000000
1.0000010728836059570312500000000000000000
1.0000005960464477539062500000000000000000
1.0000002384185791015625000000000000000000
1.0000001192092895507812500000000000000000
1.0000000000000000000000000000000000000000
1.0000000000000000000000000000000000000000
1.0000000000000000000000000000000000000000
1.0000000000000000000000000000000000000000
1.0000000000000000000000000000000000000000
1.0000000000000000000000000000000000000000
1.0000000000000000000000000000000000000000
1.0000000000000000000000000000000000000000
1.0000000000000000000000000000000000000000
1.0000000000000000000000000000000000000000
1.0000000000000000000000000000000000000000
1.0000000000000000000000000000000000000000
1.0000000000000000000000000000000000000000
1.0000000000000000000000000000000000000000
1.0000000000000000000000000000000000000000
1.0000000000000000000000000000000000000000
1.0000000000000000000000000000000000000000
1.0000000000000000000000000000000000000000
1.0000000000000000000000000000000000000000
1.0000000000000000000000000000000000000000
1.0000000000000000000000000000000000000000
1.0000000000000000000000000000000000000000
1.0000000000000000000000000000000000000000
1.0000000000000000000000000000000000000000
1.0000000000000000000000000000000000000000
1.0000000000000000000000000000000000000000
1.0000000000000000000000000000000000000000
1.0000000000000000000000000000000000000000
1.0000000000000000000000000000000000000000
1.0000000000000000000000000000000000000000
1.0000000000000000000000000000000000000000
1.0000000000000000000000000000000000000000
1.0000000000000000000000000000000000000000
1.0000000000000000000000000000000000000000
1.0000000000000000000000000000000000000000
1.0000000000000000000000000000000000000000
1.0000000000000000000000000000000000000000
1.0000000000000000000000000000000000000000
1.0000000000000000000000000000000000000000
1.0000000000000000000000000000000000000000
1.0000000000000000000000000000000000000000
1.0000000000000000000000000000000000000000
1.0000000000000000000000000000000000000000
1.0000000000000000000000000000000000000000
1.0000000000000000000000000000000000000000
1.0000000000000000000000000000000000000000
3.0000000000000000000000000000000000000000
3.0000000000000000000000000000000000000000
2.9924199581146240234375000000000000000000
2.9695813655853271484375000000000000000000
2.9234299659729003906250000000000000000000
2.8495118618011474609375000000000000000000
2.7471570968627929687500000000000000000000
2.6195898056030273437500000000000000000000
2.4727652072906494140625000000000000000000
2.3141098022460937500000000000000000000000
2.1512594223022460937500000000000000000000
1.9911175966262817382812500000000000000000
1.8392666578292846679687500000000000000000
1.6997208595275878906250000000000000000000
1.5749392509460449218750000000000000000000
1.4660130739212036132812500000000000000000
1.3729388713836669921875000000000000000000
1.2949172258377075195312500000000000000000
1.2306315898895263671875000000000000000000
1.1784851551055908203125000000000000000000
1.1367837190628051757812500000000000000000
1.1038668155670166015625000000000000000000
1.0781934261322021484375000000000000000000
1.0583895444869995117187500000000000000000
1.0432689189910888671875000000000000000000
1.0318330526351928710937500000000000000000
1.0232603549957275390625000000000000000000
1.0168868303298950195312500000000000000000
1.0121848583221435546875000000000000000000
1.0087412595748901367187500000000000000000
1.0062364339828491210937500000000000000000
1.0044261217117309570312500000000000000000
1.0031255483627319335937500000000000000000
1.0021966695785522460937500000000000000000
1.0015368461608886718750000000000000000000
1.0010706186294555664062500000000000000000
1.0007426738739013671875000000000000000000
1.0005131959915161132812500000000000000000
1.0003533363342285156250000000000000000000
1.0002423524856567382812500000000000000000
1.0001657009124755859375000000000000000000
1.0001127719879150390625000000000000000000
1.0000765323638916015625000000000000000000
1.0000517368316650390625000000000000000000
1.0000348091125488281250000000000000000000
1.0000233650207519531250000000000000000000
1.0000156164169311523437500000000000000000
1.0000103712081909179687500000000000000000
1.0000069141387939453125000000000000000000
1.0000045299530029296875000000000000000000
1.0000029802322387695312500000000000000000
1.0000019073486328125000000000000000000000
1.0000011920928955078125000000000000000000
1.0000007152557373046875000000000000000000
1.0000003576278686523437500000000000000000
1.0000002384185791015625000000000000000000
1.0000001192092895507812500000000000000000
1.0000000000000000000000000000000000000000
1.0000000000000000000000000000000000000000
1.0000000000000000000000000000000000000000
1.0000000000000000000000000000000000000000
1.0000000000000000000000000000000000000000
1.0000000000000000000000000000000000000000
1.0000000000000000000000000000000000000000
1.0000000000000000000000000000000000000000
1.0000000000000000000000000000000000000000
1.0000000000000000000000000000000000000000
1.0000000000000000000000000000000000000000
1.0000000000000000000000000000000000000000
1.0000000000000000000000000000000000000000
1.0000000000000000000000000000000000000000
1.0000000000000000000000000000000000000000
1.0000000000000000000000000000000000000000
1.0000000000000000000000000000000000000000
1.0000000000000000000000000000000000000000
1.0000000000000000000000000000000000000000
1.0000000000000000000000000000000000000000
1.0000000000000000000000000000000000000000
1.0000000000000000000000000000000000000000
1.0000000000000000000000000000000000000000
1.0000000000000000000000000000000000000000
1.0000000000000000000000000000000000000000
1.0000000000000000000000000000000000000000
1.0000000000000000000000000000000000000000
1.0000000000000000000000000000000000000000
1.0000000000000000000000000000000000000000
1.0000000000000000000000000000000000000000
1.0000000000000000000000000000000000000000
1.0000000000000000000000000000000000000000
1.0000000000000000000000000000000000000000
1.0000000000000000000000000000000000000000
1.0000000000000000000000000000000000000000
1.0000000000000000000000000000000000000000
1.0000000000000000000000000000000000000000
1.0000000000000000000000000000000000000000
1.0000000000000000000000000000000000000000
1.0000000000000000000000000000000000000000
1.0000000000000000000000000000000000000000
1.0000000000000000000000000000000000000000
1.0000000000000000000000000000000000000000
3.0000000000000000000000000000000000000000
3.0000000000000000000000000000000000000000
2.9956402778625488281250000000000000000000
2.9811906814575195312500000000000000000000
2.9498281478881835937500000000000000000000
2.8962800502777099609375000000000000000000
2.8177654743194580078125000000000000000000
2.7146360874176025390625000000000000000000
2.5900304317474365234375000000000000000000
2.4491376876831054687500000000000000000000
2.2982277870178222656250000000000000000000
2.1437394618988037109375000000000000000000
1.9915578365325927734375000000000000000000
1.8465429544448852539062500000000000000000
1.7123049497604370117187500000000000000000
1.5911781787872314453125000000000000000000
1.4843386411666870117187500000000000000000
1.3920010328292846679687500000000000000000
1.3136501312255859375000000000000000000000
1.2482661008834838867187500000000000000000
1.1945259571075439453125000000000000000000
1.1509668827056884765625000000000000000000
1.1161094903945922851562500000000000000000
1.0885430574417114257812500000000000000000
1.0669804811477661132812500000000000000000
1.0502848625183105468750000000000000000000
1.0374797582626342773437500000000000000000
1.0277453660964965820312500000000000000000
1.0204064846038818359375000000000000000000
1.0149165391921997070312500000000000000000
1.0108399391174316406250000000000000000000
1.0078336000442504882812500000000000000000
1.0056309700012207031250000000000000000000
1.0040272474288940429687500000000000000000
1.0028662681579589843750000000000000000000
1.0020306110382080078125000000000000000000
1.0014321804046630859375000000000000000000
1.0010058879852294921875000000000000000000
1.0007035732269287109375000000000000000000
1.0004903078079223632812500000000000000000
1.0003402233123779296875000000000000000000
1.0002353191375732421875000000000000000000
1.0001622438430786132812500000000000000000
1.0001113414764404296875000000000000000000
1.0000761747360229492187500000000000000000
1.0000519752502441406250000000000000000000
1.0000352859497070312500000000000000000000
1.0000239610671997070312500000000000000000
1.0000160932540893554687500000000000000000
1.0000108480453491210937500000000000000000
1.0000071525573730468750000000000000000000
1.0000047683715820312500000000000000000000
1.0000030994415283203125000000000000000000
1.0000020265579223632812500000000000000000
1.0000011920928955078125000000000000000000
1.0000008344650268554687500000000000000000
1.0000005960464477539062500000000000000000
1.0000002384185791015625000000000000000000
1.0000001192092895507812500000000000000000
1.0000000000000000000000000000000000000000
1.0000000000000000000000000000000000000000
1.0000000000000000000000000000000000000000
1.0000000000000000000000000000000000000000
1.0000000000000000000000000000000000000000
1.0000000000000000000000000000000000000000
1.0000000000000000000000000000000000000000
1.0000000000000000000000000000000000000000
1.0000000000000000000000000000000000000000
1.0000000000000000000000000000000000000000
1.0000000000000000000000000000000000000000
1.0000000000000000000000000000000000000000
1.0000000000000000000000000000000000000000
1.0000000000000000000000000000000000000000
1.0000000000000000000000000000000000000000
1.0000000000000000000000000000000000000000
1.0000000000000000000000000000000000000000
1.0000000000000000000000000000000000000000
1.0000000000000000000000000000000000000000
1.0000000000000000000000000000000000000000
1.0000000000000000000000000000000000000000
1.0000000000000000000000000000000000000000
1.0000000000000000000000000000000000000000
1.0000000000000000000000000000000000000000
1.0000000000000000000000000000000000000000
1.0000000000000000000000000000000000000000
1.0000000000000000000000000000000000000000
1.0000000000000000000000000000000000000000
1.0000000000000000000000000000000000000000
1.0000000000000000000000000000000000000000
1.0000000000000000000000000000000000000000
1.0000000000000000000000000000000000000000
1.0000000000000000000000000000000000000000
1.0000000000000000000000000000000000000000
1.0000000000000000000000000000000000000000
1.0000000000000000000000000000000000000000
1.0000000000000000000000000000000000000000
1.0000000000000000000000000000000000000000
1.0000000000000000000000000000000000000000
1.0000000000000000000000000000000000000000
1.0000000000000000000000000000000000000000
3.0000000000000000000000000000000000000000
3.0000000000000000000000000000000000000000
2.9974923133850097656250000000000000000000
2.9884257316589355468750000000000000000000
2.9673883914947509765625000000000000000000
2.9292597770690917968750000000000000000000
2.8702669143676757812500000000000000000000
2.7888522148132324218750000000000000000000
2.6858637332916259765625000000000000000000
2.5643045902252197265625000000000000000000
2.4287316799163818359375000000000000000000
2.2845349311828613281250000000000000000000
2.1372389793395996093750000000000000000000
1.9919382333755493164062500000000000000000
1.8529131412506103515625000000000000000000
1.7234286069869995117187500000000000000000
1.6056885719299316406250000000000000000000
1.5009068250656127929687500000000000000000
1.4094513654708862304687500000000000000000
1.3310234546661376953125000000000000000000
1.2648410797119140625000000000000000000000
1.2098107337951660156250000000000000000000
1.1646704673767089843750000000000000000000
1.1281049251556396484375000000000000000000
1.0988279581069946289062500000000000000000
1.0756390094757080078125000000000000000000
1.0574567317962646484375000000000000000000
1.0433338880538940429687500000000000000000
1.0324606895446777343750000000000000000000
1.0241589546203613281250000000000000000000
1.0178697109222412109375000000000000000000
1.0131402015686035156250000000000000000000
1.0096083879470825195312500000000000000000
1.0069882869720458984375000000000000000000
1.0050566196441650390625000000000000000000
1.0036410093307495117187500000000000000000
1.0026093721389770507812500000000000000000
1.0018616914749145507812500000000000000000
1.0013225078582763671875000000000000000000
1.0009356737136840820312500000000000000000
1.0006592273712158203125000000000000000000
1.0004626512527465820312500000000000000000
1.0003235340118408203125000000000000000000
1.0002254247665405273437500000000000000000
1.0001565217971801757812500000000000000000
1.0001082420349121093750000000000000000000
1.0000746250152587890625000000000000000000
1.0000512599945068359375000000000000000000
1.0000351667404174804687500000000000000000
1.0000240802764892578125000000000000000000
1.0000163316726684570312500000000000000000
1.0000109672546386718750000000000000000000
1.0000073909759521484375000000000000000000
1.0000048875808715820312500000000000000000
1.0000032186508178710937500000000000000000
1.0000020265579223632812500000000000000000
1.0000013113021850585937500000000000000000
1.0000008344650268554687500000000000000000
1.0000005960464477539062500000000000000000
1.0000002384185791015625000000000000000000
1.0000001192092895507812500000000000000000
1.0000000000000000000000000000000000000000
1.0000000000000000000000000000000000000000
1.0000000000000000000000000000000000000000
1.0000000000000000000000000000000000000000
1.0000000000000000000000000000000000000000
1.0000000000000000000000000000000000000000
1.0000000000000000000000000000000000000000
1.0000000000000000000000000000000000000000
1.0000000000000000000000000000000000000000
1.0000000000000000000000000000000000000000
1.0000000000000000000000000000000000000000
1.0000000000000000000000000000000000000000
1.0000000000000000000000000000000000000000
1.0000000000000000000000000000000000000000
1.0000000000000000000000000000000000000000
1.0000000000000000000000000000000000000000
1.0000000000000000000000000000000000000000
1.0000000000000000000000000000000000000000
1.0000000000000000000000000000000000000000
1.0000000000000000000000000000000000000000
1.0000000000000000000000000000000000000000
1.0000000000000000000000000000000000000000
1.0000000000000000000000000000000000000000
1.0000000000000000000000000000000000000000
1.0000000000000000000000000000000000000000
1.0000000000000000000000000000000000000000
1.0000000000000000000000000000000000000000
1.0000000000000000000000000000000000000000
1.0000000000000000000000000000000000000000
1.0000000000000000000000000000000000000000
1.0000000000000000000000000000000000000000
1.0000000000000000000000000000000000000000
1.0000000000000000000000000000000000000000
1.0000000000000000000000000000000000000000
1.0000000000000000000000000000000000000000
1.0000000000000000000000000000000000000000
1.0000000000000000000000000000000000000000
1.0000000000000000000000000000000000000000
1.0000000000000000000000000000000000000000
3.0000000000000000000000000000000000000000
3.0000000000000000000000000000000000000000
2.9985578060150146484375000000000000000000
2.9929082393646240234375000000000000000000
2.9789528846740722656250000000000000000000
2.9522013664245605468750000000000000000000
2.9086592197418212890625000000000000000000
2.8456914424896240234375000000000000000000
2.7624964714050292968750000000000000000000
2.6602096557617187500000000000000000000000
2.5416553020477294921875000000000000000000
2.4108762741088867187500000000000000000000
2.2725710868835449218750000000000000000000
2.1315474510192871093750000000000000000000
1.9922719001770019531250000000000000000000
1.8585511445999145507812500000000000000000
1.7333545684814453125000000000000000000000
1.6187567710876464843750000000000000000000
1.5159806013107299804687500000000000000000
1.4255009889602661132812500000000000000000
1.3471850156784057617187500000000000000000
1.2804430723190307617187500000000000000000
1.2243734598159790039062500000000000000000
1.1778889894485473632812500000000000000000
1.1398215293884277343750000000000000000000
1.1090013980865478515625000000000000000000
1.0843133926391601562500000000000000000000
1.0647337436676025390625000000000000000000
1.0493500232696533203125000000000000000000
1.0373690128326416015625000000000000000000
1.0281149148941040039062500000000000000000
1.0210226774215698242187500000000000000000
1.0156273841857910156250000000000000000000
1.0115516185760498046875000000000000000000
1.0084929466247558593750000000000000000000
1.0062121152877807617187500000000000000000
1.0045212507247924804687500000000000000000
1.0032751560211181640625000000000000000000
1.0023616552352905273437500000000000000000
1.0016956329345703125000000000000000000000
1.0012122392654418945312500000000000000000
1.0008631944656372070312500000000000000000
1.0006122589111328125000000000000000000000
1.0004324913024902343750000000000000000000
1.0003044605255126953125000000000000000000
1.0002135038375854492187500000000000000000
1.0001492500305175781250000000000000000000
1.0001039505004882812500000000000000000000
1.0000722408294677734375000000000000000000
1.0000499486923217773437500000000000000000
1.0000344514846801757812500000000000000000
1.0000236034393310546875000000000000000000
1.0000160932540893554687500000000000000000
1.0000109672546386718750000000000000000000
1.0000073909759521484375000000000000000000
1.0000048875808715820312500000000000000000
1.0000032186508178710937500000000000000000
1.0000021457672119140625000000000000000000
1.0000014305114746093750000000000000000000
1.0000008344650268554687500000000000000000
1.0000005960464477539062500000000000000000
1.0000002384185791015625000000000000000000
1.0000001192092895507812500000000000000000
1.0000000000000000000000000000000000000000
1.0000000000000000000000000000000000000000
1.0000000000000000000000000000000000000000
1.0000000000000000000000000000000000000000
1.0000000000000000000000000000000000000000
1.0000000000000000000000000000000000000000
1.0000000000000000000000000000000000000000
1.0000000000000000000000000000000000000000
1.0000000000000000000000000000000000000000
1.0000000000000000000000000000000000000000
1.0000000000000000000000000000000000000000
1.0000000000000000000000000000000000000000
1.0000000000000000000000000000000000000000
1.0000000000000000000000000000000000000000
1.0000000000000000000000000000000000000000
1.0000000000000000000000000000000000000000
1.0000000000000000000000000000000000000000
1.0000000000000000000000000000000000000000
1.0000000000000000000000000000000000000000
1.0000000000000000000000000000000000000000
1.0000000000000000000000000000000000000000
1.0000000000000000000000000000000000000000
1.0000000000000000000000000000000000000000
1.0000000000000000000000000000000000000000
1.0000000000000000000000000000000000000000
1.0000000000000000000000000000000000000000
1.0000000000000000000000000000000000000000
1.0000000000000000000000000000000000000000
1.0000000000000000000000000000000000000000
1.0000000000000000000000000000000000000000
1.0000000000000000000000000000000000000000
1.0000000000000000000000000000000000000000
1.0000000000000000000000000000000000000000
1.0000000000000000000000000000000000000000
1.0000000000000000000000000000000000000000
1.0000000000000000000000000000000000000000
1.0000000000000000000000000000000000000000
3.0000000000000000000000000000000000000000
3.0000000000000000000000000000000000000000
2.9991705417633056640625000000000000000000
2.9956712722778320312500000000000000000000
2.9865019321441650390625000000000000000000
2.9679715633392333984375000000000000000000
2.9363279342651367187500000000000000000000
2.8884911537170410156250000000000000000000
2.8226170539855957031250000000000000000000
2.7384150028228759765625000000000000000000
2.6371684074401855468750000000000000000000
2.5215177536010742187500000000000000000000
2.3950805664062500000000000000000000000000
2.2619996070861816406250000000000000000000
2.1265091896057128906250000000000000000000
1.9925668239593505859375000000000000000000
1.8635870218276977539062500000000000000000
1.7422828674316406250000000000000000000000
1.6306067705154418945312500000000000000000
1.5297710895538330078125000000000000000000
1.4403246641159057617187500000000000000000
1.3622629642486572265625000000000000000000
1.2951521873474121093750000000000000000000
1.2382518053054809570312500000000000000000
1.1906262636184692382812500000000000000000
1.1512395143508911132812500000000000000000
1.1190291643142700195312500000000000000000
1.0929623842239379882812500000000000000000
1.0720740556716918945312500000000000000000
1.0554896593093872070312500000000000000000
1.0424364805221557617187500000000000000000
1.0322469472885131835937500000000000000000
1.0243546962738037109375000000000000000000
1.0182864665985107421875000000000000000000
1.0136531591415405273437500000000000000000
1.0101392269134521484375000000000000000000
1.0074906349182128906250000000000000000000
1.0055066347122192382812500000000000000000
1.0040287971496582031250000000000000000000
1.0029342174530029296875000000000000000000
1.0021275281906127929687500000000000000000
1.0015361309051513671875000000000000000000
1.0011044740676879882812500000000000000000
1.0007909536361694335937500000000000000000
1.0005643367767333984375000000000000000000
1.0004011392593383789062500000000000000000
1.0002840757369995117187500000000000000000
1.0002003908157348632812500000000000000000
1.0001410245895385742187500000000000000000
1.0000989437103271484375000000000000000000
1.0000691413879394531250000000000000000000
1.0000481605529785156250000000000000000000
1.0000333786010742187500000000000000000000
1.0000230073928833007812500000000000000000
1.0000158548355102539062500000000000000000
1.0000108480453491210937500000000000000000
1.0000073909759521484375000000000000000000
1.0000050067901611328125000000000000000000
1.0000033378601074218750000000000000000000
1.0000021457672119140625000000000000000000
1.0000014305114746093750000000000000000000
1.0000008344650268554687500000000000000000
1.0000005960464477539062500000000000000000
1.0000002384185791015625000000000000000000
1.0000001192092895507812500000000000000000
1.0000000000000000000000000000000000000000
1.0000000000000000000000000000000000000000
1.0000000000000000000000000000000000000000
1.0000000000000000000000000000000000000000
1.0000000000000000000000000000000000000000
1.0000000000000000000000000000000000000000
1.0000000000000000000000000000000000000000
1.0000000000000000000000000000000000000000
1.0000000000000000000000000000000000000000
1.0000000000000000000000000000000000000000
1.0000000000000000000000000000000000000000
1.0000000000000000000000000000000000000000
1.0000000000000000000000000000000000000000
1.0000000000000000000000000000000000000000
1.0000000000000000000000000000000000000000
1.0000000000000000000000000000000000000000
1.0000000000000000000000000000000000000000
1.0000000000000000000000000000000000000000
1.0000000000000000000000000000000000000000
1.0000000000000000000000000000000000000000
1.0000000000000000000000000000000000000000
1.0000000000000000000000000000000000000000
1.0000000000000000000000000000000000000000
1.0000000000000000000000000000000000000000
1.0000000000000000000000000000000000000000
1.0000000000000000000000000000000000000000
1.0000000000000000000000000000000000000000
1.0000000000000000000000000000000000000000
1.0000000000000000000000000000000000000000
1.0000000000000000000000000000000000000000
1.0000000000000000000000000000000000000000
1.0000000000000000000000000000000000000000
1.0000000000000000000000000000000000000000
1.0000000000000000000000000000000000000000
1.0000000000000000000000000000000000000000
3.0000000000000000000000000000000000000000
3.0000000000000000000000000000000000000000
2.9995229244232177734375000000000000000000
2.9973664283752441406250000000000000000000
2.9913923740386962890625000000000000000000
2.9786992073059082031250000000000000000000
2.9560141563415527343750000000000000000000
2.9202406406402587890625000000000000000000
2.8689956665039062500000000000000000000000
2.8010122776031494140625000000000000000000
2.7163414955139160156250000000000000000000
2.6163370609283447265625000000000000000000
2.5034625530242919921875000000000000000000
2.3809766769409179687500000000000000000000
2.2525701522827148437500000000000000000000
2.1220088005065917968750000000000000000000
1.9928307533264160156250000000000000000000
1.8681210279464721679687500000000000000000
1.7503705024719238281250000000000000000000
1.6414166688919067382812500000000000000000
1.5424498319625854492187500000000000000000
1.4540688991546630859375000000000000000000
1.3763688802719116210937500000000000000000
1.3090424537658691406250000000000000000000
1.2514851093292236328125000000000000000000
1.2028932571411132812500000000000000000000
1.1623481512069702148437500000000000000000
1.1288865804672241210937500000000000000000
1.1015540361404418945312500000000000000000
1.0794430971145629882812500000000000000000
1.0617188215255737304687500000000000000000
1.0476330518722534179687500000000000000000
1.0365300178527832031250000000000000000000
1.0278453826904296875000000000000000000000
1.0211020708084106445312500000000000000000
1.0159026384353637695312500000000000000000
1.0119198560714721679687500000000000000000
1.0088887214660644531250000000000000000000
1.0065953731536865234375000000000000000000
1.0048704147338867187500000000000000000000
1.0035800933837890625000000000000000000000
1.0026199817657470703125000000000000000000
1.0019091367721557617187500000000000000000
1.0013853311538696289062500000000000000000
1.0010013580322265625000000000000000000000
1.0007208585739135742187500000000000000000
1.0005170106887817382812500000000000000000
1.0003694295883178710937500000000000000000
1.0002630949020385742187500000000000000000
1.0001868009567260742187500000000000000000
1.0001322031021118164062500000000000000000
1.0000932216644287109375000000000000000000
1.0000654458999633789062500000000000000000
1.0000457763671875000000000000000000000000
1.0000319480895996093750000000000000000000
1.0000221729278564453125000000000000000000
1.0000153779983520507812500000000000000000
1.0000106096267700195312500000000000000000
1.0000071525573730468750000000000000000000
1.0000048875808715820312500000000000000000
1.0000032186508178710937500000000000000000
1.0000021457672119140625000000000000000000
1.0000014305114746093750000000000000000000
1.0000008344650268554687500000000000000000
1.0000005960464477539062500000000000000000
1.0000002384185791015625000000000000000000
1.0000001192092895507812500000000000000000
1.0000000000000000000000000000000000000000
1.0000000000000000000000000000000000000000
1.0000000000000000000000000000000000000000
1.0000000000000000000000000000000000000000
1.0000000000000000000000000000000000000000
1.0000000000000000000000000000000000000000
1.0000000000000000000000000000000000000000
1.0000000000000000000000000000000000000000
1.0000000000000000000000000000000000000000
1.0000000000000000000000000000000000000000
1.0000000000000000000000000000000000000000
1.0000000000000000000000000000000000000000
1.0000000000000000000000000000000000000000
1.0000000000000000000000000000000000000000
1.0000000000000000000000000000000000000000
1.0000000000000000000000000000000000000000
1.0000000000000000000000000000000000000000
1.0000000000000000000000000000000000000000
1.0000000000000000000000000000000000000000
1.0000000000000000000000000000000000000000
1.0000000000000000000000000000000000000000
1.0000000000000000000000000000000000000000
1.0000000000000000000000000000000000000000
1.0000000000000000000000000000000000000000
1.0000000000000000000000000000000000000000
1.0000000000000000000000000000000000000000
1.0000000000000000000000000000000000000000
1.0000000000000000000000000000000000000000
1.0000000000000000000000000000000000000000
1.0000000000000000000000000000000000000000
1.0000000000000000000000000000000000000000
1.0000000000000000000000000000000000000000
1.0000000000000000000000000000000000000000
3.0000000000000000000000000000000000000000
3.0000000000000000000000000000000000000000
2.9997255802154541015625000000000000000000
2.9984025955200195312500000000000000000000
2.9945385456085205078125000000000000000000
2.9859302043914794921875000000000000000000
2.9698622226715087890625000000000000000000
2.9434823989868164062500000000000000000000
2.9042394161224365234375000000000000000000
2.8502919673919677734375000000000000000000
2.7807972431182861328125000000000000000000
2.6960384845733642578125000000000000000000
2.5973920822143554687500000000000000000000
2.4871549606323242187500000000000000000000
2.3682830333709716796875000000000000000000
2.2440907955169677734375000000000000000000
2.1179566383361816406250000000000000000000
1.9930684566497802734375000000000000000000
1.8722311258316040039062500000000000000000
1.7577416896820068359375000000000000000000
1.6513303518295288085937500000000000000000
1.5541583299636840820312500000000000000000
1.4668571949005126953125000000000000000000
1.3895990848541259765625000000000000000000
1.3221805095672607421875000000000000000000
1.2641119956970214843750000000000000000000
1.2147040367126464843750000000000000000000
1.1731430292129516601562500000000000000000
1.1385562419891357421875000000000000000000
1.1100628376007080078125000000000000000000
1.0868119001388549804687500000000000000000
1.0680091381072998046875000000000000000000
1.0529325008392333984375000000000000000000
1.0409409999847412109375000000000000000000
1.0314760208129882812500000000000000000000
1.0240597724914550781250000000000000000000
1.0182888507843017578125000000000000000000
1.0138279199600219726562500000000000000000
1.0104013681411743164062500000000000000000
1.0077850818634033203125000000000000000000
1.0057991743087768554687500000000000000000
1.0042998790740966796875000000000000000000
1.0031740665435791015625000000000000000000
1.0023329257965087890625000000000000000000
1.0017075538635253906250000000000000000000
1.0012449026107788085937500000000000000000
1.0009039640426635742187500000000000000000
1.0006539821624755859375000000000000000000
1.0004713535308837890625000000000000000000
1.0003385543823242187500000000000000000000
1.0002423524856567382812500000000000000000
1.0001728534698486328125000000000000000000
1.0001229047775268554687500000000000000000
1.0000871419906616210937500000000000000000
1.0000615119934082031250000000000000000000
1.0000432729721069335937500000000000000000
1.0000303983688354492187500000000000000000
1.0000212192535400390625000000000000000000
1.0000147819519042968750000000000000000000
1.0000102519989013671875000000000000000000
1.0000069141387939453125000000000000000000
1.0000047683715820312500000000000000000000
1.0000032186508178710937500000000000000000
1.0000021457672119140625000000000000000000
1.0000014305114746093750000000000000000000
1.0000008344650268554687500000000000000000
1.0000005960464477539062500000000000000000
1.0000002384185791015625000000000000000000
1.0000001192092895507812500000000000000000
1.0000000000000000000000000000000000000000
1.0000000000000000000000000000000000000000
1.0000000000000000000000000000000000000000
1.0000000000000000000000000000000000000000
1.0000000000000000000000000000000000000000
1.0000000000000000000000000000000000000000
1.0000000000000000000000000000000000000000
1.0000000000000000000000000000000000000000
1.0000000000000000000000000000000000000000
1.0000000000000000000000000000000000000000
1.0000000000000000000000000000000000000000
1.0000000000000000000000000000000000000000
1.0000000000000000000000000000000000000000
1.0000000000000000000000000000000000000000
1.0000000000000000000000000000000000000000
1.0000000000000000000000000000000000000000
1.0000000000000000000000000000000000000000
1.0000000000000000000000000000000000000000
1.0000000000000000000000000000000000000000
1.0000000000000000000000000000000000000000
1.0000000000000000000000000000000000000000
1.0000000000000000000000000000000000000000
1.0000000000000000000000000000000000000000
1.0000000000000000000000000000000000000000
1.0000000000000000000000000000000000000000
1.0000000000000000000000000000000000000000
1.0000000000000000000000000000000000000000
1.0000000000000000000000000000000000000000
1.0000000000000000000000000000000000000000
1.0000000000000000000000000000000000000000
1.0000000000000000000000000000000000000000
3.0000000000000000000000000000000000000000
3.0000000000000000000000000000000000000000
2.9998421669006347656250000000000000000000
2.9990334510803222656250000000000000000000
2.9965510368347167968750000000000000000000
2.9907636642456054687500000000000000000000
2.9795050621032714843750000000000000000000
2.9602940082550048828125000000000000000000
2.9306628704071044921875000000000000000000
2.8885130882263183593750000000000000000000
2.8324263095855712890625000000000000000000
2.7618737220764160156250000000000000000000
2.6772983074188232421875000000000000000000
2.5800695419311523437500000000000000000000
2.4723310470581054687500000000000000000000
2.3567788600921630859375000000000000000000
2.2364120483398437500000000000000000000000
2.1142828464508056640625000000000000000000
1.9932837486267089843750000000000000000000
1.8759793043136596679687500000000000000000
1.7644959688186645507812500000000000000000
1.6604650020599365234375000000000000000000
1.5650136470794677734375000000000000000000
1.4787940979003906250000000000000000000000
1.4020380973815917968750000000000000000000
1.3346272706985473632812500000000000000000
1.2761700153350830078125000000000000000000
1.2260756492614746093750000000000000000000
1.1836245059967041015625000000000000000000
1.1480263471603393554687500000000000000000
1.1184693574905395507812500000000000000000
1.0941573381423950195312500000000000000000
1.0743359327316284179687500000000000000000
1.0583112239837646484375000000000000000000
1.0454589128494262695312500000000000000000
1.0352289676666259765625000000000000000000
1.0271452665328979492187500000000000000000
1.0208014249801635742187500000000000000000
1.0158553123474121093750000000000000000000
1.0120235681533813476562500000000000000000
1.0090727806091308593750000000000000000000
1.0068136453628540039062500000000000000000
1.0050933361053466796875000000000000000000
1.0037906169891357421875000000000000000000
1.0028088092803955078125000000000000000000
1.0020728111267089843750000000000000000000
1.0015233755111694335937500000000000000000
1.0011152029037475585937500000000000000000
1.0008132457733154296875000000000000000000
1.0005910396575927734375000000000000000000
1.0004279613494873046875000000000000000000
1.0003087520599365234375000000000000000000
1.0002220869064331054687500000000000000000
1.0001591444015502929687500000000000000000
1.0001137256622314453125000000000000000000
1.0000809431076049804687500000000000000000
1.0000574588775634765625000000000000000000
1.0000406503677368164062500000000000000000
1.0000286102294921875000000000000000000000
1.0000201463699340820312500000000000000000
1.0000139474868774414062500000000000000000
1.0000096559524536132812500000000000000000
1.0000067949295043945312500000000000000000
1.0000045299530029296875000000000000000000
1.0000030994415283203125000000000000000000
1.0000020265579223632812500000000000000000
1.0000013113021850585937500000000000000000
1.0000008344650268554687500000000000000000
1.0000005960464477539062500000000000000000
1.0000002384185791015625000000000000000000
1.0000001192092895507812500000000000000000
1.0000000000000000000000000000000000000000
1.0000000000000000000000000000000000000000
1.0000000000000000000000000000000000000000
1.0000000000000000000000000000000000000000
1.0000000000000000000000000000000000000000
1.0000000000000000000000000000000000000000
1.0000000000000000000000000000000000000000
1.0000000000000000000000000000000000000000
1.0000000000000000000000000000000000000000
1.0000000000000000000000000000000000000000
1.0000000000000000000000000000000000000000
1.0000000000000000000000000000000000000000
1.0000000000000000000000000000000000000000
1.0000000000000000000000000000000000000000
1.0000000000000000000000000000000000000000
1.0000000000000000000000000000000000000000
1.0000000000000000000000000000000000000000
1.0000000000000000000000000000000000000000
1.0000000000000000000000000000000000000000
1.0000000000000000000000000000000000000000
1.0000000000000000000000000000000000000000
1.0000000000000000000000000000000000000000
1.0000000000000000000000000000000000000000
1.0000000000000000000000000000000000000000
1.0000000000000000000000000000000000000000
1.0000000000000000000000000000000000000000
1.0000000000000000000000000000000000000000
1.0000000000000000000000000000000000000000
1.0000000000000000000000000000000000000000
3.0000000000000000000000000000000000000000
3.0000000000000000000000000000000000000000
2.9999089241027832031250000000000000000000
2.9994165897369384765625000000000000000000
2.9978306293487548828125000000000000000000
2.9939706325531005859375000000000000000000
2.9861578941345214843750000000000000000000
2.9723246097564697265625000000000000000000
2.9502336978912353515625000000000000000000
2.9177601337432861328125000000000000000000
2.8731782436370849609375000000000000000000
2.8154025077819824218750000000000000000000
2.7441401481628417968750000000000000000000
2.6599426269531250000000000000000000000000
2.5641546249389648437500000000000000000000
2.4587793350219726562500000000000000000000
2.3462896347045898437500000000000000000000
2.2294151782989501953125000000000000000000
2.1109323501586914062500000000000000000000
1.9934802055358886718750000000000000000000
1.8794161081314086914062500000000000000000
1.7707152366638183593750000000000000000000
1.6689174175262451171875000000000000000000
1.5751144886016845703125000000000000000000
1.4899693727493286132812500000000000000000
1.4137598276138305664062500000000000000000
1.3464379310607910156250000000000000000000
1.2876944541931152343750000000000000000000
1.2370262145996093750000000000000000000000
1.1937960386276245117187500000000000000000
1.1572895050048828125000000000000000000000
1.1267590522766113281250000000000000000000
1.1014600992202758789062500000000000000000
1.0806784629821777343750000000000000000000
1.0637485980987548828125000000000000000000
1.0500650405883789062500000000000000000000
1.0390880107879638671875000000000000000000
1.0303452014923095703125000000000000000000
1.0234293937683105468750000000000000000000
1.0179944038391113281250000000000000000000
1.0137499570846557617187500000000000000000
1.0104550123214721679687500000000000000000
1.0079119205474853515625000000000000000000
1.0059599876403808593750000000000000000000
1.0044696331024169921875000000000000000000
1.0033376216888427734375000000000000000000
1.0024818181991577148437500000000000000000
1.0018380880355834960937500000000000000000
1.0013560056686401367187500000000000000000
1.0009964704513549804687500000000000000000
1.0007296800613403320312500000000000000000
1.0005322694778442382812500000000000000000
1.0003870725631713867187500000000000000000
1.0002803802490234375000000000000000000000
1.0002025365829467773437500000000000000000
1.0001457929611206054687500000000000000000
1.0001046657562255859375000000000000000000
1.0000748634338378906250000000000000000000
1.0000532865524291992187500000000000000000
1.0000379085540771484375000000000000000000
1.0000268220901489257812500000000000000000
1.0000188350677490234375000000000000000000
1.0000132322311401367187500000000000000000
1.0000092983245849609375000000000000000000
1.0000064373016357421875000000000000000000
1.0000044107437133789062500000000000000000
1.0000029802322387695312500000000000000000
1.0000020265579223632812500000000000000000
1.0000013113021850585937500000000000000000
1.0000008344650268554687500000000000000000
1.0000005960464477539062500000000000000000
1.0000002384185791015625000000000000000000
1.0000001192092895507812500000000000000000
1.0000000000000000000000000000000000000000
1.0000000000000000000000000000000000000000
1.0000000000000000000000000000000000000000
1.0000000000000000000000000000000000000000
1.0000000000000000000000000000000000000000
1.0000000000000000000000000000000000000000
1.0000000000000000000000000000000000000000
1.0000000000000000000000000000000000000000
1.0000000000000000000000000000000000000000
1.0000000000000000000000000000000000000000
1.0000000000000000000000000000000000000000
1.0000000000000000000000000000000000000000
1.0000000000000000000000000000000000000000
1.0000000000000000000000000000000000000000
1.0000000000000000000000000000000000000000
1.0000000000000000000000000000000000000000
1.0000000000000000000000000000000000000000
1.0000000000000000000000000000000000000000
1.0000000000000000000000000000000000000000
1.0000000000000000000000000000000000000000
1.0000000000000000000000000000000000000000
1.0000000000000000000000000000000000000000
1.0000000000000000000000000000000000000000
1.0000000000000000000000000000000000000000
1.0000000000000000000000000000000000000000
1.0000000000000000000000000000000000000000
1.0000000000000000000000000000000000000000
3.0000000000000000000000000000000000000000
3.0000000000000000000000000000000000000000
2.9999477863311767578125000000000000000000
2.9996488094329833984375000000000000000000
2.9986407756805419921875000000000000000000
2.9960846900939941406250000000000000000000
2.9907102584838867187500000000000000000000
2.9808502197265625000000000000000000000000
2.9645695686340332031250000000000000000000
2.9398674964904785156250000000000000000000
2.9049177169799804687500000000000000000000
2.8583030700683593750000000000000000000000
2.7992007732391357421875000000000000000000
2.7274968624114990234375000000000000000000
2.6438164710998535156250000000000000000000
2.5494685173034667968750000000000000000000
2.4463281631469726562500000000000000000000
2.3366742134094238281250000000000000000000
2.2230050563812255859375000000000000000000
2.1078600883483886718750000000000000000000
1.9936605691909790039062500000000000000000
1.8825823068618774414062500000000000000000
1.7764663696289062500000000000000000000000
1.6767686605453491210937500000000000000000
1.5845443010330200195312500000000000000000
1.5004597902297973632812500000000000000000
1.4248292446136474609375000000000000000000
1.3576619625091552734375000000000000000000
1.2987195253372192382812500000000000000000
1.2475740909576416015625000000000000000000
1.2036637067794799804687500000000000000000
1.1663417816162109375000000000000000000000
1.1349204778671264648437500000000000000000
1.1087048053741455078125000000000000000000
1.0870193243026733398437500000000000000000
1.0692272186279296875000000000000000000000
1.0547426939010620117187500000000000000000
1.0430382490158081054687500000000000000000
1.0336470603942871093750000000000000000000
1.0261629819869995117187500000000000000000
1.0202374458312988281250000000000000000000
1.0155748128890991210937500000000000000000
1.0119279623031616210937500000000000000000
1.0090918540954589843750000000000000000000
1.0068984031677246093750000000000000000000
1.0052109956741333007812500000000000000000
1.0039194822311401367187500000000000000000
1.0029356479644775390625000000000000000000
1.0021899938583374023437500000000000000000
1.0016274452209472656250000000000000000000
1.0012047290802001953125000000000000000000
1.0008884668350219726562500000000000000000
1.0006529092788696289062500000000000000000
1.0004781484603881835937500000000000000000
1.0003489255905151367187500000000000000000
1.0002537965774536132812500000000000000000
1.0001839399337768554687500000000000000000
1.0001329183578491210937500000000000000000
1.0000958442687988281250000000000000000000
1.0000687837600708007812500000000000000000
1.0000491142272949218750000000000000000000
1.0000350475311279296875000000000000000000
1.0000249147415161132812500000000000000000
1.0000176429748535156250000000000000000000
1.0000123977661132812500000000000000000000
1.0000087022781372070312500000000000000000
1.0000059604644775390625000000000000000000
1.0000041723251342773437500000000000000000
1.0000029802322387695312500000000000000000
1.0000019073486328125000000000000000000000
1.0000013113021850585937500000000000000000
1.0000008344650268554687500000000000000000
1.0000005960464477539062500000000000000000
1.0000002384185791015625000000000000000000
1.0000001192092895507812500000000000000000
1.0000000000000000000000000000000000000000
1.0000000000000000000000000000000000000000
1.0000000000000000000000000000000000000000
1.0000000000000000000000000000000000000000
1.0000000000000000000000000000000000000000
1.0000000000000000000000000000000000000000
1.0000000000000000000000000000000000000000
1.0000000000000000000000000000000000000000
1.0000000000000000000000000000000000000000
1.0000000000000000000000000000000000000000
1.0000000000000000000000000000000000000000
1.0000000000000000000000000000000000000000
1.0000000000000000000000000000000000000000
1.0000000000000000000000000000000000000000
1.0000000000000000000000000000000000000000
1.0000000000000000000000000000000000000000
1.0000000000000000000000000000000000000000
1.0000000000000000000000000000000000000000
1.0000000000000000000000000000000000000000
1.0000000000000000000000000000000000000000
1.0000000000000000000000000000000000000000
1.0000000000000000000000000000000000000000
1.0000000000000000000000000000000000000000
1.0000000000000000000000000000000000000000
1.0000000000000000000000000000000000000000
3.0000000000000000000000000000000000000000
3.0000000000000000000000000000000000000000
2.9999699592590332031250000000000000000000
2.9997887611389160156250000000000000000000
2.9991514682769775390625000000000000000000
2.9974694252014160156250000000000000000000
2.9938015937805175781250000000000000000000
2.9868388175964355468750000000000000000000
2.9749655723571777343750000000000000000000
2.9563920497894287109375000000000000000000
2.9293379783630371093750000000000000000000
2.8922362327575683593750000000000000000000
2.8439238071441650390625000000000000000000
2.7837877273559570312500000000000000000000
2.7118515968322753906250000000000000000000
2.6287870407104492187500000000000000000000
2.5358624458312988281250000000000000000000
2.4348368644714355468750000000000000000000
2.3278179168701171875000000000000000000000
2.2171039581298828125000000000000000000000
2.1050298213958740234375000000000000000000
1.9938266277313232421875000000000000000000
1.8855115175247192382812500000000000000000
1.7818052768707275390625000000000000000000
1.6840866804122924804687500000000000000000
1.5933740139007568359375000000000000000000
1.5103325843811035156250000000000000000000
1.4353034496307373046875000000000000000000
1.3683439493179321289062500000000000000000
1.3092761039733886718750000000000000000000
1.2577385902404785156250000000000000000000
1.2132350206375122070312500000000000000000
1.1751816272735595703125000000000000000000
1.1429456472396850585937500000000000000000
1.1158789396286010742187500000000000000000
1.0933434963226318359375000000000000000000
1.0747312307357788085937500000000000000000
1.0594768524169921875000000000000000000000
1.0470658540725708007812500000000000000000
1.0370388031005859375000000000000000000000
1.0289922952651977539062500000000000000000
1.0225764513015747070312500000000000000000
1.0174924135208129882812500000000000000000
1.0134875774383544921875000000000000000000
1.0103507041931152343750000000000000000000
1.0079073905944824218750000000000000000000
1.0060141086578369140625000000000000000000
1.0045545101165771484375000000000000000000
1.0034348964691162109375000000000000000000
1.0025801658630371093750000000000000000000
1.0019304752349853515625000000000000000000
1.0014388561248779296875000000000000000000
1.0010684728622436523437500000000000000000
1.0007907152175903320312500000000000000000
1.0005829334259033203125000000000000000000
1.0004283189773559570312500000000000000000
1.0003136396408081054687500000000000000000
1.0002290010452270507812500000000000000000
1.0001666545867919921875000000000000000000
1.0001208782196044921875000000000000000000
1.0000873804092407226562500000000000000000
1.0000629425048828125000000000000000000000
1.0000451803207397460937500000000000000000
1.0000324249267578125000000000000000000000
1.0000231266021728515625000000000000000000
1.0000164508819580078125000000000000000000
1.0000115633010864257812500000000000000000
1.0000081062316894531250000000000000000000
1.0000057220458984375000000000000000000000
1.0000039339065551757812500000000000000000
1.0000027418136596679687500000000000000000
1.0000019073486328125000000000000000000000
1.0000011920928955078125000000000000000000
1.0000008344650268554687500000000000000000
1.0000005960464477539062500000000000000000
1.0000002384185791015625000000000000000000
1.0000001192092895507812500000000000000000
1.0000000000000000000000000000000000000000
1.0000000000000000000000000000000000000000
1.0000000000000000000000000000000000000000
1.0000000000000000000000000000000000000000
1.0000000000000000000000000000000000000000
1.0000000000000000000000000000000000000000
1.0000000000000000000000000000000000000000
1.0000000000000000000000000000000000000000
1.0000000000000000000000000000000000000000
1.0000000000000000000000000000000000000000
1.0000000000000000000000000000000000000000
1.0000000000000000000000000000000000000000
1.0000000000000000000000000000000000000000
1.0000000000000000000000000000000000000000
1.0000000000000000000000000000000000000000
1.0000000000000000000000000000000000000000
1.0000000000000000000000000000000000000000
1.0000000000000000000000000000000000000000
1.0000000000000000000000000000000000000000
1.0000000000000000000000000000000000000000
1.0000000000000000000000000000000000000000
1.0000000000000000000000000000000000000000
1.0000000000000000000000000000000000000000
3.0000000000000000000000000000000000000000
3.0000000000000000000000000000000000000000
2.9999825954437255859375000000000000000000
2.9998731613159179687500000000000000000000
2.9994719028472900390625000000000000000000
2.9983716011047363281250000000000000000000
2.9958865642547607421875000000000000000000
2.9910113811492919921875000000000000000000
2.9824354648590087890625000000000000000000
2.9686179161071777343750000000000000000000
2.9479169845581054687500000000000000000000
2.9187533855438232421875000000000000000000
2.8797831535339355468750000000000000000000
2.8300547599792480468750000000000000000000
2.7691240310668945312500000000000000000000
2.6971185207366943359375000000000000000000
2.6147396564483642578125000000000000000000
2.5232119560241699218750000000000000000000
2.4241881370544433593750000000000000000000
2.3196253776550292968750000000000000000000
2.2116477489471435546875000000000000000000
2.1024110317230224609375000000000000000000
1.9939804077148437500000000000000000000000
1.8882318735122680664062500000000000000000
1.7867791652679443359375000000000000000000
1.6909294128417968750000000000000000000000
1.6016644239425659179687500000000000000000
1.5196450948715209960937500000000000000000
1.4452329874038696289062500000000000000000
1.3785245418548583984375000000000000000000
1.3193939924240112304687500000000000000000
1.2675374746322631835937500000000000000000
1.2225184440612792968750000000000000000000
1.1838093996047973632812500000000000000000
1.1508287191390991210937500000000000000000
1.1229723691940307617187500000000000000000
1.0996385812759399414062500000000000000000
1.0802472829818725585937500000000000000000
1.0642539262771606445312500000000000000000
1.0511583089828491210937500000000000000000
1.0405095815658569335937500000000000000000
1.0319079160690307617187500000000000000000
1.0250040292739868164062500000000000000000
1.0194967985153198242187500000000000000000
1.0151293277740478515625000000000000000000
1.0116856098175048828125000000000000000000
1.0089848041534423828125000000000000000000
1.0068780183792114257812500000000000000000
1.0052427053451538085937500000000000000000
1.0039798021316528320312500000000000000000
1.0030089616775512695312500000000000000000
1.0022660493850708007812500000000000000000
1.0017000436782836914062500000000000000000
1.0012707710266113281250000000000000000000
1.0009464025497436523437500000000000000000
1.0007023811340332031250000000000000000000
1.0005195140838623046875000000000000000000
1.0003829002380371093750000000000000000000
1.0002814531326293945312500000000000000000
1.0002061128616333007812500000000000000000
1.0001504421234130859375000000000000000000
1.0001094341278076171875000000000000000000
1.0000793933868408203125000000000000000000
1.0000574588775634765625000000000000000000
1.0000414848327636718750000000000000000000
1.0000298023223876953125000000000000000000
1.0000212192535400390625000000000000000000
1.0000151395797729492187500000000000000000
1.0000108480453491210937500000000000000000
1.0000076293945312500000000000000000000000
1.0000053644180297851562500000000000000000
1.0000036954879760742187500000000000000000
1.0000025033950805664062500000000000000000
1.0000017881393432617187500000000000000000
1.0000011920928955078125000000000000000000
1.0000007152557373046875000000000000000000
1.0000004768371582031250000000000000000000
1.0000002384185791015625000000000000000000
1.0000001192092895507812500000000000000000
1.0000000000000000000000000000000000000000
1.0000000000000000000000000000000000000000
1.0000000000000000000000000000000000000000
1.0000000000000000000000000000000000000000
1.0000000000000000000000000000000000000000
1.0000000000000000000000000000000000000000
1.0000000000000000000000000000000000000000
1.0000000000000000000000000000000000000000
1.0000000000000000000000000000000000000000
1.0000000000000000000000000000000000000000
1.0000000000000000000000000000000000000000
1.0000000000000000000000000000000000000000
1.0000000000000000000000000000000000000000
1.0000000000000000000000000000000000000000
1.0000000000000000000000000000000000000000
1.0000000000000000000000000000000000000000
1.0000000000000000000000000000000000000000
1.0000000000000000000000000000000000000000
1.0000000000000000000000000000000000000000
1.0000000000000000000000000000000000000000
1.0000000000000000000000000000000000000000
3.0000000000000000000000000000000000000000
3.0000000000000000000000000000000000000000
2.9999899864196777343750000000000000000000
2.9999241828918457031250000000000000000000
2.9996724128723144531250000000000000000000
2.9989564418792724609375000000000000000000
2.9972839355468750000000000000000000000000
2.9938967227935791015625000000000000000000
2.9877569675445556640625000000000000000000
2.9775776863098144531250000000000000000000
2.9619064331054687500000000000000000000000
2.9392447471618652343750000000000000000000
2.9081943035125732421875000000000000000000
2.8676035404205322265625000000000000000000
2.8166966438293457031250000000000000000000
2.7551665306091308593750000000000000000000
2.6832199096679687500000000000000000000000
2.6015748977661132812500000000000000000000
2.5114107131958007812500000000000000000000
2.4142839908599853515625000000000000000000
2.3120179176330566406250000000000000000000
2.2065834999084472656250000000000000000000
2.0999789237976074218750000000000000000000
1.9941232204437255859375000000000000000000
1.8907673358917236328125000000000000000000
1.7914276123046875000000000000000000000000
1.6973458528518676757812500000000000000000
1.6094684600830078125000000000000000000000
1.5284485816955566406250000000000000000000
1.4546625614166259765625000000000000000000
1.3882403373718261718750000000000000000000
1.3290998935699462890625000000000000000000
1.2769888639450073242187500000000000000000
1.2315233945846557617187500000000000000000
1.1922272443771362304687500000000000000000
1.1585662364959716796875000000000000000000
1.1299775838851928710937500000000000000000
1.1058942079544067382812500000000000000000
1.0857636928558349609375000000000000000000
1.0690621137619018554687500000000000000000
1.0553044080734252929687500000000000000000
1.0440489053726196289062500000000000000000
1.0349009037017822265625000000000000000000
1.0275129079818725585937500000000000000000
1.0215822458267211914062500000000000000000
1.0168493986129760742187500000000000000000
1.0130934715270996093750000000000000000000
1.0101290941238403320312500000000000000000
1.0078016519546508789062500000000000000000
1.0059835910797119140625000000000000000000
1.0045702457427978515625000000000000000000
1.0034768581390380859375000000000000000000
1.0026347637176513671875000000000000000000
1.0019890069961547851562500000000000000000
1.0014959573745727539062500000000000000000
1.0011210441589355468750000000000000000000
1.0008372068405151367187500000000000000000
1.0006231069564819335937500000000000000000
1.0004621744155883789062500000000000000000
1.0003416538238525390625000000000000000000
1.0002518892288208007812500000000000000000
1.0001850128173828125000000000000000000000
1.0001355409622192382812500000000000000000
1.0000989437103271484375000000000000000000
1.0000720024108886718750000000000000000000
1.0000522136688232421875000000000000000000
1.0000377893447875976562500000000000000000
1.0000271797180175781250000000000000000000
1.0000195503234863281250000000000000000000
1.0000139474868774414062500000000000000000
1.0000100135803222656250000000000000000000
1.0000070333480834960937500000000000000000
1.0000050067901611328125000000000000000000
1.0000035762786865234375000000000000000000
1.0000023841857910156250000000000000000000
1.0000016689300537109375000000000000000000
1.0000010728836059570312500000000000000000
1.0000007152557373046875000000000000000000
1.0000004768371582031250000000000000000000
1.0000002384185791015625000000000000000000
1.0000001192092895507812500000000000000000
1.0000000000000000000000000000000000000000
1.0000000000000000000000000000000000000000
1.0000000000000000000000000000000000000000
1.0000000000000000000000000000000000000000
1.0000000000000000000000000000000000000000
1.0000000000000000000000000000000000000000
1.0000000000000000000000000000000000000000
1.0000000000000000000000000000000000000000
1.0000000000000000000000000000000000000000
1.0000000000000000000000000000000000000000
1.0000000000000000000000000000000000000000
1.0000000000000000000000000000000000000000
1.0000000000000000000000000000000000000000
1.0000000000000000000000000000000000000000
1.0000000000000000000000000000000000000000
1.0000000000000000000000000000000000000000
1.0000000000000000000000000000000000000000
1.0000000000000000000000000000000000000000
1.0000000000000000000000000000000000000000
3.0000000000000000000000000000000000000000
3.0000000000000000000000000000000000000000
2.9999940395355224609375000000000000000000
2.9999544620513916015625000000000000000000
2.9997973442077636718750000000000000000000
2.9993338584899902343750000000000000000000
2.9982151985168457031250000000000000000000
2.9958789348602294921875000000000000000000
2.9915187358856201171875000000000000000000
2.9840874671936035156250000000000000000000
2.9723405838012695312500000000000000000000
2.9549176692962646484375000000000000000000
2.9304568767547607421875000000000000000000
2.8977217674255371093750000000000000000000
2.8557260036468505859375000000000000000000
2.8038420677185058593750000000000000000000
2.7418730258941650390625000000000000000000
2.6700861454010009765625000000000000000000
2.5892064571380615234375000000000000000000
2.5003688335418701171875000000000000000000
2.4050416946411132812500000000000000000000
2.3049292564392089843750000000000000000000
2.2018661499023437500000000000000000000000
2.0977122783660888671875000000000000000000
1.9942562580108642578125000000000000000000
1.8931374549865722656250000000000000000000
1.7957847118377685546875000000000000000000
1.7033787965774536132812500000000000000000
1.6168316602706909179687500000000000000000
1.5367870330810546875000000000000000000000
1.4636325836181640625000000000000000000000
1.3975245952606201171875000000000000000000
1.3384196758270263671875000000000000000000
1.2861099243164062500000000000000000000000
1.2402591705322265625000000000000000000000
1.2004380226135253906250000000000000000000
1.1661556959152221679687500000000000000000
1.1368883848190307617187500000000000000000
1.1121016740798950195312500000000000000000
1.0912702083587646484375000000000000000000
1.0738909244537353515625000000000000000000
1.0594937801361083984375000000000000000000
1.0476475954055786132812500000000000000000
1.0379633903503417968750000000000000000000
1.0300961732864379882812500000000000000000
1.0237432718276977539062500000000000000000
1.0186430215835571289062500000000000000000
1.0145710706710815429687500000000000000000
1.0113378763198852539062500000000000000000
1.0087838172912597656250000000000000000000
1.0067764520645141601562500000000000000000
1.0052063465118408203125000000000000000000
1.0039842128753662109375000000000000000000
1.0030369758605957031250000000000000000000
1.0023062229156494140625000000000000000000
1.0017448663711547851562500000000000000000
1.0013154745101928710937500000000000000000
1.0009882450103759765625000000000000000000
1.0007399320602416992187500000000000000000
1.0005520582199096679687500000000000000000
1.0004106760025024414062500000000000000000
1.0003044605255126953125000000000000000000
1.0002249479293823242187500000000000000000
1.0001658201217651367187500000000000000000
1.0001218318939208984375000000000000000000
1.0000891685485839843750000000000000000000
1.0000650882720947265625000000000000000000
1.0000473260879516601562500000000000000000
1.0000343322753906250000000000000000000000
1.0000247955322265625000000000000000000000
1.0000178813934326171875000000000000000000
1.0000128746032714843750000000000000000000
1.0000091791152954101562500000000000000000
1.0000065565109252929687500000000000000000
1.0000045299530029296875000000000000000000
1.0000032186508178710937500000000000000000
1.0000021457672119140625000000000000000000
1.0000014305114746093750000000000000000000
1.0000010728836059570312500000000000000000
1.0000005960464477539062500000000000000000
1.0000004768371582031250000000000000000000
1.0000002384185791015625000000000000000000
1.0000001192092895507812500000000000000000
1.0000000000000000000000000000000000000000
1.0000000000000000000000000000000000000000
1.0000000000000000000000000000000000000000
1.0000000000000000000000000000000000000000
1.0000000000000000000000000000000000000000
1.0000000000000000000000000000000000000000
1.0000000000000000000000000000000000000000
1.0000000000000000000000000000000000000000
1.0000000000000000000000000000000000000000
1.0000000000000000000000000000000000000000
1.0000000000000000000000000000000000000000
1.0000000000000000000000000000000000000000
1.0000000000000000000000000000000000000000
1.0000000000000000000000000000000000000000
1.0000000000000000000000000000000000000000
1.0000000000000000000000000000000000000000
1.0000000000000000000000000000000000000000
3.0000000000000000000000000000000000000000
3.0000000000000000000000000000000000000000
2.9999964237213134765625000000000000000000
2.9999728202819824218750000000000000000000
2.9998750686645507812500000000000000000000
2.9995763301849365234375000000000000000000
2.9988322257995605468750000000000000000000
2.9972310066223144531250000000000000000000
2.9941582679748535156250000000000000000000
2.9887783527374267578125000000000000000000
2.9800531864166259765625000000000000000000
2.9667901992797851562500000000000000000000
2.9477231502532958984375000000000000000000
2.9216170310974121093750000000000000000000
2.8873796463012695312500000000000000000000
2.8441679477691650390625000000000000000000
2.7914774417877197265625000000000000000000
2.7292008399963378906250000000000000000000
2.6576533317565917968750000000000000000000
2.5775587558746337890625000000000000000000
2.4900088310241699218750000000000000000000
2.3963906764984130859375000000000000000000
2.2983026504516601562500000000000000000000
2.1974580287933349609375000000000000000000
2.0955929756164550781250000000000000000000
1.9943807125091552734375000000000000000000
1.8953598737716674804687500000000000000000
1.7998799085617065429687500000000000000000
1.7090647220611572265625000000000000000000
1.6237943172454833984375000000000000000000
1.5447003841400146484375000000000000000000
1.4721785783767700195312500000000000000000
1.4064074754714965820312500000000000000000
1.3473763465881347656250000000000000000000
1.2949169874191284179687500000000000000000
1.2487356662750244140625000000000000000000
1.2084456682205200195312500000000000000000
1.1735962629318237304687500000000000000000
1.1436998844146728515625000000000000000000
1.1182538270950317382812500000000000000000
1.0967583656311035156250000000000000000000
1.0787311792373657226562500000000000000000
1.0637174844741821289062500000000000000000
1.0512968301773071289062500000000000000000
1.0410872697830200195312500000000000000000
1.0327470302581787109375000000000000000000
1.0259741544723510742187500000000000000000
1.0205059051513671875000000000000000000000
1.0161151885986328125000000000000000000000
1.0126086473464965820312500000000000000000
1.0098227262496948242187500000000000000000
1.0076203346252441406250000000000000000000
1.0058877468109130859375000000000000000000
1.0045309066772460937500000000000000000000
1.0034732818603515625000000000000000000000
1.0026525259017944335937500000000000000000
1.0020182132720947265625000000000000000000
1.0015301704406738281250000000000000000000
1.0011560916900634765625000000000000000000
1.0008704662322998046875000000000000000000
1.0006532669067382812500000000000000000000
1.0004886388778686523437500000000000000000
1.0003643035888671875000000000000000000000
1.0002708435058593750000000000000000000000
1.0002007484436035156250000000000000000000
1.0001482963562011718750000000000000000000
1.0001091957092285156250000000000000000000
1.0000802278518676757812500000000000000000
1.0000586509704589843750000000000000000000
1.0000427961349487304687500000000000000000
1.0000311136245727539062500000000000000000
1.0000226497650146484375000000000000000000
1.0000163316726684570312500000000000000000
1.0000116825103759765625000000000000000000
1.0000083446502685546875000000000000000000
1.0000059604644775390625000000000000000000
1.0000041723251342773437500000000000000000
1.0000029802322387695312500000000000000000
1.0000020265579223632812500000000000000000
1.0000013113021850585937500000000000000000
1.0000008344650268554687500000000000000000
1.0000005960464477539062500000000000000000
1.0000004768371582031250000000000000000000
1.0000002384185791015625000000000000000000
1.0000001192092895507812500000000000000000
1.0000000000000000000000000000000000000000
1.0000000000000000000000000000000000000000
1.0000000000000000000000000000000000000000
1.0000000000000000000000000000000000000000
1.0000000000000000000000000000000000000000
1.0000000000000000000000000000000000000000
1.0000000000000000000000000000000000000000
1.0000000000000000000000000000000000000000
1.0000000000000000000000000000000000000000
1.0000000000000000000000000000000000000000
1.0000000000000000000000000000000000000000
1.0000000000000000000000000000000000000000
1.0000000000000000000000000000000000000000
1.0000000000000000000000000000000000000000
1.0000000000000000000000000000000000000000
3.0000000000000000000000000000000000000000
3.0000000000000000000000000000000000000000
2.9999978542327880859375000000000000000000
2.9999837875366210937500000000000000000000
2.9999232292175292968750000000000000000000
2.9997315406799316406250000000000000000000
2.9992394447326660156250000000000000000000
2.9981489181518554687500000000000000000000
2.9959981441497802734375000000000000000000
2.9921336174011230468750000000000000000000
2.9857077598571777343750000000000000000000
2.9757039546966552734375000000000000000000
2.9609868526458740234375000000000000000000
2.9403839111328125000000000000000000000000
2.9127767086029052734375000000000000000000
2.8772008419036865234375000000000000000000
2.8329370021820068359375000000000000000000
2.7795851230621337890625000000000000000000
2.7171108722686767578125000000000000000000
2.6458647251129150390625000000000000000000
2.5665659904479980468750000000000000000000
2.4802632331848144531250000000000000000000
2.3882706165313720703125000000000000000000
2.2920899391174316406250000000000000000000
2.1933264732360839843750000000000000000000
2.0936057567596435546875000000000000000000
1.9944974184036254882812500000000000000000
1.8974490165710449218750000000000000000000
1.8037378787994384765625000000000000000000
1.7144358158111572265625000000000000000000
1.6303907632827758789062500000000000000000
1.5522229671478271484375000000000000000000
1.4803322553634643554687500000000000000000
1.4149159193038940429687500000000000000000
1.3559916019439697265625000000000000000000
1.3034256696701049804687500000000000000000
1.2569626569747924804687500000000000000000
1.2162545919418334960937500000000000000000
1.1808879375457763671875000000000000000000
1.1504089832305908203125000000000000000000
1.1243447065353393554687500000000000000000
1.1022205352783203125000000000000000000000
1.0835744142532348632812500000000000000000
1.0679669380187988281250000000000000000000
1.0549888610839843750000000000000000000000
1.0442655086517333984375000000000000000000
1.0354591608047485351562500000000000000000
1.0282698869705200195312500000000000000000
1.0224337577819824218750000000000000000000
1.0177224874496459960937500000000000000000
1.0139391422271728515625000000000000000000
1.0109168291091918945312500000000000000000
1.0085142850875854492187500000000000000000
1.0066134929656982421875000000000000000000
1.0051168203353881835937500000000000000000
1.0039436817169189453125000000000000000000
1.0030280351638793945312500000000000000000
1.0023165941238403320312500000000000000000
1.0017659664154052734375000000000000000000
1.0013414621353149414062500000000000000000
1.0010155439376831054687500000000000000000
1.0007662773132324218750000000000000000000
1.0005762577056884765625000000000000000000
1.0004321336746215820312500000000000000000
1.0003229379653930664062500000000000000000
1.0002405643463134765625000000000000000000
1.0001786947250366210937500000000000000000
1.0001323223114013671875000000000000000000
1.0000977516174316406250000000000000000000
1.0000718832015991210937500000000000000000
1.0000528097152709960937500000000000000000
1.0000386238098144531250000000000000000000
1.0000281333923339843750000000000000000000
1.0000205039978027343750000000000000000000
1.0000147819519042968750000000000000000000
1.0000107288360595703125000000000000000000
1.0000076293945312500000000000000000000000
1.0000054836273193359375000000000000000000
1.0000039339065551757812500000000000000000
1.0000026226043701171875000000000000000000
1.0000017881393432617187500000000000000000
1.0000013113021850585937500000000000000000
1.0000008344650268554687500000000000000000
1.0000005960464477539062500000000000000000
1.0000004768371582031250000000000000000000
1.0000002384185791015625000000000000000000
1.0000001192092895507812500000000000000000
1.0000000000000000000000000000000000000000
1.0000000000000000000000000000000000000000
1.0000000000000000000000000000000000000000
1.0000000000000000000000000000000000000000
1.0000000000000000000000000000000000000000
1.0000000000000000000000000000000000000000
1.0000000000000000000000000000000000000000
1.0000000000000000000000000000000000000000
1.0000000000000000000000000000000000000000
1.0000000000000000000000000000000000000000
1.0000000000000000000000000000000000000000
1.0000000000000000000000000000000000000000
1.0000000000000000000000000000000000000000
3.0000000000000000000000000000000000000000
3.0000000000000000000000000000000000000000
2.9999988079071044921875000000000000000000
2.9999902248382568359375000000000000000000
2.9999527931213378906250000000000000000000
2.9998304843902587890625000000000000000000
2.9995062351226806640625000000000000000000
2.9987678527832031250000000000000000000000
2.9972724914550781250000000000000000000000
2.9945166110992431640625000000000000000000
2.9898219108581542968750000000000000000000
2.9823403358459472656250000000000000000000
2.9710845947265625000000000000000000000000
2.9549827575683593750000000000000000000000
2.9329500198364257812500000000000000000000
2.9039754867553710937500000000000000000000
2.8672080039978027343750000000000000000000
2.8220355510711669921875000000000000000000
2.7681455612182617187500000000000000000000
2.7055647373199462890625000000000000000000
2.6346690654754638671875000000000000000000
2.5561697483062744140625000000000000000000
2.4710745811462402343750000000000000000000
2.3806295394897460937500000000000000000000
2.2862498760223388671875000000000000000000
2.1894438266754150390625000000000000000000
2.0917375087738037109375000000000000000000
1.9946068525314331054687500000000000000000
1.8994178771972656250000000000000000000000
1.8073812723159790039062500000000000000000
1.7195199728012084960937500000000000000000
1.6366524696350097656250000000000000000000
1.5593860149383544921875000000000000000000
1.4881229400634765625000000000000000000000
1.4230754375457763671875000000000000000000
1.3642857074737548828125000000000000000000
1.3116507530212402343750000000000000000000
1.2649497985839843750000000000000000000000
1.2238698005676269531250000000000000000000
1.1880315542221069335937500000000000000000
1.1570130586624145507812500000000000000000
1.1303696632385253906250000000000000000000
1.1076506376266479492187500000000000000000
1.0884137153625488281250000000000000000000
1.0722348690032958984375000000000000000000
1.0587162971496582031250000000000000000000
1.0474911928176879882812500000000000000000
1.0382268428802490234375000000000000000000
1.0306249856948852539062500000000000000000
1.0244225263595581054687500000000000000000
1.0193895101547241210937500000000000000000
1.0153269767761230468750000000000000000000
1.0120643377304077148437500000000000000000
1.0094571113586425781250000000000000000000
1.0073834657669067382812500000000000000000
1.0057418346405029296875000000000000000000
1.0044481754302978515625000000000000000000
1.0034331083297729492187500000000000000000
1.0026400089263916015625000000000000000000
1.0020229816436767578125000000000000000000
1.0015447139739990234375000000000000000000
1.0011756420135498046875000000000000000000
1.0008916854858398437500000000000000000000
1.0006741285324096679687500000000000000000
1.0005080699920654296875000000000000000000
1.0003817081451416015625000000000000000000
1.0002858638763427734375000000000000000000
1.0002135038375854492187500000000000000000
1.0001590251922607421875000000000000000000
1.0001180171966552734375000000000000000000
1.0000873804092407226562500000000000000000
1.0000643730163574218750000000000000000000
1.0000474452972412109375000000000000000000
1.0000348091125488281250000000000000000000
1.0000253915786743164062500000000000000000
1.0000184774398803710937500000000000000000
1.0000133514404296875000000000000000000000
1.0000096559524536132812500000000000000000
1.0000069141387939453125000000000000000000
1.0000048875808715820312500000000000000000
1.0000033378601074218750000000000000000000
1.0000023841857910156250000000000000000000
1.0000016689300537109375000000000000000000
1.0000011920928955078125000000000000000000
1.0000008344650268554687500000000000000000
1.0000005960464477539062500000000000000000
1.0000004768371582031250000000000000000000
1.0000002384185791015625000000000000000000
1.0000001192092895507812500000000000000000
1.0000000000000000000000000000000000000000
1.0000000000000000000000000000000000000000
1.0000000000000000000000000000000000000000
1.0000000000000000000000000000000000000000
1.0000000000000000000000000000000000000000
1.0000000000000000000000000000000000000000
1.0000000000000000000000000000000000000000
1.0000000000000000000000000000000000000000
1.0000000000000000000000000000000000000000
1.0000000000000000000000000000000000000000
1.0000000000000000000000000000000000000000
3.0000000000000000000000000000000000000000
3.0000000000000000000000000000000000000000
2.9999995231628417968750000000000000000000
2.9999940395355224609375000000000000000000
2.9999711513519287109375000000000000000000
2.9998931884765625000000000000000000000000
2.9996807575225830078125000000000000000000
2.9991834163665771484375000000000000000000
2.9981498718261718750000000000000000000000
2.9961979389190673828125000000000000000000
2.9927930831909179687500000000000000000000
2.9872431755065917968750000000000000000000
2.9787087440490722656250000000000000000000
2.9662387371063232421875000000000000000000
2.9488236904144287109375000000000000000000
2.9254634380340576171875000000000000000000
2.8952448368072509765625000000000000000000
2.8574175834655761718750000000000000000000
2.8114612102508544921875000000000000000000
2.7571396827697753906250000000000000000000
2.6945271492004394531250000000000000000000
2.6240198612213134765625000000000000000000
2.5463185310363769531250000000000000000000
2.4623911380767822265625000000000000000000
2.3734219074249267578125000000000000000000
2.2807466983795166015625000000000000000000
2.1857860088348388671875000000000000000000
2.0899770259857177734375000000000000000000
1.9947104454040527343750000000000000000000
1.9012776613235473632812500000000000000000
1.8108289241790771484375000000000000000000
1.7243421077728271484375000000000000000000
1.6426066160202026367187500000000000000000
1.5662169456481933593750000000000000000000
1.4955761432647705078125000000000000000000
1.4309083223342895507812500000000000000000
1.3722769021987915039062500000000000000000
1.3196063041687011718750000000000000000000
1.2727065086364746093750000000000000000000
1.2312963008880615234375000000000000000000
1.1950285434722900390625000000000000000000
1.1635107994079589843750000000000000000000
1.1363246440887451171875000000000000000000
1.1130430698394775390625000000000000000000
1.0932425260543823242187500000000000000000
1.0765144824981689453125000000000000000000
1.0624724626541137695312500000000000000000
1.0507582426071166992187500000000000000000
1.0410439968109130859375000000000000000000
1.0330348014831542968750000000000000000000
1.0264681577682495117187500000000000000000
1.0211132764816284179687500000000000000000
1.0167694091796875000000000000000000000000
1.0132634639739990234375000000000000000000
1.0104475021362304687500000000000000000000
1.0081965923309326171875000000000000000000
1.0064055919647216796875000000000000000000
1.0049868822097778320312500000000000000000
1.0038679838180541992187500000000000000000
1.0029892921447753906250000000000000000000
1.0023020505905151367187500000000000000000
1.0017666816711425781250000000000000000000
1.0013512372970581054687500000000000000000
1.0010300874710083007812500000000000000000
1.0007827281951904296875000000000000000000
1.0005928277969360351562500000000000000000
1.0004476308822631835937500000000000000000
1.0003370046615600585937500000000000000000
1.0002529621124267578125000000000000000000
1.0001893043518066406250000000000000000000
1.0001412630081176757812500000000000000000
1.0001050233840942382812500000000000000000
1.0000779628753662109375000000000000000000
1.0000576972961425781250000000000000000000
1.0000425577163696289062500000000000000000
1.0000312328338623046875000000000000000000
1.0000228881835937500000000000000000000000
1.0000166893005371093750000000000000000000
1.0000121593475341796875000000000000000000
1.0000087022781372070312500000000000000000
1.0000061988830566406250000000000000000000
1.0000044107437133789062500000000000000000
1.0000030994415283203125000000000000000000
1.0000021457672119140625000000000000000000
1.0000015497207641601562500000000000000000
1.0000010728836059570312500000000000000000
1.0000007152557373046875000000000000000000
1.0000004768371582031250000000000000000000
1.0000002384185791015625000000000000000000
1.0000001192092895507812500000000000000000
1.0000000000000000000000000000000000000000
1.0000000000000000000000000000000000000000
1.0000000000000000000000000000000000000000
1.0000000000000000000000000000000000000000
1.0000000000000000000000000000000000000000
1.0000000000000000000000000000000000000000
1.0000000000000000000000000000000000000000
1.0000000000000000000000000000000000000000
1.0000000000000000000000000000000000000000
1.0000000000000000000000000000000000000000
3.0000000000000000000000000000000000000000
3.0000000000000000000000000000000000000000
2.9999997615814208984375000000000000000000
2.9999964237213134765625000000000000000000
2.9999823570251464843750000000000000000000
2.9999327659606933593750000000000000000000
2.9997940063476562500000000000000000000000
2.9994609355926513671875000000000000000000
2.9987509250640869140625000000000000000000
2.9973769187927246093750000000000000000000
2.9949247837066650390625000000000000000000
2.9908382892608642578125000000000000000000
2.9844193458557128906250000000000000000000
2.9748446941375732421875000000000000000000
2.9612040519714355468750000000000000000000
2.9425489902496337890625000000000000000000
2.9179587364196777343750000000000000000000
2.8866090774536132812500000000000000000000
2.8478391170501708984375000000000000000000
2.8012094497680664062500000000000000000000
2.7465462684631347656250000000000000000000
2.6839652061462402343750000000000000000000
2.6138763427734375000000000000000000000000
2.5369677543640136718750000000000000000000
2.4541695117950439453125000000000000000000
2.3666086196899414062500000000000000000000
2.2755491733551025390625000000000000000000
2.1823325157165527343750000000000000000000
2.0883140563964843750000000000000000000000
1.9948081970214843750000000000000000000000
1.9030380249023437500000000000000000000000
1.8140977621078491210937500000000000000000
1.7289236783981323242187500000000000000000
1.6482777595520019531250000000000000000000
1.5727407932281494140625000000000000000000
1.5027153491973876953125000000000000000000
1.4384354352951049804687500000000000000000
1.3799825906753540039062500000000000000000
1.3273055553436279296875000000000000000000
1.2802417278289794921875000000000000000000
1.2385394573211669921875000000000000000000
1.2018809318542480468750000000000000000000
1.1699010133743286132812500000000000000000
1.1422069072723388671875000000000000000000
1.1183931827545166015625000000000000000000
1.0980553627014160156250000000000000000000
1.0807995796203613281250000000000000000000
1.0662513971328735351562500000000000000000
1.0540606975555419921875000000000000000000
1.0439057350158691406250000000000000000000
1.0354946851730346679687500000000000000000
1.0285665988922119140625000000000000000000
1.0228903293609619140625000000000000000000
1.0182639360427856445312500000000000000000
1.0145119428634643554687500000000000000000
1.0114841461181640625000000000000000000000
1.0090520381927490234375000000000000000000
1.0071073770523071289062500000000000000000
1.0055593252182006835937500000000000000000
1.0043326616287231445312500000000000000000
1.0033643245697021484375000000000000000000
1.0026032924652099609375000000000000000000
1.0020074844360351562500000000000000000000
1.0015428066253662109375000000000000000000
1.0011817216873168945312500000000000000000
1.0009022951126098632812500000000000000000
1.0006867647171020507812500000000000000000
1.0005211830139160156250000000000000000000
1.0003942251205444335937500000000000000000
1.0002974271774291992187500000000000000000
1.0002236366271972656250000000000000000000
1.0001676082611083984375000000000000000000
1.0001254081726074218750000000000000000000
1.0000934600830078125000000000000000000000
1.0000694990158081054687500000000000000000
1.0000514984130859375000000000000000000000
1.0000380277633666992187500000000000000000
1.0000280141830444335937500000000000000000
1.0000205039978027343750000000000000000000
1.0000150203704833984375000000000000000000
1.0000108480453491210937500000000000000000
1.0000078678131103515625000000000000000000
1.0000056028366088867187500000000000000000
1.0000040531158447265625000000000000000000
1.0000028610229492187500000000000000000000
1.0000020265579223632812500000000000000000
1.0000014305114746093750000000000000000000
1.0000009536743164062500000000000000000000
1.0000007152557373046875000000000000000000
1.0000004768371582031250000000000000000000
1.0000002384185791015625000000000000000000
1.0000001192092895507812500000000000000000
1.0000000000000000000000000000000000000000
1.0000000000000000000000000000000000000000
1.0000000000000000000000000000000000000000
1.0000000000000000000000000000000000000000
1.0000000000000000000000000000000000000000
1.0000000000000000000000000000000000000000
1.0000000000000000000000000000000000000000
1.0000000000000000000000000000000000000000
3.0000000000000000000000000000000000000000
3.0000000000000000000000000000000000000000
3.0000000000000000000000000000000000000000
2.9999978542327880859375000000000000000000
2.9999890327453613281250000000000000000000
2.9999577999114990234375000000000000000000
2.9998676776885986328125000000000000000000
2.9996454715728759765625000000000000000000
2.9991602897644042968750000000000000000000
2.9981989860534667968750000000000000000000
2.9964447021484375000000000000000000000000
2.9934568405151367187500000000000000000000
2.9886653423309326171875000000000000000000
2.9813730716705322265625000000000000000000
2.9707794189453125000000000000000000000000
2.9560148715972900390625000000000000000000
2.9361915588378906250000000000000000000000
2.9104635715484619140625000000000000000000
2.8780863285064697265625000000000000000000
2.8384790420532226562500000000000000000000
2.7912721633911132812500000000000000000000
2.7363457679748535156250000000000000000000
2.6738486289978027343750000000000000000000
2.6042010784149169921875000000000000000000
2.5280764102935791015625000000000000000000
2.4463696479797363281250000000000000000000
2.3601546287536621093750000000000000000000
2.2706301212310791015625000000000000000000
2.1790645122528076171875000000000000000000
2.0867400169372558593750000000000000000000
1.9949005842208862304687500000000000000000
1.9047074317932128906250000000000000000000
1.8172028064727783203125000000000000000000
1.7332842350006103515625000000000000000000
1.6536873579025268554687500000000000000000
1.5789797306060791015625000000000000000000
1.5095620155334472656250000000000000000000
1.4456757307052612304687500000000000000000
1.3874187469482421875000000000000000000000
1.3347607851028442382812500000000000000000
1.2875643968582153320312500000000000000000
1.2456048727035522460937500000000000000000
1.2085909843444824218750000000000000000000
1.1761837005615234375000000000000000000000
1.1480139493942260742187500000000000000000
1.1236974000930786132812500000000000000000
1.1028474569320678710937500000000000000000
1.0850850343704223632812500000000000000000
1.0700474977493286132812500000000000000000
1.0573933124542236328125000000000000000000
1.0468068122863769531250000000000000000000
1.0380001068115234375000000000000000000000
1.0307139158248901367187500000000000000000
1.0247175693511962890625000000000000000000
1.0198080539703369140625000000000000000000
1.0158083438873291015625000000000000000000
1.0125656127929687500000000000000000000000
1.0099488496780395507812500000000000000000
1.0078467130661010742187500000000000000000
1.0061656236648559570312500000000000000000
1.0048269033432006835937500000000000000000
1.0037653446197509765625000000000000000000
1.0029269456863403320312500000000000000000
1.0022673606872558593750000000000000000000
1.0017507076263427734375000000000000000000
1.0013473033905029296875000000000000000000
1.0010335445404052734375000000000000000000
1.0007903575897216796875000000000000000000
1.0006024837493896484375000000000000000000
1.0004580020904541015625000000000000000000
1.0003470182418823242187500000000000000000
1.0002621412277221679687500000000000000000
1.0001975297927856445312500000000000000000
1.0001482963562011718750000000000000000000
1.0001111030578613281250000000000000000000
1.0000830888748168945312500000000000000000
1.0000617504119873046875000000000000000000
1.0000458955764770507812500000000000000000
1.0000338554382324218750000000000000000000
1.0000250339508056640625000000000000000000
1.0000183582305908203125000000000000000000
1.0000134706497192382812500000000000000000
1.0000096559524536132812500000000000000000
1.0000070333480834960937500000000000000000
1.0000051259994506835937500000000000000000
1.0000036954879760742187500000000000000000
1.0000026226043701171875000000000000000000
1.0000017881393432617187500000000000000000
1.0000013113021850585937500000000000000000
1.0000008344650268554687500000000000000000
1.0000005960464477539062500000000000000000
1.0000004768371582031250000000000000000000
1.0000002384185791015625000000000000000000
1.0000001192092895507812500000000000000000
1.0000000000000000000000000000000000000000
1.0000000000000000000000000000000000000000
1.0000000000000000000000000000000000000000
1.0000000000000000000000000000000000000000
1.0000000000000000000000000000000000000000
1.0000000000000000000000000000000000000000
3.0000000000000000000000000000000000000000
3.0000000000000000000000000000000000000000
3.0000000000000000000000000000000000000000
2.9999988079071044921875000000000000000000
2.9999935626983642578125000000000000000000
2.9999737739562988281250000000000000000000
2.9999151229858398437500000000000000000000
2.9997675418853759765625000000000000000000
2.9994378089904785156250000000000000000000
2.9987688064575195312500000000000000000000
2.9975214004516601562500000000000000000000
2.9953515529632568359375000000000000000000
2.9918005466461181640625000000000000000000
2.9862885475158691406250000000000000000000
2.9781270027160644531250000000000000000000
2.9665398597717285156250000000000000000000
2.9507005214691162109375000000000000000000
2.9297804832458496093750000000000000000000
2.9030010700225830078125000000000000000000
2.8696911334991455078125000000000000000000
2.8293404579162597656250000000000000000000
2.7816407680511474609375000000000000000000
2.7265181541442871093750000000000000000000
2.6641492843627929687500000000000000000000
2.5949597358703613281250000000000000000000
2.5196084976196289062500000000000000000000
2.4389569759368896484375000000000000000000
2.3540296554565429687500000000000000000000
2.2659652233123779296875000000000000000000
2.1759665012359619140625000000000000000000
2.0852472782135009765625000000000000000000
1.9949883222579956054687500000000000000000
1.9062933921813964843750000000000000000000
1.8201572895050048828125000000000000000000
1.7374408245086669921875000000000000000000
1.6588548421859741210937500000000000000000
1.5849539041519165039062500000000000000000
1.5161350965499877929687500000000000000000
1.4526468515396118164062500000000000000000
1.3946001529693603515625000000000000000000
1.3419839143753051757812500000000000000000
1.2946832180023193359375000000000000000000
1.2524977922439575195312500000000000000000
1.2151612043380737304687500000000000000000
1.1823589801788330078125000000000000000000
1.1537439823150634765625000000000000000000
1.1289522647857666015625000000000000000000
1.1076143980026245117187500000000000000000
1.0893660783767700195312500000000000000000
1.0738557577133178710937500000000000000000
1.0607510805130004882812500000000000000000
1.0497428178787231445312500000000000000000
1.0405468940734863281250000000000000000000
1.0329065322875976562500000000000000000000
1.0265917778015136718750000000000000000000
1.0213992595672607421875000000000000000000
1.0171504020690917968750000000000000000000
1.0136904716491699218750000000000000000000
1.0108859539031982421875000000000000000000
1.0086230039596557617187500000000000000000
1.0068051815032958984375000000000000000000
1.0053509473800659179687500000000000000000
1.0041924715042114257812500000000000000000
1.0032732486724853515625000000000000000000
1.0025470256805419921875000000000000000000
1.0019752979278564453125000000000000000000
1.0015269517898559570312500000000000000000
1.0011765956878662109375000000000000000000
1.0009038448333740234375000000000000000000
1.0006921291351318359375000000000000000000
1.0005284547805786132812500000000000000000
1.0004022121429443359375000000000000000000
1.0003052949905395507812500000000000000000
1.0002309083938598632812500000000000000000
1.0001742839813232421875000000000000000000
1.0001311302185058593750000000000000000000
1.0000984668731689453125000000000000000000
1.0000736713409423828125000000000000000000
1.0000549554824829101562500000000000000000
1.0000407695770263671875000000000000000000
1.0000302791595458984375000000000000000000
1.0000224113464355468750000000000000000000
1.0000164508819580078125000000000000000000
1.0000120401382446289062500000000000000000
1.0000088214874267578125000000000000000000
1.0000064373016357421875000000000000000000
1.0000046491622924804687500000000000000000
1.0000033378601074218750000000000000000000
1.0000023841857910156250000000000000000000
1.0000016689300537109375000000000000000000
1.0000011920928955078125000000000000000000
1.0000008344650268554687500000000000000000
1.0000005960464477539062500000000000000000
1.0000004768371582031250000000000000000000
1.0000002384185791015625000000000000000000
1.0000001192092895507812500000000000000000
1.0000000000000000000000000000000000000000
1.0000000000000000000000000000000000000000
1.0000000000000000000000000000000000000000
1.0000000000000000000000000000000000000000
3.0000000000000000000000000000000000000000
3.0000000000000000000000000000000000000000
3.0000000000000000000000000000000000000000
2.9999995231628417968750000000000000000000
2.9999959468841552734375000000000000000000
2.9999837875366210937500000000000000000000
2.9999461174011230468750000000000000000000
2.9998483657836914062500000000000000000000
2.9996249675750732421875000000000000000000
2.9991621971130371093750000000000000000000
2.9982800483703613281250000000000000000000
2.9967141151428222656250000000000000000000
2.9941000938415527343750000000000000000000
2.9899637699127197265625000000000000000000
2.9837238788604736328125000000000000000000
2.9747030735015869140625000000000000000000
2.9621527194976806640625000000000000000000
2.9452896118164062500000000000000000000000
2.9233400821685791015625000000000000000000
2.8955893516540527343750000000000000000000
2.8614332675933837890625000000000000000000
2.8204236030578613281250000000000000000000
2.7723054885864257812500000000000000000000
2.7170450687408447265625000000000000000000
2.6548409461975097656250000000000000000000
2.5861220359802246093750000000000000000000
2.5115320682525634765625000000000000000000
2.4319005012512207031250000000000000000000
2.3482065200805664062500000000000000000000
2.2615337371826171875000000000000000000000
2.1730234622955322265625000000000000000000
2.0838289260864257812500000000000000000000
1.9950715303421020507812500000000000000000
1.9078025817871093750000000000000000000000
1.8229730129241943359375000000000000000000
1.7414090633392333984375000000000000000000
1.6637980937957763671875000000000000000000
1.5906811952590942382812500000000000000000
1.5224524736404418945312500000000000000000
1.4593646526336669921875000000000000000000
1.4015406370162963867187500000000000000000
1.3489861488342285156250000000000000000000
1.3016064167022705078125000000000000000000
1.2592236995697021484375000000000000000000
1.2215948104858398437500000000000000000000
1.1884274482727050781250000000000000000000
1.1593959331512451171875000000000000000000
1.1341552734375000000000000000000000000000
1.1123528480529785156250000000000000000000
1.0936383008956909179687500000000000000000
1.0776717662811279296875000000000000000000
1.0641297101974487304687500000000000000000
1.0527093410491943359375000000000000000000
1.0431311130523681640625000000000000000000
1.0351409912109375000000000000000000000000
1.0285102128982543945312500000000000000000
1.0230350494384765625000000000000000000000
1.0185362100601196289062500000000000000000
1.0148570537567138671875000000000000000000
1.0118622779846191406250000000000000000000
1.0094354152679443359375000000000000000000
1.0074774026870727539062500000000000000000
1.0059043169021606445312500000000000000000
1.0046455860137939453125000000000000000000
1.0036425590515136718750000000000000000000
1.0028464794158935546875000000000000000000
1.0022170543670654296875000000000000000000
1.0017211437225341796875000000000000000000
1.0013320446014404296875000000000000000000
1.0010275840759277343750000000000000000000
1.0007903575897216796875000000000000000000
1.0006060600280761718750000000000000000000
1.0004633665084838867187500000000000000000
1.0003530979156494140625000000000000000000
1.0002684593200683593750000000000000000000
1.0002034902572631835937500000000000000000
1.0001537799835205078125000000000000000000
1.0001158714294433593750000000000000000000
1.0000871419906616210937500000000000000000
1.0000653266906738281250000000000000000000
1.0000487565994262695312500000000000000000
1.0000363588333129882812500000000000000000
1.0000269412994384765625000000000000000000
1.0000199079513549804687500000000000000000
1.0000146627426147460937500000000000000000
1.0000108480453491210937500000000000000000
1.0000078678131103515625000000000000000000
1.0000057220458984375000000000000000000000
1.0000040531158447265625000000000000000000
1.0000029802322387695312500000000000000000
1.0000020265579223632812500000000000000000
1.0000014305114746093750000000000000000000
1.0000010728836059570312500000000000000000
1.0000007152557373046875000000000000000000
1.0000004768371582031250000000000000000000
1.0000002384185791015625000000000000000000
1.0000001192092895507812500000000000000000
1.0000000000000000000000000000000000000000
1.0000000000000000000000000000000000000000
1.0000000000000000000000000000000000000000
3.0000000000000000000000000000000000000000
3.0000000000000000000000000000000000000000
3.0000000000000000000000000000000000000000
2.9999997615814208984375000000000000000000
2.9999976158142089843750000000000000000000
2.9999899864196777343750000000000000000000
2.9999659061431884765625000000000000000000
2.9999012947082519531250000000000000000000
2.9997506141662597656250000000000000000000
2.9994318485260009765625000000000000000000
2.9988119602203369140625000000000000000000
2.9976885318756103515625000000000000000000
2.9957761764526367187500000000000000000000
2.9926934242248535156250000000000000000000
2.9879567623138427734375000000000000000000
2.9809870719909667968750000000000000000000
2.9711215496063232421875000000000000000000
2.9576411247253417968750000000000000000000
2.9398045539855957031250000000000000000000
2.9168906211853027343750000000000000000000
2.8882441520690917968750000000000000000000
2.8533208370208740234375000000000000000000
2.8117272853851318359375000000000000000000
2.7632565498352050781250000000000000000000
2.7079086303710937500000000000000000000000
2.6458995342254638671875000000000000000000
2.5776598453521728515625000000000000000000
2.5038180351257324218750000000000000000000
2.4251730442047119140625000000000000000000
2.3426616191864013671875000000000000000000
2.2573165893554687500000000000000000000000
2.1702234745025634765625000000000000000000
2.0824790000915527343750000000000000000000
1.9951506853103637695312500000000000000000
1.9092413187026977539062500000000000000000
1.8256604671478271484375000000000000000000
1.7452025413513183593750000000000000000000
1.6685326099395751953125000000000000000000
1.5961785316467285156250000000000000000000
1.5285300016403198242187500000000000000000
1.4658439159393310546875000000000000000000
1.4082529544830322265625000000000000000000
1.3557775020599365234375000000000000000000
1.3083413839340209960937500000000000000000
1.2657878398895263671875000000000000000000
1.2278944253921508789062500000000000000000
1.1943899393081665039062500000000000000000
1.1649687290191650390625000000000000000000
1.1393040418624877929687500000000000000000
1.1170594692230224609375000000000000000000
1.0978980064392089843750000000000000000000
1.0814913511276245117187500000000000000000
1.0675247907638549804687500000000000000000
1.0557022094726562500000000000000000000000
1.0457489490509033203125000000000000000000
1.0374138355255126953125000000000000000000
1.0304695367813110351562500000000000000000
1.0247128009796142578125000000000000000000
1.0199635028839111328125000000000000000000
1.0160639286041259765625000000000000000000
1.0128767490386962890625000000000000000000
1.0102832317352294921875000000000000000000
1.0081820487976074218750000000000000000000
1.0064867734909057617187500000000000000000
1.0051248073577880859375000000000000000000
1.0040347576141357421875000000000000000000
1.0031659603118896484375000000000000000000
1.0024759769439697265625000000000000000000
1.0019301176071166992187500000000000000000
1.0014998912811279296875000000000000000000
1.0011620521545410156250000000000000000000
1.0008975267410278320312500000000000000000
1.0006910562515258789062500000000000000000
1.0005304813385009765625000000000000000000
1.0004061460494995117187500000000000000000
1.0003100633621215820312500000000000000000
1.0002360343933105468750000000000000000000
1.0001791715621948242187500000000000000000
1.0001355409622192382812500000000000000000
1.0001024007797241210937500000000000000000
1.0000770092010498046875000000000000000000
1.0000578165054321289062500000000000000000
1.0000432729721069335937500000000000000000
1.0000323057174682617187500000000000000000
1.0000240802764892578125000000000000000000
1.0000178813934326171875000000000000000000
1.0000131130218505859375000000000000000000
1.0000096559524536132812500000000000000000
1.0000070333480834960937500000000000000000
1.0000051259994506835937500000000000000000
1.0000036954879760742187500000000000000000
1.0000026226043701171875000000000000000000
1.0000019073486328125000000000000000000000
1.0000013113021850585937500000000000000000
1.0000008344650268554687500000000000000000
1.0000005960464477539062500000000000000000
1.0000004768371582031250000000000000000000
1.0000002384185791015625000000000000000000
1.0000001192092895507812500000000000000000
1.0000000000000000000000000000000000000000
3.0000000000000000000000000000000000000000
3.0000000000000000000000000000000000000000
3.0000000000000000000000000000000000000000
3.0000000000000000000000000000000000000000
2.9999985694885253906250000000000000000000
2.9999938011169433593750000000000000000000
2.9999783039093017578125000000000000000000
2.9999361038208007812500000000000000000000
2.9998350143432617187500000000000000000000
2.9996168613433837890625000000000000000000
2.9991827011108398437500000000000000000000
2.9983813762664794921875000000000000000000
2.9969911575317382812500000000000000000000
2.9947080612182617187500000000000000000000
2.9911370277404785156250000000000000000000
2.9857904911041259765625000000000000000000
2.9780933856964111328125000000000000000000
2.9674012660980224609375000000000000000000
2.9530255794525146484375000000000000000000
2.9342653751373291015625000000000000000000
2.9104497432708740234375000000000000000000
2.8809773921966552734375000000000000000000
2.8453576564788818359375000000000000000000
2.8032484054565429687500000000000000000000
2.7544832229614257812500000000000000000000
2.6990907192230224609375000000000000000000
2.6373023986816406250000000000000000000000
2.5695481300354003906250000000000000000000
2.4964399337768554687500000000000000000000
2.4187493324279785156250000000000000000000
2.3373732566833496093750000000000000000000
2.2532968521118164062500000000000000000000
2.1675550937652587890625000000000000000000
2.0811922550201416015625000000000000000000
1.9952263832092285156250000000000000000000
1.9106147289276123046875000000000000000000
1.8282291889190673828125000000000000000000
1.7488338947296142578125000000000000000000
1.6730728149414062500000000000000000000000
1.6014605760574340820312500000000000000000
1.5343825817108154296875000000000000000000
1.4720984697341918945312500000000000000000
1.4147489070892333984375000000000000000000
1.3623678684234619140625000000000000000000
1.3148962259292602539062500000000000000000
1.2721953392028808593750000000000000000000
1.2340630292892456054687500000000000000000
1.2002475261688232421875000000000000000000
1.1704621315002441406250000000000000000000
1.1443970203399658203125000000000000000000
1.1217312812805175781250000000000000000000
1.1021417379379272460937500000000000000000
1.0853106975555419921875000000000000000000
1.0709325075149536132812500000000000000000
1.0587177276611328125000000000000000000000
1.0483969449996948242187500000000000000000
1.0397219657897949218750000000000000000000
1.0324673652648925781250000000000000000000
1.0264303684234619140625000000000000000000
1.0214307308197021484375000000000000000000
1.0173096656799316406250000000000000000000
1.0139280557632446289062500000000000000000
1.0111654996871948242187500000000000000000
1.0089182853698730468750000000000000000000
1.0070980787277221679687500000000000000000
1.0056296586990356445312500000000000000000
1.0044498443603515625000000000000000000000
1.0035054683685302734375000000000000000000
1.0027524232864379882812500000000000000000
1.0021542310714721679687500000000000000000
1.0016808509826660156250000000000000000000
1.0013073682785034179687500000000000000000
1.0010138750076293945312500000000000000000
1.0007838010787963867187500000000000000000
1.0006041526794433593750000000000000000000
1.0004644393920898437500000000000000000000
1.0003559589385986328125000000000000000000
1.0002720355987548828125000000000000000000
1.0002074241638183593750000000000000000000
1.0001575946807861328125000000000000000000
1.0001194477081298828125000000000000000000
1.0000903606414794921875000000000000000000
1.0000680685043334960937500000000000000000
1.0000512599945068359375000000000000000000
1.0000383853912353515625000000000000000000
1.0000287294387817382812500000000000000000
1.0000212192535400390625000000000000000000
1.0000157356262207031250000000000000000000
1.0000115633010864257812500000000000000000
1.0000084638595581054687500000000000000000
1.0000061988830566406250000000000000000000
1.0000045299530029296875000000000000000000
1.0000033378601074218750000000000000000000
1.0000023841857910156250000000000000000000
1.0000016689300537109375000000000000000000
1.0000011920928955078125000000000000000000
1.0000008344650268554687500000000000000000
1.0000005960464477539062500000000000000000
1.0000004768371582031250000000000000000000
1.0000002384185791015625000000000000000000
3.0000000000000000000000000000000000000000
3.0000000000000000000000000000000000000000
3.0000000000000000000000000000000000000000
3.0000000000000000000000000000000000000000
2.9999990463256835937500000000000000000000
2.9999961853027343750000000000000000000000
2.9999864101409912109375000000000000000000
2.9999585151672363281250000000000000000000
2.9998910427093505859375000000000000000000
2.9997420310974121093750000000000000000000
2.9994401931762695312500000000000000000000
2.9988718032836914062500000000000000000000
2.9978666305541992187500000000000000000000
2.9961862564086914062500000000000000000000
2.9935114383697509765625000000000000000000
2.9894380569458007812500000000000000000000
2.9834756851196289062500000000000000000000
2.9750583171844482421875000000000000000000
2.9635615348815917968750000000000000000000
2.9483256340026855468750000000000000000000
2.9286904335021972656250000000000000000000
2.9040315151214599609375000000000000000000
2.8737978935241699218750000000000000000000
2.8375477790832519531250000000000000000000
2.7949833869934082031250000000000000000000
2.7459745407104492187500000000000000000000
2.6905758380889892578125000000000000000000
2.6290295124053955078125000000000000000000
2.5617635250091552734375000000000000000000
2.4893748760223388671875000000000000000000
2.4126079082489013671875000000000000000000
2.3323223590850830078125000000000000000000
2.2494599819183349609375000000000000000000
2.1650085449218750000000000000000000000000
2.0799641609191894531250000000000000000000
1.9952983856201171875000000000000000000000
1.9119275808334350585937500000000000000000
1.8306874036788940429687500000000000000000
1.7523143291473388671875000000000000000000
1.6774312257766723632812500000000000000000
1.6065409183502197265625000000000000000000
1.5400238037109375000000000000000000000000
1.4781404733657836914062500000000000000000
1.4210394620895385742187500000000000000000
1.3687666654586791992187500000000000000000
1.3212778568267822265625000000000000000000
1.2784518003463745117187500000000000000000
1.2401040792465209960937500000000000000000
1.2060018777847290039062500000000000000000
1.1758757829666137695312500000000000000000
1.1494326591491699218750000000000000000000
1.1263663768768310546875000000000000000000
1.1063665151596069335937500000000000000000
1.0891264677047729492187500000000000000000
1.0743491649627685546875000000000000000000
1.0617525577545166015625000000000000000000
1.0510716438293457031250000000000000000000
1.0420621633529663085937500000000000000000
1.0345005989074707031250000000000000000000
1.0281852483749389648437500000000000000000
1.0229357481002807617187500000000000000000
1.0185923576354980468750000000000000000000
1.0150150060653686523437500000000000000000
1.0120812654495239257812500000000000000000
1.0096857547760009765625000000000000000000
1.0077378749847412109375000000000000000000
1.0061602592468261718750000000000000000000
1.0048877000808715820312500000000000000000
1.0038651227951049804687500000000000000000
1.0030465126037597656250000000000000000000
1.0023937225341796875000000000000000000000
1.0018748044967651367187500000000000000000
1.0014640092849731445312500000000000000000
1.0011397600173950195312500000000000000000
1.0008845329284667968750000000000000000000
1.0006846189498901367187500000000000000000
1.0005283355712890625000000000000000000000
1.0004065036773681640625000000000000000000
1.0003119707107543945312500000000000000000
1.0002386569976806640625000000000000000000
1.0001821517944335937500000000000000000000
1.0001386404037475585937500000000000000000
1.0001051425933837890625000000000000000000
1.0000796318054199218750000000000000000000
1.0000602006912231445312500000000000000000
1.0000452995300292968750000000000000000000
1.0000339746475219726562500000000000000000
1.0000253915786743164062500000000000000000
1.0000189542770385742187500000000000000000
1.0000140666961669921875000000000000000000
1.0000103712081909179687500000000000000000
1.0000076293945312500000000000000000000000
1.0000056028366088867187500000000000000000
1.0000040531158447265625000000000000000000
1.0000029802322387695312500000000000000000
1.0000020265579223632812500000000000000000
1.0000014305114746093750000000000000000000
1.0000010728836059570312500000000000000000
1.0000007152557373046875000000000000000000
1.0000004768371582031250000000000000000000
3.0000000000000000000000000000000000000000
3.0000000000000000000000000000000000000000
3.0000000000000000000000000000000000000000
3.0000000000000000000000000000000000000000
2.9999995231628417968750000000000000000000
2.9999976158142089843750000000000000000000
2.9999911785125732421875000000000000000000
2.9999732971191406250000000000000000000000
2.9999284744262695312500000000000000000000
2.9998271465301513671875000000000000000000
2.9996180534362792968750000000000000000000
2.9992165565490722656250000000000000000000
2.9984941482543945312500000000000000000000
2.9972643852233886718750000000000000000000
2.9952733516693115234375000000000000000000
2.9921898841857910156250000000000000000000
2.9876027107238769531250000000000000000000
2.9810233116149902343750000000000000000000
2.9718961715698242187500000000000000000000
2.9596173763275146484375000000000000000000
2.9435575008392333984375000000000000000000
2.9230952262878417968750000000000000000000
2.8976488113403320312500000000000000000000
2.8667132854461669921875000000000000000000
2.8298921585083007812500000000000000000000
2.7869274616241455078125000000000000000000
2.7377214431762695312500000000000000000000
2.6823484897613525390625000000000000000000
2.6210615634918212890625000000000000000000
2.5542848110198974609375000000000000000000
2.4826011657714843750000000000000000000000
2.4067282676696777343750000000000000000000
2.3274912834167480468750000000000000000000
2.2457921504974365234375000000000000000000
2.1625745296478271484375000000000000000000
2.0787899494171142578125000000000000000000
1.9953675270080566406250000000000000000000
1.9131842851638793945312500000000000000000
1.8330433368682861328125000000000000000000
1.7556539773941040039062500000000000000000
1.6816201210021972656250000000000000000000
1.6114323139190673828125000000000000000000
1.5454655885696411132812500000000000000000
1.4839814901351928710937500000000000000000
1.4271349906921386718750000000000000000000
1.3749823570251464843750000000000000000000
1.3274931907653808593750000000000000000000
1.2845616340637207031250000000000000000000
1.2460206747055053710937500000000000000000
1.2116541862487792968750000000000000000000
1.1812098026275634765625000000000000000000
1.1544098854064941406250000000000000000000
1.1309624910354614257812500000000000000000
1.1105697154998779296875000000000000000000
1.0929355621337890625000000000000000000000
1.0777719020843505859375000000000000000000
1.0648032426834106445312500000000000000000
1.0537700653076171875000000000000000000000
1.0444316864013671875000000000000000000000
1.0365669727325439453125000000000000000000
1.0299752950668334960937500000000000000000
1.0244767665863037109375000000000000000000
1.0199109315872192382812500000000000000000
1.0161364078521728515625000000000000000000
1.0130298137664794921875000000000000000000
1.0104837417602539062500000000000000000000
1.0084056854248046875000000000000000000000
1.0067163705825805664062500000000000000000
1.0053484439849853515625000000000000000000
1.0042450428009033203125000000000000000000
1.0033584833145141601562500000000000000000
1.0026485919952392578125000000000000000000
1.0020823478698730468750000000000000000000
1.0016320943832397460937500000000000000000
1.0012753009796142578125000000000000000000
1.0009936094284057617187500000000000000000
1.0007718801498413085937500000000000000000
1.0005978345870971679687500000000000000000
1.0004618167877197265625000000000000000000
1.0003557205200195312500000000000000000000
1.0002733469009399414062500000000000000000
1.0002093315124511718750000000000000000000
1.0001599788665771484375000000000000000000
1.0001219511032104492187500000000000000000
1.0000927448272705078125000000000000000000
1.0000703334808349609375000000000000000000
1.0000531673431396484375000000000000000000
1.0000399351119995117187500000000000000000
1.0000300407409667968750000000000000000000
1.0000224113464355468750000000000000000000
1.0000166893005371093750000000000000000000
1.0000125169754028320312500000000000000000
1.0000092983245849609375000000000000000000
1.0000067949295043945312500000000000000000
1.0000050067901611328125000000000000000000
1.0000035762786865234375000000000000000000
1.0000026226043701171875000000000000000000
1.0000017881393432617187500000000000000000
1.0000013113021850585937500000000000000000
1.0000008344650268554687500000000000000000
3.0000000000000000000000000000000000000000
3.0000000000000000000000000000000000000000
3.0000000000000000000000000000000000000000
3.0000000000000000000000000000000000000000
2.9999997615814208984375000000000000000000
2.9999985694885253906250000000000000000000
2.9999947547912597656250000000000000000000
2.9999830722808837890625000000000000000000
2.9999530315399169921875000000000000000000
2.9998846054077148437500000000000000000000
2.9997406005859375000000000000000000000000
2.9994583129882812500000000000000000000000
2.9989416599273681640625000000000000000000
2.9980466365814208984375000000000000000000
2.9965732097625732421875000000000000000000
2.9942536354064941406250000000000000000000
2.9907472133636474609375000000000000000000
2.9856390953063964843750000000000000000000
2.9784445762634277343750000000000000000000
2.9686207771301269531250000000000000000000
2.9555845260620117187500000000000000000000
2.9387369155883789062500000000000000000000
2.9174923896789550781250000000000000000000
2.8913106918334960937500000000000000000000
2.8597288131713867187500000000000000000000
2.8223912715911865234375000000000000000000
2.7790758609771728515625000000000000000000
2.7297122478485107421875000000000000000000
2.6743941307067871093750000000000000000000
2.6133809089660644531250000000000000000000
2.5470938682556152343750000000000000000000
2.4760994911193847656250000000000000000000
2.4010922908782958984375000000000000000000
2.3228650093078613281250000000000000000000
2.2422819137573242187500000000000000000000
2.1602454185485839843750000000000000000000
2.0776662826538085937500000000000000000000
1.9954335689544677734375000000000000000000
1.9143887758255004882812500000000000000000
1.8353034257888793945312500000000000000000
1.7588621377944946289062500000000000000000
1.6856501102447509765625000000000000000000
1.6161460876464843750000000000000000000000
1.5507196187973022460937500000000000000000
1.4896327257156372070312500000000000000000
1.4330455064773559570312500000000000000000
1.3810235261917114257812500000000000000000
1.3335486650466918945312500000000000000000
1.2905299663543701171875000000000000000000
1.2518157958984375000000000000000000000000
1.2172063589096069335937500000000000000000
1.1864645481109619140625000000000000000000
1.1593279838562011718750000000000000000000
1.1355181932449340820312500000000000000000
1.1147491931915283203125000000000000000000
1.0967354774475097656250000000000000000000
1.0811976194381713867187500000000000000000
1.0678668022155761718750000000000000000000
1.0564892292022705078125000000000000000000
1.0468277931213378906250000000000000000000
1.0386637449264526367187500000000000000000
1.0317982435226440429687500000000000000000
1.0260516405105590820312500000000000000000
1.0212632417678833007812500000000000000000
1.0172909498214721679687500000000000000000
1.0140100717544555664062500000000000000000
1.0113114118576049804687500000000000000000
1.0091010332107543945312500000000000000000
1.0072975158691406250000000000000000000000
1.0058318376541137695312500000000000000000
1.0046452283859252929687500000000000000000
1.0036882162094116210937500000000000000000
1.0029190778732299804687500000000000000000
1.0023033618927001953125000000000000000000
1.0018118619918823242187500000000000000000
1.0014209747314453125000000000000000000000
1.0011111497879028320312500000000000000000
1.0008664131164550781250000000000000000000
1.0006735324859619140625000000000000000000
1.0005222558975219726562500000000000000000
1.0004037618637084960937500000000000000000
1.0003113746643066406250000000000000000000
1.0002394914627075195312500000000000000000
1.0001837015151977539062500000000000000000
1.0001405477523803710937500000000000000000
1.0001072883605957031250000000000000000000
1.0000816583633422851562500000000000000000
1.0000618696212768554687500000000000000000
1.0000468492507934570312500000000000000000
1.0000354051589965820312500000000000000000
1.0000265836715698242187500000000000000000
1.0000199079513549804687500000000000000000
1.0000150203704833984375000000000000000000
1.0000112056732177734375000000000000000000
1.0000082254409790039062500000000000000000
1.0000059604644775390625000000000000000000
1.0000044107437133789062500000000000000000
1.0000032186508178710937500000000000000000
1.0000022649765014648437500000000000000000
1.0000014305114746093750000000000000000000
3.0000000000000000000000000000000000000000
3.0000000000000000000000000000000000000000
3.0000000000000000000000000000000000000000
3.0000000000000000000000000000000000000000
3.0000000000000000000000000000000000000000
2.9999990463256835937500000000000000000000
2.9999964237213134765625000000000000000000
2.9999890327453613281250000000000000000000
2.9999694824218750000000000000000000000000
2.9999232292175292968750000000000000000000
2.9998242855072021484375000000000000000000
2.9996271133422851562500000000000000000000
2.9992594718933105468750000000000000000000
2.9986114501953125000000000000000000000000
2.9975268840789794921875000000000000000000
2.9957921504974365234375000000000000000000
2.9931285381317138671875000000000000000000
2.9891886711120605468750000000000000000000
2.9835557937622070312500000000000000000000
2.9757511615753173828125000000000000000000
2.9652454853057861328125000000000000000000
2.9514772891998291015625000000000000000000
2.9338772296905517578125000000000000000000
2.9118943214416503906250000000000000000000
2.8850262165069580078125000000000000000000
2.8528492450714111328125000000000000000000
2.8150453567504882812500000000000000000000
2.7714233398437500000000000000000000000000
2.7219378948211669921875000000000000000000
2.6666989326477050781250000000000000000000
2.6059718132019042968750000000000000000000
2.5401716232299804687500000000000000000000
2.4698524475097656250000000000000000000000
2.3956837654113769531250000000000000000000
2.3184294700622558593750000000000000000000
2.2389175891876220703125000000000000000000
2.1580133438110351562500000000000000000000
2.0765891075134277343750000000000000000000
1.9954967498779296875000000000000000000000
1.9155443906784057617187500000000000000000
1.8374741077423095703125000000000000000000
1.7619470357894897460937500000000000000000
1.6895308494567871093750000000000000000000
1.6206926107406616210937500000000000000000
1.5557963848114013671875000000000000000000
1.4951038360595703125000000000000000000000
1.4387795925140380859375000000000000000000
1.3868974447250366210937500000000000000000
1.3394507169723510742187500000000000000000
1.2963614463806152343750000000000000000000
1.2574928998947143554687500000000000000000
1.2226599454879760742187500000000000000000
1.1916406154632568359375000000000000000000
1.1641863584518432617187500000000000000000
1.1400318145751953125000000000000000000000
1.1189026832580566406250000000000000000000
1.1005235910415649414062500000000000000000
1.0846234560012817382812500000000000000000
1.0709406137466430664062500000000000000000
1.0592263936996459960937500000000000000000
1.0492477416992187500000000000000000000000
1.0407887697219848632812500000000000000000
1.0336520671844482421875000000000000000000
1.0276587009429931640625000000000000000000
1.0226480960845947265625000000000000000000
1.0184775590896606445312500000000000000000
1.0150209665298461914062500000000000000000
1.0121682882308959960937500000000000000000
1.0098233222961425781250000000000000000000
1.0079034566879272460937500000000000000000
1.0063376426696777343750000000000000000000
1.0050656795501708984375000000000000000000
1.0040359497070312500000000000000000000000
1.0032055377960205078125000000000000000000
1.0025380849838256835937500000000000000000
1.0020035505294799804687500000000000000000
1.0015769004821777343750000000000000000000
1.0012375116348266601562500000000000000000
1.0009683370590209960937500000000000000000
1.0007555484771728515625000000000000000000
1.0005879402160644531250000000000000000000
1.0004562139511108398437500000000000000000
1.0003530979156494140625000000000000000000
1.0002725124359130859375000000000000000000
1.0002098083496093750000000000000000000000
1.0001610517501831054687500000000000000000
1.0001233816146850585937500000000000000000
1.0000941753387451171875000000000000000000
1.0000717639923095703125000000000000000000
1.0000544786453247070312500000000000000000
1.0000412464141845703125000000000000000000
1.0000312328338623046875000000000000000000
1.0000234842300415039062500000000000000000
1.0000175237655639648437500000000000000000
1.0000131130218505859375000000000000000000
1.0000096559524536132812500000000000000000
1.0000070333480834960937500000000000000000
1.0000051259994506835937500000000000000000
1.0000035762786865234375000000000000000000
1.0000022649765014648437500000000000000000
3.0000000000000000000000000000000000000000
3.0000000000000000000000000000000000000000
3.0000000000000000000000000000000000000000
3.0000000000000000000000000000000000000000
3.0000000000000000000000000000000000000000
2.9999995231628417968750000000000000000000
2.9999976158142089843750000000000000000000
2.9999928474426269531250000000000000000000
2.9999799728393554687500000000000000000000
2.9999489784240722656250000000000000000000
2.9998815059661865234375000000000000000000
2.9997441768646240234375000000000000000000
2.9994838237762451171875000000000000000000
2.9990172386169433593750000000000000000000
2.9982233047485351562500000000000000000000
2.9969332218170166015625000000000000000000
2.9949214458465576171875000000000000000000
2.9919011592864990234375000000000000000000
2.9875192642211914062500000000000000000000
2.9813601970672607421875000000000000000000
2.9729523658752441406250000000000000000000
2.9617815017700195312500000000000000000000
2.9473078250885009765625000000000000000000
2.9289898872375488281250000000000000000000
2.9063098430633544921875000000000000000000
2.8788020610809326171875000000000000000000
2.8460779190063476562500000000000000000000
2.8078522682189941406250000000000000000000
2.7639634609222412109375000000000000000000
2.7143888473510742187500000000000000000000
2.6592507362365722656250000000000000000000
2.5988183021545410156250000000000000000000
2.5335030555725097656250000000000000000000
2.4638438224792480468750000000000000000000
2.3904881477355957031250000000000000000000
2.3141715526580810546875000000000000000000
2.2356896400451660156250000000000000000000
2.1558721065521240234375000000000000000000
2.0755555629730224609375000000000000000000
1.9955576658248901367187500000000000000000
1.9166544675827026367187500000000000000000
1.8395613431930541992187500000000000000000
1.7649167776107788085937500000000000000000
1.6932716369628906250000000000000000000000
1.6250818967819213867187500000000000000000
1.5607056617736816406250000000000000000000
1.5004043579101562500000000000000000000000
1.4443459510803222656250000000000000000000
1.3926117420196533203125000000000000000000
1.3452051877975463867187500000000000000000
1.3020608425140380859375000000000000000000
1.2630550861358642578125000000000000000000
1.2280169725418090820312500000000000000000
1.1967384815216064453125000000000000000000
1.1689846515655517578125000000000000000000
1.1445022821426391601562500000000000000000
1.1230285167694091796875000000000000000000
1.1042976379394531250000000000000000000000
1.0880470275878906250000000000000000000000
1.0740219354629516601562500000000000000000
1.0619790554046630859375000000000000000000
1.0516891479492187500000000000000000000000
1.0429396629333496093750000000000000000000
1.0355346202850341796875000000000000000000
1.0292961597442626953125000000000000000000
1.0240640640258789062500000000000000000000
1.0196948051452636718750000000000000000000
1.0160617828369140625000000000000000000000
1.0130532979965209960937500000000000000000
1.0105721950531005859375000000000000000000
1.0085338354110717773437500000000000000000
1.0068658590316772460937500000000000000000
1.0055060386657714843750000000000000000000
1.0044015645980834960937500000000000000000
1.0035077333450317382812500000000000000000
1.0027867555618286132812500000000000000000
1.0022073984146118164062500000000000000000
1.0017433166503906250000000000000000000000
1.0013728141784667968750000000000000000000
1.0010778903961181640625000000000000000000
1.0008440017700195312500000000000000000000
1.0006591081619262695312500000000000000000
1.0005131959915161132812500000000000000000
1.0003986358642578125000000000000000000000
1.0003087520599365234375000000000000000000
1.0002385377883911132812500000000000000000
1.0001838207244873046875000000000000000000
1.0001412630081176757812500000000000000000
1.0001082420349121093750000000000000000000
1.0000827312469482421875000000000000000000
1.0000629425048828125000000000000000000000
1.0000478029251098632812500000000000000000
1.0000362396240234375000000000000000000000
1.0000271797180175781250000000000000000000
1.0000202655792236328125000000000000000000
1.0000150203704833984375000000000000000000
1.0000109672546386718750000000000000000000
1.0000077486038208007812500000000000000000
1.0000052452087402343750000000000000000000
1.0000033378601074218750000000000000000000
3.0000000000000000000000000000000000000000
3.0000000000000000000000000000000000000000
3.0000000000000000000000000000000000000000
3.0000000000000000000000000000000000000000
3.0000000000000000000000000000000000000000
2.9999997615814208984375000000000000000000
2.9999985694885253906250000000000000000000
2.9999952316284179687500000000000000000000
2.9999868869781494140625000000000000000000
2.9999661445617675781250000000000000000000
2.9999201297760009765625000000000000000000
2.9998247623443603515625000000000000000000
2.9996414184570312500000000000000000000000
2.9993069171905517578125000000000000000000
2.9987287521362304687500000000000000000000
2.9977746009826660156250000000000000000000
2.9962639808654785156250000000000000000000
2.9939622879028320312500000000000000000000
2.9905743598937988281250000000000000000000
2.9857449531555175781250000000000000000000
2.9790608882904052734375000000000000000000
2.9700589179992675781250000000000000000000
2.9582402706146240234375000000000000000000
2.9430873394012451171875000000000000000000
2.9240853786468505859375000000000000000000
2.9007487297058105468750000000000000000000
2.8726437091827392578125000000000000000000
2.8394160270690917968750000000000000000000
2.8008103370666503906250000000000000000000
2.7566914558410644531250000000000000000000
2.7070553302764892578125000000000000000000
2.6520361900329589843750000000000000000000
2.5919070243835449218750000000000000000000
2.5270726680755615234375000000000000000000
2.4580585956573486328125000000000000000000
2.3854916095733642578125000000000000000000
2.3100800514221191406250000000000000000000
2.2325892448425292968750000000000000000000
2.1538157463073730468750000000000000000000
2.0745627880096435546875000000000000000000
1.9956160783767700195312500000000000000000
1.9177218675613403320312500000000000000000
1.8415699005126953125000000000000000000000
1.7677778005599975585937500000000000000000
1.6968802213668823242187500000000000000000
1.6293221712112426757812500000000000000000
1.5654562711715698242187500000000000000000
1.5055425167083740234375000000000000000000
1.4497520923614501953125000000000000000000
1.3981730937957763671875000000000000000000
1.3508177995681762695312500000000000000000
1.3076322078704833984375000000000000000000
1.2685052156448364257812500000000000000000
1.2332791090011596679687500000000000000000
1.2017590999603271484375000000000000000000
1.1737226247787475585937500000000000000000
1.1489287614822387695312500000000000000000
1.1271250247955322265625000000000000000000
1.1080557107925415039062500000000000000000
1.0914661884307861328125000000000000000000
1.0771085023880004882812500000000000000000
1.0647444725036621093750000000000000000000
1.0541497468948364257812500000000000000000
1.0451140403747558593750000000000000000000
1.0374438762664794921875000000000000000000
1.0309623479843139648437500000000000000000
1.0255094766616821289062500000000000000000
1.0209416151046752929687500000000000000000
1.0171313285827636718750000000000000000000
1.0139659643173217773437500000000000000000
1.0113468170166015625000000000000000000000
1.0091882944107055664062500000000000000000
1.0074160099029541015625000000000000000000
1.0059664249420166015625000000000000000000
1.0047850608825683593750000000000000000000
1.0038257837295532226562500000000000000000
1.0030493736267089843750000000000000000000
1.0024234056472778320312500000000000000000
1.0019202232360839843750000000000000000000
1.0015171766281127929687500000000000000000
1.0011953115463256835937500000000000000000
1.0009391307830810546875000000000000000000
1.0007357597351074218750000000000000000000
1.0005749464035034179687500000000000000000
1.0004481077194213867187500000000000000000
1.0003482103347778320312500000000000000000
1.0002700090408325195312500000000000000000
1.0002087354660034179687500000000000000000
1.0001609325408935546875000000000000000000
1.0001237392425537109375000000000000000000
1.0000946521759033203125000000000000000000
1.0000722408294677734375000000000000000000
1.0000547170639038085937500000000000000000
1.0000412464141845703125000000000000000000
1.0000306367874145507812500000000000000000
1.0000225305557250976562500000000000000000
1.0000163316726684570312500000000000000000
1.0000113248825073242187500000000000000000
1.0000073909759521484375000000000000000000
1.0000044107437133789062500000000000000000
3.0000000000000000000000000000000000000000
3.0000000000000000000000000000000000000000
3.0000000000000000000000000000000000000000
3.0000000000000000000000000000000000000000
3.0000000000000000000000000000000000000000
3.0000000000000000000000000000000000000000
2.9999990463256835937500000000000000000000
2.9999971389770507812500000000000000000000
2.9999914169311523437500000000000000000000
2.9999775886535644531250000000000000000000
2.9999463558197021484375000000000000000000
2.9998805522918701171875000000000000000000
2.9997518062591552734375000000000000000000
2.9995131492614746093750000000000000000000
2.9990944862365722656250000000000000000000
2.9983918666839599609375000000000000000000
2.9972639083862304687500000000000000000000
2.9955198764801025390625000000000000000000
2.9929158687591552734375000000000000000000
2.9891521930694580078125000000000000000000
2.9838716983795166015625000000000000000000
2.9766654968261718750000000000000000000000
2.9670801162719726562500000000000000000000
2.9546322822570800781250000000000000000000
2.9388260841369628906250000000000000000000
2.9191730022430419921875000000000000000000
2.8952174186706542968750000000000000000000
2.8665559291839599609375000000000000000000
2.8328649997711181640625000000000000000000
2.7939174175262451171875000000000000000000
2.7496011257171630859375000000000000000000
2.6999287605285644531250000000000000000000
2.6450452804565429687500000000000000000000
2.5852251052856445312500000000000000000000
2.5208673477172851562500000000000000000000
2.4524836540222167968750000000000000000000
2.3806815147399902343750000000000000000000
2.3061442375183105468750000000000000000000
2.2296080589294433593750000000000000000000
2.1518385410308837890625000000000000000000
2.0736081600189208984375000000000000000000
1.9956721067428588867187500000000000000000
1.9187493324279785156250000000000000000000
1.8435051441192626953125000000000000000000
1.7705370187759399414062500000000000000000
1.7003644704818725585937500000000000000000
1.6334221363067626953125000000000000000000
1.5700566768646240234375000000000000000000
1.5105265378952026367187500000000000000000
1.4550057649612426757812500000000000000000
1.4035878181457519531250000000000000000000
1.3562937974929809570312500000000000000000
1.3130798339843750000000000000000000000000
1.2738465070724487304687500000000000000000
1.2384485006332397460937500000000000000000
1.2067031860351562500000000000000000000000
1.1784003973007202148437500000000000000000
1.1533101797103881835937500000000000000000
1.1311911344528198242187500000000000000000
1.1117961406707763671875000000000000000000
1.0948789119720458984375000000000000000000
1.0801979303359985351562500000000000000000
1.0675208568572998046875000000000000000000
1.0566272735595703125000000000000000000000
1.0473101139068603515625000000000000000000
1.0393781661987304687500000000000000000000
1.0326555967330932617187500000000000000000
1.0269830226898193359375000000000000000000
1.0222166776657104492187500000000000000000
1.0182286500930786132812500000000000000000
1.0149053335189819335937500000000000000000
1.0121468305587768554687500000000000000000
1.0098662376403808593750000000000000000000
1.0079879760742187500000000000000000000000
1.0064467191696166992187500000000000000000
1.0051865577697753906250000000000000000000
1.0041598081588745117187500000000000000000
1.0033262968063354492187500000000000000000
1.0026519298553466796875000000000000000000
1.0021080970764160156250000000000000000000
1.0016709566116333007812500000000000000000
1.0013207197189331054687500000000000000000
1.0010409355163574218750000000000000000000
1.0008183717727661132812500000000000000000
1.0006414651870727539062500000000000000000
1.0005015134811401367187500000000000000000
1.0003911256790161132812500000000000000000
1.0003041028976440429687500000000000000000
1.0002355575561523437500000000000000000000
1.0001819133758544921875000000000000000000
1.0001399517059326171875000000000000000000
1.0001070499420166015625000000000000000000
1.0000811815261840820312500000000000000000
1.0000610351562500000000000000000000000000
1.0000451803207397460937500000000000000000
1.0000327825546264648437500000000000000000
1.0000230073928833007812500000000000000000
1.0000153779983520507812500000000000000000
1.0000094175338745117187500000000000000000
1.0000048875808715820312500000000000000000
3.0000000000000000000000000000000000000000
3.0000000000000000000000000000000000000000
3.0000000000000000000000000000000000000000
3.0000000000000000000000000000000000000000
3.0000000000000000000000000000000000000000
3.0000000000000000000000000000000000000000
2.9999995231628417968750000000000000000000
2.9999983310699462890625000000000000000000
2.9999945163726806640625000000000000000000
2.9999852180480957031250000000000000000000
2.9999642372131347656250000000000000000000
2.9999189376831054687500000000000000000000
2.9998288154602050781250000000000000000000
2.9996592998504638671875000000000000000000
2.9993574619293212890625000000000000000000
2.9988431930541992187500000000000000000000
2.9980049133300781250000000000000000000000
2.9966902732849121093750000000000000000000
2.9947001934051513671875000000000000000000
2.9917843341827392578125000000000000000000
2.9876382350921630859375000000000000000000
2.9819054603576660156250000000000000000000
2.9741821289062500000000000000000000000000
2.9640247821807861328125000000000000000000
2.9509670734405517578125000000000000000000
2.9345333576202392578125000000000000000000
2.9142613410949707031250000000000000000000
2.8897218704223632812500000000000000000000
2.8605420589447021484375000000000000000000
2.8264253139495849609375000000000000000000
2.7871706485748291015625000000000000000000
2.7426862716674804687500000000000000000000
2.6930007934570312500000000000000000000000
2.6382665634155273437500000000000000000000
2.5787599086761474609375000000000000000000
2.5148737430572509765625000000000000000000
2.4471065998077392578125000000000000000000
2.3760468959808349609375000000000000000000
2.3023543357849121093750000000000000000000
2.2267384529113769531250000000000000000000
2.1499359607696533203125000000000000000000
2.0726892948150634765625000000000000000000
1.9957261085510253906250000000000000000000
1.9197390079498291015625000000000000000000
1.8453710079193115234375000000000000000000
1.7732001543045043945312500000000000000000
1.7037314176559448242187500000000000000000
1.6373893022537231445312500000000000000000
1.5745143890380859375000000000000000000000
1.5153639316558837890625000000000000000000
1.4601135253906250000000000000000000000000
1.4088622331619262695312500000000000000000
1.3616384267807006835937500000000000000000
1.3184077739715576171875000000000000000000
1.2790820598602294921875000000000000000000
1.2435270547866821289062500000000000000000
1.2115719318389892578125000000000000000000
1.1830178499221801757812500000000000000000
1.1576461791992187500000000000000000000000
1.1352252960205078125000000000000000000000
1.1155171394348144531250000000000000000000
1.0982829332351684570312500000000000000000
1.0832881927490234375000000000000000000000
1.0703059434890747070312500000000000000000
1.0591195821762084960937500000000000000000
1.0495259761810302734375000000000000000000
1.0413355827331542968750000000000000000000
1.0343742370605468750000000000000000000000
1.0284831523895263671875000000000000000000
1.0235188007354736328125000000000000000000
1.0193526744842529296875000000000000000000
1.0158705711364746093750000000000000000000
1.0129716396331787109375000000000000000000
1.0105675458908081054687500000000000000000
1.0085813999176025390625000000000000000000
1.0069465637207031250000000000000000000000
1.0056056976318359375000000000000000000000
1.0045098066329956054687500000000000000000
1.0036174058914184570312500000000000000000
1.0028928518295288085937500000000000000000
1.0023068189620971679687500000000000000000
1.0018342733383178710937500000000000000000
1.0014544725418090820312500000000000000000
1.0011500120162963867187500000000000000000
1.0009068250656127929687500000000000000000
1.0007131099700927734375000000000000000000
1.0005589723587036132812500000000000000000
1.0004367828369140625000000000000000000000
1.0003401041030883789062500000000000000000
1.0002638101577758789062500000000000000000
1.0002034902572631835937500000000000000000
1.0001556873321533203125000000000000000000
1.0001180171966552734375000000000000000000
1.0000879764556884765625000000000000000000
1.0000643730163574218750000000000000000000
1.0000456571578979492187500000000000000000
1.0000307559967041015625000000000000000000
1.0000191926956176757812500000000000000000
1.0000100135803222656250000000000000000000
1.0000029802322387695312500000000000000000
3.0000000000000000000000000000000000000000
3.0000000000000000000000000000000000000000
3.0000000000000000000000000000000000000000
3.0000000000000000000000000000000000000000
3.0000000000000000000000000000000000000000
3.0000000000000000000000000000000000000000
2.9999997615814208984375000000000000000000
2.9999990463256835937500000000000000000000
2.9999964237213134765625000000000000000000
2.9999902248382568359375000000000000000000
2.9999759197235107421875000000000000000000
2.9999451637268066406250000000000000000000
2.9998822212219238281250000000000000000000
2.9997622966766357421875000000000000000000
2.9995455741882324218750000000000000000000
2.9991707801818847656250000000000000000000
2.9985508918762207031250000000000000000000
2.9975657463073730468750000000000000000000
2.9960527420043945312500000000000000000000
2.9938063621520996093750000000000000000000
2.9905700683593750000000000000000000000000
2.9860372543334960937500000000000000000000
2.9798524379730224609375000000000000000000
2.9716176986694335937500000000000000000000
2.9609017372131347656250000000000000000000
2.9472529888153076171875000000000000000000
2.9302177429199218750000000000000000000000
2.9093568325042724609375000000000000000000
2.8842680454254150390625000000000000000000
2.8546049594879150390625000000000000000000
2.8200974464416503906250000000000000000000
2.7805669307708740234375000000000000000000
2.7359416484832763671875000000000000000000
2.6862628459930419921875000000000000000000
2.6316905021667480468750000000000000000000
2.5725009441375732421875000000000000000000
2.5090806484222412109375000000000000000000
2.4419159889221191406250000000000000000000
2.3715775012969970703125000000000000000000
2.2987020015716552734375000000000000000000
2.2239739894866943359375000000000000000000
2.1481029987335205078125000000000000000000
2.0718040466308593750000000000000000000000
1.9957779645919799804687500000000000000000
1.9206936359405517578125000000000000000000
1.8471715450286865234375000000000000000000
1.7757726907730102539062500000000000000000
1.7069873809814453125000000000000000000000
1.6412303447723388671875000000000000000000
1.5788366794586181640625000000000000000000
1.5200614929199218750000000000000000000000
1.4650821685791015625000000000000000000000
1.4140020608901977539062500000000000000000
1.3668564558029174804687500000000000000000
1.3236200809478759765625000000000000000000
1.2842146158218383789062500000000000000000
1.2485163211822509765625000000000000000000
1.2163659334182739257812500000000000000000
1.1875754594802856445312500000000000000000
1.1619364023208618164062500000000000000000
1.1392267942428588867187500000000000000000
1.1192171573638916015625000000000000000000
1.1016768217086791992187500000000000000000
1.0863775014877319335937500000000000000000
1.0730974674224853515625000000000000000000
1.0616250038146972656250000000000000000000
1.0517596006393432617187500000000000000000
1.0433144569396972656250000000000000000000
1.0361167192459106445312500000000000000000
1.0300085544586181640625000000000000000000
1.0248467922210693359375000000000000000000
1.0205025672912597656250000000000000000000
1.0168610811233520507812500000000000000000
1.0138205289840698242187500000000000000000
1.0112916231155395507812500000000000000000
1.0091960430145263671875000000000000000000
1.0074658393859863281250000000000000000000
1.0060424804687500000000000000000000000000
1.0048757791519165039062500000000000000000
1.0039225816726684570312500000000000000000
1.0031464099884033203125000000000000000000
1.0025166273117065429687500000000000000000
1.0020070075988769531250000000000000000000
1.0015962123870849609375000000000000000000
1.0012657642364501953125000000000000000000
1.0010007619857788085937500000000000000000
1.0007885694503784179687500000000000000000
1.0006191730499267578125000000000000000000
1.0004841089248657226562500000000000000000
1.0003764629364013671875000000000000000000
1.0002905130386352539062500000000000000000
1.0002218484878540039062500000000000000000
1.0001670122146606445312500000000000000000
1.0001231431961059570312500000000000000000
1.0000879764556884765625000000000000000000
1.0000599622726440429687500000000000000000
1.0000379085540771484375000000000000000000
1.0000202655792236328125000000000000000000
1.0000066757202148437500000000000000000000
0.9999961853027343750000000000000000000000
3.0000000000000000000000000000000000000000
3.0000000000000000000000000000000000000000
3.0000000000000000000000000000000000000000
3.0000000000000000000000000000000000000000
3.0000000000000000000000000000000000000000
3.0000000000000000000000000000000000000000
3.0000000000000000000000000000000000000000
2.9999995231628417968750000000000000000000
2.9999976158142089843750000000000000000000
2.9999935626983642578125000000000000000000
2.9999837875366210937500000000000000000000
2.9999630451202392578125000000000000000000
2.9999194145202636718750000000000000000000
2.9998347759246826171875000000000000000000
2.9996798038482666015625000000000000000000
2.9994082450866699218750000000000000000000
2.9989519119262695312500000000000000000000
2.9982168674468994140625000000000000000000
2.9970729351043701171875000000000000000000
2.9953515529632568359375000000000000000000
2.9928395748138427734375000000000000000000
2.9892764091491699218750000000000000000000
2.9843535423278808593750000000000000000000
2.9777185916900634765625000000000000000000
2.9689800739288330078125000000000000000000
2.9577181339263916015625000000000000000000
2.9434983730316162109375000000000000000000
2.9258859157562255859375000000000000000000
2.9044656753540039062500000000000000000000
2.8788595199584960937500000000000000000000
2.8487467765808105468750000000000000000000
2.8138804435729980468750000000000000000000
2.7741041183471679687500000000000000000000
2.7293620109558105468750000000000000000000
2.6797077655792236328125000000000000000000
2.6253075599670410156250000000000000000000
2.5664370059967041015625000000000000000000
2.5034768581390380859375000000000000000000
2.4369010925292968750000000000000000000000
2.3672633171081542968750000000000000000000
2.2951788902282714843750000000000000000000
2.2213082313537597656250000000000000000000
2.1463353633880615234375000000000000000000
2.0709500312805175781250000000000000000000
1.9958281517028808593750000000000000000000
1.9216148853302001953125000000000000000000
1.8489106893539428710937500000000000000000
1.7782595157623291015625000000000000000000
1.7101382017135620117187500000000000000000
1.6449520587921142578125000000000000000000
1.5830304622650146484375000000000000000000
1.5246262550354003906250000000000000000000
1.4699180126190185546875000000000000000000
1.4190129041671752929687500000000000000000
1.3719531297683715820312500000000000000000
1.3287208080291748046875000000000000000000
1.2892470359802246093750000000000000000000
1.2534188032150268554687500000000000000000
1.2210867404937744140625000000000000000000
1.1920735836029052734375000000000000000000
1.1661804914474487304687500000000000000000
1.1431946754455566406250000000000000000000
1.1228954792022705078125000000000000000000
1.1050591468811035156250000000000000000000
1.0894641876220703125000000000000000000000
1.0758942365646362304687500000000000000000
1.0641415119171142578125000000000000000000
1.0540093183517456054687500000000000000000
1.0453128814697265625000000000000000000000
1.0378813743591308593750000000000000000000
1.0315579175949096679687500000000000000000
1.0261994600296020507812500000000000000000
1.0216771364212036132812500000000000000000
1.0178757905960083007812500000000000000000
1.0146929025650024414062500000000000000000
1.0120378732681274414062500000000000000000
1.0098313093185424804687500000000000000000
1.0080043077468872070312500000000000000000
1.0064970254898071289062500000000000000000
1.0052574872970581054687500000000000000000
1.0042419433593750000000000000000000000000
1.0034123659133911132812500000000000000000
1.0027371644973754882812500000000000000000
1.0021890401840209960937500000000000000000
1.0017453432083129882812500000000000000000
1.0013870000839233398437500000000000000000
1.0010981559753417968750000000000000000000
1.0008654594421386718750000000000000000000
1.0006785392761230468750000000000000000000
1.0005278587341308593750000000000000000000
1.0004065036773681640625000000000000000000
1.0003086328506469726562500000000000000000
1.0002294778823852539062500000000000000000
1.0001654624938964843750000000000000000000
1.0001139640808105468750000000000000000000
1.0000727176666259765625000000000000000000
1.0000399351119995117187500000000000000000
1.0000141859054565429687500000000000000000
0.9999943971633911132812500000000000000000
0.9999792575836181640625000000000000000000
3.0000000000000000000000000000000000000000
3.0000000000000000000000000000000000000000
3.0000000000000000000000000000000000000000
3.0000000000000000000000000000000000000000
3.0000000000000000000000000000000000000000
3.0000000000000000000000000000000000000000
3.0000000000000000000000000000000000000000
2.9999997615814208984375000000000000000000
2.9999985694885253906250000000000000000000
2.9999959468841552734375000000000000000000
2.9999895095825195312500000000000000000000
2.9999749660491943359375000000000000000000
2.9999449253082275390625000000000000000000
2.9998855590820312500000000000000000000000
2.9997751712799072265625000000000000000000
2.9995789527893066406250000000000000000000
2.9992446899414062500000000000000000000000
2.9986989498138427734375000000000000000000
2.9978384971618652343750000000000000000000
2.9965262413024902343750000000000000000000
2.9945871829986572265625000000000000000000
2.9918017387390136718750000000000000000000
2.9879057407379150390625000000000000000000
2.9825913906097412109375000000000000000000
2.9755091667175292968750000000000000000000
2.9662752151489257812500000000000000000000
2.9544820785522460937500000000000000000000
2.9397101402282714843750000000000000000000
2.9215452671051025390625000000000000000000
2.8995933532714843750000000000000000000000
2.8735005855560302734375000000000000000000
2.8429684638977050781250000000000000000000
2.8077733516693115234375000000000000000000
2.7677776813507080078125000000000000000000
2.7229409217834472656250000000000000000000
2.6733274459838867187500000000000000000000
2.6191084384918212890625000000000000000000
2.5605587959289550781250000000000000000000
2.4980528354644775390625000000000000000000
2.4320528507232666015625000000000000000000
2.3630957603454589843750000000000000000000
2.2917773723602294921875000000000000000000
2.2187352180480957031250000000000000000000
2.1446299552917480468750000000000000000000
2.0701260566711425781250000000000000000000
1.9958764314651489257812500000000000000000
1.9225046634674072265625000000000000000000
1.8505917787551879882812500000000000000000
1.7806652784347534179687500000000000000000
1.7131896018981933593750000000000000000000
1.6485604047775268554687500000000000000000
1.5871015787124633789062500000000000000000
1.5290639400482177734375000000000000000000
1.4746263027191162109375000000000000000000
1.4239000082015991210937500000000000000000
1.3769322633743286132812500000000000000000
1.3337130546569824218750000000000000000000
1.2941824197769165039062500000000000000000
1.2582364082336425781250000000000000000000
1.2257356643676757812500000000000000000000
1.1965126991271972656250000000000000000000
1.1703782081604003906250000000000000000000
1.1471283435821533203125000000000000000000
1.1265505552291870117187500000000000000000
1.1084284782409667968750000000000000000000
1.0925465822219848632812500000000000000000
1.0786939859390258789062500000000000000000
1.0666674375534057617187500000000000000000
1.0562732219696044921875000000000000000000
1.0473294258117675781250000000000000000000
1.0396670103073120117187500000000000000000
1.0331299304962158203125000000000000000000
1.0275757312774658203125000000000000000000
1.0228756666183471679687500000000000000000
1.0189143419265747070312500000000000000000
1.0155880451202392578125000000000000000000
1.0128058195114135742187500000000000000000
1.0104871988296508789062500000000000000000
1.0085618495941162109375000000000000000000
1.0069686174392700195312500000000000000000
1.0056548118591308593750000000000000000000
1.0045748949050903320312500000000000000000
1.0036901235580444335937500000000000000000
1.0029671192169189453125000000000000000000
1.0023777484893798828125000000000000000000
1.0018982887268066406250000000000000000000
1.0015087127685546875000000000000000000000
1.0011923313140869140625000000000000000000
1.0009354352951049804687500000000000000000
1.0007262229919433593750000000000000000000
1.0005558729171752929687500000000000000000
1.0004169940948486328125000000000000000000
1.0003036260604858398437500000000000000000
1.0002114772796630859375000000000000000000
1.0001368522644042968750000000000000000000
1.0000771284103393554687500000000000000000
1.0000296831130981445312500000000000000000
0.9999926686286926269531250000000000000000
0.9999643564224243164062500000000000000000
0.9999430775642395019531250000000000000000
3.0000000000000000000000000000000000000000
3.0000000000000000000000000000000000000000
3.0000000000000000000000000000000000000000
3.0000000000000000000000000000000000000000
3.0000000000000000000000000000000000000000
3.0000000000000000000000000000000000000000
3.0000000000000000000000000000000000000000
3.0000000000000000000000000000000000000000
2.9999990463256835937500000000000000000000
2.9999973773956298828125000000000000000000
2.9999928474426269531250000000000000000000
2.9999833106994628906250000000000000000000
2.9999623298645019531250000000000000000000
2.9999208450317382812500000000000000000000
2.9998424053192138671875000000000000000000
2.9997012615203857421875000000000000000000
2.9994578361511230468750000000000000000000
2.9990544319152832031250000000000000000000
2.9984102249145507812500000000000000000000
2.9974150657653808593750000000000000000000
2.9959259033203125000000000000000000000000
2.9937601089477539062500000000000000000000
2.9906942844390869140625000000000000000000
2.9864618778228759765625000000000000000000
2.9807558059692382812500000000000000000000
2.9732301235198974609375000000000000000000
2.9635100364685058593750000000000000000000
2.9511995315551757812500000000000000000000
2.9358954429626464843750000000000000000000
2.9172015190124511718750000000000000000000
2.8947448730468750000000000000000000000000
2.8681936264038085937500000000000000000000
2.8372716903686523437500000000000000000000
2.8017754554748535156250000000000000000000
2.7615849971771240234375000000000000000000
2.7166736125946044921875000000000000000000
2.6671154499053955078125000000000000000000
2.6130852699279785156250000000000000000000
2.5548570156097412109375000000000000000000
2.4927992820739746093750000000000000000000
2.4273619651794433593750000000000000000000
2.3590667247772216796875000000000000000000
2.2884907722473144531250000000000000000000
2.2162501811981201171875000000000000000000
2.1429824829101562500000000000000000000000
2.0693302154541015625000000000000000000000
1.9959232807159423828125000000000000000000
1.9233651161193847656250000000000000000000
1.8522181510925292968750000000000000000000
1.7829947471618652343750000000000000000000
1.7161465883255004882812500000000000000000
1.6520612239837646484375000000000000000000
1.5910562276840209960937500000000000000000
1.5333802700042724609375000000000000000000
1.4792128801345825195312500000000000000000
1.4286679029464721679687500000000000000000
1.3817980289459228515625000000000000000000
1.3386007547378540039062500000000000000000
1.2990231513977050781250000000000000000000
1.2629708051681518554687500000000000000000
1.2303136587142944335937500000000000000000
1.2008932828903198242187500000000000000000
1.1745294332504272460937500000000000000000
1.1510272026062011718750000000000000000000
1.1301815509796142578125000000000000000000
1.1117833852767944335937500000000000000000
1.0956232547760009765625000000000000000000
1.0814955234527587890625000000000000000000
1.0692012310028076171875000000000000000000
1.0585500001907348632812500000000000000000
1.0493627786636352539062500000000000000000
1.0414720773696899414062500000000000000000
1.0347231626510620117187500000000000000000
1.0289744138717651367187500000000000000000
1.0240972042083740234375000000000000000000
1.0199754238128662109375000000000000000000
1.0165053606033325195312500000000000000000
1.0135948657989501953125000000000000000000
1.0111626386642456054687500000000000000000
1.0091373920440673828125000000000000000000
1.0074565410614013671875000000000000000000
1.0060659646987915039062500000000000000000
1.0049189329147338867187500000000000000000
1.0039753913879394531250000000000000000000
1.0032004117965698242187500000000000000000
1.0025647878646850585937500000000000000000
1.0020438432693481445312500000000000000000
1.0016165971755981445312500000000000000000
1.0012656450271606445312500000000000000000
1.0009770393371582031250000000000000000000
1.0007393360137939453125000000000000000000
1.0005435943603515625000000000000000000000
1.0003829002380371093750000000000000000000
1.0002515316009521484375000000000000000000
1.0001450777053833007812500000000000000000
1.0000599622726440429687500000000000000000
0.9999929070472717285156250000000000000000
0.9999411106109619140625000000000000000000
0.9999018311500549316406250000000000000000
0.9998730421066284179687500000000000000000
3.0000000000000000000000000000000000000000
3.0000000000000000000000000000000000000000
3.0000000000000000000000000000000000000000
3.0000000000000000000000000000000000000000
3.0000000000000000000000000000000000000000
3.0000000000000000000000000000000000000000
3.0000000000000000000000000000000000000000
3.0000000000000000000000000000000000000000
2.9999995231628417968750000000000000000000
2.9999983310699462890625000000000000000000
2.9999952316284179687500000000000000000000
2.9999887943267822265625000000000000000000
2.9999744892120361328125000000000000000000
2.9999454021453857421875000000000000000000
2.9998898506164550781250000000000000000000
2.9997889995574951171875000000000000000000
2.9996120929718017578125000000000000000000
2.9993155002593994140625000000000000000000
2.9988353252410888671875000000000000000000
2.9980840682983398437500000000000000000000
2.9969460964202880859375000000000000000000
2.9952709674835205078125000000000000000000
2.9928712844848632812500000000000000000000
2.9895195960998535156250000000000000000000
2.9849481582641601562500000000000000000000
2.9788508415222167968750000000000000000000
2.9708874225616455078125000000000000000000
2.9606907367706298828125000000000000000000
2.9478776454925537109375000000000000000000
2.9320600032806396484375000000000000000000
2.9128599166870117187500000000000000000000
2.8899242877960205078125000000000000000000
2.8629417419433593750000000000000000000000
2.8316574096679687500000000000000000000000
2.7958855628967285156250000000000000000000
2.7555224895477294921875000000000000000000
2.7105548381805419921875000000000000000000
2.6610643863677978515625000000000000000000
2.6072297096252441406250000000000000000000
2.5493235588073730468750000000000000000000
2.4877073764801025390625000000000000000000
2.4228198528289794921875000000000000000000
2.3551688194274902343750000000000000000000
2.2853128910064697265625000000000000000000
2.2138478755950927734375000000000000000000
2.1413903236389160156250000000000000000000
2.0685608386993408203125000000000000000000
1.9959684610366821289062500000000000000000
1.9241970777511596679687500000000000000000
1.8537924289703369140625000000000000000000
1.7852513790130615234375000000000000000000
1.7190140485763549804687500000000000000000
1.6554595232009887695312500000000000000000
1.5948996543884277343750000000000000000000
1.5375806093215942382812500000000000000000
1.4836823940277099609375000000000000000000
1.4333212375640869140625000000000000000000
1.3865549564361572265625000000000000000000
1.3433867692947387695312500000000000000000
1.3037718534469604492187500000000000000000
1.2676240205764770507812500000000000000000
1.2348217964172363281250000000000000000000
1.2052155733108520507812500000000000000000
1.1786341667175292968750000000000000000000
1.1548906564712524414062500000000000000000
1.1337876319885253906250000000000000000000
1.1151227951049804687500000000000000000000
1.0986927747726440429687500000000000000000
1.0842971801757812500000000000000000000000
1.0717411041259765625000000000000000000000
1.0608379840850830078125000000000000000000
1.0514111518859863281250000000000000000000
1.0432951450347900390625000000000000000000
1.0363365411758422851562500000000000000000
1.0303944349288940429687500000000000000000
1.0253403186798095703125000000000000000000
1.0210582017898559570312500000000000000000
1.0174437761306762695312500000000000000000
1.0144040584564208984375000000000000000000
1.0118564367294311523437500000000000000000
1.0097285509109497070312500000000000000000
1.0079563856124877929687500000000000000000
1.0064845085144042968750000000000000000000
1.0052645206451416015625000000000000000000
1.0042544603347778320312500000000000000000
1.0034184455871582031250000000000000000000
1.0027263164520263671875000000000000000000
1.0021523237228393554687500000000000000000
1.0016758441925048828125000000000000000000
1.0012795925140380859375000000000000000000
1.0009499788284301757812500000000000000000
1.0006765127182006835937500000000000000000
1.0004509687423706054687500000000000000000
1.0002664327621459960937500000000000000000
1.0001174211502075195312500000000000000000
0.9999989271163940429687500000000000000000
0.9999064803123474121093750000000000000000
0.9998359680175781250000000000000000000000
0.9997833967208862304687500000000000000000
0.9997453093528747558593750000000000000000
3.0000000000000000000000000000000000000000
3.0000000000000000000000000000000000000000
3.0000000000000000000000000000000000000000
3.0000000000000000000000000000000000000000
3.0000000000000000000000000000000000000000
3.0000000000000000000000000000000000000000
3.0000000000000000000000000000000000000000
3.0000000000000000000000000000000000000000
2.9999997615814208984375000000000000000000
2.9999990463256835937500000000000000000000
2.9999971389770507812500000000000000000000
2.9999923706054687500000000000000000000000
2.9999825954437255859375000000000000000000
2.9999623298645019531250000000000000000000
2.9999234676361083984375000000000000000000
2.9998512268066406250000000000000000000000
2.9997236728668212890625000000000000000000
2.9995062351226806640625000000000000000000
2.9991497993469238281250000000000000000000
2.9985857009887695312500000000000000000000
2.9977202415466308593750000000000000000000
2.9964308738708496093750000000000000000000
2.9945619106292724609375000000000000000000
2.9919219017028808593750000000000000000000
2.9882795810699462890625000000000000000000
2.9833669662475585937500000000000000000000
2.9768805503845214843750000000000000000000
2.9684851169586181640625000000000000000000
2.9578225612640380859375000000000000000000
2.9445216655731201171875000000000000000000
2.9282095432281494140625000000000000000000
2.9085249900817871093750000000000000000000
2.8851346969604492187500000000000000000000
2.8577470779418945312500000000000000000000
2.8261251449584960937500000000000000000000
2.7901012897491455078125000000000000000000
2.7495868206024169921875000000000000000000
2.7045793533325195312500000000000000000000
2.6551682949066162109375000000000000000000
2.6015348434448242187500000000000000000000
2.5439503192901611328125000000000000000000
2.4827687740325927734375000000000000000000
2.4184193611145019531250000000000000000000
2.3513951301574707031250000000000000000000
2.2822375297546386718750000000000000000000
2.2115240097045898437500000000000000000000
2.1398501396179199218750000000000000000000
2.0678162574768066406250000000000000000000
1.9960122108459472656250000000000000000000
1.9250029325485229492187500000000000000000
1.8553175926208496093750000000000000000000
1.7874388694763183593750000000000000000000
1.7217965126037597656250000000000000000000
1.6587600708007812500000000000000000000000
1.5986368656158447265625000000000000000000
1.5416703224182128906250000000000000000000
1.4880398511886596679687500000000000000000
1.4378647804260253906250000000000000000000
1.3912067413330078125000000000000000000000
1.3480746746063232421875000000000000000000
1.3084313869476318359375000000000000000000
1.2721979618072509765625000000000000000000
1.2392613887786865234375000000000000000000
1.2094806432723999023437500000000000000000
1.1826927661895751953125000000000000000000
1.1587184667587280273437500000000000000000
1.1373680830001831054687500000000000000000
1.1184457540512084960937500000000000000000
1.1017540693283081054687500000000000000000
1.0870976448059082031250000000000000000000
1.0742859840393066406250000000000000000000
1.0631358623504638671875000000000000000000
1.0534733533859252929687500000000000000000
1.0451350212097167968750000000000000000000
1.0379687547683715820312500000000000000000
1.0318344831466674804687500000000000000000
1.0266040563583374023437500000000000000000
1.0221610069274902343750000000000000000000
1.0184006690979003906250000000000000000000
1.0152287483215332031250000000000000000000
1.0125615596771240234375000000000000000000
1.0103249549865722656250000000000000000000
1.0084531307220458984375000000000000000000
1.0068887472152709960937500000000000000000
1.0055816173553466796875000000000000000000
1.0044888257980346679687500000000000000000
1.0035738945007324218750000000000000000000
1.0028067827224731445312500000000000000000
1.0021626949310302734375000000000000000000
1.0016214847564697265625000000000000000000
1.0011680126190185546875000000000000000000
1.0007901191711425781250000000000000000000
1.0004780292510986328125000000000000000000
1.0002233982086181640625000000000000000000
1.0000189542770385742187500000000000000000
0.9998579621315002441406250000000000000000
0.9997339844703674316406250000000000000000
0.9996408224105834960937500000000000000000
0.9995726346969604492187500000000000000000
0.9995240569114685058593750000000000000000
3.0000000000000000000000000000000000000000
3.0000000000000000000000000000000000000000
3.0000000000000000000000000000000000000000
3.0000000000000000000000000000000000000000
3.0000000000000000000000000000000000000000
3.0000000000000000000000000000000000000000
3.0000000000000000000000000000000000000000
3.0000000000000000000000000000000000000000
3.0000000000000000000000000000000000000000
2.9999995231628417968750000000000000000000
2.9999983310699462890625000000000000000000
2.9999949932098388671875000000000000000000
2.9999883174896240234375000000000000000000
2.9999742507934570312500000000000000000000
2.9999468326568603515625000000000000000000
2.9998955726623535156250000000000000000000
2.9998033046722412109375000000000000000000
2.9996449947357177734375000000000000000000
2.9993817806243896484375000000000000000000
2.9989597797393798828125000000000000000000
2.9983048439025878906250000000000000000000
2.9973173141479492187500000000000000000000
2.9958691596984863281250000000000000000000
2.9937999248504638671875000000000000000000
2.9909133911132812500000000000000000000000
2.9869771003723144531250000000000000000000
2.9817228317260742187500000000000000000000
2.9748497009277343750000000000000000000000
2.9660286903381347656250000000000000000000
2.9549107551574707031250000000000000000000
2.9411368370056152343750000000000000000000
2.9243481159210205078125000000000000000000
2.9042010307312011718750000000000000000000
2.8803799152374267578125000000000000000000
2.8526105880737304687500000000000000000000
2.8206751346588134765625000000000000000000
2.7844214439392089843750000000000000000000
2.7437744140625000000000000000000000000000
2.6987423896789550781250000000000000000000
2.6494212150573730468750000000000000000000
2.5959935188293457031250000000000000000000
2.5387291908264160156250000000000000000000
2.4779756069183349609375000000000000000000
2.4141528606414794921875000000000000000000
2.3477387428283691406250000000000000000000
2.2792596817016601562500000000000000000000
2.2092740535736083984375000000000000000000
2.1383590698242187500000000000000000000000
2.0670957565307617187500000000000000000000
1.9960545301437377929687500000000000000000
1.9257836341857910156250000000000000000000
1.8567956686019897460937500000000000000000
1.7895610332489013671875000000000000000000
1.7244979143142700195312500000000000000000
1.6619677543640136718750000000000000000000
1.6022731065750122070312500000000000000000
1.5456538200378417968750000000000000000000
1.4922900199890136718750000000000000000000
1.4423025846481323242187500000000000000000
1.3957569599151611328125000000000000000000
1.3526679277420043945312500000000000000000
1.3130040168762207031250000000000000000000
1.2766944169998168945312500000000000000000
1.2436337471008300781250000000000000000000
1.2136889696121215820312500000000000000000
1.1867051124572753906250000000000000000000
1.1625103950500488281250000000000000000000
1.1409221887588500976562500000000000000000
1.1217511892318725585937500000000000000000
1.1048058271408081054687500000000000000000
1.0898957252502441406250000000000000000000
1.0768343210220336914062500000000000000000
1.0654420852661132812500000000000000000000
1.0555478334426879882812500000000000000000
1.0469900369644165039062500000000000000000
1.0396178960800170898437500000000000000000
1.0332920551300048828125000000000000000000
1.0278843641281127929687500000000000000000
1.0232775211334228515625000000000000000000
1.0193659067153930664062500000000000000000
1.0160535573959350585937500000000000000000
1.0132547616958618164062500000000000000000
1.0108928680419921875000000000000000000000
1.0089004039764404296875000000000000000000
1.0072184801101684570312500000000000000000
1.0057963132858276367187500000000000000000
1.0045920610427856445312500000000000000000
1.0035705566406250000000000000000000000000
1.0027040243148803710937500000000000000000
1.0019704103469848632812500000000000000000
1.0013529062271118164062500000000000000000
1.0008375644683837890625000000000000000000
1.0004131793975830078125000000000000000000
1.0000689029693603515625000000000000000000
0.9997951984405517578125000000000000000000
0.9995824098587036132812500000000000000000
0.9994210600852966308593750000000000000000
0.9993016123771667480468750000000000000000
0.9992156624794006347656250000000000000000
0.9991555809974670410156250000000000000000
3.0000000000000000000000000000000000000000
3.0000000000000000000000000000000000000000
3.0000000000000000000000000000000000000000
3.0000000000000000000000000000000000000000
3.0000000000000000000000000000000000000000
3.0000000000000000000000000000000000000000
3.0000000000000000000000000000000000000000
3.0000000000000000000000000000000000000000
3.0000000000000000000000000000000000000000
2.9999997615814208984375000000000000000000
2.9999990463256835937500000000000000000000
2.9999966621398925781250000000000000000000
2.9999921321868896484375000000000000000000
2.9999823570251464843750000000000000000000
2.9999630451202392578125000000000000000000
2.9999265670776367187500000000000000000000
2.9998605251312255859375000000000000000000
2.9997453689575195312500000000000000000000
2.9995520114898681640625000000000000000000
2.9992380142211914062500000000000000000000
2.9987440109252929687500000000000000000000
2.9979913234710693359375000000000000000000
2.9968745708465576171875000000000000000000
2.9952611923217773437500000000000000000000
2.9929850101470947265625000000000000000000
2.9898476600646972656250000000000000000000
2.9856145381927490234375000000000000000000
2.9800188541412353515625000000000000000000
2.9727628231048583984375000000000000000000
2.9635233879089355468750000000000000000000
2.9519612789154052734375000000000000000000
2.9377286434173583984375000000000000000000
2.9204814434051513671875000000000000000000
2.8998923301696777343750000000000000000000
2.8756620883941650390625000000000000000000
2.8475344181060791015625000000000000000000
2.8153073787689208984375000000000000000000
2.7788443565368652343750000000000000000000
2.7380826473236083984375000000000000000000
2.6930398941040039062500000000000000000000
2.6438169479370117187500000000000000000000
2.5905995368957519531250000000000000000000
2.5336537361145019531250000000000000000000
2.4733223915100097656250000000000000000000
2.4100136756896972656250000000000000000000
2.3441941738128662109375000000000000000000
2.2763738632202148437500000000000000000000
2.2070944309234619140625000000000000000000
2.1369147300720214843750000000000000000000
2.0663974285125732421875000000000000000000
1.9960957765579223632812500000000000000000
1.9265401363372802734375000000000000000000
1.8582297563552856445312500000000000000000
1.7916209697723388671875000000000000000000
1.7271220684051513671875000000000000000000
1.6650868654251098632812500000000000000000
1.6058121919631958007812500000000000000000
1.5495357513427734375000000000000000000000
1.4964370727539062500000000000000000000000
1.4466383457183837890625000000000000000000
1.4002093076705932617187500000000000000000
1.3571687936782836914062500000000000000000
1.3174921274185180664062500000000000000000
1.2811151742935180664062500000000000000000
1.2479400634765625000000000000000000000000
1.2178412675857543945312500000000000000000
1.1906713247299194335937500000000000000000
1.1662660837173461914062500000000000000000
1.1444493532180786132812500000000000000000
1.1250383853912353515625000000000000000000
1.1078470945358276367187500000000000000000
1.0926898717880249023437500000000000000000
1.0793845653533935546875000000000000000000
1.0677549839019775390625000000000000000000
1.0576323270797729492187500000000000000000
1.0488568544387817382812500000000000000000
1.0412786006927490234375000000000000000000
1.0347582101821899414062500000000000000000
1.0291664600372314453125000000000000000000
1.0243847370147705078125000000000000000000
1.0203049182891845703125000000000000000000
1.0168282985687255859375000000000000000000
1.0138665437698364257812500000000000000000
1.0113416910171508789062500000000000000000
1.0091860294342041015625000000000000000000
1.0073416233062744140625000000000000000000
1.0057616233825683593750000000000000000000
1.0044076442718505859375000000000000000000
1.0032495260238647460937500000000000000000
1.0022644996643066406250000000000000000000
1.0014342069625854492187500000000000000000
1.0007431507110595703125000000000000000000
1.0001773834228515625000000000000000000000
0.9997228384017944335937500000000000000000
0.9993659257888793945312500000000000000000
0.9990925192832946777343750000000000000000
0.9988882541656494140625000000000000000000
0.9987398386001586914062500000000000000000
0.9986349344253540039062500000000000000000
0.9985628724098205566406250000000000000000
3.0000000000000000000000000000000000000000
3.0000000000000000000000000000000000000000
3.0000000000000000000000000000000000000000
3.0000000000000000000000000000000000000000
3.0000000000000000000000000000000000000000
3.0000000000000000000000000000000000000000
3.0000000000000000000000000000000000000000
3.0000000000000000000000000000000000000000
3.0000000000000000000000000000000000000000
3.0000000000000000000000000000000000000000
2.9999995231628417968750000000000000000000
2.9999978542327880859375000000000000000000
2.9999949932098388671875000000000000000000
2.9999883174896240234375000000000000000000
2.9999747276306152343750000000000000000000
2.9999489784240722656250000000000000000000
2.9999012947082519531250000000000000000000
2.9998180866241455078125000000000000000000
2.9996759891510009765625000000000000000000
2.9994432926177978515625000000000000000000
2.9990730285644531250000000000000000000000
2.9985017776489257812500000000000000000000
2.9976449012756347656250000000000000000000
2.9963924884796142578125000000000000000000
2.9946064949035644531250000000000000000000
2.9921185970306396484375000000000000000000
2.9887261390686035156250000000000000000000
2.9841947555541992187500000000000000000000
2.9782583713531494140625000000000000000000
2.9706232547760009765625000000000000000000
2.9609730243682861328125000000000000000000
2.9489774703979492187500000000000000000000
2.9343008995056152343750000000000000000000
2.9166131019592285156250000000000000000000
2.8956010341644287109375000000000000000000
2.8709831237792968750000000000000000000000
2.8425188064575195312500000000000000000000
2.8100209236145019531250000000000000000000
2.7733676433563232421875000000000000000000
2.7325074672698974609375000000000000000000
2.6874661445617675781250000000000000000000
2.6383502483367919921875000000000000000000
2.5853462219238281250000000000000000000000
2.5287182331085205078125000000000000000000
2.4688017368316650390625000000000000000000
2.4059965610504150390625000000000000000000
2.3407559394836425781250000000000000000000
2.2735757827758789062500000000000000000000
2.2049815654754638671875000000000000000000
2.1355147361755371093750000000000000000000
2.0657207965850830078125000000000000000000
1.9961354732513427734375000000000000000000
1.9272742271423339843750000000000000000000
1.8596212863922119140625000000000000000000
1.7936213016510009765625000000000000000000
1.7296726703643798828125000000000000000000
1.6681213378906250000000000000000000000000
1.6092588901519775390625000000000000000000
1.5533206462860107421875000000000000000000
1.5004850625991821289062500000000000000000
1.4508763551712036132812500000000000000000
1.4045668840408325195312500000000000000000
1.3615804910659790039062500000000000000000
1.3218981027603149414062500000000000000000
1.2854620218276977539062500000000000000000
1.2521815299987792968750000000000000000000
1.2219382524490356445312500000000000000000
1.1945919990539550781250000000000000000000
1.1699854135513305664062500000000000000000
1.1479492187500000000000000000000000000000
1.1283065080642700195312500000000000000000
1.1108765602111816406250000000000000000000
1.0954786539077758789062500000000000000000
1.0819344520568847656250000000000000000000
1.0700703859329223632812500000000000000000
1.0597196817398071289062500000000000000000
1.0507231950759887695312500000000000000000
1.0429304838180541992187500000000000000000
1.0362000465393066406250000000000000000000
1.0304003953933715820312500000000000000000
1.0254094600677490234375000000000000000000
1.0211155414581298828125000000000000000000
1.0174186229705810546875000000000000000000
1.0142304897308349609375000000000000000000
1.0114750862121582031250000000000000000000
1.0090900659561157226562500000000000000000
1.0070248842239379882812500000000000000000
1.0052405595779418945312500000000000000000
1.0037066936492919921875000000000000000000
1.0024002790451049804687500000000000000000
1.0013018846511840820312500000000000000000
1.0003929138183593750000000000000000000000
0.9996556639671325683593750000000000000000
0.9990708231925964355468750000000000000000
0.9986180663108825683593750000000000000000
0.9982764124870300292968750000000000000000
0.9980255961418151855468750000000000000000
0.9978465437889099121093750000000000000000
0.9977220296859741210937500000000000000000
0.9976381659507751464843750000000000000000
3.0000000000000000000000000000000000000000
3.0000000000000000000000000000000000000000
3.0000000000000000000000000000000000000000
3.0000000000000000000000000000000000000000
3.0000000000000000000000000000000000000000
3.0000000000000000000000000000000000000000
3.0000000000000000000000000000000000000000
3.0000000000000000000000000000000000000000
3.0000000000000000000000000000000000000000
3.0000000000000000000000000000000000000000
2.9999997615814208984375000000000000000000
2.9999988079071044921875000000000000000000
2.9999966621398925781250000000000000000000
2.9999921321868896484375000000000000000000
2.9999825954437255859375000000000000000000
2.9999644756317138671875000000000000000000
2.9999308586120605468750000000000000000000
2.9998705387115478515625000000000000000000
2.9997670650482177734375000000000000000000
2.9995951652526855468750000000000000000000
2.9993183612823486328125000000000000000000
2.9988865852355957031250000000000000000000
2.9982316493988037109375000000000000000000
2.9972643852233886718750000000000000000000
2.9958701133728027343750000000000000000000
2.9939064979553222656250000000000000000000
2.9912016391754150390625000000000000000000
2.9875509738922119140625000000000000000000
2.9827198982238769531250000000000000000000
2.9764444828033447265625000000000000000000
2.9684348106384277343750000000000000000000
2.9583821296691894531250000000000000000000
2.9459645748138427734375000000000000000000
2.9308586120605468750000000000000000000000
2.9127466678619384765625000000000000000000
2.8913311958312988281250000000000000000000
2.8663454055786132812500000000000000000000
2.8375642299652099609375000000000000000000
2.8048157691955566406250000000000000000000
2.7679901123046875000000000000000000000000
2.7270460128784179687500000000000000000000
2.6820178031921386718750000000000000000000
2.6330158710479736328125000000000000000000
2.5802278518676757812500000000000000000000
2.5239152908325195312500000000000000000000
2.4644072055816650390625000000000000000000
2.4020943641662597656250000000000000000000
2.3374185562133789062500000000000000000000
2.2708611488342285156250000000000000000000
2.2029321193695068359375000000000000000000
2.1341569423675537109375000000000000000000
2.0650644302368164062500000000000000000000
1.9961740970611572265625000000000000000000
1.9279867410659790039062500000000000000000
1.8609727621078491210937500000000000000000
1.7955653667449951171875000000000000000000
1.7321530580520629882812500000000000000000
1.6710746288299560546875000000000000000000
1.6126168966293334960937500000000000000000
1.5570119619369506835937500000000000000000
1.5044378042221069335937500000000000000000
1.4550197124481201171875000000000000000000
1.4088327884674072265625000000000000000000
1.3659057617187500000000000000000000000000
1.3262242078781127929687500000000000000000
1.2897368669509887695312500000000000000000
1.2563595771789550781250000000000000000000
1.2259807586669921875000000000000000000000
1.1984671354293823242187500000000000000000
1.1736681461334228515625000000000000000000
1.1514208316802978515625000000000000000000
1.1315538883209228515625000000000000000000
1.1138916015625000000000000000000000000000
1.0982569456100463867187500000000000000000
1.0844744443893432617187500000000000000000
1.0723718404769897460937500000000000000000
1.0617818832397460937500000000000000000000
1.0525431632995605468750000000000000000000
1.0445022583007812500000000000000000000000
1.0375132560729980468750000000000000000000
1.0314402580261230468750000000000000000000
1.0261588096618652343750000000000000000000
1.0215576887130737304687500000000000000000
1.0175403356552124023437500000000000000000
1.0140265226364135742187500000000000000000
1.0109517574310302734375000000000000000000
1.0082670450210571289062500000000000000000
1.0059349536895751953125000000000000000000
1.0039274692535400390625000000000000000000
1.0022214651107788085937500000000000000000
1.0007954835891723632812500000000000000000
0.9996265172958374023437500000000000000000
0.9986895322799682617187500000000000000000
0.9979565739631652832031250000000000000000
0.9973978400230407714843750000000000000000
0.9969832301139831542968750000000000000000
0.9966840744018554687500000000000000000000
0.9964740276336669921875000000000000000000
0.9963306784629821777343750000000000000000
0.9962354898452758789062500000000000000000
3.0000000000000000000000000000000000000000
3.0000000000000000000000000000000000000000
3.0000000000000000000000000000000000000000
3.0000000000000000000000000000000000000000
3.0000000000000000000000000000000000000000
3.0000000000000000000000000000000000000000
3.0000000000000000000000000000000000000000
3.0000000000000000000000000000000000000000
3.0000000000000000000000000000000000000000
3.0000000000000000000000000000000000000000
3.0000000000000000000000000000000000000000
2.9999995231628417968750000000000000000000
2.9999978542327880859375000000000000000000
2.9999949932098388671875000000000000000000
2.9999883174896240234375000000000000000000
2.9999756813049316406250000000000000000000
2.9999516010284423828125000000000000000000
2.9999082088470458984375000000000000000000
2.9998326301574707031250000000000000000000
2.9997062683105468750000000000000000000000
2.9995002746582031250000000000000000000000
2.9991755485534667968750000000000000000000
2.9986772537231445312500000000000000000000
2.9979333877563476562500000000000000000000
2.9968495368957519531250000000000000000000
2.9953076839447021484375000000000000000000
2.9931612014770507812500000000000000000000
2.9902348518371582031250000000000000000000
2.9863238334655761718750000000000000000000
2.9811930656433105468750000000000000000000
2.9745805263519287109375000000000000000000
2.9662020206451416015625000000000000000000
2.9557547569274902343750000000000000000000
2.9429268836975097656250000000000000000000
2.9274051189422607421875000000000000000000
2.9088857173919677734375000000000000000000
2.8870849609375000000000000000000000000000
2.8617503643035888671875000000000000000000
2.8326718807220458984375000000000000000000
2.7996907234191894531250000000000000000000
2.7627089023590087890625000000000000000000
2.7216949462890625000000000000000000000000
2.6766901016235351562500000000000000000000
2.6278088092803955078125000000000000000000
2.5752389430999755859375000000000000000000
2.5192391872406005859375000000000000000000
2.4601330757141113281250000000000000000000
2.3983023166656494140625000000000000000000
2.3341767787933349609375000000000000000000
2.2682254314422607421875000000000000000000
2.2009427547454833984375000000000000000000
2.1328389644622802734375000000000000000000
2.0644268989562988281250000000000000000000
1.9962115287780761718750000000000000000000
1.9286785125732421875000000000000000000000
1.8622858524322509765625000000000000000000
1.7974554300308227539062500000000000000000
1.7345663309097290039062500000000000000000
1.6739507913589477539062500000000000000000
1.6158900260925292968750000000000000000000
1.5606136322021484375000000000000000000000
1.5082987546920776367187500000000000000000
1.4590718746185302734375000000000000000000
1.4130104780197143554687500000000000000000
1.3701471090316772460937500000000000000000
1.3304727077484130859375000000000000000000
1.2939413785934448242187500000000000000000
1.2604750394821166992187500000000000000000
1.2299691438674926757812500000000000000000
1.2022967338562011718750000000000000000000
1.1773134469985961914062500000000000000000
1.1548615694046020507812500000000000000000
1.1347749233245849609375000000000000000000
1.1168805360794067382812500000000000000000
1.1010032892227172851562500000000000000000
1.0869672298431396484375000000000000000000
1.0745972394943237304687500000000000000000
1.0637215375900268554687500000000000000000
1.0541727542877197265625000000000000000000
1.0457916259765625000000000000000000000000
1.0384284257888793945312500000000000000000
1.0319476127624511718750000000000000000000
1.0262299776077270507812500000000000000000
1.0211759805679321289062500000000000000000
1.0167064666748046875000000000000000000000
1.0127615928649902343750000000000000000000
1.0092980861663818359375000000000000000000
1.0062844753265380859375000000000000000000
1.0036959648132324218750000000000000000000
1.0015090703964233398437500000000000000000
0.9996973872184753417968750000000000000000
0.9982296824455261230468750000000000000000
0.9970693588256835937500000000000000000000
0.9961753487586975097656250000000000000000
0.9955047369003295898437500000000000000000
0.9950155019760131835937500000000000000000
0.9946683049201965332031250000000000000000
0.9944285154342651367187500000000000000000
0.9942675232887268066406250000000000000000
0.9941623210906982421875000000000000000000
3.0000000000000000000000000000000000000000
3.0000000000000000000000000000000000000000
3.0000000000000000000000000000000000000000
3.0000000000000000000000000000000000000000
3.0000000000000000000000000000000000000000
3.0000000000000000000000000000000000000000
3.0000000000000000000000000000000000000000
3.0000000000000000000000000000000000000000
3.0000000000000000000000000000000000000000
3.0000000000000000000000000000000000000000
3.0000000000000000000000000000000000000000
2.9999997615814208984375000000000000000000
2.9999988079071044921875000000000000000000
2.9999966621398925781250000000000000000000
2.9999921321868896484375000000000000000000
2.9999833106994628906250000000000000000000
2.9999666213989257812500000000000000000000
2.9999351501464843750000000000000000000000
2.9998803138732910156250000000000000000000
2.9997875690460205078125000000000000000000
2.9996349811553955078125000000000000000000
2.9993917942047119140625000000000000000000
2.9990143775939941406250000000000000000000
2.9984447956085205078125000000000000000000
2.9976060390472412109375000000000000000000
2.9964003562927246093750000000000000000000
2.9947052001953125000000000000000000000000
2.9923710823059082031250000000000000000000
2.9892201423645019531250000000000000000000
2.9850468635559082031250000000000000000000
2.9796159267425537109375000000000000000000
2.9726700782775878906250000000000000000000
2.9639279842376708984375000000000000000000
2.9530947208404541015625000000000000000000
2.9398674964904785156250000000000000000000
2.9239437580108642578125000000000000000000
2.9050328731536865234375000000000000000000
2.8828642368316650390625000000000000000000
2.8571994304656982421875000000000000000000
2.8278415203094482421875000000000000000000
2.7946448326110839843750000000000000000000
2.7575221061706542968750000000000000000000
2.7164511680603027343750000000000000000000
2.6714794635772705078125000000000000000000
2.6227240562438964843750000000000000000000
2.5703740119934082031250000000000000000000
2.5146849155426025390625000000000000000000
2.4559743404388427734375000000000000000000
2.3946151733398437500000000000000000000000
2.3310270309448242187500000000000000000000
2.2656652927398681640625000000000000000000
2.1990110874176025390625000000000000000000
2.1315591335296630859375000000000000000000
2.0638082027435302734375000000000000000000
1.9962477684020996093750000000000000000000
1.9293507337570190429687500000000000000000
1.8635624647140502929687500000000000000000
1.7992939949035644531250000000000000000000
1.7369157075881958007812500000000000000000
1.6767528057098388671875000000000000000000
1.6190816164016723632812500000000000000000
1.5641291141510009765625000000000000000000
1.5120717287063598632812500000000000000000
1.4630361795425415039062500000000000000000
1.4171026945114135742187500000000000000000
1.3743071556091308593750000000000000000000
1.3346455097198486328125000000000000000000
1.2980765104293823242187500000000000000000
1.2645287513732910156250000000000000000000
1.2339031696319580078125000000000000000000
1.2060782909393310546875000000000000000000
1.1809144020080566406250000000000000000000
1.1582572460174560546875000000000000000000
1.1379419565200805664062500000000000000000
1.1197946071624755859375000000000000000000
1.1036357879638671875000000000000000000000
1.0892829895019531250000000000000000000000
1.0765525102615356445312500000000000000000
1.0652639865875244140625000000000000000000
1.0552439689636230468750000000000000000000
1.0463327169418334960937500000000000000000
1.0383880138397216796875000000000000000000
1.0312900543212890625000000000000000000000
1.0249447822570800781250000000000000000000
1.0192831754684448242187500000000000000000
1.0142576694488525390625000000000000000000
1.0098372697830200195312500000000000000000
1.0059987306594848632812500000000000000000
1.0027202367782592773437500000000000000000
0.9999749064445495605468750000000000000000
0.9977265596389770507812500000000000000000
0.9959295988082885742187500000000000000000
0.9945299625396728515625000000000000000000
0.9934685230255126953125000000000000000000
0.9926852583885192871093750000000000000000
0.9921229481697082519531250000000000000000
0.9917303323745727539062500000000000000000
0.9914634227752685546875000000000000000000
0.9912868142127990722656250000000000000000
0.9911728501319885253906250000000000000000
3.0000000000000000000000000000000000000000
3.0000000000000000000000000000000000000000
3.0000000000000000000000000000000000000000
3.0000000000000000000000000000000000000000
3.0000000000000000000000000000000000000000
3.0000000000000000000000000000000000000000
3.0000000000000000000000000000000000000000
3.0000000000000000000000000000000000000000
3.0000000000000000000000000000000000000000
3.0000000000000000000000000000000000000000
3.0000000000000000000000000000000000000000
3.0000000000000000000000000000000000000000
2.9999995231628417968750000000000000000000
2.9999978542327880859375000000000000000000
2.9999949932098388671875000000000000000000
2.9999887943267822265625000000000000000000
2.9999768733978271484375000000000000000000
2.9999544620513916015625000000000000000000
2.9999148845672607421875000000000000000000
2.9998471736907958984375000000000000000000
2.9997344017028808593750000000000000000000
2.9995527267456054687500000000000000000000
2.9992678165435791015625000000000000000000
2.9988336563110351562500000000000000000000
2.9981875419616699218750000000000000000000
2.9972493648529052734375000000000000000000
2.9959168434143066406250000000000000000000
2.9940638542175292968750000000000000000000
2.9915378093719482421875000000000000000000
2.9881594181060791015625000000000000000000
2.9837222099304199218750000000000000000000
2.9779927730560302734375000000000000000000
2.9707159996032714843750000000000000000000
2.9616162776947021484375000000000000000000
2.9504055976867675781250000000000000000000
2.9367899894714355468750000000000000000000
2.9204783439636230468750000000000000000000
2.9011912345886230468750000000000000000000
2.8786714076995849609375000000000000000000
2.8526937961578369140625000000000000000000
2.8230733871459960937500000000000000000000
2.7896771430969238281250000000000000000000
2.7524278163909912109375000000000000000000
2.7113115787506103515625000000000000000000
2.6663813591003417968750000000000000000000
2.6177573204040527343750000000000000000000
2.5656285285949707031250000000000000000000
2.5102474689483642578125000000000000000000
2.4519257545471191406250000000000000000000
2.3910286426544189453125000000000000000000
2.3279645442962646484375000000000000000000
2.2631771564483642578125000000000000000000
2.1971337795257568359375000000000000000000
2.1303155422210693359375000000000000000000
2.0632066726684570312500000000000000000000
1.9962831735610961914062500000000000000000
1.9300043582916259765625000000000000000000
1.8648041486740112304687500000000000000000
1.8010833263397216796875000000000000000000
1.7392038106918334960937500000000000000000
1.6794838905334472656250000000000000000000
1.6221953630447387695312500000000000000000
1.5675622224807739257812500000000000000000
1.5157597064971923828125000000000000000000
1.4669157266616821289062500000000000000000
1.4211121797561645507812500000000000000000
1.3783882856369018554687500000000000000000
1.3387436866760253906250000000000000000000
1.3021429777145385742187500000000000000000
1.2685184478759765625000000000000000000000
1.2377750873565673828125000000000000000000
1.2097944021224975585937500000000000000000
1.1844367980957031250000000000000000000000
1.1615458726882934570312500000000000000000
1.1409497261047363281250000000000000000000
1.1224650144577026367187500000000000000000
1.1058996915817260742187500000000000000000
1.0910580158233642578125000000000000000000
1.0777468681335449218750000000000000000000
1.0657833814620971679687500000000000000000
1.0550032854080200195312500000000000000000
1.0452674627304077148437500000000000000000
1.0364683866500854492187500000000000000000
1.0285302400588989257812500000000000000000
1.0214053392410278320312500000000000000000
1.0150680541992187500000000000000000000000
1.0095037221908569335937500000000000000000
1.0046983957290649414062500000000000000000
1.0006296634674072265625000000000000000000
0.9972606301307678222656250000000000000000
0.9945379495620727539062500000000000000000
0.9923931956291198730468750000000000000000
0.9907483458518981933593750000000000000000
0.9895206093788146972656250000000000000000
0.9886288046836853027343750000000000000000
0.9879985451698303222656250000000000000000
0.9875648021697998046875000000000000000000
0.9872741699218750000000000000000000000000
0.9870843291282653808593750000000000000000
0.9869633316993713378906250000000000000000
3.0000000000000000000000000000000000000000
3.0000000000000000000000000000000000000000
3.0000000000000000000000000000000000000000
3.0000000000000000000000000000000000000000
3.0000000000000000000000000000000000000000
3.0000000000000000000000000000000000000000
3.0000000000000000000000000000000000000000
3.0000000000000000000000000000000000000000
3.0000000000000000000000000000000000000000
3.0000000000000000000000000000000000000000
3.0000000000000000000000000000000000000000
3.0000000000000000000000000000000000000000
2.9999997615814208984375000000000000000000
2.9999988079071044921875000000000000000000
2.9999966621398925781250000000000000000000
2.9999923706054687500000000000000000000000
2.9999837875366210937500000000000000000000
2.9999680519104003906250000000000000000000
2.9999394416809082031250000000000000000000
2.9998903274536132812500000000000000000000
2.9998071193695068359375000000000000000000
2.9996721744537353515625000000000000000000
2.9994580745697021484375000000000000000000
2.9991285800933837890625000000000000000000
2.9986329078674316406250000000000000000000
2.9979054927825927734375000000000000000000
2.9968628883361816406250000000000000000000
2.9953982830047607421875000000000000000000
2.9933826923370361328125000000000000000000
2.9906613826751708984375000000000000000000
2.9870531558990478515625000000000000000000
2.9823515415191650390625000000000000000000
2.9763247966766357421875000000000000000000
2.9687209129333496093750000000000000000000
2.9592700004577636718750000000000000000000
2.9476904869079589843750000000000000000000
2.9336977005004882812500000000000000000000
2.9170110225677490234375000000000000000000
2.8973627090454101562500000000000000000000
2.8745079040527343750000000000000000000000
2.8482332229614257812500000000000000000000
2.8183672428131103515625000000000000000000
2.7847867012023925781250000000000000000000
2.7474241256713867187500000000000000000000
2.7062733173370361328125000000000000000000
2.6613922119140625000000000000000000000000
2.6129045486450195312500000000000000000000
2.5609974861145019531250000000000000000000
2.5059216022491455078125000000000000000000
2.4479827880859375000000000000000000000000
2.3875379562377929687500000000000000000000
2.3249855041503906250000000000000000000000
2.2607576847076416015625000000000000000000
2.1953086853027343750000000000000000000000
2.1291067600250244140625000000000000000000
2.0626220703125000000000000000000000000000
1.9963175058364868164062500000000000000000
1.9306401014328002929687500000000000000000
1.8660126924514770507812500000000000000000
1.8028258085250854492187500000000000000000
1.7414332628250122070312500000000000000000
1.6821467876434326171875000000000000000000
1.6252338886260986328125000000000000000000
1.5709154605865478515625000000000000000000
1.5193659067153930664062500000000000000000
1.4707129001617431640625000000000000000000
1.4250406026840209960937500000000000000000
1.3823904991149902343750000000000000000000
1.3427653312683105468750000000000000000000
1.3061316013336181640625000000000000000000
1.2724230289459228515625000000000000000000
1.2415434122085571289062500000000000000000
1.2133682966232299804687500000000000000000
1.1877490282058715820312500000000000000000
1.1645135879516601562500000000000000000000
1.1434721946716308593750000000000000000000
1.1244220733642578125000000000000000000000
1.1071559190750122070312500000000000000000
1.0914715528488159179687500000000000000000
1.0771853923797607421875000000000000000000
1.0641415119171142578125000000000000000000
1.0522208213806152343750000000000000000000
1.0413448810577392578125000000000000000000
1.0314729213714599609375000000000000000000
1.0225919485092163085937500000000000000000
1.0147057771682739257812500000000000000000
1.0078179836273193359375000000000000000000
1.0019195079803466796875000000000000000000
0.9969800710678100585937500000000000000000
0.9929426908493041992187500000000000000000
0.9897258281707763671875000000000000000000
0.9872300028800964355468750000000000000000
0.9853449463844299316406250000000000000000
0.9839594364166259765625000000000000000000
0.9829679727554321289062500000000000000000
0.9822772145271301269531250000000000000000
0.9818082451820373535156250000000000000000
0.9814978241920471191406250000000000000000
0.9812972545623779296875000000000000000000
0.9811707735061645507812500000000000000000
3.0000000000000000000000000000000000000000
3.0000000000000000000000000000000000000000
3.0000000000000000000000000000000000000000
3.0000000000000000000000000000000000000000
3.0000000000000000000000000000000000000000
3.0000000000000000000000000000000000000000
3.0000000000000000000000000000000000000000
3.0000000000000000000000000000000000000000
3.0000000000000000000000000000000000000000
3.0000000000000000000000000000000000000000
3.0000000000000000000000000000000000000000
3.0000000000000000000000000000000000000000
3.0000000000000000000000000000000000000000
2.9999995231628417968750000000000000000000
2.9999978542327880859375000000000000000000
2.9999949932098388671875000000000000000000
2.9999890327453613281250000000000000000000
2.9999775886535644531250000000000000000000
2.9999570846557617187500000000000000000000
2.9999213218688964843750000000000000000000
2.9998605251312255859375000000000000000000
2.9997606277465820312500000000000000000000
2.9996004104614257812500000000000000000000
2.9993510246276855468750000000000000000000
2.9989724159240722656250000000000000000000
2.9984114170074462890625000000000000000000
2.9975984096527099609375000000000000000000
2.9964461326599121093750000000000000000000
2.9948449134826660156250000000000000000000
2.9926629066467285156250000000000000000000
2.9897432327270507812500000000000000000000
2.9859032630920410156250000000000000000000
2.9809370040893554687500000000000000000000
2.9746148586273193359375000000000000000000
2.9666879177093505859375000000000000000000
2.9568917751312255859375000000000000000000
2.9449524879455566406250000000000000000000
2.9305937290191650390625000000000000000000
2.9135448932647705078125000000000000000000
2.8935499191284179687500000000000000000000
2.8703751564025878906250000000000000000000
2.8438198566436767578125000000000000000000
2.8137230873107910156250000000000000000000
2.7799720764160156250000000000000000000000
2.7425088882446289062500000000000000000000
2.7013335227966308593750000000000000000000
2.6565091609954833984375000000000000000000
2.6081609725952148437500000000000000000000
2.5564768314361572265625000000000000000000
2.5017030239105224609375000000000000000000
2.4441409111022949218750000000000000000000
2.3841388225555419921875000000000000000000
2.3220863342285156250000000000000000000000
2.2584035396575927734375000000000000000000
2.1935336589813232421875000000000000000000
2.1279311180114746093750000000000000000000
2.0620532035827636718750000000000000000000
1.9963510036468505859375000000000000000000
1.9312591552734375000000000000000000000000
1.8671894073486328125000000000000000000000
1.8045233488082885742187500000000000000000
1.7436063289642333984375000000000000000000
1.6847445964813232421875000000000000000000
1.6282004117965698242187500000000000000000
1.5741920471191406250000000000000000000000
1.5228922367095947265625000000000000000000
1.4744287729263305664062500000000000000000
1.4288855791091918945312500000000000000000
1.3863041400909423828125000000000000000000
1.3466861248016357421875000000000000000000
1.3099935054779052734375000000000000000000
1.2761505842208862304687500000000000000000
1.2450466156005859375000000000000000000000
1.2165358066558837890625000000000000000000
1.1904428005218505859375000000000000000000
1.1665675640106201171875000000000000000000
1.1446963548660278320312500000000000000000
1.1246141195297241210937500000000000000000
1.1061208248138427734375000000000000000000
1.0890469551086425781250000000000000000000
1.0732667446136474609375000000000000000000
1.0587046146392822265625000000000000000000
1.0453339815139770507812500000000000000000
1.0331666469573974609375000000000000000000
1.0222365856170654296875000000000000000000
1.0125796794891357421875000000000000000000
1.0042145252227783203125000000000000000000
0.9971276521682739257812500000000000000000
0.9912674427032470703125000000000000000000
0.9865434169769287109375000000000000000000
0.9828344583511352539062500000000000000000
0.9799994826316833496093750000000000000000
0.9778898954391479492187500000000000000000
0.9763612151145935058593750000000000000000
0.9752825498580932617187500000000000000000
0.9745404124259948730468750000000000000000
0.9740424752235412597656250000000000000000
0.9737163782119750976562500000000000000000
0.9735077619552612304687500000000000000000
0.9733771681785583496093750000000000000000
3.0000000000000000000000000000000000000000
3.0000000000000000000000000000000000000000
3.0000000000000000000000000000000000000000
3.0000000000000000000000000000000000000000
3.0000000000000000000000000000000000000000
3.0000000000000000000000000000000000000000
3.0000000000000000000000000000000000000000
3.0000000000000000000000000000000000000000
3.0000000000000000000000000000000000000000
3.0000000000000000000000000000000000000000
3.0000000000000000000000000000000000000000
3.0000000000000000000000000000000000000000
3.0000000000000000000000000000000000000000
2.9999997615814208984375000000000000000000
2.9999988079071044921875000000000000000000
2.9999966621398925781250000000000000000000
2.9999926090240478515625000000000000000000
2.9999845027923583984375000000000000000000
2.9999697208404541015625000000000000000000
2.9999439716339111328125000000000000000000
2.9998993873596191406250000000000000000000
2.9998257160186767578125000000000000000000
2.9997060298919677734375000000000000000000
2.9995181560516357421875000000000000000000
2.9992299079895019531250000000000000000000
2.9987988471984863281250000000000000000000
2.9981684684753417968750000000000000000000
2.9972651004791259765625000000000000000000
2.9959988594055175781250000000000000000000
2.9942574501037597656250000000000000000000
2.9919052124023437500000000000000000000000
2.9887843132019042968750000000000000000000
2.9847111701965332031250000000000000000000
2.9794809818267822265625000000000000000000
2.9728655815124511718750000000000000000000
2.9646201133728027343750000000000000000000
2.9544854164123535156250000000000000000000
2.9421949386596679687500000000000000000000
2.9274804592132568359375000000000000000000
2.9100823402404785156250000000000000000000
2.8897547721862792968750000000000000000000
2.8662748336791992187500000000000000000000
2.8394534587860107421875000000000000000000
2.8091402053833007812500000000000000000000
2.7752325534820556640625000000000000000000
2.7376799583435058593750000000000000000000
2.6964895725250244140625000000000000000000
2.6517281532287597656250000000000000000000
2.6035232543945312500000000000000000000000
2.5520617961883544921875000000000000000000
2.4975874423980712890625000000000000000000
2.4403953552246093750000000000000000000000
2.3808274269104003906250000000000000000000
2.3192629814147949218750000000000000000000
2.2561120986938476562500000000000000000000
2.1918058395385742187500000000000000000000
2.1267867088317871093750000000000000000000
2.0614995956420898437500000000000000000000
1.9963834285736083984375000000000000000000
1.9318616390228271484375000000000000000000
1.8683354854583740234375000000000000000000
1.8061776161193847656250000000000000000000
1.7457255125045776367187500000000000000000
1.6872789859771728515625000000000000000000
1.6310964822769165039062500000000000000000
1.5773919820785522460937500000000000000000
1.5263352394104003906250000000000000000000
1.4780513048171997070312500000000000000000
1.4326189756393432617187500000000000000000
1.3900717496871948242187500000000000000000
1.3503968715667724609375000000000000000000
1.3135350942611694335937500000000000000000
1.2793813943862915039062500000000000000000
1.2477869987487792968750000000000000000000
1.2185667753219604492187500000000000000000
1.1915087699890136718750000000000000000000
1.1663914918899536132812500000000000000000
1.1430040597915649414062500000000000000000
1.1211674213409423828125000000000000000000
1.1007531881332397460937500000000000000000
1.0816954374313354492187500000000000000000
1.0639915466308593750000000000000000000000
1.0476908683776855468750000000000000000000
1.0328750610351562500000000000000000000000
1.0196303129196166992187500000000000000000
1.0080212354660034179687500000000000000000
0.9980697631835937500000000000000000000000
0.9897423386573791503906250000000000000000
0.9829488992691040039062500000000000000000
0.9775501489639282226562500000000000000000
0.9733722209930419921875000000000000000000
0.9702242612838745117187500000000000000000
0.9679139852523803710937500000000000000000
0.9662618041038513183593750000000000000000
0.9651098847389221191406250000000000000000
0.9643262624740600585937500000000000000000
0.9638057947158813476562500000000000000000
0.9634678363800048828125000000000000000000
0.9632532596588134765625000000000000000000
0.9631198048591613769531250000000000000000
3.0000000000000000000000000000000000000000
3.0000000000000000000000000000000000000000
3.0000000000000000000000000000000000000000
3.0000000000000000000000000000000000000000
3.0000000000000000000000000000000000000000
3.0000000000000000000000000000000000000000
3.0000000000000000000000000000000000000000
3.0000000000000000000000000000000000000000
3.0000000000000000000000000000000000000000
3.0000000000000000000000000000000000000000
3.0000000000000000000000000000000000000000
3.0000000000000000000000000000000000000000
3.0000000000000000000000000000000000000000
3.0000000000000000000000000000000000000000
2.9999995231628417968750000000000000000000
2.9999978542327880859375000000000000000000
2.9999952316284179687500000000000000000000
2.9999895095825195312500000000000000000000
2.9999787807464599609375000000000000000000
2.9999601840972900390625000000000000000000
2.9999277591705322265625000000000000000000
2.9998731613159179687500000000000000000000
2.9997847080230712890625000000000000000000
2.9996435642242431640625000000000000000000
2.9994251728057861328125000000000000000000
2.9990949630737304687500000000000000000000
2.9986076354980468750000000000000000000000
2.9979031085968017578125000000000000000000
2.9969060420989990234375000000000000000000
2.9955217838287353515625000000000000000000
2.9936356544494628906250000000000000000000
2.9911105632781982421875000000000000000000
2.9877858161926269531250000000000000000000
2.9834790229797363281250000000000000000000
2.9779851436614990234375000000000000000000
2.9710791110992431640625000000000000000000
2.9625194072723388671875000000000000000000
2.9520530700683593750000000000000000000000
2.9394197463989257812500000000000000000000
2.9243609905242919921875000000000000000000
2.9066259860992431640625000000000000000000
2.8859784603118896484375000000000000000000
2.8622078895568847656250000000000000000000
2.8351347446441650390625000000000000000000
2.8046185970306396484375000000000000000000
2.7705664634704589843750000000000000000000
2.7329354286193847656250000000000000000000
2.6917383670806884765625000000000000000000
2.6470460891723632812500000000000000000000
2.5989873409271240234375000000000000000000
2.5477488040924072265625000000000000000000
2.4935705661773681640625000000000000000000
2.4367430210113525390625000000000000000000
2.3775999546051025390625000000000000000000
2.3165128231048583984375000000000000000000
2.2538807392120361328125000000000000000000
2.1901235580444335937500000000000000000000
2.1256725788116455078125000000000000000000
2.0609605312347412109375000000000000000000
1.9964150190353393554687500000000000000000
1.9324486255645751953125000000000000000000
1.8694523572921752929687500000000000000000
1.8077900409698486328125000000000000000000
1.7477918863296508789062500000000000000000
1.6897505521774291992187500000000000000000
1.6339180469512939453125000000000000000000
1.5805021524429321289062500000000000000000
1.5296639204025268554687500000000000000000
1.4815151691436767578125000000000000000000
1.4361152648925781250000000000000000000000
1.3934681415557861328125000000000000000000
1.3535207509994506835937500000000000000000
1.3161640167236328125000000000000000000000
1.2812371253967285156250000000000000000000
1.2485395669937133789062500000000000000000
1.2178502082824707031250000000000000000000
1.1889520883560180664062500000000000000000
1.1616600751876831054687500000000000000000
1.1358482837677001953125000000000000000000
1.1114666461944580078125000000000000000000
1.0885465145111083984375000000000000000000
1.0671896934509277343750000000000000000000
1.0475447177886962890625000000000000000000
1.0297709703445434570312500000000000000000
1.0140042304992675781250000000000000000000
1.0003248453140258789062500000000000000000
0.9887384176254272460937500000000000000000
0.9791698455810546875000000000000000000000
0.9714710712432861328125000000000000000000
0.9654378890991210937500000000000000000000
0.9608332514762878417968750000000000000000
0.9574093222618103027343750000000000000000
0.9549278020858764648437500000000000000000
0.9531736969947814941406250000000000000000
0.9519634842872619628906250000000000000000
0.9511479139328002929687500000000000000000
0.9506103992462158203125000000000000000000
0.9502639770507812500000000000000000000000
0.9500452280044555664062500000000000000000
0.9499098062515258789062500000000000000000
3.0000000000000000000000000000000000000000
3.0000000000000000000000000000000000000000
3.0000000000000000000000000000000000000000
3.0000000000000000000000000000000000000000
3.0000000000000000000000000000000000000000
3.0000000000000000000000000000000000000000
3.0000000000000000000000000000000000000000
3.0000000000000000000000000000000000000000
3.0000000000000000000000000000000000000000
3.0000000000000000000000000000000000000000
3.0000000000000000000000000000000000000000
3.0000000000000000000000000000000000000000
3.0000000000000000000000000000000000000000
3.0000000000000000000000000000000000000000
2.9999997615814208984375000000000000000000
2.9999988079071044921875000000000000000000
2.9999966621398925781250000000000000000000
2.9999928474426269531250000000000000000000
2.9999852180480957031250000000000000000000
2.9999718666076660156250000000000000000000
2.9999482631683349609375000000000000000000
2.9999084472656250000000000000000000000000
2.9998426437377929687500000000000000000000
2.9997370243072509765625000000000000000000
2.9995722770690917968750000000000000000000
2.9993205070495605468750000000000000000000
2.9989454746246337890625000000000000000000
2.9983978271484375000000000000000000000000
2.9976158142089843750000000000000000000000
2.9965205192565917968750000000000000000000
2.9950144290924072265625000000000000000000
2.9929804801940917968750000000000000000000
2.9902789592742919921875000000000000000000
2.9867494106292724609375000000000000000000
2.9822082519531250000000000000000000000000
2.9764518737792968750000000000000000000000
2.9692575931549072265625000000000000000000
2.9603886604309082031250000000000000000000
2.9495973587036132812500000000000000000000
2.9366302490234375000000000000000000000000
2.9212377071380615234375000000000000000000
2.9031770229339599609375000000000000000000
2.8822233676910400390625000000000000000000
2.8581748008728027343750000000000000000000
2.8308629989624023437500000000000000000000
2.8001573085784912109375000000000000000000
2.7659723758697509765625000000000000000000
2.7282729148864746093750000000000000000000
2.6870775222778320312500000000000000000000
2.6424596309661865234375000000000000000000
2.5945498943328857421875000000000000000000
2.5435338020324707031250000000000000000000
2.4896485805511474609375000000000000000000
2.4331793785095214843750000000000000000000
2.3744530677795410156250000000000000000000
2.3138322830200195312500000000000000000000
2.2517063617706298828125000000000000000000
2.1884846687316894531250000000000000000000
2.1245870590209960937500000000000000000000
2.0604352951049804687500000000000000000000
1.9964457750320434570312500000000000000000
1.9330202341079711914062500000000000000000
1.8705400228500366210937500000000000000000
1.8093596696853637695312500000000000000000
1.7497998476028442382812500000000000000000
1.6921436786651611328125000000000000000000
1.6366301774978637695312500000000000000000
1.5834494829177856445312500000000000000000
1.5327363014221191406250000000000000000000
1.4845639467239379882812500000000000000000
1.4389401674270629882812500000000000000000
1.3958035707473754882812500000000000000000
1.3550263643264770507812500000000000000000
1.3164277076721191406250000000000000000000
1.2797919511795043945312500000000000000000
1.2448997497558593750000000000000000000000
1.2115632295608520507812500000000000000000
1.1796612739562988281250000000000000000000
1.1491643190383911132812500000000000000000
1.1201474666595458984375000000000000000000
1.0927793979644775390625000000000000000000
1.0672959089279174804687500000000000000000
1.0439565181732177734375000000000000000000
1.0229970216751098632812500000000000000000
1.0045872926712036132812500000000000000000
0.9888001084327697753906250000000000000000
0.9755983948707580566406250000000000000000
0.9648411273956298828125000000000000000000
0.9563020467758178710937500000000000000000
0.9496988058090209960937500000000000000000
0.9447228312492370605468750000000000000000
0.9410666227340698242187500000000000000000
0.9384457468986511230468750000000000000000
0.9366114735603332519531250000000000000000
0.9353568553924560546875000000000000000000
0.9345175623893737792968750000000000000000
0.9339681863784790039062500000000000000000
0.9336158037185668945312500000000000000000
0.9333943128585815429687500000000000000000
0.9332577586174011230468750000000000000000
3.0000000000000000000000000000000000000000
3.0000000000000000000000000000000000000000
3.0000000000000000000000000000000000000000
3.0000000000000000000000000000000000000000
3.0000000000000000000000000000000000000000
3.0000000000000000000000000000000000000000
3.0000000000000000000000000000000000000000
3.0000000000000000000000000000000000000000
3.0000000000000000000000000000000000000000
3.0000000000000000000000000000000000000000
3.0000000000000000000000000000000000000000
3.0000000000000000000000000000000000000000
3.0000000000000000000000000000000000000000
3.0000000000000000000000000000000000000000
3.0000000000000000000000000000000000000000
2.9999995231628417968750000000000000000000
2.9999983310699462890625000000000000000000
2.9999952316284179687500000000000000000000
2.9999899864196777343750000000000000000000
2.9999804496765136718750000000000000000000
2.9999630451202392578125000000000000000000
2.9999339580535888671875000000000000000000
2.9998853206634521484375000000000000000000
2.9998066425323486328125000000000000000000
2.9996824264526367187500000000000000000000
2.9994912147521972656250000000000000000000
2.9992036819458007812500000000000000000000
2.9987797737121582031250000000000000000000
2.9981691837310791015625000000000000000000
2.9973058700561523437500000000000000000000
2.9961085319519042968750000000000000000000
2.9944772720336914062500000000000000000000
2.9922919273376464843750000000000000000000
2.9894120693206787109375000000000000000000
2.9856758117675781250000000000000000000000
2.9809000492095947265625000000000000000000
2.9748826026916503906250000000000000000000
2.9674036502838134765625000000000000000000
2.9582304954528808593750000000000000000000
2.9471206665039062500000000000000000000000
2.9338290691375732421875000000000000000000
2.9181122779846191406250000000000000000000
2.8997380733489990234375000000000000000000
2.8784899711608886718750000000000000000000
2.8541769981384277343750000000000000000000
2.8266396522521972656250000000000000000000
2.7957563400268554687500000000000000000000
2.7614495754241943359375000000000000000000
2.7236912250518798828125000000000000000000
2.6825041770935058593750000000000000000000
2.6379659175872802734375000000000000000000
2.5902075767517089843750000000000000000000
2.5394134521484375000000000000000000000000
2.4858181476593017578125000000000000000000
2.4297013282775878906250000000000000000000
2.3713834285736083984375000000000000000000
2.3112185001373291015625000000000000000000
2.2495870590209960937500000000000000000000
2.1868875026702880859375000000000000000000
2.1235296726226806640625000000000000000000
2.0599234104156494140625000000000000000000
1.9964746236801147460937500000000000000000
1.9335740804672241210937500000000000000000
1.8715920448303222656250000000000000000000
1.8108693361282348632812500000000000000000
1.7517114877700805664062500000000000000000
1.6943786144256591796875000000000000000000
1.6390768289566040039062500000000000000000
1.5859487056732177734375000000000000000000
1.5350642204284667968750000000000000000000
1.4864146709442138671875000000000000000000
1.4399110078811645507812500000000000000000
1.3953957557678222656250000000000000000000
1.3526623249053955078125000000000000000000
1.3114911317825317382812500000000000000000
1.2716910839080810546875000000000000000000
1.2331452369689941406250000000000000000000
1.1958472728729248046875000000000000000000
1.1599204540252685546875000000000000000000
1.1256134510040283203125000000000000000000
1.0932692289352416992187500000000000000000
1.0632748603820800781250000000000000000000
1.0360001325607299804687500000000000000000
1.0117408037185668945312500000000000000000
0.9906721711158752441406250000000000000000
0.9728277921676635742187500000000000000000
0.9580979943275451660156250000000000000000
0.9462511539459228515625000000000000000000
0.9369666576385498046875000000000000000000
0.9298738241195678710937500000000000000000
0.9245891571044921875000000000000000000000
0.9207465052604675292968750000000000000000
0.9180174469947814941406250000000000000000
0.9161226749420166015625000000000000000000
0.9148358106613159179687500000000000000000
0.9139800667762756347656250000000000000000
0.9134225249290466308593750000000000000000
0.9130662679672241210937500000000000000000
0.9128429889678955078125000000000000000000
0.9127057194709777832031250000000000000000
3.0000000000000000000000000000000000000000
3.0000000000000000000000000000000000000000
3.0000000000000000000000000000000000000000
3.0000000000000000000000000000000000000000
3.0000000000000000000000000000000000000000
3.0000000000000000000000000000000000000000
3.0000000000000000000000000000000000000000
3.0000000000000000000000000000000000000000
3.0000000000000000000000000000000000000000
3.0000000000000000000000000000000000000000
3.0000000000000000000000000000000000000000
3.0000000000000000000000000000000000000000
3.0000000000000000000000000000000000000000
3.0000000000000000000000000000000000000000
3.0000000000000000000000000000000000000000
2.9999997615814208984375000000000000000000
2.9999988079071044921875000000000000000000
2.9999971389770507812500000000000000000000
2.9999933242797851562500000000000000000000
2.9999864101409912109375000000000000000000
2.9999737739562988281250000000000000000000
2.9999525547027587890625000000000000000000
2.9999165534973144531250000000000000000000
2.9998579025268554687500000000000000000000
2.9997649192810058593750000000000000000000
2.9996201992034912109375000000000000000000
2.9994008541107177734375000000000000000000
2.9990742206573486328125000000000000000000
2.9985988140106201171875000000000000000000
2.9979212284088134765625000000000000000000
2.9969732761383056640625000000000000000000
2.9956703186035156250000000000000000000000
2.9939100742340087890625000000000000000000
2.9915707111358642578125000000000000000000
2.9885103702545166015625000000000000000000
2.9845662117004394531250000000000000000000
2.9795560836791992187500000000000000000000
2.9732792377471923828125000000000000000000
2.9655191898345947265625000000000000000000
2.9560468196868896484375000000000000000000
2.9446260929107666015625000000000000000000
2.9310176372528076171875000000000000000000
2.9149870872497558593750000000000000000000
2.8963100910186767578125000000000000000000
2.8747799396514892578125000000000000000000
2.8502147197723388671875000000000000000000
2.8224637508392333984375000000000000000000
2.7914140224456787109375000000000000000000
2.7569963932037353515625000000000000000000
2.7191877365112304687500000000000000000000
2.6780161857604980468750000000000000000000
2.6335618495941162109375000000000000000000
2.5859568119049072265625000000000000000000
2.5353841781616210937500000000000000000000
2.4820752143859863281250000000000000000000
2.4263052940368652343750000000000000000000
2.3683876991271972656250000000000000000000
2.3086690902709960937500000000000000000000
2.2475202083587646484375000000000000000000
2.1853299140930175781250000000000000000000
2.1224970817565917968750000000000000000000
2.0594203472137451171875000000000000000000
1.9964934587478637695312500000000000000000
1.9340916872024536132812500000000000000000
1.8725670576095581054687500000000000000000
1.8122342824935913085937500000000000000000
1.7533589601516723632812500000000000000000
1.6961454153060913085937500000000000000000
1.6407222747802734375000000000000000000000
1.5871309041976928710937500000000000000000
1.5353223085403442382812500000000000000000
1.4851622581481933593750000000000000000000
1.4364541769027709960937500000000000000000
1.3889750242233276367187500000000000000000
1.3425272703170776367187500000000000000000
1.2969933748245239257812500000000000000000
1.2523868083953857421875000000000000000000
1.2088799476623535156250000000000000000000
1.1668080091476440429687500000000000000000
1.1266374588012695312500000000000000000000
1.0889086723327636718750000000000000000000
1.0541605949401855468750000000000000000000
1.0228549242019653320312500000000000000000
0.9953135251998901367187500000000000000000
0.9716805815696716308593750000000000000000
0.9519132375717163085937500000000000000000
0.9358001947402954101562500000000000000000
0.9229985475540161132812500000000000000000
0.9130818843841552734375000000000000000000
0.9055874347686767578125000000000000000000
0.9000579118728637695312500000000000000000
0.8960720896720886230468750000000000000000
0.8932625651359558105468750000000000000000
0.8913245797157287597656250000000000000000
0.8900153636932373046875000000000000000000
0.8891485929489135742187500000000000000000
0.8885857462882995605468750000000000000000
0.8882270455360412597656250000000000000000
0.8880028128623962402343750000000000000000
0.8878650665283203125000000000000000000000
3.0000000000000000000000000000000000000000
3.0000000000000000000000000000000000000000
3.0000000000000000000000000000000000000000
3.0000000000000000000000000000000000000000
3.0000000000000000000000000000000000000000
3.0000000000000000000000000000000000000000
3.0000000000000000000000000000000000000000
3.0000000000000000000000000000000000000000
3.0000000000000000000000000000000000000000
3.0000000000000000000000000000000000000000
3.0000000000000000000000000000000000000000
3.0000000000000000000000000000000000000000
3.0000000000000000000000000000000000000000
3.0000000000000000000000000000000000000000
3.0000000000000000000000000000000000000000
3.0000000000000000000000000000000000000000
2.9999995231628417968750000000000000000000
2.9999983310699462890625000000000000000000
2.9999957084655761718750000000000000000000
2.9999907016754150390625000000000000000000
2.9999814033508300781250000000000000000000
2.9999659061431884765625000000000000000000
2.9999394416809082031250000000000000000000
2.9998960494995117187500000000000000000000
2.9998266696929931640625000000000000000000
2.9997174739837646484375000000000000000000
2.9995503425598144531250000000000000000000
2.9992995262145996093750000000000000000000
2.9989314079284667968750000000000000000000
2.9984014034271240234375000000000000000000
2.9976539611816406250000000000000000000000
2.9966175556182861328125000000000000000000
2.9952054023742675781250000000000000000000
2.9933133125305175781250000000000000000000
2.9908177852630615234375000000000000000000
2.9875750541687011718750000000000000000000
2.9834225177764892578125000000000000000000
2.9781785011291503906250000000000000000000
2.9716441631317138671875000000000000000000
2.9636063575744628906250000000000000000000
2.9538404941558837890625000000000000000000
2.9421148300170898437500000000000000000000
2.9281985759735107421875000000000000000000
2.9118638038635253906250000000000000000000
2.8928949832916259765625000000000000000000
2.8710939884185791015625000000000000000000
2.8462882041931152343750000000000000000000
2.8183352947235107421875000000000000000000
2.7871308326721191406250000000000000000000
2.7526116371154785156250000000000000000000
2.7147610187530517578125000000000000000000
2.6736111640930175781250000000000000000000
2.6292448043823242187500000000000000000000
2.5817947387695312500000000000000000000000
2.5314428806304931640625000000000000000000
2.4784173965454101562500000000000000000000
2.4229884147644042968750000000000000000000
2.3654634952545166015625000000000000000000
2.3061807155609130859375000000000000000000
2.2455024719238281250000000000000000000000
2.1838073730468750000000000000000000000000
2.1214807033538818359375000000000000000000
2.0589075088500976562500000000000000000000
1.9964594841003417968750000000000000000000
1.9344846010208129882812500000000000000000
1.8732895851135253906250000000000000000000
1.8131253719329833984375000000000000000000
1.7541686296463012695312500000000000000000
1.6965035200119018554687500000000000000000
1.6401152610778808593750000000000000000000
1.5848898887634277343750000000000000000000
1.5306347608566284179687500000000000000000
1.4771186113357543945312500000000000000000
1.4241282939910888671875000000000000000000
1.3715368509292602539062500000000000000000
1.3193657398223876953125000000000000000000
1.2678301334381103515625000000000000000000
1.2173508405685424804687500000000000000000
1.1685268878936767578125000000000000000000
1.1220723390579223632812500000000000000000
1.0787272453308105468750000000000000000000
1.0391619205474853515625000000000000000000
1.0038921833038330078125000000000000000000
0.9732217192649841308593750000000000000000
0.9472199678421020507812500000000000000000
0.9257326722145080566406250000000000000000
0.9084219336509704589843750000000000000000
0.8948204517364501953125000000000000000000
0.8843913674354553222656250000000000000000
0.8765820860862731933593750000000000000000
0.8708670735359191894531250000000000000000
0.8667762279510498046875000000000000000000
0.8639099597930908203125000000000000000000
0.8619422912597656250000000000000000000000
0.8606182336807250976562500000000000000000
0.8597443699836730957031250000000000000000
0.8591782450675964355468750000000000000000
0.8588181734085083007812500000000000000000
0.8585933446884155273437500000000000000000
0.8584553599357604980468750000000000000000
3.0000000000000000000000000000000000000000
3.0000000000000000000000000000000000000000
3.0000000000000000000000000000000000000000
3.0000000000000000000000000000000000000000
3.0000000000000000000000000000000000000000
3.0000000000000000000000000000000000000000
3.0000000000000000000000000000000000000000
3.0000000000000000000000000000000000000000
3.0000000000000000000000000000000000000000
3.0000000000000000000000000000000000000000
3.0000000000000000000000000000000000000000
3.0000000000000000000000000000000000000000
3.0000000000000000000000000000000000000000
3.0000000000000000000000000000000000000000
3.0000000000000000000000000000000000000000
3.0000000000000000000000000000000000000000
2.9999997615814208984375000000000000000000
2.9999990463256835937500000000000000000000
2.9999971389770507812500000000000000000000
2.9999935626983642578125000000000000000000
2.9999871253967285156250000000000000000000
2.9999759197235107421875000000000000000000
2.9999566078186035156250000000000000000000
2.9999241828918457031250000000000000000000
2.9998726844787597656250000000000000000000
2.9997904300689697265625000000000000000000
2.9996633529663085937500000000000000000000
2.9994714260101318359375000000000000000000
2.9991872310638427734375000000000000000000
2.9987750053405761718750000000000000000000
2.9981877803802490234375000000000000000000
2.9973666667938232421875000000000000000000
2.9962387084960937500000000000000000000000
2.9947144985198974609375000000000000000000
2.9926877021789550781250000000000000000000
2.9900331497192382812500000000000000000000
2.9866065979003906250000000000000000000000
2.9822452068328857421875000000000000000000
2.9767682552337646484375000000000000000000
2.9699788093566894531250000000000000000000
2.9616670608520507812500000000000000000000
2.9516122341156005859375000000000000000000
2.9395895004272460937500000000000000000000
2.9253735542297363281250000000000000000000
2.9087443351745605468750000000000000000000
2.8894941806793212890625000000000000000000
2.8674337863922119140625000000000000000000
2.8423984050750732421875000000000000000000
2.8142547607421875000000000000000000000000
2.7829053401947021484375000000000000000000
2.7482938766479492187500000000000000000000
2.7104089260101318359375000000000000000000
2.6692864894866943359375000000000000000000
2.6250119209289550781250000000000000000000
2.5777182579040527343750000000000000000000
2.5275862216949462890625000000000000000000
2.4748406410217285156250000000000000000000
2.4197468757629394531250000000000000000000
2.3626062870025634765625000000000000000000
2.3037486076354980468750000000000000000000
2.2435250282287597656250000000000000000000
2.1822993755340576171875000000000000000000
2.1204378604888916015625000000000000000000
2.0582938194274902343750000000000000000000
1.9961926937103271484375000000000000000000
1.9344122409820556640625000000000000000000
1.8731591701507568359375000000000000000000
1.8125485181808471679687500000000000000000
1.7525882720947265625000000000000000000000
1.6931756734848022460937500000000000000000
1.6341140270233154296875000000000000000000
1.5751533508300781250000000000000000000000
1.5160520076751708984375000000000000000000
1.4566566944122314453125000000000000000000
1.3969800472259521484375000000000000000000
1.3372629880905151367187500000000000000000
1.2780010700225830078125000000000000000000
1.2199236154556274414062500000000000000000
1.1639294624328613281250000000000000000000
1.1109849214553833007812500000000000000000
1.0620075464248657226562500000000000000000
1.0177559852600097656250000000000000000000
0.9787486195564270019531250000000000000000
0.9452208280563354492187500000000000000000
0.9171246290206909179687500000000000000000
0.8941656947135925292968750000000000000000
0.8758634328842163085937500000000000000000
0.8616215586662292480468750000000000000000
0.8507955074310302734375000000000000000000
0.8427505493164062500000000000000000000000
0.8369013071060180664062500000000000000000
0.8327370285987854003906250000000000000000
0.8298321962356567382812500000000000000000
0.8278452754020690917968750000000000000000
0.8265119194984436035156250000000000000000
0.8256337642669677734375000000000000000000
0.8250657320022583007812500000000000000000
0.8247048854827880859375000000000000000000
0.8244796991348266601562500000000000000000
0.8243415355682373046875000000000000000000
3.0000000000000000000000000000000000000000
3.0000000000000000000000000000000000000000
3.0000000000000000000000000000000000000000
3.0000000000000000000000000000000000000000
3.0000000000000000000000000000000000000000
3.0000000000000000000000000000000000000000
3.0000000000000000000000000000000000000000
3.0000000000000000000000000000000000000000
3.0000000000000000000000000000000000000000
3.0000000000000000000000000000000000000000
3.0000000000000000000000000000000000000000
3.0000000000000000000000000000000000000000
3.0000000000000000000000000000000000000000
3.0000000000000000000000000000000000000000
3.0000000000000000000000000000000000000000
3.0000000000000000000000000000000000000000
3.0000000000000000000000000000000000000000
2.9999995231628417968750000000000000000000
2.9999983310699462890625000000000000000000
2.9999959468841552734375000000000000000000
2.9999911785125732421875000000000000000000
2.9999830722808837890625000000000000000000
2.9999690055847167968750000000000000000000
2.9999451637268066406250000000000000000000
2.9999067783355712890625000000000000000000
2.9998450279235839843750000000000000000000
2.9997487068176269531250000000000000000000
2.9996027946472167968750000000000000000000
2.9993836879730224609375000000000000000000
2.9990639686584472656250000000000000000000
2.9986042976379394531250000000000000000000
2.9979565143585205078125000000000000000000
2.9970588684082031250000000000000000000000
2.9958360195159912109375000000000000000000
2.9941973686218261718750000000000000000000
2.9920332431793212890625000000000000000000
2.9892179965972900390625000000000000000000
2.9856061935424804687500000000000000000000
2.9810359477996826171875000000000000000000
2.9753270149230957031250000000000000000000
2.9682850837707519531250000000000000000000
2.9597032070159912109375000000000000000000
2.9493653774261474609375000000000000000000
2.9370522499084472656250000000000000000000
2.9225447177886962890625000000000000000000
2.9056298732757568359375000000000000000000
2.8861086368560791015625000000000000000000
2.8637995719909667968750000000000000000000
2.8385455608367919921875000000000000000000
2.8102216720581054687500000000000000000000
2.7787370681762695312500000000000000000000
2.7440419197082519531250000000000000000000
2.7061297893524169921875000000000000000000
2.6650404930114746093750000000000000000000
2.6208610534667968750000000000000000000000
2.5737249851226806640625000000000000000000
2.5238108634948730468750000000000000000000
2.4713411331176757812500000000000000000000
2.4165754318237304687500000000000000000000
2.3598067760467529296875000000000000000000
2.3013525009155273437500000000000000000000
2.2415442466735839843750000000000000000000
2.1807167530059814453125000000000000000000
2.1191873550415039062500000000000000000000
2.0572364330291748046875000000000000000000
1.9950809478759765625000000000000000000000
1.9328484535217285156250000000000000000000
1.8705551624298095703125000000000000000000
1.8080971240997314453125000000000000000000
1.7452609539031982421875000000000000000000
1.6817638874053955078125000000000000000000
1.6173185110092163085937500000000000000000
1.5517243146896362304687500000000000000000
1.4849597215652465820312500000000000000000
1.4172651767730712890625000000000000000000
1.3491870164871215820312500000000000000000
1.2815697193145751953125000000000000000000
1.2154933214187622070312500000000000000000
1.1521637439727783203125000000000000000000
1.0927758216857910156250000000000000000000
1.0383764505386352539062500000000000000000
0.9897543191909790039062500000000000000000
0.9473717212677001953125000000000000000000
0.9113457798957824707031250000000000000000
0.8814779520034790039062500000000000000000
0.8573148250579833984375000000000000000000
0.8382279276847839355468750000000000000000
0.8234957456588745117187500000000000000000
0.8123761415481567382812500000000000000000
0.8041625618934631347656250000000000000000
0.7982203960418701171875000000000000000000
0.7940072417259216308593750000000000000000
0.7910775542259216308593750000000000000000
0.7890784740447998046875000000000000000000
0.7877395153045654296875000000000000000000
0.7868589162826538085937500000000000000000
0.7862898111343383789062500000000000000000
0.7859286069869995117187500000000000000000
0.7857030630111694335937500000000000000000
0.7855648398399353027343750000000000000000
3.0000000000000000000000000000000000000000
3.0000000000000000000000000000000000000000
3.0000000000000000000000000000000000000000
3.0000000000000000000000000000000000000000
3.0000000000000000000000000000000000000000
3.0000000000000000000000000000000000000000
3.0000000000000000000000000000000000000000
3.0000000000000000000000000000000000000000
3.0000000000000000000000000000000000000000
3.0000000000000000000000000000000000000000
3.0000000000000000000000000000000000000000
3.0000000000000000000000000000000000000000
3.0000000000000000000000000000000000000000
3.0000000000000000000000000000000000000000
3.0000000000000000000000000000000000000000
3.0000000000000000000000000000000000000000
3.0000000000000000000000000000000000000000
2.9999997615814208984375000000000000000000
2.9999990463256835937500000000000000000000
2.9999973773956298828125000000000000000000
2.9999940395355224609375000000000000000000
2.9999880790710449218750000000000000000000
2.9999775886535644531250000000000000000000
2.9999601840972900390625000000000000000000
2.9999315738677978515625000000000000000000
2.9998855590820312500000000000000000000000
2.9998133182525634765625000000000000000000
2.9997022151947021484375000000000000000000
2.9995343685150146484375000000000000000000
2.9992871284484863281250000000000000000000
2.9989290237426757812500000000000000000000
2.9984195232391357421875000000000000000000
2.9977078437805175781250000000000000000000
2.9967310428619384765625000000000000000000
2.9954106807708740234375000000000000000000
2.9936540126800537109375000000000000000000
2.9913506507873535156250000000000000000000
2.9883728027343750000000000000000000000000
2.9845750331878662109375000000000000000000
2.9797959327697753906250000000000000000000
2.9738564491271972656250000000000000000000
2.9665644168853759765625000000000000000000
2.9577164649963378906250000000000000000000
2.9471013545989990234375000000000000000000
2.9345045089721679687500000000000000000000
2.9197134971618652343750000000000000000000
2.9025228023529052734375000000000000000000
2.8827402591705322265625000000000000000000
2.8601922988891601562500000000000000000000
2.8347303867340087890625000000000000000000
2.8062357902526855468750000000000000000000
2.7746250629425048828125000000000000000000
2.7398543357849121093750000000000000000000
2.7019219398498535156250000000000000000000
2.6608705520629882812500000000000000000000
2.6167891025543212890625000000000000000000
2.5698101520538330078125000000000000000000
2.5201115608215332031250000000000000000000
2.4679102897644042968750000000000000000000
2.4134557247161865234375000000000000000000
2.3570246696472167968750000000000000000000
2.2989056110382080078125000000000000000000
2.2393853664398193359375000000000000000000
2.1787219047546386718750000000000000000000
2.1171202659606933593750000000000000000000
2.0547006130218505859375000000000000000000
1.9914700984954833984375000000000000000000
1.9273079633712768554687500000000000000000
1.8619701862335205078125000000000000000000
1.7951242923736572265625000000000000000000
1.7264193296432495117187500000000000000000
1.6555804014205932617187500000000000000000
1.5825214385986328125000000000000000000000
1.5074468851089477539062500000000000000000
1.4309172630310058593750000000000000000000
1.3538607358932495117187500000000000000000
1.2775189876556396484375000000000000000000
1.2033329010009765625000000000000000000000
1.1327906847000122070312500000000000000000
1.0672625303268432617187500000000000000000
1.0078594684600830078125000000000000000000
0.9553326964378356933593750000000000000000
0.9100315570831298828125000000000000000000
0.8719162344932556152343750000000000000000
0.8406150341033935546875000000000000000000
0.8155096769332885742187500000000000000000
0.7958290576934814453125000000000000000000
0.7807382941246032714843750000000000000000
0.7694112062454223632812500000000000000000
0.7610822916030883789062500000000000000000
0.7550788521766662597656250000000000000000
0.7508344054222106933593750000000000000000
0.7478893995285034179687500000000000000000
0.7458832263946533203125000000000000000000
0.7445411086082458496093750000000000000000
0.7436590194702148437500000000000000000000
0.7430893778800964355468750000000000000000
0.7427278161048889160156250000000000000000
0.7425023317337036132812500000000000000000
0.7423641681671142578125000000000000000000
3.0000000000000000000000000000000000000000
3.0000000000000000000000000000000000000000
3.0000000000000000000000000000000000000000
3.0000000000000000000000000000000000000000
3.0000000000000000000000000000000000000000
3.0000000000000000000000000000000000000000
3.0000000000000000000000000000000000000000
3.0000000000000000000000000000000000000000
3.0000000000000000000000000000000000000000
3.0000000000000000000000000000000000000000
3.0000000000000000000000000000000000000000
3.0000000000000000000000000000000000000000
3.0000000000000000000000000000000000000000
3.0000000000000000000000000000000000000000
3.0000000000000000000000000000000000000000
3.0000000000000000000000000000000000000000
3.0000000000000000000000000000000000000000
3.0000000000000000000000000000000000000000
2.9999995231628417968750000000000000000000
2.9999983310699462890625000000000000000000
2.9999959468841552734375000000000000000000
2.9999918937683105468750000000000000000000
2.9999842643737792968750000000000000000000
2.9999718666076660156250000000000000000000
2.9999506473541259765625000000000000000000
2.9999160766601562500000000000000000000000
2.9998614788055419921875000000000000000000
2.9997773170471191406250000000000000000000
2.9996490478515625000000000000000000000000
2.9994585514068603515625000000000000000000
2.9991803169250488281250000000000000000000
2.9987816810607910156250000000000000000000
2.9982194900512695312500000000000000000000
2.9974417686462402343750000000000000000000
2.9963824748992919921875000000000000000000
2.9949622154235839843750000000000000000000
2.9930851459503173828125000000000000000000
2.9906399250030517578125000000000000000000
2.9874980449676513671875000000000000000000
2.9835140705108642578125000000000000000000
2.9785265922546386718750000000000000000000
2.9723582267761230468750000000000000000000
2.9648191928863525390625000000000000000000
2.9557092189788818359375000000000000000000
2.9448218345642089843750000000000000000000
2.9319481849670410156250000000000000000000
2.9168813228607177734375000000000000000000
2.8994233608245849609375000000000000000000
2.8793890476226806640625000000000000000000
2.8566122055053710937500000000000000000000
2.8309519290924072265625000000000000000000
2.8022961616516113281250000000000000000000
2.7705683708190917968750000000000000000000
2.7357301712036132812500000000000000000000
2.6977829933166503906250000000000000000000
2.6567735671997070312500000000000000000000
2.6127908229827880859375000000000000000000
2.5659670829772949218750000000000000000000
2.5164721012115478515625000000000000000000
2.4645097255706787109375000000000000000000
2.4103059768676757812500000000000000000000
2.3540921211242675781250000000000000000000
2.2960853576660156250000000000000000000000
2.2364556789398193359375000000000000000000
2.1752965450286865234375000000000000000000
2.1125884056091308593750000000000000000000
2.0481784343719482421875000000000000000000
1.9817769527435302734375000000000000000000
1.9129872322082519531250000000000000000000
1.8413722515106201171875000000000000000000
1.7665588855743408203125000000000000000000
1.6883609294891357421875000000000000000000
1.6069035530090332031250000000000000000000
1.5227143764495849609375000000000000000000
1.4367579221725463867187500000000000000000
1.3503978252410888671875000000000000000000
1.2652862071990966796875000000000000000000
1.1831998825073242187500000000000000000000
1.1058514118194580078125000000000000000000
1.0347142219543457031250000000000000000000
0.9708873033523559570312500000000000000000
0.9150206446647644042968750000000000000000
0.8673048615455627441406250000000000000000
0.8275175094604492187500000000000000000000
0.7951071858406066894531250000000000000000
0.7692968845367431640625000000000000000000
0.7491869330406188964843750000000000000000
0.7338455915451049804687500000000000000000
0.7223781943321228027343750000000000000000
0.7139741182327270507812500000000000000000
0.7079320549964904785156250000000000000000
0.7036685347557067871093750000000000000000
0.7007144689559936523437500000000000000000
0.6987043023109436035156250000000000000000
0.6973603963851928710937500000000000000000
0.6964774727821350097656250000000000000000
0.6959075927734375000000000000000000000000
0.6955460309982299804687500000000000000000
0.6953204274177551269531250000000000000000
0.6951822042465209960937500000000000000000
3.0000000000000000000000000000000000000000
3.0000000000000000000000000000000000000000
3.0000000000000000000000000000000000000000
3.0000000000000000000000000000000000000000
3.0000000000000000000000000000000000000000
3.0000000000000000000000000000000000000000
3.0000000000000000000000000000000000000000
3.0000000000000000000000000000000000000000
3.0000000000000000000000000000000000000000
3.0000000000000000000000000000000000000000
3.0000000000000000000000000000000000000000
3.0000000000000000000000000000000000000000
3.0000000000000000000000000000000000000000
3.0000000000000000000000000000000000000000
3.0000000000000000000000000000000000000000
3.0000000000000000000000000000000000000000
3.0000000000000000000000000000000000000000
3.0000000000000000000000000000000000000000
2.9999997615814208984375000000000000000000
2.9999990463256835937500000000000000000000
2.9999973773956298828125000000000000000000
2.9999945163726806640625000000000000000000
2.9999887943267822265625000000000000000000
2.9999797344207763671875000000000000000000
2.9999642372131347656250000000000000000000
2.9999387264251708984375000000000000000000
2.9998979568481445312500000000000000000000
2.9998342990875244140625000000000000000000
2.9997365474700927734375000000000000000000
2.9995901584625244140625000000000000000000
2.9993746280670166015625000000000000000000
2.9990632534027099609375000000000000000000
2.9986214637756347656250000000000000000000
2.9980046749114990234375000000000000000000
2.9971580505371093750000000000000000000000
2.9960138797760009765625000000000000000000
2.9944903850555419921875000000000000000000
2.9924905300140380859375000000000000000000
2.9899020195007324218750000000000000000000
2.9865951538085937500000000000000000000000
2.9824244976043701171875000000000000000000
2.9772288799285888671875000000000000000000
2.9708330631256103515625000000000000000000
2.9630498886108398437500000000000000000000
2.9536824226379394531250000000000000000000
2.9425282478332519531250000000000000000000
2.9293839931488037109375000000000000000000
2.9140498638153076171875000000000000000000
2.8963332176208496093750000000000000000000
2.8760564327239990234375000000000000000000
2.8530604839324951171875000000000000000000
2.8272109031677246093750000000000000000000
2.7984032630920410156250000000000000000000
2.7665662765502929687500000000000000000000
2.7316665649414062500000000000000000000000
2.6937100887298583984375000000000000000000
2.6527433395385742187500000000000000000000
2.6088526248931884765625000000000000000000
2.5621607303619384765625000000000000000000
2.5128176212310791015625000000000000000000
2.4609861373901367187500000000000000000000
2.4068236351013183593750000000000000000000
2.3504498004913330078125000000000000000000
2.2919125556945800781250000000000000000000
2.2311513423919677734375000000000000000000
2.1679670810699462890625000000000000000000
2.1020121574401855468750000000000000000000
2.0328114032745361328125000000000000000000
1.9598263502120971679687500000000000000000
1.8825592994689941406250000000000000000000
1.8006901741027832031250000000000000000000
1.7142182588577270507812500000000000000000
1.6235826015472412109375000000000000000000
1.5297232866287231445312500000000000000000
1.4340676069259643554687500000000000000000
1.3384320735931396484375000000000000000000
1.2448525428771972656250000000000000000000
1.1553810834884643554687500000000000000000
1.0718760490417480468750000000000000000000
0.9958302378654479980468750000000000000000
0.9282587766647338867187500000000000000000
0.8696577548980712890625000000000000000000
0.8200304508209228515625000000000000000000
0.7789633274078369140625000000000000000000
0.7457323670387268066406250000000000000000
0.7194178700447082519531250000000000000000
0.6990111470222473144531250000000000000000
0.6835022568702697753906250000000000000000
0.6719443202018737792968750000000000000000
0.6634933948516845703125000000000000000000
0.6574280261993408203125000000000000000000
0.6531533598899841308593750000000000000000
0.6501942873001098632812500000000000000000
0.6481819152832031250000000000000000000000
0.6468369960784912109375000000000000000000
0.6459538340568542480468750000000000000000
0.6453837752342224121093750000000000000000
0.6450220942497253417968750000000000000000
0.6447966098785400390625000000000000000000
0.6446582078933715820312500000000000000000
3.0000000000000000000000000000000000000000
3.0000000000000000000000000000000000000000
3.0000000000000000000000000000000000000000
3.0000000000000000000000000000000000000000
3.0000000000000000000000000000000000000000
3.0000000000000000000000000000000000000000
3.0000000000000000000000000000000000000000
3.0000000000000000000000000000000000000000
3.0000000000000000000000000000000000000000
3.0000000000000000000000000000000000000000
3.0000000000000000000000000000000000000000
3.0000000000000000000000000000000000000000
3.0000000000000000000000000000000000000000
3.0000000000000000000000000000000000000000
3.0000000000000000000000000000000000000000
3.0000000000000000000000000000000000000000
3.0000000000000000000000000000000000000000
3.0000000000000000000000000000000000000000
3.0000000000000000000000000000000000000000
2.9999995231628417968750000000000000000000
2.9999983310699462890625000000000000000000
2.9999961853027343750000000000000000000000
2.9999923706054687500000000000000000000000
2.9999856948852539062500000000000000000000
2.9999742507934570312500000000000000000000
2.9999554157257080078125000000000000000000
2.9999248981475830078125000000000000000000
2.9998769760131835937500000000000000000000
2.9998028278350830078125000000000000000000
2.9996907711029052734375000000000000000000
2.9995243549346923828125000000000000000000
2.9992823600769042968750000000000000000000
2.9989359378814697265625000000000000000000
2.9984486103057861328125000000000000000000
2.9977743625640869140625000000000000000000
2.9968564510345458984375000000000000000000
2.9956245422363281250000000000000000000000
2.9939956665039062500000000000000000000000
2.9918711185455322265625000000000000000000
2.9891374111175537109375000000000000000000
2.9856643676757812500000000000000000000000
2.9813067913055419921875000000000000000000
2.9759042263031005859375000000000000000000
2.9692831039428710937500000000000000000000
2.9612588882446289062500000000000000000000
2.9516377449035644531250000000000000000000
2.9402227401733398437500000000000000000000
2.9268150329589843750000000000000000000000
2.9112203121185302734375000000000000000000
2.8932535648345947265625000000000000000000
2.8727428913116455078125000000000000000000
2.8495364189147949218750000000000000000000
2.8235068321228027343750000000000000000000
2.7945556640625000000000000000000000000000
2.7626166343688964843750000000000000000000
2.7276594638824462890625000000000000000000
2.6896901130676269531250000000000000000000
2.6487503051757812500000000000000000000000
2.6049089431762695312500000000000000000000
2.5582542419433593750000000000000000000000
2.5088727474212646484375000000000000000000
2.4568216800689697265625000000000000000000
2.4020922183990478515625000000000000000000
2.3445713520050048828125000000000000000000
2.2840039730072021484375000000000000000000
2.2199757099151611328125000000000000000000
2.1519262790679931640625000000000000000000
2.0792016983032226562500000000000000000000
2.0011622905731201171875000000000000000000
1.9173223972320556640625000000000000000000
1.8275116682052612304687500000000000000000
1.7320204973220825195312500000000000000000
1.6316946744918823242187500000000000000000
1.5279508829116821289062500000000000000000
1.4226989746093750000000000000000000000000
1.3181821107864379882812500000000000000000
1.2167589664459228515625000000000000000000
1.1206709146499633789062500000000000000000
1.0318310260772705078125000000000000000000
0.9516720175743103027343750000000000000000
0.8810663819313049316406250000000000000000
0.8203235268592834472656250000000000000000
0.7692486047744750976562500000000000000000
0.7272446751594543457031250000000000000000
0.6934330463409423828125000000000000000000
0.6667737364768981933593750000000000000000
0.6461707353591918945312500000000000000000
0.6305549144744873046875000000000000000000
0.6189412474632263183593750000000000000000
0.6104623079299926757812500000000000000000
0.6043835282325744628906250000000000000000
0.6001027822494506835937500000000000000000
0.5971410274505615234375000000000000000000
0.5951274633407592773437500000000000000000
0.5937821865081787109375000000000000000000
0.5928987860679626464843750000000000000000
0.5923286080360412597656250000000000000000
0.5919668674468994140625000000000000000000
0.5917413234710693359375000000000000000000
0.5916031599044799804687500000000000000000
3.0000000000000000000000000000000000000000
3.0000000000000000000000000000000000000000
3.0000000000000000000000000000000000000000
3.0000000000000000000000000000000000000000
3.0000000000000000000000000000000000000000
3.0000000000000000000000000000000000000000
3.0000000000000000000000000000000000000000
3.0000000000000000000000000000000000000000
3.0000000000000000000000000000000000000000
3.0000000000000000000000000000000000000000
3.0000000000000000000000000000000000000000
3.0000000000000000000000000000000000000000
3.0000000000000000000000000000000000000000
3.0000000000000000000000000000000000000000
3.0000000000000000000000000000000000000000
3.0000000000000000000000000000000000000000
3.0000000000000000000000000000000000000000
3.0000000000000000000000000000000000000000
3.0000000000000000000000000000000000000000
2.9999997615814208984375000000000000000000
2.9999990463256835937500000000000000000000
2.9999976158142089843750000000000000000000
2.9999947547912597656250000000000000000000
2.9999899864196777343750000000000000000000
2.9999818801879882812500000000000000000000
2.9999678134918212890625000000000000000000
2.9999451637268066406250000000000000000000
2.9999089241027832031250000000000000000000
2.9998526573181152343750000000000000000000
2.9997670650482177734375000000000000000000
2.9996392726898193359375000000000000000000
2.9994518756866455078125000000000000000000
2.9991810321807861328125000000000000000000
2.9987974166870117187500000000000000000000
2.9982626438140869140625000000000000000000
2.9975285530090332031250000000000000000000
2.9965362548828125000000000000000000000000
2.9952147006988525390625000000000000000000
2.9934780597686767578125000000000000000000
2.9912271499633789062500000000000000000000
2.9883470535278320312500000000000000000000
2.9847071170806884765625000000000000000000
2.9801623821258544921875000000000000000000
2.9745538234710693359375000000000000000000
2.9677095413208007812500000000000000000000
2.9594471454620361328125000000000000000000
2.9495773315429687500000000000000000000000
2.9379067420959472656250000000000000000000
2.9242417812347412109375000000000000000000
2.9083943367004394531250000000000000000000
2.8901853561401367187500000000000000000000
2.8694493770599365234375000000000000000000
2.8460412025451660156250000000000000000000
2.8198392391204833984375000000000000000000
2.7907497882843017578125000000000000000000
2.7587089538574218750000000000000000000000
2.7236838340759277343750000000000000000000
2.6856679916381835937500000000000000000000
2.6446738243103027343750000000000000000000
2.6007144451141357421875000000000000000000
2.5537796020507812500000000000000000000000
2.5037984848022460937500000000000000000000
2.4505989551544189453125000000000000000000
2.3938665390014648437500000000000000000000
2.3331184387207031250000000000000000000000
2.2677054405212402343750000000000000000000
2.1968564987182617187500000000000000000000
2.1197781562805175781250000000000000000000
2.0357968807220458984375000000000000000000
1.9445350170135498046875000000000000000000
1.8460775613784790039062500000000000000000
1.7411026954650878906250000000000000000000
1.6309300661087036132812500000000000000000
1.5174762010574340820312500000000000000000
1.4031102657318115234375000000000000000000
1.2904384136199951171875000000000000000000
1.1820522546768188476562500000000000000000
1.0802853107452392578125000000000000000000
0.9870191216468811035156250000000000000000
0.9035607576370239257812500000000000000000
0.8306024074554443359375000000000000000000
0.7682540416717529296875000000000000000000
0.7161304950714111328125000000000000000000
0.6734705567359924316406250000000000000000
0.6392659544944763183593750000000000000000
0.6123811006546020507812500000000000000000
0.5916543006896972656250000000000000000000
0.5759732723236083984375000000000000000000
0.5643266439437866210937500000000000000000
0.5558318495750427246093750000000000000000
0.5497456789016723632812500000000000000000
0.5454616546630859375000000000000000000000
0.5424985289573669433593750000000000000000
0.5404843688011169433593750000000000000000
0.5391389131546020507812500000000000000000
0.5382553935050964355468750000000000000000
0.5376852154731750488281250000000000000000
0.5373235344886779785156250000000000000000
0.5370979309082031250000000000000000000000
0.5369597077369689941406250000000000000000
3.0000000000000000000000000000000000000000
3.0000000000000000000000000000000000000000
3.0000000000000000000000000000000000000000
3.0000000000000000000000000000000000000000
3.0000000000000000000000000000000000000000
3.0000000000000000000000000000000000000000
3.0000000000000000000000000000000000000000
3.0000000000000000000000000000000000000000
3.0000000000000000000000000000000000000000
3.0000000000000000000000000000000000000000
3.0000000000000000000000000000000000000000
3.0000000000000000000000000000000000000000
3.0000000000000000000000000000000000000000
3.0000000000000000000000000000000000000000
3.0000000000000000000000000000000000000000
3.0000000000000000000000000000000000000000
3.0000000000000000000000000000000000000000
3.0000000000000000000000000000000000000000
3.0000000000000000000000000000000000000000
3.0000000000000000000000000000000000000000
2.9999995231628417968750000000000000000000
2.9999983310699462890625000000000000000000
2.9999964237213134765625000000000000000000
2.9999928474426269531250000000000000000000
2.9999871253967285156250000000000000000000
2.9999766349792480468750000000000000000000
2.9999601840972900390625000000000000000000
2.9999327659606933593750000000000000000000
2.9998903274536132812500000000000000000000
2.9998254776000976562500000000000000000000
2.9997270107269287109375000000000000000000
2.9995825290679931640625000000000000000000
2.9993717670440673828125000000000000000000
2.9990706443786621093750000000000000000000
2.9986479282379150390625000000000000000000
2.9980633258819580078125000000000000000000
2.9972670078277587890625000000000000000000
2.9961984157562255859375000000000000000000
2.9947843551635742187500000000000000000000
2.9929380416870117187500000000000000000000
2.9905588626861572265625000000000000000000
2.9875309467315673828125000000000000000000
2.9837236404418945312500000000000000000000
2.9789922237396240234375000000000000000000
2.9731788635253906250000000000000000000000
2.9661135673522949218750000000000000000000
2.9576163291931152343750000000000000000000
2.9475021362304687500000000000000000000000
2.9355812072753906250000000000000000000000
2.9216656684875488281250000000000000000000
2.9055726528167724609375000000000000000000
2.8871290683746337890625000000000000000000
2.8661751747131347656250000000000000000000
2.8425712585449218750000000000000000000000
2.8161997795104980468750000000000000000000
2.7869658470153808593750000000000000000000
2.7547974586486816406250000000000000000000
2.7196376323699951171875000000000000000000
2.6814320087432861328125000000000000000000
2.6401038169860839843750000000000000000000
2.5955209732055664062500000000000000000000
2.5474531650543212890625000000000000000000
2.4955294132232666015625000000000000000000
2.4392023086547851562500000000000000000000
2.3777399063110351562500000000000000000000
2.3102593421936035156250000000000000000000
2.2358131408691406250000000000000000000000
2.1535315513610839843750000000000000000000
2.0628013610839843750000000000000000000000
1.9634559154510498046875000000000000000000
1.8559348583221435546875000000000000000000
1.7413728237152099609375000000000000000000
1.6215914487838745117187500000000000000000
1.4989858865737915039062500000000000000000
1.3763207197189331054687500000000000000000
1.2564735412597656250000000000000000000000
1.1421662569046020507812500000000000000000
1.0357321500778198242187500000000000000000
0.9389499425888061523437500000000000000000
0.8529586791992187500000000000000000000000
0.7782548666000366210937500000000000000000
0.7147551178932189941406250000000000000000
0.6619047522544860839843750000000000000000
0.6188056468963623046875000000000000000000
0.5843468308448791503906250000000000000000
0.5573209524154663085937500000000000000000
0.5365192890167236328125000000000000000000
0.5208002328872680664062500000000000000000
0.5091351270675659179687500000000000000000
0.5006316304206848144531250000000000000000
0.4945416152477264404296875000000000000000
0.4902559518814086914062500000000000000000
0.4872921407222747802734375000000000000000
0.4852777719497680664062500000000000000000
0.4839321374893188476562500000000000000000
0.4830485880374908447265625000000000000000
0.4824784398078918457031250000000000000000
0.4821166992187500000000000000000000000000
0.4818911552429199218750000000000000000000
0.4817528724670410156250000000000000000000
3.0000000000000000000000000000000000000000
3.0000000000000000000000000000000000000000
3.0000000000000000000000000000000000000000
3.0000000000000000000000000000000000000000
3.0000000000000000000000000000000000000000
3.0000000000000000000000000000000000000000
3.0000000000000000000000000000000000000000
3.0000000000000000000000000000000000000000
3.0000000000000000000000000000000000000000
3.0000000000000000000000000000000000000000
3.0000000000000000000000000000000000000000
3.0000000000000000000000000000000000000000
3.0000000000000000000000000000000000000000
3.0000000000000000000000000000000000000000
3.0000000000000000000000000000000000000000
3.0000000000000000000000000000000000000000
3.0000000000000000000000000000000000000000
3.0000000000000000000000000000000000000000
3.0000000000000000000000000000000000000000
3.0000000000000000000000000000000000000000
2.9999997615814208984375000000000000000000
2.9999990463256835937500000000000000000000
2.9999976158142089843750000000000000000000
2.9999949932098388671875000000000000000000
2.9999909400939941406250000000000000000000
2.9999833106994628906250000000000000000000
2.9999706745147705078125000000000000000000
2.9999504089355468750000000000000000000000
2.9999184608459472656250000000000000000000
2.9998691082000732421875000000000000000000
2.9997942447662353515625000000000000000000
2.9996829032897949218750000000000000000000
2.9995193481445312500000000000000000000000
2.9992840290069580078125000000000000000000
2.9989509582519531250000000000000000000000
2.9984869956970214843750000000000000000000
2.9978501796722412109375000000000000000000
2.9969897270202636718750000000000000000000
2.9958424568176269531250000000000000000000
2.9943337440490722656250000000000000000000
2.9923758506774902343750000000000000000000
2.9898669719696044921875000000000000000000
2.9866902828216552734375000000000000000000
2.9827151298522949218750000000000000000000
2.9777975082397460937500000000000000000000
2.9717805385589599609375000000000000000000
2.9644963741302490234375000000000000000000
2.9557681083679199218750000000000000000000
2.9454133510589599609375000000000000000000
2.9332480430603027343750000000000000000000
2.9190878868103027343750000000000000000000
2.9027557373046875000000000000000000000000
2.8840830326080322265625000000000000000000
2.8629150390625000000000000000000000000000
2.8391127586364746093750000000000000000000
2.8125517368316650390625000000000000000000
2.7831201553344726562500000000000000000000
2.7507042884826660156250000000000000000000
2.7151694297790527343750000000000000000000
2.6763293743133544921875000000000000000000
2.6339035034179687500000000000000000000000
2.5874712467193603515625000000000000000000
2.5364320278167724609375000000000000000000
2.4799852371215820312500000000000000000000
2.4171500205993652343750000000000000000000
2.3468389511108398437500000000000000000000
2.2679891586303710937500000000000000000000
2.1797418594360351562500000000000000000000
2.0816457271575927734375000000000000000000
1.9738438129425048828125000000000000000000
1.8572012186050415039062500000000000000000
1.7333406209945678710937500000000000000000
1.6045682430267333984375000000000000000000
1.4736952781677246093750000000000000000000
1.3437901735305786132812500000000000000000
1.2178959846496582031250000000000000000000
1.0987673997879028320312500000000000000000
0.9886612296104431152343750000000000000000
0.8892058134078979492187500000000000000000
0.8013535141944885253906250000000000000000
0.7254103422164916992187500000000000000000
0.6611208319664001464843750000000000000000
0.6077886223793029785156250000000000000000
0.5644080638885498046875000000000000000000
0.5297918915748596191406250000000000000000
0.5026818513870239257812500000000000000000
0.4818369448184967041015625000000000000000
0.4660967290401458740234375000000000000000
0.4544215500354766845703125000000000000000
0.4459136724472045898437500000000000000000
0.4398217499256134033203125000000000000000
0.4355352520942687988281250000000000000000
0.4325711131095886230468750000000000000000
0.4305565953254699707031250000000000000000
0.4292109310626983642578125000000000000000
0.4283274114131927490234375000000000000000
0.4277572333812713623046875000000000000000
0.4273954927921295166015625000000000000000
0.4271699488162994384765625000000000000000
0.4270316660404205322265625000000000000000
3.0000000000000000000000000000000000000000
3.0000000000000000000000000000000000000000
3.0000000000000000000000000000000000000000
3.0000000000000000000000000000000000000000
3.0000000000000000000000000000000000000000
3.0000000000000000000000000000000000000000
3.0000000000000000000000000000000000000000
3.0000000000000000000000000000000000000000
3.0000000000000000000000000000000000000000
3.0000000000000000000000000000000000000000
3.0000000000000000000000000000000000000000
3.0000000000000000000000000000000000000000
3.0000000000000000000000000000000000000000
3.0000000000000000000000000000000000000000
3.0000000000000000000000000000000000000000
3.0000000000000000000000000000000000000000
3.0000000000000000000000000000000000000000
3.0000000000000000000000000000000000000000
3.0000000000000000000000000000000000000000
3.0000000000000000000000000000000000000000
3.0000000000000000000000000000000000000000
2.9999995231628417968750000000000000000000
2.9999985694885253906250000000000000000000
2.9999964237213134765625000000000000000000
2.9999935626983642578125000000000000000000
2.9999880790710449218750000000000000000000
2.9999787807464599609375000000000000000000
2.9999639987945556640625000000000000000000
2.9999399185180664062500000000000000000000
2.9999024868011474609375000000000000000000
2.9998452663421630859375000000000000000000
2.9997599124908447265625000000000000000000
2.9996335506439208984375000000000000000000
2.9994502067565917968750000000000000000000
2.9991886615753173828125000000000000000000
2.9988214969635009765625000000000000000000
2.9983141422271728515625000000000000000000
2.9976234436035156250000000000000000000000
2.9966962337493896484375000000000000000000
2.9954681396484375000000000000000000000000
2.9938631057739257812500000000000000000000
2.9917919635772705078125000000000000000000
2.9891514778137207031250000000000000000000
2.9858248233795166015625000000000000000000
2.9816818237304687500000000000000000000000
2.9765787124633789062500000000000000000000
2.9703598022460937500000000000000000000000
2.9628591537475585937500000000000000000000
2.9539031982421875000000000000000000000000
2.9433131217956542968750000000000000000000
2.9309077262878417968750000000000000000000
2.9165079593658447265625000000000000000000
2.8999400138854980468750000000000000000000
2.8810372352600097656250000000000000000000
2.8596408367156982421875000000000000000000
2.8355977535247802734375000000000000000000
2.8087499141693115234375000000000000000000
2.7789187431335449218750000000000000000000
2.7458741664886474609375000000000000000000
2.7092971801757812500000000000000000000000
2.6687312126159667968750000000000000000000
2.6235380172729492187500000000000000000000
2.5728700160980224609375000000000000000000
2.5156724452972412109375000000000000000000
2.4507412910461425781250000000000000000000
2.3768401145935058593750000000000000000000
2.2928707599639892578125000000000000000000
2.1980848312377929687500000000000000000000
2.0922884941101074218750000000000000000000
1.9760069847106933593750000000000000000000
1.8505660295486450195312500000000000000000
1.7180632352828979492187500000000000000000
1.5812300443649291992187500000000000000000
1.4432040452957153320312500000000000000000
1.3072497844696044921875000000000000000000
1.1764757633209228515625000000000000000000
1.0535887479782104492187500000000000000000
0.9407171607017517089843750000000000000000
0.8393164277076721191406250000000000000000
0.7501556873321533203125000000000000000000
0.6733704209327697753906250000000000000000
0.6085625290870666503906250000000000000000
0.5549247264862060546875000000000000000000
0.5113718509674072265625000000000000000000
0.4766624867916107177734375000000000000000
0.4495043456554412841796875000000000000000
0.4286355972290039062500000000000000000000
0.4128840565681457519531250000000000000000
0.4012038111686706542968750000000000000000
0.3926936686038970947265625000000000000000
0.3866008222103118896484375000000000000000
0.3823139369487762451171875000000000000000
0.3793496489524841308593750000000000000000
0.3773350715637207031250000000000000000000
0.3759894073009490966796875000000000000000
0.3751058578491210937500000000000000000000
0.3745357096195220947265625000000000000000
0.3741739690303802490234375000000000000000
0.3739483952522277832031250000000000000000
0.3738101422786712646484375000000000000000
3.0000000000000000000000000000000000000000
3.0000000000000000000000000000000000000000
3.0000000000000000000000000000000000000000
3.0000000000000000000000000000000000000000
3.0000000000000000000000000000000000000000
3.0000000000000000000000000000000000000000
3.0000000000000000000000000000000000000000
3.0000000000000000000000000000000000000000
3.0000000000000000000000000000000000000000
3.0000000000000000000000000000000000000000
3.0000000000000000000000000000000000000000
3.0000000000000000000000000000000000000000
3.0000000000000000000000000000000000000000
3.0000000000000000000000000000000000000000
3.0000000000000000000000000000000000000000
3.0000000000000000000000000000000000000000
3.0000000000000000000000000000000000000000
3.0000000000000000000000000000000000000000
3.0000000000000000000000000000000000000000
3.0000000000000000000000000000000000000000
3.0000000000000000000000000000000000000000
2.9999997615814208984375000000000000000000
2.9999990463256835937500000000000000000000
2.9999976158142089843750000000000000000000
2.9999952316284179687500000000000000000000
2.9999914169311523437500000000000000000000
2.9999847412109375000000000000000000000000
2.9999735355377197265625000000000000000000
2.9999556541442871093750000000000000000000
2.9999272823333740234375000000000000000000
2.9998841285705566406250000000000000000000
2.9998185634613037109375000000000000000000
2.9997212886810302734375000000000000000000
2.9995789527893066406250000000000000000000
2.9993743896484375000000000000000000000000
2.9990847110748291015625000000000000000000
2.9986817836761474609375000000000000000000
2.9981296062469482421875000000000000000000
2.9973828792572021484375000000000000000000
2.9963865280151367187500000000000000000000
2.9950757026672363281250000000000000000000
2.9933724403381347656250000000000000000000
2.9911863803863525390625000000000000000000
2.9884130954742431640625000000000000000000
2.9849362373352050781250000000000000000000
2.9806253910064697265625000000000000000000
2.9753370285034179687500000000000000000000
2.9689178466796875000000000000000000000000
2.9612033367156982421875000000000000000000
2.9520225524902343750000000000000000000000
2.9412000179290771484375000000000000000000
2.9285571575164794921875000000000000000000
2.9139175415039062500000000000000000000000
2.8971035480499267578125000000000000000000
2.8779382705688476562500000000000000000000
2.8562355041503906250000000000000000000000
2.8317866325378417968750000000000000000000
2.8043336868286132812500000000000000000000
2.7735331058502197265625000000000000000000
2.7389106750488281250000000000000000000000
2.6998109817504882812500000000000000000000
2.6553623676300048828125000000000000000000
2.6044671535491943359375000000000000000000
2.5458390712738037109375000000000000000000
2.4781007766723632812500000000000000000000
2.3999409675598144531250000000000000000000
2.3103218078613281250000000000000000000000
2.2086951732635498046875000000000000000000
2.0951986312866210937500000000000000000000
1.9707782268524169921875000000000000000000
1.8372108936309814453125000000000000000000
1.6970158815383911132812500000000000000000
1.5532628297805786132812500000000000000000
1.4093102216720581054687500000000000000000
1.2685170173645019531250000000000000000000
1.1339730024337768554687500000000000000000
1.0082811117172241210937500000000000000000
0.8934157490730285644531250000000000000000
0.7906602025032043457031250000000000000000
0.7006188631057739257812500000000000000000
0.6232862472534179687500000000000000000000
0.5581527352333068847656250000000000000000
0.5043295621871948242187500000000000000000
0.4606755673885345458984375000000000000000
0.4259136021137237548828125000000000000000
0.3987291455268859863281250000000000000000
0.3778478503227233886718750000000000000000
0.3620905578136444091796875000000000000000
0.3504077792167663574218750000000000000000
0.3418965637683868408203125000000000000000
0.3358033001422882080078125000000000000000
0.3315162658691406250000000000000000000000
0.3285518884658813476562500000000000000000
0.3265373110771179199218750000000000000000
0.3251916170120239257812500000000000000000
0.3243080973625183105468750000000000000000
0.3237379193305969238281250000000000000000
0.3233762085437774658203125000000000000000
0.3231506049633026123046875000000000000000
0.3230123519897460937500000000000000000000
3.0000000000000000000000000000000000000000
3.0000000000000000000000000000000000000000
3.0000000000000000000000000000000000000000
3.0000000000000000000000000000000000000000
3.0000000000000000000000000000000000000000
3.0000000000000000000000000000000000000000
3.0000000000000000000000000000000000000000
3.0000000000000000000000000000000000000000
3.0000000000000000000000000000000000000000
3.0000000000000000000000000000000000000000
3.0000000000000000000000000000000000000000
3.0000000000000000000000000000000000000000
3.0000000000000000000000000000000000000000
3.0000000000000000000000000000000000000000
3.0000000000000000000000000000000000000000
3.0000000000000000000000000000000000000000
3.0000000000000000000000000000000000000000
3.0000000000000000000000000000000000000000
3.0000000000000000000000000000000000000000
3.0000000000000000000000000000000000000000
3.0000000000000000000000000000000000000000
3.0000000000000000000000000000000000000000
2.9999995231628417968750000000000000000000
2.9999985694885253906250000000000000000000
2.9999971389770507812500000000000000000000
2.9999940395355224609375000000000000000000
2.9999890327453613281250000000000000000000
2.9999806880950927734375000000000000000000
2.9999673366546630859375000000000000000000
2.9999463558197021484375000000000000000000
2.9999134540557861328125000000000000000000
2.9998636245727539062500000000000000000000
2.9997887611389160156250000000000000000000
2.9996783733367919921875000000000000000000
2.9995188713073730468750000000000000000000
2.9992914199829101562500000000000000000000
2.9989726543426513671875000000000000000000
2.9985322952270507812500000000000000000000
2.9979329109191894531250000000000000000000
2.9971277713775634765625000000000000000000
2.9960608482360839843750000000000000000000
2.9946653842926025390625000000000000000000
2.9928617477416992187500000000000000000000
2.9905588626861572265625000000000000000000
2.9876523017883300781250000000000000000000
2.9840245246887207031250000000000000000000
2.9795455932617187500000000000000000000000
2.9740736484527587890625000000000000000000
2.9674553871154785156250000000000000000000
2.9595289230346679687500000000000000000000
2.9501254558563232421875000000000000000000
2.9390695095062255859375000000000000000000
2.9261822700500488281250000000000000000000
2.9112772941589355468750000000000000000000
2.8941562175750732421875000000000000000000
2.8745961189270019531250000000000000000000
2.8523271083831787109375000000000000000000
2.8269982337951660156250000000000000000000
2.7981333732604980468750000000000000000000
2.7650828361511230468750000000000000000000
2.7269780635833740234375000000000000000000
2.6827130317687988281250000000000000000000
2.6309585571289062500000000000000000000000
2.5702404975891113281250000000000000000000
2.4990763664245605468750000000000000000000
2.4161679744720458984375000000000000000000
2.3206229209899902343750000000000000000000
2.2121679782867431640625000000000000000000
2.0913114547729492187500000000000000000000
1.9594166278839111328125000000000000000000
1.8186652660369873046875000000000000000000
1.6719163656234741210937500000000000000000
1.5224759578704833984375000000000000000000
1.3738218545913696289062500000000000000000
1.2293225526809692382812500000000000000000
1.0919901132583618164062500000000000000000
0.9642946720123291015625000000000000000000
0.8480532765388488769531250000000000000000
0.7443945407867431640625000000000000000000
0.6537862420082092285156250000000000000000
0.5761130452156066894531250000000000000000
0.5107838511466979980468750000000000000000
0.4568530917167663574218750000000000000000
0.4131425321102142333984375000000000000000
0.3783520162105560302734375000000000000000
0.3511538207530975341796875000000000000000
0.3302661776542663574218750000000000000000
0.3145061135292053222656250000000000000000
0.3028221726417541503906250000000000000000
0.2943105101585388183593750000000000000000
0.2882170081138610839843750000000000000000
0.2839298844337463378906250000000000000000
0.2809655070304870605468750000000000000000
0.2789508998394012451171875000000000000000
0.2776052355766296386718750000000000000000
0.2767216861248016357421875000000000000000
0.2761515080928802490234375000000000000000
0.2757897675037384033203125000000000000000
0.2755642235279083251953125000000000000000
0.2754259705543518066406250000000000000000
3.0000000000000000000000000000000000000000
3.0000000000000000000000000000000000000000
3.0000000000000000000000000000000000000000
3.0000000000000000000000000000000000000000
3.0000000000000000000000000000000000000000
3.0000000000000000000000000000000000000000
3.0000000000000000000000000000000000000000
3.0000000000000000000000000000000000000000
3.0000000000000000000000000000000000000000
3.0000000000000000000000000000000000000000
3.0000000000000000000000000000000000000000
3.0000000000000000000000000000000000000000
3.0000000000000000000000000000000000000000
3.0000000000000000000000000000000000000000
3.0000000000000000000000000000000000000000
3.0000000000000000000000000000000000000000
3.0000000000000000000000000000000000000000
3.0000000000000000000000000000000000000000
3.0000000000000000000000000000000000000000
3.0000000000000000000000000000000000000000
3.0000000000000000000000000000000000000000
3.0000000000000000000000000000000000000000
2.9999997615814208984375000000000000000000
2.9999990463256835937500000000000000000000
2.9999978542327880859375000000000000000000
2.9999959468841552734375000000000000000000
2.9999923706054687500000000000000000000000
2.9999861717224121093750000000000000000000
2.9999761581420898437500000000000000000000
2.9999604225158691406250000000000000000000
2.9999353885650634765625000000000000000000
2.9998972415924072265625000000000000000000
2.9998400211334228515625000000000000000000
2.9997549057006835937500000000000000000000
2.9996309280395507812500000000000000000000
2.9994530677795410156250000000000000000000
2.9992015361785888671875000000000000000000
2.9988517761230468750000000000000000000000
2.9983723163604736328125000000000000000000
2.9977238178253173828125000000000000000000
2.9968588352203369140625000000000000000000
2.9957194328308105468750000000000000000000
2.9942369461059570312500000000000000000000
2.9923315048217773437500000000000000000000
2.9899110794067382812500000000000000000000
2.9868698120117187500000000000000000000000
2.9830908775329589843750000000000000000000
2.9784445762634277343750000000000000000000
2.9727888107299804687500000000000000000000
2.9659717082977294921875000000000000000000
2.9578325748443603515625000000000000000000
2.9481999874114990234375000000000000000000
2.9368922710418701171875000000000000000000
2.9237132072448730468750000000000000000000
2.9084398746490478515625000000000000000000
2.8908045291900634765625000000000000000000
2.8704645633697509765625000000000000000000
2.8469605445861816406250000000000000000000
2.8196675777435302734375000000000000000000
2.7877490520477294921875000000000000000000
2.7501223087310791015625000000000000000000
2.7054598331451416015625000000000000000000
2.6522417068481445312500000000000000000000
2.5888659954071044921875000000000000000000
2.5138244628906250000000000000000000000000
2.4259130954742431640625000000000000000000
2.3244557380676269531250000000000000000000
2.2094967365264892578125000000000000000000
2.0819165706634521484375000000000000000000
1.9434560537338256835937500000000000000000
1.7966272830963134765625000000000000000000
1.6445330381393432617187500000000000000000
1.4906176328659057617187500000000000000000
1.3383930921554565429687500000000000000000
1.1911765336990356445312500000000000000000
1.0518696308135986328125000000000000000000
0.9228038191795349121093750000000000000000
0.8056536316871643066406250000000000000000
0.7014185190200805664062500000000000000000
0.6104606986045837402343750000000000000000
0.5325847864151000976562500000000000000000
0.4671431183815002441406250000000000000000
0.4131526350975036621093750000000000000000
0.3694117367267608642578125000000000000000
0.3346064686775207519531250000000000000000
0.3074013888835906982421875000000000000000
0.2865107059478759765625000000000000000000
0.2707493305206298828125000000000000000000
0.2590648829936981201171875000000000000000
0.2505529522895812988281250000000000000000
0.2444593906402587890625000000000000000000
0.2401722520589828491210937500000000000000
0.2372078746557235717773437500000000000000
0.2351932823657989501953125000000000000000
0.2338475883007049560546875000000000000000
0.2329640686511993408203125000000000000000
0.2323938459157943725585937500000000000000
0.2320321500301361083984375000000000000000
0.2318066060543060302734375000000000000000
0.2316683232784271240234375000000000000000
3.0000000000000000000000000000000000000000
3.0000000000000000000000000000000000000000
3.0000000000000000000000000000000000000000
3.0000000000000000000000000000000000000000
3.0000000000000000000000000000000000000000
3.0000000000000000000000000000000000000000
3.0000000000000000000000000000000000000000
3.0000000000000000000000000000000000000000
3.0000000000000000000000000000000000000000
3.0000000000000000000000000000000000000000
3.0000000000000000000000000000000000000000
3.0000000000000000000000000000000000000000
3.0000000000000000000000000000000000000000
3.0000000000000000000000000000000000000000
3.0000000000000000000000000000000000000000
3.0000000000000000000000000000000000000000
3.0000000000000000000000000000000000000000
3.0000000000000000000000000000000000000000
3.0000000000000000000000000000000000000000
3.0000000000000000000000000000000000000000
3.0000000000000000000000000000000000000000
3.0000000000000000000000000000000000000000
3.0000000000000000000000000000000000000000
2.9999995231628417968750000000000000000000
2.9999988079071044921875000000000000000000
2.9999973773956298828125000000000000000000
2.9999947547912597656250000000000000000000
2.9999899864196777343750000000000000000000
2.9999823570251464843750000000000000000000
2.9999706745147705078125000000000000000000
2.9999518394470214843750000000000000000000
2.9999232292175292968750000000000000000000
2.9998791217803955078125000000000000000000
2.9998135566711425781250000000000000000000
2.9997177124023437500000000000000000000000
2.9995787143707275390625000000000000000000
2.9993810653686523437500000000000000000000
2.9991040229797363281250000000000000000000
2.9987218379974365234375000000000000000000
2.9982016086578369140625000000000000000000
2.9975023269653320312500000000000000000000
2.9965753555297851562500000000000000000000
2.9953613281250000000000000000000000000000
2.9937906265258789062500000000000000000000
2.9917819499969482421875000000000000000000
2.9892423152923583984375000000000000000000
2.9860658645629882812500000000000000000000
2.9821352958679199218750000000000000000000
2.9773201942443847656250000000000000000000
2.9714798927307128906250000000000000000000
2.9644596576690673828125000000000000000000
2.9560928344726562500000000000000000000000
2.9461958408355712890625000000000000000000
2.9345574378967285156250000000000000000000
2.9209251403808593750000000000000000000000
2.9049775600433349609375000000000000000000
2.8862862586975097656250000000000000000000
2.8642706871032714843750000000000000000000
2.8381483554840087890625000000000000000000
2.8068923950195312500000000000000000000000
2.7692184448242187500000000000000000000000
2.7236125469207763671875000000000000000000
2.6684145927429199218750000000000000000000
2.6019673347473144531250000000000000000000
2.5228118896484375000000000000000000000000
2.4299049377441406250000000000000000000000
2.3228311538696289062500000000000000000000
2.2019572257995605468750000000000000000000
2.0685057640075683593750000000000000000000
1.9245283603668212890625000000000000000000
1.7727795839309692382812500000000000000000
1.6165124177932739257812500000000000000000
1.4592263698577880859375000000000000000000
1.3044059276580810546875000000000000000000
1.1552816629409790039062500000000000000000
1.0146363973617553710937500000000000000000
0.8846733570098876953125000000000000000000
0.7669484019279479980468750000000000000000
0.6623612642288208007812500000000000000000
0.5711973905563354492187500000000000000000
0.4932059645652770996093750000000000000000
0.4277023673057556152343750000000000000000
0.3736801445484161376953125000000000000000
0.3299236595630645751953125000000000000000
0.2951111197471618652343750000000000000000
0.2679027915000915527343750000000000000000
0.2470106929540634155273437500000000000000
0.2312487214803695678710937500000000000000
0.2195640355348587036132812500000000000000
0.2110520303249359130859375000000000000000
0.2049584090709686279296875000000000000000
0.2006712704896926879882812500000000000000
0.1977069079875946044921875000000000000000
0.1956923007965087890625000000000000000000
0.1943466067314147949218750000000000000000
0.1934630721807479858398437500000000000000
0.1928928941488265991210937500000000000000
0.1925311982631683349609375000000000000000
0.1923056244850158691406250000000000000000
0.1921673566102981567382812500000000000000
3.0000000000000000000000000000000000000000
3.0000000000000000000000000000000000000000
3.0000000000000000000000000000000000000000
3.0000000000000000000000000000000000000000
3.0000000000000000000000000000000000000000
3.0000000000000000000000000000000000000000
3.0000000000000000000000000000000000000000
3.0000000000000000000000000000000000000000
3.0000000000000000000000000000000000000000
3.0000000000000000000000000000000000000000
3.0000000000000000000000000000000000000000
3.0000000000000000000000000000000000000000
3.0000000000000000000000000000000000000000
3.0000000000000000000000000000000000000000
3.0000000000000000000000000000000000000000
3.0000000000000000000000000000000000000000
3.0000000000000000000000000000000000000000
3.0000000000000000000000000000000000000000
3.0000000000000000000000000000000000000000
3.0000000000000000000000000000000000000000
3.0000000000000000000000000000000000000000
3.0000000000000000000000000000000000000000
3.0000000000000000000000000000000000000000
2.9999997615814208984375000000000000000000
2.9999990463256835937500000000000000000000
2.9999983310699462890625000000000000000000
2.9999964237213134765625000000000000000000
2.9999928474426269531250000000000000000000
2.9999873638153076171875000000000000000000
2.9999785423278808593750000000000000000000
2.9999644756317138671875000000000000000000
2.9999427795410156250000000000000000000000
2.9999089241027832031250000000000000000000
2.9998586177825927734375000000000000000000
2.9997847080230712890625000000000000000000
2.9996767044067382812500000000000000000000
2.9995217323303222656250000000000000000000
2.9993031024932861328125000000000000000000
2.9989993572235107421875000000000000000000
2.9985830783843994140625000000000000000000
2.9980201721191406250000000000000000000000
2.9972684383392333984375000000000000000000
2.9962778091430664062500000000000000000000
2.9949874877929687500000000000000000000000
2.9933266639709472656250000000000000000000
2.9912130832672119140625000000000000000000
2.9885530471801757812500000000000000000000
2.9852399826049804687500000000000000000000
2.9811558723449707031250000000000000000000
2.9761686325073242187500000000000000000000
2.9701318740844726562500000000000000000000
2.9628818035125732421875000000000000000000
2.9542288780212402343750000000000000000000
2.9439442157745361328125000000000000000000
2.9317374229431152343750000000000000000000
2.9172234535217285156250000000000000000000
2.8998794555664062500000000000000000000000
2.8789944648742675781250000000000000000000
2.8536248207092285156250000000000000000000
2.8225648403167724609375000000000000000000
2.7843565940856933593750000000000000000000
2.7373433113098144531250000000000000000000
2.6797895431518554687500000000000000000000
2.6100506782531738281250000000000000000000
2.5267775058746337890625000000000000000000
2.4291326999664306640625000000000000000000
2.3169715404510498046875000000000000000000
2.1909604072570800781250000000000000000000
2.0526070594787597656250000000000000000000
1.9041951894760131835937500000000000000000
1.7486348152160644531250000000000000000000
1.5892491340637207031250000000000000000000
1.4295319318771362304687500000000000000000
1.2729046344757080078125000000000000000000
1.1224982738494873046875000000000000000000
0.9809841513633728027343750000000000000000
0.8504588007926940917968750000000000000000
0.7323859333992004394531250000000000000000
0.6275929808616638183593750000000000000000
0.5363126397132873535156250000000000000000
0.4582582712173461914062500000000000000000
0.3927220702171325683593750000000000000000
0.3386837840080261230468750000000000000000
0.2949196398258209228515625000000000000000
0.2601036727428436279296875000000000000000
0.2328938096761703491210937500000000000000
0.2120010852813720703125000000000000000000
0.1962388902902603149414062500000000000000
0.1845540851354598999023437500000000000000
0.1760420501232147216796875000000000000000
0.1699484288692474365234375000000000000000
0.1656612753868103027343750000000000000000
0.1626969128847122192382812500000000000000
0.1606823354959487915039062500000000000000
0.1593366414308547973632812500000000000000
0.1584531366825103759765625000000000000000
0.1578829437494277954101562500000000000000
0.1575212180614471435546875000000000000000
0.1572956442832946777343750000000000000000
0.1571573615074157714843750000000000000000
3.0000000000000000000000000000000000000000
3.0000000000000000000000000000000000000000
3.0000000000000000000000000000000000000000
3.0000000000000000000000000000000000000000
3.0000000000000000000000000000000000000000
3.0000000000000000000000000000000000000000
3.0000000000000000000000000000000000000000
3.0000000000000000000000000000000000000000
3.0000000000000000000000000000000000000000
3.0000000000000000000000000000000000000000
3.0000000000000000000000000000000000000000
3.0000000000000000000000000000000000000000
3.0000000000000000000000000000000000000000
3.0000000000000000000000000000000000000000
3.0000000000000000000000000000000000000000
3.0000000000000000000000000000000000000000
3.0000000000000000000000000000000000000000
3.0000000000000000000000000000000000000000
3.0000000000000000000000000000000000000000
3.0000000000000000000000000000000000000000
3.0000000000000000000000000000000000000000
3.0000000000000000000000000000000000000000
3.0000000000000000000000000000000000000000
3.0000000000000000000000000000000000000000
2.9999995231628417968750000000000000000000
2.9999988079071044921875000000000000000000
2.9999976158142089843750000000000000000000
2.9999949932098388671875000000000000000000
2.9999911785125732421875000000000000000000
2.9999845027923583984375000000000000000000
2.9999737739562988281250000000000000000000
2.9999575614929199218750000000000000000000
2.9999318122863769531250000000000000000000
2.9998931884765625000000000000000000000000
2.9998359680175781250000000000000000000000
2.9997522830963134765625000000000000000000
2.9996311664581298828125000000000000000000
2.9994592666625976562500000000000000000000
2.9992189407348632812500000000000000000000
2.9988865852355957031250000000000000000000
2.9984347820281982421875000000000000000000
2.9978272914886474609375000000000000000000
2.9970216751098632812500000000000000000000
2.9959654808044433593750000000000000000000
2.9945971965789794921875000000000000000000
2.9928445816040039062500000000000000000000
2.9906246662139892578125000000000000000000
2.9878423213958740234375000000000000000000
2.9843893051147460937500000000000000000000
2.9801430702209472656250000000000000000000
2.9749636650085449218750000000000000000000
2.9686877727508544921875000000000000000000
2.9611158370971679687500000000000000000000
2.9519960880279541015625000000000000000000
2.9409930706024169921875000000000000000000
2.9276494979858398437500000000000000000000
2.9113399982452392578125000000000000000000
2.8912217617034912109375000000000000000000
2.8661980628967285156250000000000000000000
2.8349072933197021484375000000000000000000
2.7957549095153808593750000000000000000000
2.7469968795776367187500000000000000000000
2.6868820190429687500000000000000000000000
2.6138334274291992187500000000000000000000
2.5266573429107666015625000000000000000000
2.4247350692749023437500000000000000000000
2.3081774711608886718750000000000000000000
2.1779034137725830078125000000000000000000
2.0356364250183105468750000000000000000000
1.8838133811950683593750000000000000000000
1.7254258394241333007812500000000000000000
1.5638091564178466796875000000000000000000
1.4024138450622558593750000000000000000000
1.2445818185806274414062500000000000000000
1.0933501720428466796875000000000000000000
0.9512962102890014648437500000000000000000
0.8204333782196044921875000000000000000000
0.7021588087081909179687500000000000000000
0.5972506403923034667968750000000000000000
0.5059074163436889648437500000000000000000
0.4278202056884765625000000000000000000000
0.3622676432132720947265625000000000000000
0.3082214891910552978515625000000000000000
0.2644538283348083496093750000000000000000
0.2296362221240997314453125000000000000000
0.2024257332086563110351562500000000000000
0.1815327703952789306640625000000000000000
0.1657704561948776245117187500000000000000
0.1540856212377548217773437500000000000000
0.1455735862255096435546875000000000000000
0.1394799500703811645507812500000000000000
0.1351928114891052246093750000000000000000
0.1322284340858459472656250000000000000000
0.1302138417959213256835937500000000000000
0.1288681626319885253906250000000000000000
0.1279846429824829101562500000000000000000
0.1274144500494003295898437500000000000000
0.1270527243614196777343750000000000000000
0.1268271505832672119140625000000000000000
0.1266888827085494995117187500000000000000
3.0000000000000000000000000000000000000000
3.0000000000000000000000000000000000000000
3.0000000000000000000000000000000000000000
3.0000000000000000000000000000000000000000
3.0000000000000000000000000000000000000000
3.0000000000000000000000000000000000000000
3.0000000000000000000000000000000000000000
3.0000000000000000000000000000000000000000
3.0000000000000000000000000000000000000000
3.0000000000000000000000000000000000000000
3.0000000000000000000000000000000000000000
3.0000000000000000000000000000000000000000
3.0000000000000000000000000000000000000000
3.0000000000000000000000000000000000000000
3.0000000000000000000000000000000000000000
3.0000000000000000000000000000000000000000
3.0000000000000000000000000000000000000000
3.0000000000000000000000000000000000000000
3.0000000000000000000000000000000000000000
3.0000000000000000000000000000000000000000
3.0000000000000000000000000000000000000000
3.0000000000000000000000000000000000000000
3.0000000000000000000000000000000000000000
3.0000000000000000000000000000000000000000
2.9999997615814208984375000000000000000000
2.9999995231628417968750000000000000000000
2.9999983310699462890625000000000000000000
2.9999964237213134765625000000000000000000
2.9999935626983642578125000000000000000000
2.9999885559082031250000000000000000000000
2.9999806880950927734375000000000000000000
2.9999682903289794921875000000000000000000
2.9999489784240722656250000000000000000000
2.9999196529388427734375000000000000000000
2.9998755455017089843750000000000000000000
2.9998109340667724609375000000000000000000
2.9997165203094482421875000000000000000000
2.9995818138122558593750000000000000000000
2.9993920326232910156250000000000000000000
2.9991278648376464843750000000000000000000
2.9987664222717285156250000000000000000000
2.9982769489288330078125000000000000000000
2.9976236820220947265625000000000000000000
2.9967617988586425781250000000000000000000
2.9956383705139160156250000000000000000000
2.9941902160644531250000000000000000000000
2.9923441410064697265625000000000000000000
2.9900147914886474609375000000000000000000
2.9871034622192382812500000000000000000000
2.9834954738616943359375000000000000000000
2.9790558815002441406250000000000000000000
2.9736175537109375000000000000000000000000
2.9669682979583740234375000000000000000000
2.9588255882263183593750000000000000000000
2.9488027095794677734375000000000000000000
2.9363636970520019531250000000000000000000
2.9207792282104492187500000000000000000000
2.9010801315307617187500000000000000000000
2.8760347366333007812500000000000000000000
2.8441572189331054687500000000000000000000
2.8037614822387695312500000000000000000000
2.7530684471130371093750000000000000000000
2.6903619766235351562500000000000000000000
2.6141743659973144531250000000000000000000
2.5234835147857666015625000000000000000000
2.4178812503814697265625000000000000000000
2.2976953983306884765625000000000000000000
2.1640393733978271484375000000000000000000
2.0187826156616210937500000000000000000000
1.8644487857818603515625000000000000000000
1.7040543556213378906250000000000000000000
1.5409092903137207031250000000000000000000
1.3784041404724121093750000000000000000000
1.2198032140731811523437500000000000000000
1.0680630207061767578125000000000000000000
0.9256877899169921875000000000000000000000
0.7946309447288513183593750000000000000000
0.6762444376945495605468750000000000000000
0.5712746381759643554687500000000000000000
0.4798988699913024902343750000000000000000
0.4017952382564544677734375000000000000000
0.3362347483634948730468750000000000000000
0.2821849882602691650390625000000000000000
0.2384156882762908935546875000000000000000
0.2035974562168121337890625000000000000000
0.1763866692781448364257812500000000000000
0.1554936021566390991210937500000000000000
0.1397312730550765991210937500000000000000
0.1280464082956314086914062500000000000000
0.1195343658328056335449218750000000000000
0.1134407520294189453125000000000000000000
0.1091536134481430053710937500000000000000
0.1061892211437225341796875000000000000000
0.1041746288537979125976562500000000000000
0.1028289496898651123046875000000000000000
0.1019454151391983032226562500000000000000
0.1013752222061157226562500000000000000000
0.1010135039687156677246093750000000000000
0.1007879301905632019042968750000000000000
0.1006496697664260864257812500000000000000
3.0000000000000000000000000000000000000000
3.0000000000000000000000000000000000000000
3.0000000000000000000000000000000000000000
3.0000000000000000000000000000000000000000
3.0000000000000000000000000000000000000000
3.0000000000000000000000000000000000000000
3.0000000000000000000000000000000000000000
3.0000000000000000000000000000000000000000
3.0000000000000000000000000000000000000000
3.0000000000000000000000000000000000000000
3.0000000000000000000000000000000000000000
3.0000000000000000000000000000000000000000
3.0000000000000000000000000000000000000000
3.0000000000000000000000000000000000000000
3.0000000000000000000000000000000000000000
3.0000000000000000000000000000000000000000
3.0000000000000000000000000000000000000000
3.0000000000000000000000000000000000000000
3.0000000000000000000000000000000000000000
3.0000000000000000000000000000000000000000
3.0000000000000000000000000000000000000000
3.0000000000000000000000000000000000000000
3.0000000000000000000000000000000000000000
3.0000000000000000000000000000000000000000
3.0000000000000000000000000000000000000000
2.9999997615814208984375000000000000000000
2.9999990463256835937500000000000000000000
2.9999976158142089843750000000000000000000
2.9999957084655761718750000000000000000000
2.9999918937683105468750000000000000000000
2.9999859333038330078125000000000000000000
2.9999766349792480468750000000000000000000
2.9999618530273437500000000000000000000000
2.9999394416809082031250000000000000000000
2.9999058246612548828125000000000000000000
2.9998555183410644531250000000000000000000
2.9997825622558593750000000000000000000000
2.9996771812438964843750000000000000000000
2.9995279312133789062500000000000000000000
2.9993185997009277343750000000000000000000
2.9990301132202148437500000000000000000000
2.9986376762390136718750000000000000000000
2.9981095790863037109375000000000000000000
2.9974088668823242187500000000000000000000
2.9964892864227294921875000000000000000000
2.9952967166900634765625000000000000000000
2.9937658309936523437500000000000000000000
2.9918208122253417968750000000000000000000
2.9893710613250732421875000000000000000000
2.9863085746765136718750000000000000000000
2.9824981689453125000000000000000000000000
2.9777681827545166015625000000000000000000
2.9718873500823974609375000000000000000000
2.9645373821258544921875000000000000000000
2.9552741050720214843750000000000000000000
2.9434826374053955078125000000000000000000
2.9283330440521240234375000000000000000000
2.9087426662445068359375000000000000000000
2.8833720684051513671875000000000000000000
2.8506469726562500000000000000000000000000
2.8088340759277343750000000000000000000000
2.7561647891998291015625000000000000000000
2.6909952163696289062500000000000000000000
2.6119863986968994140625000000000000000000
2.5182828903198242187500000000000000000000
2.4096586704254150390625000000000000000000
2.2866117954254150390625000000000000000000
2.1503894329071044921875000000000000000000
2.0029473304748535156250000000000000000000
1.8468441963195800781250000000000000000000
1.6850854158401489257812500000000000000000
1.5209376811981201171875000000000000000000
1.3577300310134887695312500000000000000000
1.1986591815948486328125000000000000000000
1.0466187000274658203125000000000000000000
0.9040603041648864746093750000000000000000
0.7728967070579528808593750000000000000000
0.6544507741928100585937500000000000000000
0.5494493246078491210937500000000000000000
0.4580574631690979003906250000000000000000
0.3799460530281066894531250000000000000000
0.3143818974494934082031250000000000000000
0.2603304982185363769531250000000000000000
0.2165605276823043823242187500000000000000
0.1817419826984405517578125000000000000000
0.1545311361551284790039062500000000000000
0.1336380094289779663085937500000000000000
0.1178756579756736755371093750000000000000
0.1061907932162284851074218750000000000000
0.0976787507534027099609375000000000000000
0.0915851294994354248046875000000000000000
0.0872979909181594848632812500000000000000
0.0843336060643196105957031250000000000000
0.0823190212249755859375000000000000000000
0.0809733346104621887207031250000000000000
0.0800898075103759765625000000000000000000
0.0795196220278739929199218750000000000000
0.0791578963398933410644531250000000000000
0.0789323225617408752441406250000000000000
0.0787940546870231628417968750000000000000
3.0000000000000000000000000000000000000000
3.0000000000000000000000000000000000000000
3.0000000000000000000000000000000000000000
3.0000000000000000000000000000000000000000
3.0000000000000000000000000000000000000000
3.0000000000000000000000000000000000000000
3.0000000000000000000000000000000000000000
3.0000000000000000000000000000000000000000
3.0000000000000000000000000000000000000000
3.0000000000000000000000000000000000000000
3.0000000000000000000000000000000000000000
3.0000000000000000000000000000000000000000
3.0000000000000000000000000000000000000000
3.0000000000000000000000000000000000000000
3.0000000000000000000000000000000000000000
3.0000000000000000000000000000000000000000
3.0000000000000000000000000000000000000000
3.0000000000000000000000000000000000000000
3.0000000000000000000000000000000000000000
3.0000000000000000000000000000000000000000
3.0000000000000000000000000000000000000000
3.0000000000000000000000000000000000000000
3.0000000000000000000000000000000000000000
3.0000000000000000000000000000000000000000
3.0000000000000000000000000000000000000000
3.0000000000000000000000000000000000000000
2.9999995231628417968750000000000000000000
2.9999985694885253906250000000000000000000
2.9999971389770507812500000000000000000000
2.9999945163726806640625000000000000000000
2.9999899864196777343750000000000000000000
2.9999830722808837890625000000000000000000
2.9999718666076660156250000000000000000000
2.9999547004699707031250000000000000000000
2.9999289512634277343750000000000000000000
2.9998903274536132812500000000000000000000
2.9998335838317871093750000000000000000000
2.9997515678405761718750000000000000000000
2.9996342658996582031250000000000000000000
2.9994688034057617187500000000000000000000
2.9992396831512451171875000000000000000000
2.9989254474639892578125000000000000000000
2.9985005855560302734375000000000000000000
2.9979324340820312500000000000000000000000
2.9971823692321777343750000000000000000000
2.9962027072906494140625000000000000000000
2.9949364662170410156250000000000000000000
2.9933156967163085937500000000000000000000
2.9912562370300292968750000000000000000000
2.9886527061462402343750000000000000000000
2.9853703975677490234375000000000000000000
2.9812257289886474609375000000000000000000
2.9759652614593505859375000000000000000000
2.9692306518554687500000000000000000000000
2.9605188369750976562500000000000000000000
2.9491376876831054687500000000000000000000
2.9341664314270019531250000000000000000000
2.9144320487976074218750000000000000000000
2.8885121345520019531250000000000000000000
2.8547832965850830078125000000000000000000
2.8115043640136718750000000000000000000000
2.7569501399993896484375000000000000000000
2.6895675659179687500000000000000000000000
2.6081478595733642578125000000000000000000
2.5119822025299072265625000000000000000000
2.4009890556335449218750000000000000000000
2.2757849693298339843750000000000000000000
2.1376996040344238281250000000000000000000
1.9887288808822631835937500000000000000000
1.8314317464828491210937500000000000000000
1.6687848567962646484375000000000000000000
1.5040072202682495117187500000000000000000
1.3403732776641845703125000000000000000000
1.1810271739959716796875000000000000000000
1.0288170576095581054687500000000000000000
0.8861587047576904296875000000000000000000
0.7549388408660888671875000000000000000000
0.6364628076553344726562500000000000000000
0.5314458012580871582031250000000000000000
0.4400462806224822998046875000000000000000
0.3619312644004821777343750000000000000000
0.2963655292987823486328125000000000000000
0.2423134446144104003906250000000000000000
0.1985431760549545288085937500000000000000
0.1637245714664459228515625000000000000000
0.1365136504173278808593750000000000000000
0.1156205236911773681640625000000000000000
0.0998581498861312866210937500000000000000
0.0881732776761054992675781250000000000000
0.0796612426638603210449218750000000000000
0.0735676214098930358886718750000000000000
0.0692804604768753051757812500000000000000
0.0663160905241966247558593750000000000000
0.0643014982342720031738281250000000000000
0.0629558265209197998046875000000000000000
0.0620722956955432891845703125000000000000
0.0615020990371704101562500000000000000000
0.0611403733491897583007812500000000000000
0.0609148107469081878662109375000000000000
0.0607765391469001770019531250000000000000
3.0000000000000000000000000000000000000000
3.0000000000000000000000000000000000000000
3.0000000000000000000000000000000000000000
3.0000000000000000000000000000000000000000
3.0000000000000000000000000000000000000000
3.0000000000000000000000000000000000000000
3.0000000000000000000000000000000000000000
3.0000000000000000000000000000000000000000
3.0000000000000000000000000000000000000000
3.0000000000000000000000000000000000000000
3.0000000000000000000000000000000000000000
3.0000000000000000000000000000000000000000
3.0000000000000000000000000000000000000000
3.0000000000000000000000000000000000000000
3.0000000000000000000000000000000000000000
3.0000000000000000000000000000000000000000
3.0000000000000000000000000000000000000000
3.0000000000000000000000000000000000000000
3.0000000000000000000000000000000000000000
3.0000000000000000000000000000000000000000
3.0000000000000000000000000000000000000000
3.0000000000000000000000000000000000000000
3.0000000000000000000000000000000000000000
3.0000000000000000000000000000000000000000
3.0000000000000000000000000000000000000000
3.0000000000000000000000000000000000000000
2.9999997615814208984375000000000000000000
2.9999990463256835937500000000000000000000
2.9999983310699462890625000000000000000000
2.9999961853027343750000000000000000000000
2.9999928474426269531250000000000000000000
2.9999876022338867187500000000000000000000
2.9999792575836181640625000000000000000000
2.9999661445617675781250000000000000000000
2.9999465942382812500000000000000000000000
2.9999170303344726562500000000000000000000
2.9998731613159179687500000000000000000000
2.9998092651367187500000000000000000000000
2.9997177124023437500000000000000000000000
2.9995875358581542968750000000000000000000
2.9994053840637207031250000000000000000000
2.9991548061370849609375000000000000000000
2.9988136291503906250000000000000000000000
2.9983546733856201171875000000000000000000
2.9977443218231201171875000000000000000000
2.9969418048858642578125000000000000000000
2.9958965778350830078125000000000000000000
2.9945471286773681640625000000000000000000
2.9928128719329833984375000000000000000000
2.9905912876129150390625000000000000000000
2.9877417087554931640625000000000000000000
2.9840674400329589843750000000000000000000
2.9792883396148681640625000000000000000000
2.9730038642883300781250000000000000000000
2.9646544456481933593750000000000000000000
2.9534773826599121093750000000000000000000
2.9384768009185791015625000000000000000000
2.9184100627899169921875000000000000000000
2.8918051719665527343750000000000000000000
2.8570189476013183593750000000000000000000
2.8123335838317871093750000000000000000000
2.7560849189758300781250000000000000000000
2.6868166923522949218750000000000000000000
2.6034345626831054687500000000000000000000
2.5053491592407226562500000000000000000000
2.3925802707672119140625000000000000000000
2.2658200263977050781250000000000000000000
2.1264402866363525390625000000000000000000
1.9764454364776611328125000000000000000000
1.8183766603469848632812500000000000000000
1.6551760435104370117187500000000000000000
1.4900195598602294921875000000000000000000
1.3261380195617675781250000000000000000000
1.1666376590728759765625000000000000000000
1.0143356323242187500000000000000000000000
0.8716250061988830566406250000000000000000
0.7403768897056579589843750000000000000000
0.6218861341476440429687500000000000000000
0.5168617963790893554687500000000000000000
0.4254588484764099121093750000000000000000
0.3473422825336456298828125000000000000000
0.2817758917808532714843750000000000000000
0.2277234643697738647460937500000000000000
0.1839531213045120239257812500000000000000
0.1491344273090362548828125000000000000000
0.1219234988093376159667968750000000000000
0.1010303646326065063476562500000000000000
0.0852679908275604248046875000000000000000
0.0735831409692764282226562500000000000000
0.0650710985064506530761718750000000000000
0.0589774809777736663818359375000000000000
0.0546903274953365325927734375000000000000
0.0517259463667869567871093750000000000000
0.0497113652527332305908203125000000000000
0.0483656786382198333740234375000000000000
0.0474821515381336212158203125000000000000
0.0469119511544704437255859375000000000000
0.0465502329170703887939453125000000000000
0.0463246665894985198974609375000000000000
0.0461864024400711059570312500000000000000
3.0000000000000000000000000000000000000000
3.0000000000000000000000000000000000000000
3.0000000000000000000000000000000000000000
3.0000000000000000000000000000000000000000
3.0000000000000000000000000000000000000000
3.0000000000000000000000000000000000000000
3.0000000000000000000000000000000000000000
3.0000000000000000000000000000000000000000
3.0000000000000000000000000000000000000000
3.0000000000000000000000000000000000000000
3.0000000000000000000000000000000000000000
3.0000000000000000000000000000000000000000
3.0000000000000000000000000000000000000000
3.0000000000000000000000000000000000000000
3.0000000000000000000000000000000000000000
3.0000000000000000000000000000000000000000
3.0000000000000000000000000000000000000000
3.0000000000000000000000000000000000000000
3.0000000000000000000000000000000000000000
3.0000000000000000000000000000000000000000
3.0000000000000000000000000000000000000000
3.0000000000000000000000000000000000000000
3.0000000000000000000000000000000000000000
3.0000000000000000000000000000000000000000
3.0000000000000000000000000000000000000000
3.0000000000000000000000000000000000000000
3.0000000000000000000000000000000000000000
2.9999995231628417968750000000000000000000
2.9999988079071044921875000000000000000000
2.9999976158142089843750000000000000000000
2.9999949932098388671875000000000000000000
2.9999911785125732421875000000000000000000
2.9999847412109375000000000000000000000000
2.9999747276306152343750000000000000000000
2.9999601840972900390625000000000000000000
2.9999372959136962890625000000000000000000
2.9999034404754638671875000000000000000000
2.9998538494110107421875000000000000000000
2.9997823238372802734375000000000000000000
2.9996800422668457031250000000000000000000
2.9995362758636474609375000000000000000000
2.9993371963500976562500000000000000000000
2.9990639686584472656250000000000000000000
2.9986939430236816406250000000000000000000
2.9981985092163085937500000000000000000000
2.9975423812866210937500000000000000000000
2.9966807365417480468750000000000000000000
2.9955544471740722656250000000000000000000
2.9940884113311767578125000000000000000000
2.9921774864196777343750000000000000000000
2.9896738529205322265625000000000000000000
2.9863641262054443359375000000000000000000
2.9819395542144775390625000000000000000000
2.9759583473205566406250000000000000000000
2.9678087234497070312500000000000000000000
2.9566686153411865234375000000000000000000
2.9414851665496826171875000000000000000000
2.9209682941436767578125000000000000000000
2.8936238288879394531250000000000000000000
2.8578157424926757812500000000000000000000
2.8118641376495361328125000000000000000000
2.7541737556457519531250000000000000000000
2.6833760738372802734375000000000000000000
2.5984714031219482421875000000000000000000
2.4989545345306396484375000000000000000000
2.3849132061004638671875000000000000000000
2.2570796012878417968750000000000000000000
2.1168386936187744140625000000000000000000
1.9661866426467895507812500000000000000000
1.8076406717300415039062500000000000000000
1.6441091299057006835937500000000000000000
1.4787341356277465820312500000000000000000
1.3147149085998535156250000000000000000000
1.1551315784454345703125000000000000000000
1.0027819871902465820312500000000000000000
0.8600453138351440429687500000000000000000
0.7287833690643310546875000000000000000000
0.6102856993675231933593750000000000000000
0.5052581429481506347656250000000000000000
0.4138536751270294189453125000000000000000
0.3357364833354949951171875000000000000000
0.2701697945594787597656250000000000000000
0.2161173224449157714843750000000000000000
0.1723469048738479614257812500000000000000
0.1375282108783721923828125000000000000000
0.1103172674775123596191406250000000000000
0.0894241333007812500000000000000000000000
0.0736617669463157653808593750000000000000
0.0619769059121608734130859375000000000000
0.0534648634493350982666015625000000000000
0.0473712459206581115722656250000000000000
0.0430840924382209777832031250000000000000
0.0401197150349617004394531250000000000000
0.0381051339209079742431640625000000000000
0.0367594435811042785644531250000000000000
0.0358759164810180664062500000000000000000
0.0353057160973548889160156250000000000000
0.0349439978599548339843750000000000000000
0.0347184315323829650878906250000000000000
0.0345801636576652526855468750000000000000
3.0000000000000000000000000000000000000000
3.0000000000000000000000000000000000000000
3.0000000000000000000000000000000000000000
3.0000000000000000000000000000000000000000
3.0000000000000000000000000000000000000000
3.0000000000000000000000000000000000000000
3.0000000000000000000000000000000000000000
3.0000000000000000000000000000000000000000
3.0000000000000000000000000000000000000000
3.0000000000000000000000000000000000000000
3.0000000000000000000000000000000000000000
3.0000000000000000000000000000000000000000
3.0000000000000000000000000000000000000000
3.0000000000000000000000000000000000000000
3.0000000000000000000000000000000000000000
3.0000000000000000000000000000000000000000
3.0000000000000000000000000000000000000000
3.0000000000000000000000000000000000000000
3.0000000000000000000000000000000000000000
3.0000000000000000000000000000000000000000
3.0000000000000000000000000000000000000000
3.0000000000000000000000000000000000000000
3.0000000000000000000000000000000000000000
3.0000000000000000000000000000000000000000
3.0000000000000000000000000000000000000000
3.0000000000000000000000000000000000000000
3.0000000000000000000000000000000000000000
2.9999997615814208984375000000000000000000
2.9999995231628417968750000000000000000000
2.9999983310699462890625000000000000000000
2.9999964237213134765625000000000000000000
2.9999935626983642578125000000000000000000
2.9999887943267822265625000000000000000000
2.9999814033508300781250000000000000000000
2.9999699592590332031250000000000000000000
2.9999525547027587890625000000000000000000
2.9999265670776367187500000000000000000000
2.9998884201049804687500000000000000000000
2.9998326301574707031250000000000000000000
2.9997525215148925781250000000000000000000
2.9996390342712402343750000000000000000000
2.9994812011718750000000000000000000000000
2.9992632865905761718750000000000000000000
2.9989659786224365234375000000000000000000
2.9985644817352294921875000000000000000000
2.9980282783508300781250000000000000000000
2.9973158836364746093750000000000000000000
2.9963726997375488281250000000000000000000
2.9951231479644775390625000000000000000000
2.9934594631195068359375000000000000000000
2.9912233352661132812500000000000000000000
2.9881825447082519531250000000000000000000
2.9840002059936523437500000000000000000000
2.9781975746154785156250000000000000000000
2.9701168537139892578125000000000000000000
2.9588911533355712890625000000000000000000
2.9434256553649902343750000000000000000000
2.9224078655242919921875000000000000000000
2.8943402767181396484375000000000000000000
2.8576090335845947265625000000000000000000
2.8105807304382324218750000000000000000000
2.7517247200012207031250000000000000000000
2.6797456741333007812500000000000000000000
2.5937118530273437500000000000000000000000
2.4931757450103759765625000000000000000000
2.3782615661621093750000000000000000000000
2.2497181892395019531250000000000000000000
2.1089289188385009765625000000000000000000
1.9578734636306762695312500000000000000000
1.7990441322326660156250000000000000000000
1.6353234052658081054687500000000000000000
1.4698277711868286132812500000000000000000
1.3057352304458618164062500000000000000000
1.1461092233657836914062500000000000000000
0.9937360286712646484375000000000000000000
0.8509868383407592773437500000000000000000
0.7197186350822448730468750000000000000000
0.6012178659439086914062500000000000000000
0.4961889088153839111328125000000000000000
0.4047837853431701660156250000000000000000
0.3266663551330566406250000000000000000000
0.2610995471477508544921875000000000000000
0.2070470452308654785156250000000000000000
0.1632765978574752807617187500000000000000
0.1284578889608383178710937500000000000000
0.1012469604611396789550781250000000000000
0.0803538411855697631835937500000000000000
0.0645914524793624877929687500000000000000
0.0529065951704978942871093750000000000000
0.0443945527076721191406250000000000000000
0.0383009351789951324462890625000000000000
0.0340137854218482971191406250000000000000
0.0310494080185890197753906250000000000000
0.0290348194539546966552734375000000000000
0.0276891309767961502075195312500000000000
0.0268056020140647888183593750000000000000
0.0262354016304016113281250000000000000000
0.0258736871182918548583984375000000000000
0.0256481170654296875000000000000000000000
0.0255098529160022735595703125000000000000
3.0000000000000000000000000000000000000000
3.0000000000000000000000000000000000000000
3.0000000000000000000000000000000000000000
3.0000000000000000000000000000000000000000
3.0000000000000000000000000000000000000000
3.0000000000000000000000000000000000000000
3.0000000000000000000000000000000000000000
3.0000000000000000000000000000000000000000
3.0000000000000000000000000000000000000000
3.0000000000000000000000000000000000000000
3.0000000000000000000000000000000000000000
3.0000000000000000000000000000000000000000
3.0000000000000000000000000000000000000000
3.0000000000000000000000000000000000000000
3.0000000000000000000000000000000000000000
3.0000000000000000000000000000000000000000
3.0000000000000000000000000000000000000000
3.0000000000000000000000000000000000000000
3.0000000000000000000000000000000000000000
3.0000000000000000000000000000000000000000
3.0000000000000000000000000000000000000000
3.0000000000000000000000000000000000000000
3.0000000000000000000000000000000000000000
3.0000000000000000000000000000000000000000
3.0000000000000000000000000000000000000000
3.0000000000000000000000000000000000000000
3.0000000000000000000000000000000000000000
3.0000000000000000000000000000000000000000
2.9999997615814208984375000000000000000000
2.9999990463256835937500000000000000000000
2.9999976158142089843750000000000000000000
2.9999957084655761718750000000000000000000
2.9999918937683105468750000000000000000000
2.9999864101409912109375000000000000000000
2.9999780654907226562500000000000000000000
2.9999647140502929687500000000000000000000
2.9999449253082275390625000000000000000000
2.9999151229858398437500000000000000000000
2.9998717308044433593750000000000000000000
2.9998092651367187500000000000000000000000
2.9997200965881347656250000000000000000000
2.9995951652526855468750000000000000000000
2.9994213581085205078125000000000000000000
2.9991831779479980468750000000000000000000
2.9988579750061035156250000000000000000000
2.9984185695648193359375000000000000000000
2.9978272914886474609375000000000000000000
2.9970309734344482421875000000000000000000
2.9959526062011718750000000000000000000000
2.9944789409637451171875000000000000000000
2.9924402236938476562500000000000000000000
2.9895863533020019531250000000000000000000
2.9855525493621826171875000000000000000000
2.9798281192779541015625000000000000000000
2.9717195034027099609375000000000000000000
2.9603273868560791015625000000000000000000
2.9445343017578125000000000000000000000000
2.9230189323425292968750000000000000000000
2.8942949771881103515625000000000000000000
2.8567786216735839843750000000000000000000
2.8088822364807128906250000000000000000000
2.7491297721862792968750000000000000000000
2.6762785911560058593750000000000000000000
2.5894453525543212890625000000000000000000
2.4882142543792724609375000000000000000000
2.3727273941040039062500000000000000000000
2.2437348365783691406250000000000000000000
2.1026110649108886718750000000000000000000
1.9513176679611206054687500000000000000000
1.7923278808593750000000000000000000000000
1.6285033226013183593750000000000000000000
1.4629440307617187500000000000000000000000
1.2988139390945434570312500000000000000000
1.1391670703887939453125000000000000000000
0.9867824912071228027343750000000000000000
0.8440275788307189941406250000000000000000
0.7127565145492553710937500000000000000000
0.5942544937133789062500000000000000000000
0.4892249107360839843750000000000000000000
0.3978196382522583007812500000000000000000
0.3197020292282104492187500000000000000000
0.2541351914405822753906250000000000000000
0.2000826746225357055664062500000000000000
0.1563122272491455078125000000000000000000
0.1214935258030891418457031250000000000000
0.0942825898528099060058593750000000000000
0.0733894482254981994628906250000000000000
0.0576270744204521179199218750000000000000
0.0459422133862972259521484375000000000000
0.0374301709234714508056640625000000000000
0.0313365533947944641113281250000000000000
0.0270494017750024795532226562500000000000
0.0240850262343883514404296875000000000000
0.0220704376697540283203125000000000000000
0.0207247473299503326416015625000000000000
0.0198412220925092697143554687500000000000
0.0192710254341363906860351562500000000000
0.0189093034714460372924804687500000000000
0.0186837390065193176269531250000000000000
0.0185454674065113067626953125000000000000
3.0000000000000000000000000000000000000000
3.0000000000000000000000000000000000000000
3.0000000000000000000000000000000000000000
3.0000000000000000000000000000000000000000
3.0000000000000000000000000000000000000000
3.0000000000000000000000000000000000000000
3.0000000000000000000000000000000000000000
3.0000000000000000000000000000000000000000
3.0000000000000000000000000000000000000000
3.0000000000000000000000000000000000000000
3.0000000000000000000000000000000000000000
3.0000000000000000000000000000000000000000
3.0000000000000000000000000000000000000000
3.0000000000000000000000000000000000000000
3.0000000000000000000000000000000000000000
3.0000000000000000000000000000000000000000
3.0000000000000000000000000000000000000000
3.0000000000000000000000000000000000000000
3.0000000000000000000000000000000000000000
3.0000000000000000000000000000000000000000
3.0000000000000000000000000000000000000000
3.0000000000000000000000000000000000000000
3.0000000000000000000000000000000000000000
3.0000000000000000000000000000000000000000
3.0000000000000000000000000000000000000000
3.0000000000000000000000000000000000000000
3.0000000000000000000000000000000000000000
3.0000000000000000000000000000000000000000
3.0000000000000000000000000000000000000000
2.9999995231628417968750000000000000000000
2.9999985694885253906250000000000000000000
2.9999971389770507812500000000000000000000
2.9999945163726806640625000000000000000000
2.9999902248382568359375000000000000000000
2.9999837875366210937500000000000000000000
2.9999735355377197265625000000000000000000
2.9999582767486572265625000000000000000000
2.9999353885650634765625000000000000000000
2.9999020099639892578125000000000000000000
2.9998533725738525390625000000000000000000
2.9997835159301757812500000000000000000000
2.9996848106384277343750000000000000000000
2.9995470046997070312500000000000000000000
2.9993550777435302734375000000000000000000
2.9990911483764648437500000000000000000000
2.9987306594848632812500000000000000000000
2.9982354640960693359375000000000000000000
2.9975543022155761718750000000000000000000
2.9966073036193847656250000000000000000000
2.9952738285064697265625000000000000000000
2.9933736324310302734375000000000000000000
2.9906370639801025390625000000000000000000
2.9866774082183837890625000000000000000000
2.9809575080871582031250000000000000000000
2.9727582931518554687500000000000000000000
2.9611592292785644531250000000000000000000
2.9450335502624511718750000000000000000000
2.9230635166168212890625000000000000000000
2.8937809467315673828125000000000000000000
2.8556323051452636718750000000000000000000
2.8070702552795410156250000000000000000000
2.7466588020324707031250000000000000000000
2.6731936931610107421875000000000000000000
2.5858187675476074218750000000000000000000
2.4841344356536865234375000000000000000000
2.3682870864868164062500000000000000000000
2.2390227317810058593750000000000000000000
2.0977034568786621093750000000000000000000
1.9462759494781494140625000000000000000000
1.7871985435485839843750000000000000000000
1.6233197450637817382812500000000000000000
1.4577279090881347656250000000000000000000
1.2935793399810791015625000000000000000000
1.1339225769042968750000000000000000000000
0.9815329313278198242187500000000000000000
0.8387755155563354492187500000000000000000
0.7075033783912658691406250000000000000000
0.5890007615089416503906250000000000000000
0.4839709699153900146484375000000000000000
0.3925655484199523925781250000000000000000
0.3144479095935821533203125000000000000000
0.2488810867071151733398437500000000000000
0.1948285400867462158203125000000000000000
0.1510581076145172119140625000000000000000
0.1162393987178802490234375000000000000000
0.0890284627676010131835937500000000000000
0.0681353136897087097167968750000000000000
0.0523729510605335235595703125000000000000
0.0406880900263786315917968750000000000000
0.0321760475635528564453125000000000000000
0.0260824281722307205200195312500000000000
0.0217952765524387359619140625000000000000
0.0188309010118246078491210937500000000000
0.0168163105845451354980468750000000000000
0.0154706239700317382812500000000000000000
0.0145870978012681007385253906250000000000
0.0140169002115726470947265625000000000000
0.0136551773175597190856933593750000000000
0.0134296119213104248046875000000000000000
0.0132913431152701377868652343750000000000
3.0000000000000000000000000000000000000000
3.0000000000000000000000000000000000000000
3.0000000000000000000000000000000000000000
3.0000000000000000000000000000000000000000
3.0000000000000000000000000000000000000000
3.0000000000000000000000000000000000000000
3.0000000000000000000000000000000000000000
3.0000000000000000000000000000000000000000
3.0000000000000000000000000000000000000000
3.0000000000000000000000000000000000000000
3.0000000000000000000000000000000000000000
3.0000000000000000000000000000000000000000
3.0000000000000000000000000000000000000000
3.0000000000000000000000000000000000000000
3.0000000000000000000000000000000000000000
3.0000000000000000000000000000000000000000
3.0000000000000000000000000000000000000000
3.0000000000000000000000000000000000000000
3.0000000000000000000000000000000000000000
3.0000000000000000000000000000000000000000
3.0000000000000000000000000000000000000000
3.0000000000000000000000000000000000000000
3.0000000000000000000000000000000000000000
3.0000000000000000000000000000000000000000
3.0000000000000000000000000000000000000000
3.0000000000000000000000000000000000000000
3.0000000000000000000000000000000000000000
3.0000000000000000000000000000000000000000
3.0000000000000000000000000000000000000000
2.9999997615814208984375000000000000000000
2.9999990463256835937500000000000000000000
2.9999983310699462890625000000000000000000
2.9999961853027343750000000000000000000000
2.9999928474426269531250000000000000000000
2.9999883174896240234375000000000000000000
2.9999806880950927734375000000000000000000
2.9999690055847167968750000000000000000000
2.9999513626098632812500000000000000000000
2.9999253749847412109375000000000000000000
2.9998877048492431640625000000000000000000
2.9998331069946289062500000000000000000000
2.9997553825378417968750000000000000000000
2.9996449947357177734375000000000000000000
2.9994909763336181640625000000000000000000
2.9992763996124267578125000000000000000000
2.9989771842956542968750000000000000000000
2.9985575675964355468750000000000000000000
2.9979641437530517578125000000000000000000
2.9971137046813964843750000000000000000000
2.9958791732788085937500000000000000000000
2.9940679073333740234375000000000000000000
2.9913945198059082031250000000000000000000
2.9874548912048339843750000000000000000000
2.9816899299621582031250000000000000000000
2.9733657836914062500000000000000000000000
2.9615511894226074218750000000000000000000
2.9451191425323486328125000000000000000000
2.9227609634399414062500000000000000000000
2.8930287361145019531250000000000000000000
2.8543968200683593750000000000000000000000
2.8053476810455322265625000000000000000000
2.7444748878479003906250000000000000000000
2.6705961227416992187500000000000000000000
2.5828692913055419921875000000000000000000
2.4809021949768066406250000000000000000000
2.3648381233215332031250000000000000000000
2.2354159355163574218750000000000000000000
2.0939867496490478515625000000000000000000
1.9424870014190673828125000000000000000000
1.7833639383316040039062500000000000000000
1.6194577217102050781250000000000000000000
1.4538500308990478515625000000000000000000
1.2896931171417236328125000000000000000000
1.1300317049026489257812500000000000000000
0.9776400327682495117187500000000000000000
0.8348814249038696289062500000000000000000
0.7036087512969970703125000000000000000000
0.5851059556007385253906250000000000000000
0.4800760447978973388671875000000000000000
0.3886706233024597167968750000000000000000
0.3105529546737670898437500000000000000000
0.2449861317873001098632812500000000000000
0.1909336000680923461914062500000000000000
0.1471631526947021484375000000000000000000
0.1123444512486457824707031250000000000000
0.0851335152983665466308593750000000000000
0.0642403736710548400878906250000000000000
0.0484779924154281616210937500000000000000
0.0367931351065635681152343750000000000000
0.0282810945063829421997070312500000000000
0.0221874751150608062744140625000000000000
0.0179003253579139709472656250000000000000
0.0149359470233321189880371093750000000000
0.0129213575273752212524414062500000000000
0.0115756709128618240356445312500000000000
0.0106921447440981864929199218750000000000
0.0101219452917575836181640625000000000000
0.0097602242603898048400878906250000000000
0.0095346588641405105590820312500000000000
0.0093963909894227981567382812500000000000
3.0000000000000000000000000000000000000000
3.0000000000000000000000000000000000000000
3.0000000000000000000000000000000000000000
3.0000000000000000000000000000000000000000
3.0000000000000000000000000000000000000000
3.0000000000000000000000000000000000000000
3.0000000000000000000000000000000000000000
3.0000000000000000000000000000000000000000
3.0000000000000000000000000000000000000000
3.0000000000000000000000000000000000000000
3.0000000000000000000000000000000000000000
3.0000000000000000000000000000000000000000
3.0000000000000000000000000000000000000000
3.0000000000000000000000000000000000000000
3.0000000000000000000000000000000000000000
3.0000000000000000000000000000000000000000
3.0000000000000000000000000000000000000000
3.0000000000000000000000000000000000000000
3.0000000000000000000000000000000000000000
3.0000000000000000000000000000000000000000
3.0000000000000000000000000000000000000000
3.0000000000000000000000000000000000000000
3.0000000000000000000000000000000000000000
3.0000000000000000000000000000000000000000
3.0000000000000000000000000000000000000000
3.0000000000000000000000000000000000000000
3.0000000000000000000000000000000000000000
3.0000000000000000000000000000000000000000
3.0000000000000000000000000000000000000000
3.0000000000000000000000000000000000000000
2.9999995231628417968750000000000000000000
2.9999988079071044921875000000000000000000
2.9999976158142089843750000000000000000000
2.9999952316284179687500000000000000000000
2.9999914169311523437500000000000000000000
2.9999859333038330078125000000000000000000
2.9999768733978271484375000000000000000000
2.9999632835388183593750000000000000000000
2.9999437332153320312500000000000000000000
2.9999144077301025390625000000000000000000
2.9998714923858642578125000000000000000000
2.9998097419738769531250000000000000000000
2.9997224807739257812500000000000000000000
2.9995980262756347656250000000000000000000
2.9994213581085205078125000000000000000000
2.9991698265075683593750000000000000000000
2.9988076686859130859375000000000000000000
2.9982793331146240234375000000000000000000
2.9974973201751708984375000000000000000000
2.9963274002075195312500000000000000000000
2.9945664405822753906250000000000000000000
2.9919168949127197265625000000000000000000
2.9879591464996337890625000000000000000000
2.9821226596832275390625000000000000000000
2.9736633300781250000000000000000000000000
2.9616472721099853515625000000000000000000
2.9449522495269775390625000000000000000000
2.9222819805145263671875000000000000000000
2.8922066688537597656250000000000000000000
2.8532230854034423828125000000000000000000
2.8038341999053955078125000000000000000000
2.7426519393920898437500000000000000000000
2.6685063838958740234375000000000000000000
2.5805616378784179687500000000000000000000
2.4784252643585205078125000000000000000000
2.3622357845306396484375000000000000000000
2.2327256202697753906250000000000000000000
2.0912375450134277343750000000000000000000
1.9397004842758178710937500000000000000000
1.7805545330047607421875000000000000000000
1.6166350841522216796875000000000000000000
1.4510201215744018554687500000000000000000
1.2868593931198120117187500000000000000000
1.1271960735321044921875000000000000000000
0.9748033285140991210937500000000000000000
0.8320443630218505859375000000000000000000
0.7007715702056884765625000000000000000000
0.5822686553001403808593750000000000000000
0.4772387146949768066406250000000000000000
0.3858332633972167968750000000000000000000
0.3077156245708465576171875000000000000000
0.2421487718820571899414062500000000000000
0.1880962252616882324218750000000000000000
0.1443258076906204223632812500000000000000
0.1095070913434028625488281250000000000000
0.0822961628437042236328125000000000000000
0.0614030174911022186279296875000000000000
0.0456406474113464355468750000000000000000
0.0339557901024818420410156250000000000000
0.0254437457770109176635742187500000000000
0.0193501282483339309692382812500000000000
0.0150629784911870956420898437500000000000
0.0120986001566052436828613281250000000000
0.0100840097293257713317871093750000000000
0.0087383231148123741149902343750000000000
0.0078547960147261619567871093750000000000
0.0072845970280468463897705078125000000000
0.0069228759966790676116943359375000000000
0.0066973124630749225616455078125000000000
0.0065590431913733482360839843750000000000
3.0000000000000000000000000000000000000000
3.0000000000000000000000000000000000000000
3.0000000000000000000000000000000000000000
3.0000000000000000000000000000000000000000
3.0000000000000000000000000000000000000000
3.0000000000000000000000000000000000000000
3.0000000000000000000000000000000000000000
3.0000000000000000000000000000000000000000
3.0000000000000000000000000000000000000000
3.0000000000000000000000000000000000000000
3.0000000000000000000000000000000000000000
3.0000000000000000000000000000000000000000
3.0000000000000000000000000000000000000000
3.0000000000000000000000000000000000000000
3.0000000000000000000000000000000000000000
3.0000000000000000000000000000000000000000
3.0000000000000000000000000000000000000000
3.0000000000000000000000000000000000000000
3.0000000000000000000000000000000000000000
3.0000000000000000000000000000000000000000
3.0000000000000000000000000000000000000000
3.0000000000000000000000000000000000000000
3.0000000000000000000000000000000000000000
3.0000000000000000000000000000000000000000
3.0000000000000000000000000000000000000000
3.0000000000000000000000000000000000000000
3.0000000000000000000000000000000000000000
3.0000000000000000000000000000000000000000
3.0000000000000000000000000000000000000000
3.0000000000000000000000000000000000000000
2.9999997615814208984375000000000000000000
2.9999995231628417968750000000000000000000
2.9999983310699462890625000000000000000000
2.9999964237213134765625000000000000000000
2.9999938011169433593750000000000000000000
2.9999895095825195312500000000000000000000
2.9999830722808837890625000000000000000000
2.9999728202819824218750000000000000000000
2.9999570846557617187500000000000000000000
2.9999346733093261718750000000000000000000
2.9999008178710937500000000000000000000000
2.9998526573181152343750000000000000000000
2.9997828006744384765625000000000000000000
2.9996812343597412109375000000000000000000
2.9995343685150146484375000000000000000000
2.9993185997009277343750000000000000000000
2.9989984035491943359375000000000000000000
2.9985158443450927734375000000000000000000
2.9977788925170898437500000000000000000000
2.9966471195220947265625000000000000000000
2.9949085712432861328125000000000000000000
2.9922556877136230468750000000000000000000
2.9882588386535644531250000000000000000000
2.9823408126831054687500000000000000000000
2.9737532138824462890625000000000000000000
2.9615635871887207031250000000000000000000
2.9446568489074707031250000000000000000000
2.9217488765716552734375000000000000000000
2.8914248943328857421875000000000000000000
2.8521962165832519531250000000000000000000
2.8025808334350585937500000000000000000000
2.7412004470825195312500000000000000000000
2.6668901443481445312500000000000000000000
2.5788156986236572265625000000000000000000
2.4765818119049072265625000000000000000000
2.3603239059448242187500000000000000000000
2.2307667732238769531250000000000000000000
2.0892484188079833984375000000000000000000
1.9376926422119140625000000000000000000000
1.7785359621047973632812500000000000000000
1.6146101951599121093750000000000000000000
1.4489920139312744140625000000000000000000
1.2848296165466308593750000000000000000000
1.1251654624938964843750000000000000000000
0.9727723598480224609375000000000000000000
0.8300132751464843750000000000000000000000
0.6987403631210327148437500000000000000000
0.5802374482154846191406250000000000000000
0.4752075374126434326171875000000000000000
0.3838020563125610351562500000000000000000
0.3056844174861907958984375000000000000000
0.2401175796985626220703125000000000000000
0.1860650330781936645507812500000000000000
0.1422945857048034667968750000000000000000
0.1074758917093276977539062500000000000000
0.0802649557590484619140625000000000000000
0.0593718141317367553710937500000000000000
0.0436094403266906738281250000000000000000
0.0319245830178260803222656250000000000000
0.0234125386923551559448242187500000000000
0.0173189230263233184814453125000000000000
0.0130317714065313339233398437500000000000
0.0100673940032720565795898437500000000000
0.0080528045073151588439941406250000000000
0.0067071169614791870117187500000000000000
0.0058235893957316875457763671875000000000
0.0052533904090523719787597656250000000000
0.0048916707746684551239013671875000000000
0.0046661058440804481506347656250000000000
0.0045278370380401611328125000000000000000
3.0000000000000000000000000000000000000000
3.0000000000000000000000000000000000000000
3.0000000000000000000000000000000000000000
3.0000000000000000000000000000000000000000
3.0000000000000000000000000000000000000000
3.0000000000000000000000000000000000000000
3.0000000000000000000000000000000000000000
3.0000000000000000000000000000000000000000
3.0000000000000000000000000000000000000000
3.0000000000000000000000000000000000000000
3.0000000000000000000000000000000000000000
3.0000000000000000000000000000000000000000
3.0000000000000000000000000000000000000000
3.0000000000000000000000000000000000000000
3.0000000000000000000000000000000000000000
3.0000000000000000000000000000000000000000
3.0000000000000000000000000000000000000000
3.0000000000000000000000000000000000000000
3.0000000000000000000000000000000000000000
3.0000000000000000000000000000000000000000
3.0000000000000000000000000000000000000000
3.0000000000000000000000000000000000000000
3.0000000000000000000000000000000000000000
3.0000000000000000000000000000000000000000
3.0000000000000000000000000000000000000000
3.0000000000000000000000000000000000000000
3.0000000000000000000000000000000000000000
3.0000000000000000000000000000000000000000
3.0000000000000000000000000000000000000000
3.0000000000000000000000000000000000000000
3.0000000000000000000000000000000000000000
2.9999997615814208984375000000000000000000
2.9999990463256835937500000000000000000000
2.9999976158142089843750000000000000000000
2.9999957084655761718750000000000000000000
2.9999923706054687500000000000000000000000
2.9999873638153076171875000000000000000000
2.9999797344207763671875000000000000000000
2.9999680519104003906250000000000000000000
2.9999501705169677734375000000000000000000
2.9999241828918457031250000000000000000000
2.9998855590820312500000000000000000000000
2.9998288154602050781250000000000000000000
2.9997453689575195312500000000000000000000
2.9996206760406494140625000000000000000000
2.9994316101074218750000000000000000000000
2.9991412162780761718750000000000000000000
2.9986889362335205078125000000000000000000
2.9979794025421142578125000000000000000000
2.9968659877777099609375000000000000000000
2.9951307773590087890625000000000000000000
2.9924583435058593750000000000000000000000
2.9884145259857177734375000000000000000000
2.9824166297912597656250000000000000000000
2.9737172126770019531250000000000000000000
2.9613881111145019531250000000000000000000
2.9443202018737792968750000000000000000000
2.9212400913238525390625000000000000000000
2.8907434940338134765625000000000000000000
2.8513529300689697265625000000000000000000
2.8015933036804199218750000000000000000000
2.7400906085968017578125000000000000000000
2.6656827926635742187500000000000000000000
2.5775346755981445312500000000000000000000
2.4752476215362548828125000000000000000000
2.3589527606964111328125000000000000000000
2.2293717861175537109375000000000000000000
2.0878386497497558593750000000000000000000
1.9362740516662597656250000000000000000000
1.7771121263504028320312500000000000000000
1.6131838560104370117187500000000000000000
1.4475643634796142578125000000000000000000
1.2834012508392333984375000000000000000000
1.1237366199493408203125000000000000000000
0.9713433980941772460937500000000000000000
0.8285842537879943847656250000000000000000
0.6973113417625427246093750000000000000000
0.5788084268569946289062500000000000000000
0.4737784564495086669921875000000000000000
0.3823730051517486572265625000000000000000
0.3042553663253784179687500000000000000000
0.2386885434389114379882812500000000000000
0.1846359819173812866210937500000000000000
0.1408655494451522827148437500000000000000
0.1060468405485153198242187500000000000000
0.0788359120488166809082031250000000000000
0.0579427666962146759033203125000000000000
0.0421803928911685943603515625000000000000
0.0304955281317234039306640625000000000000
0.0219834912568330764770507812500000000000
0.0158898718655109405517578125000000000000
0.0116027202457189559936523437500000000000
0.0086383437737822532653808593750000000000
0.0066237542778253555297851562500000000000
0.0052780662663280963897705078125000000000
0.0043945391662418842315673828125000000000
0.0038243406452238559722900390625000000000
0.0034626200795173645019531250000000000000
0.0032370560802519321441650390625000000000
0.0030987863428890705108642578125000000000
3.0000000000000000000000000000000000000000
3.0000000000000000000000000000000000000000
3.0000000000000000000000000000000000000000
3.0000000000000000000000000000000000000000
3.0000000000000000000000000000000000000000
3.0000000000000000000000000000000000000000
3.0000000000000000000000000000000000000000
3.0000000000000000000000000000000000000000
3.0000000000000000000000000000000000000000
3.0000000000000000000000000000000000000000
3.0000000000000000000000000000000000000000
3.0000000000000000000000000000000000000000
3.0000000000000000000000000000000000000000
3.0000000000000000000000000000000000000000
3.0000000000000000000000000000000000000000
3.0000000000000000000000000000000000000000
3.0000000000000000000000000000000000000000
3.0000000000000000000000000000000000000000
3.0000000000000000000000000000000000000000
3.0000000000000000000000000000000000000000
3.0000000000000000000000000000000000000000
3.0000000000000000000000000000000000000000
3.0000000000000000000000000000000000000000
3.0000000000000000000000000000000000000000
3.0000000000000000000000000000000000000000
3.0000000000000000000000000000000000000000
3.0000000000000000000000000000000000000000
3.0000000000000000000000000000000000000000
3.0000000000000000000000000000000000000000
3.0000000000000000000000000000000000000000
3.0000000000000000000000000000000000000000
3.0000000000000000000000000000000000000000
2.9999995231628417968750000000000000000000
2.9999985694885253906250000000000000000000
2.9999971389770507812500000000000000000000
2.9999947547912597656250000000000000000000
2.9999909400939941406250000000000000000000
2.9999847412109375000000000000000000000000
2.9999759197235107421875000000000000000000
2.9999620914459228515625000000000000000000
2.9999415874481201171875000000000000000000
2.9999108314514160156250000000000000000000
2.9998643398284912109375000000000000000000
2.9997940063476562500000000000000000000000
2.9996855258941650390625000000000000000000
2.9995150566101074218750000000000000000000
2.9992446899414062500000000000000000000000
2.9988110065460205078125000000000000000000
2.9981157779693603515625000000000000000000
2.9970080852508544921875000000000000000000
2.9952642917633056640625000000000000000000
2.9925656318664550781250000000000000000000
2.9884736537933349609375000000000000000000
2.9824061393737792968750000000000000000000
2.9736166000366210937500000000000000000000
2.9611806869506835937500000000000000000000
2.9439966678619384765625000000000000000000
2.9207978248596191406250000000000000000000
2.8901879787445068359375000000000000000000
2.8506937026977539062500000000000000000000
2.8008458614349365234375000000000000000000
2.7392718791961669921875000000000000000000
2.6648089885711669921875000000000000000000
2.5766203403472900390625000000000000000000
2.4743053913116455078125000000000000000000
2.3579919338226318359375000000000000000000
2.2283990383148193359375000000000000000000
2.0868589878082275390625000000000000000000
1.9352902173995971679687500000000000000000
1.7761262655258178710937500000000000000000
1.6121966838836669921875000000000000000000
1.4465769529342651367187500000000000000000
1.2824132442474365234375000000000000000000
1.1227486133575439453125000000000000000000
0.9703552722930908203125000000000000000000
0.8275961279869079589843750000000000000000
0.6963231563568115234375000000000000000000
0.5778202414512634277343750000000000000000
0.4727903604507446289062500000000000000000
0.3813848793506622314453125000000000000000
0.3032672405242919921875000000000000000000
0.2377004027366638183593750000000000000000
0.1836478561162948608398437500000000000000
0.1398774236440658569335937500000000000000
0.1050587147474288940429687500000000000000
0.0778477713465690612792968750000000000000
0.0569546408951282501220703125000000000000
0.0411922596395015716552734375000000000000
0.0295074060559272766113281250000000000000
0.0209953654557466506958007812500000000000
0.0149017460644245147705078125000000000000
0.0106145944446325302124023437500000000000
0.0076502184383571147918701171875000000000
0.0056356284767389297485351562500000000000
0.0042899404652416706085205078125000000000
0.0034064131323248147964477539062500000000
0.0028362148441374301910400390625000000000
0.0024744942784309387207031250000000000000
0.0022489295806735754013061523437500000000
0.0021106605418026447296142578125000000000
3.0000000000000000000000000000000000000000
3.0000000000000000000000000000000000000000
3.0000000000000000000000000000000000000000
3.0000000000000000000000000000000000000000
3.0000000000000000000000000000000000000000
3.0000000000000000000000000000000000000000
3.0000000000000000000000000000000000000000
3.0000000000000000000000000000000000000000
3.0000000000000000000000000000000000000000
3.0000000000000000000000000000000000000000
3.0000000000000000000000000000000000000000
3.0000000000000000000000000000000000000000
3.0000000000000000000000000000000000000000
3.0000000000000000000000000000000000000000
3.0000000000000000000000000000000000000000
3.0000000000000000000000000000000000000000
3.0000000000000000000000000000000000000000
3.0000000000000000000000000000000000000000
3.0000000000000000000000000000000000000000
3.0000000000000000000000000000000000000000
3.0000000000000000000000000000000000000000
3.0000000000000000000000000000000000000000
3.0000000000000000000000000000000000000000
3.0000000000000000000000000000000000000000
3.0000000000000000000000000000000000000000
3.0000000000000000000000000000000000000000
3.0000000000000000000000000000000000000000
3.0000000000000000000000000000000000000000
3.0000000000000000000000000000000000000000
3.0000000000000000000000000000000000000000
3.0000000000000000000000000000000000000000
3.0000000000000000000000000000000000000000
2.9999997615814208984375000000000000000000
2.9999990463256835937500000000000000000000
2.9999983310699462890625000000000000000000
2.9999964237213134765625000000000000000000
2.9999935626983642578125000000000000000000
2.9999887943267822265625000000000000000000
2.9999818801879882812500000000000000000000
2.9999711513519287109375000000000000000000
2.9999547004699707031250000000000000000000
2.9999301433563232421875000000000000000000
2.9998915195465087890625000000000000000000
2.9998304843902587890625000000000000000000
2.9997334480285644531250000000000000000000
2.9995756149291992187500000000000000000000
2.9993174076080322265625000000000000000000
2.9988942146301269531250000000000000000000
2.9982042312622070312500000000000000000000
2.9970936775207519531250000000000000000000
2.9953360557556152343750000000000000000000
2.9926097393035888671875000000000000000000
2.9884755611419677734375000000000000000000
2.9823515415191650390625000000000000000000
2.9734928607940673828125000000000000000000
2.9609799385070800781250000000000000000000
2.9437162876129150390625000000000000000000
2.9204394817352294921875000000000000000000
2.8897569179534912109375000000000000000000
2.8502006530761718750000000000000000000000
2.8003010749816894531250000000000000000000
2.7386868000030517578125000000000000000000
2.6641938686370849609375000000000000000000
2.5759844779968261718750000000000000000000
2.4736547470092773437500000000000000000000
2.3573324680328369140625000000000000000000
2.2277340888977050781250000000000000000000
2.0861909389495849609375000000000000000000
1.9346206188201904296875000000000000000000
1.7754555940628051757812500000000000000000
1.6115257740020751953125000000000000000000
1.4459055662155151367187500000000000000000
1.2817418575286865234375000000000000000000
1.1220771074295043945312500000000000000000
0.9696838855743408203125000000000000000000
0.8269246220588684082031250000000000000000
0.6956517100334167480468750000000000000000
0.5771487355232238769531250000000000000000
0.4721188247203826904296875000000000000000
0.3807133138179779052734375000000000000000
0.3025957345962524414062500000000000000000
0.2370288968086242675781250000000000000000
0.1829763203859329223632812500000000000000
0.1392058879137039184570312500000000000000
0.1043871790170669555664062500000000000000
0.0771762505173683166503906250000000000000
0.0562831088900566101074218750000000000000
0.0405207313597202301025390625000000000000
0.0288358759135007858276367187500000000000
0.0203238334506750106811523437500000000000
0.0142302159219980239868164062500000000000
0.0099430643022060394287109375000000000000
0.0069786882959306240081787109375000000000
0.0049640983343124389648437500000000000000
0.0036184105556458234786987304687500000000
0.0027348829898983240127563476562500000000
0.0021646847017109394073486328125000000000
0.0018029640195891261100769042968750000000
0.0015773996710777282714843750000000000000
0.0014391303993761539459228515625000000000
3.0000000000000000000000000000000000000000
3.0000000000000000000000000000000000000000
3.0000000000000000000000000000000000000000
3.0000000000000000000000000000000000000000
3.0000000000000000000000000000000000000000
3.0000000000000000000000000000000000000000
3.0000000000000000000000000000000000000000
3.0000000000000000000000000000000000000000
3.0000000000000000000000000000000000000000
3.0000000000000000000000000000000000000000
3.0000000000000000000000000000000000000000
3.0000000000000000000000000000000000000000
3.0000000000000000000000000000000000000000
3.0000000000000000000000000000000000000000
3.0000000000000000000000000000000000000000
3.0000000000000000000000000000000000000000
3.0000000000000000000000000000000000000000
3.0000000000000000000000000000000000000000
3.0000000000000000000000000000000000000000
3.0000000000000000000000000000000000000000
3.0000000000000000000000000000000000000000
3.0000000000000000000000000000000000000000
3.0000000000000000000000000000000000000000
3.0000000000000000000000000000000000000000
3.0000000000000000000000000000000000000000
3.0000000000000000000000000000000000000000
3.0000000000000000000000000000000000000000
3.0000000000000000000000000000000000000000
3.0000000000000000000000000000000000000000
3.0000000000000000000000000000000000000000
3.0000000000000000000000000000000000000000
3.0000000000000000000000000000000000000000
3.0000000000000000000000000000000000000000
2.9999995231628417968750000000000000000000
2.9999988079071044921875000000000000000000
2.9999976158142089843750000000000000000000
2.9999952316284179687500000000000000000000
2.9999918937683105468750000000000000000000
2.9999864101409912109375000000000000000000
2.9999780654907226562500000000000000000000
2.9999647140502929687500000000000000000000
2.9999442100524902343750000000000000000000
2.9999113082885742187500000000000000000000
2.9998571872711181640625000000000000000000
2.9997675418853759765625000000000000000000
2.9996180534362792968750000000000000000000
2.9993667602539062500000000000000000000000
2.9989480972290039062500000000000000000000
2.9982581138610839843750000000000000000000
2.9971404075622558593750000000000000000000
2.9953672885894775390625000000000000000000
2.9926159381866455078125000000000000000000
2.9884469509124755859375000000000000000000
2.9822793006896972656250000000000000000000
2.9733712673187255859375000000000000000000
2.9608061313629150390625000000000000000000
2.9434893131256103515625000000000000000000
2.9201636314392089843750000000000000000000
2.8894381523132324218750000000000000000000
2.8498454093933105468750000000000000000000
2.7999169826507568359375000000000000000000
2.7382810115814208984375000000000000000000
2.6637723445892333984375000000000000000000
2.5755522251129150390625000000000000000000
2.4732160568237304687500000000000000000000
2.3568892478942871093750000000000000000000
2.2272887229919433593750000000000000000000
2.0857439041137695312500000000000000000000
1.9341727495193481445312500000000000000000
1.7750073671340942382812500000000000000000
1.6110774278640747070312500000000000000000
1.4454568624496459960937500000000000000000
1.2812932729721069335937500000000000000000
1.1216286420822143554687500000000000000000
0.9692353606224060058593750000000000000000
0.8264760971069335937500000000000000000000
0.6952031254768371582031250000000000000000
0.5767001509666442871093750000000000000000
0.4716702103614807128906250000000000000000
0.3802647888660430908203125000000000000000
0.3021471798419952392578125000000000000000
0.2365802973508834838867187500000000000000
0.1825277656316757202148437500000000000000
0.1387573182582855224609375000000000000000
0.1039386168122291564941406250000000000000
0.0767276808619499206542968750000000000000
0.0558345466852188110351562500000000000000
0.0400721691548824310302734375000000000000
0.0283873118460178375244140625000000000000
0.0198752712458372116088867187500000000000
0.0137816527858376502990722656250000000000
0.0094945030286908149719238281250000000000
0.0065301256254315376281738281250000000000
0.0045155356638133525848388671875000000000
0.0031698478851467370986938476562500000000
0.0022863205522298812866210937500000000000
0.0017161221476271748542785644531250000000
0.0013544014655053615570068359375000000000
0.0011288368841633200645446777343750000000
0.0009905678452923893928527832031250000000
3.0000000000000000000000000000000000000000
3.0000000000000000000000000000000000000000
3.0000000000000000000000000000000000000000
3.0000000000000000000000000000000000000000
3.0000000000000000000000000000000000000000
3.0000000000000000000000000000000000000000
3.0000000000000000000000000000000000000000
3.0000000000000000000000000000000000000000
3.0000000000000000000000000000000000000000
3.0000000000000000000000000000000000000000
3.0000000000000000000000000000000000000000
3.0000000000000000000000000000000000000000
3.0000000000000000000000000000000000000000
3.0000000000000000000000000000000000000000
3.0000000000000000000000000000000000000000
3.0000000000000000000000000000000000000000
3.0000000000000000000000000000000000000000
3.0000000000000000000000000000000000000000
3.0000000000000000000000000000000000000000
3.0000000000000000000000000000000000000000
3.0000000000000000000000000000000000000000
3.0000000000000000000000000000000000000000
3.0000000000000000000000000000000000000000
3.0000000000000000000000000000000000000000
3.0000000000000000000000000000000000000000
3.0000000000000000000000000000000000000000
3.0000000000000000000000000000000000000000
3.0000000000000000000000000000000000000000
3.0000000000000000000000000000000000000000
3.0000000000000000000000000000000000000000
3.0000000000000000000000000000000000000000
3.0000000000000000000000000000000000000000
3.0000000000000000000000000000000000000000
2.9999997615814208984375000000000000000000
2.9999995231628417968750000000000000000000
2.9999983310699462890625000000000000000000
2.9999966621398925781250000000000000000000
2.9999940395355224609375000000000000000000
2.9999895095825195312500000000000000000000
2.9999833106994628906250000000000000000000
2.9999723434448242187500000000000000000000
2.9999547004699707031250000000000000000000
2.9999253749847412109375000000000000000000
2.9998762607574462890625000000000000000000
2.9997916221618652343750000000000000000000
2.9996464252471923828125000000000000000000
2.9993984699249267578125000000000000000000
2.9989805221557617187500000000000000000000
2.9982874393463134765625000000000000000000
2.9971618652343750000000000000000000000000
2.9953742027282714843750000000000000000000
2.9926023483276367187500000000000000000000
2.9884066581726074218750000000000000000000
2.9822077751159667968750000000000000000000
2.9732661247253417968750000000000000000000
2.9606661796569824218750000000000000000000
2.9433169364929199218750000000000000000000
2.9199612140655517578125000000000000000000
2.8892107009887695312500000000000000000000
2.8495976924896240234375000000000000000000
2.7996537685394287109375000000000000000000
2.7380065917968750000000000000000000000000
2.6634902954101562500000000000000000000000
2.5752649307250976562500000000000000000000
2.4729256629943847656250000000000000000000
2.3565969467163085937500000000000000000000
2.2269952297210693359375000000000000000000
2.0854496955871582031250000000000000000000
1.9338784217834472656250000000000000000000
1.7747129201889038085937500000000000000000
1.6107828617095947265625000000000000000000
1.4451625347137451171875000000000000000000
1.2809988260269165039062500000000000000000
1.1213340759277343750000000000000000000000
0.9689407348632812500000000000000000000000
0.8261814713478088378906250000000000000000
0.6949085593223571777343750000000000000000
0.5764056444168090820312500000000000000000
0.4713757634162902832031250000000000000000
0.3799702525138854980468750000000000000000
0.3018526434898376464843750000000000000000
0.2362857908010482788085937500000000000000
0.1822332441806793212890625000000000000000
0.1384628117084503173828125000000000000000
0.1036441177129745483398437500000000000000
0.0764331817626953125000000000000000000000
0.0555400326848030090332031250000000000000
0.0397776626050472259521484375000000000000
0.0280928015708923339843750000000000000000
0.0195807609707117080688476562500000000000
0.0134871443733572959899902343750000000000
0.0091999936848878860473632812500000000000
0.0062356167472898960113525390625000000000
0.0042210263200104236602783203125000000000
0.0028753390070050954818725585937500000000
0.0019918116740882396697998046875000000000
0.0014216129202395677566528320312500000000
0.0010598922381177544593811035156250000000
0.0008343278313986957073211669921875000000
0.0006960587343201041221618652343750000000
3.0000000000000000000000000000000000000000
3.0000000000000000000000000000000000000000
3.0000000000000000000000000000000000000000
3.0000000000000000000000000000000000000000
3.0000000000000000000000000000000000000000
3.0000000000000000000000000000000000000000
3.0000000000000000000000000000000000000000
3.0000000000000000000000000000000000000000
3.0000000000000000000000000000000000000000
3.0000000000000000000000000000000000000000
3.0000000000000000000000000000000000000000
3.0000000000000000000000000000000000000000
3.0000000000000000000000000000000000000000
3.0000000000000000000000000000000000000000
3.0000000000000000000000000000000000000000
3.0000000000000000000000000000000000000000
3.0000000000000000000000000000000000000000
3.0000000000000000000000000000000000000000
3.0000000000000000000000000000000000000000
3.0000000000000000000000000000000000000000
3.0000000000000000000000000000000000000000
3.0000000000000000000000000000000000000000
3.0000000000000000000000000000000000000000
3.0000000000000000000000000000000000000000
3.0000000000000000000000000000000000000000
3.0000000000000000000000000000000000000000
3.0000000000000000000000000000000000000000
3.0000000000000000000000000000000000000000
3.0000000000000000000000000000000000000000
3.0000000000000000000000000000000000000000
3.0000000000000000000000000000000000000000
3.0000000000000000000000000000000000000000
3.0000000000000000000000000000000000000000
3.0000000000000000000000000000000000000000
2.9999997615814208984375000000000000000000
2.9999990463256835937500000000000000000000
2.9999976158142089843750000000000000000000
2.9999959468841552734375000000000000000000
2.9999923706054687500000000000000000000000
2.9999871253967285156250000000000000000000
2.9999780654907226562500000000000000000000
2.9999628067016601562500000000000000000000
2.9999361038208007812500000000000000000000
2.9998891353607177734375000000000000000000
2.9998075962066650390625000000000000000000
2.9996647834777832031250000000000000000000
2.9994180202484130859375000000000000000000
2.9989988803863525390625000000000000000000
2.9983015060424804687500000000000000000000
2.9971680641174316406250000000000000000000
2.9953684806823730468750000000000000000000
2.9925804138183593750000000000000000000000
2.9883651733398437500000000000000000000000
2.9821455478668212890625000000000000000000
2.9731814861297607421875000000000000000000
2.9605600833892822265625000000000000000000
2.9431912899017333984375000000000000000000
2.9198186397552490234375000000000000000000
2.8890542984008789062500000000000000000000
2.8494300842285156250000000000000000000000
2.7994782924652099609375000000000000000000
2.7378251552581787109375000000000000000000
2.6633057594299316406250000000000000000000
2.5750780105590820312500000000000000000000
2.4727373123168945312500000000000000000000
2.3564081192016601562500000000000000000000
2.2268056869506835937500000000000000000000
2.0852599143981933593750000000000000000000
1.9336882829666137695312500000000000000000
1.7745230197906494140625000000000000000000
1.6105929613113403320312500000000000000000
1.4449723958969116210937500000000000000000
1.2808086872100830078125000000000000000000
1.1211439371109008789062500000000000000000
0.9687505960464477539062500000000000000000
0.8259913921356201171875000000000000000000
0.6947184801101684570312500000000000000000
0.5762156248092651367187500000000000000000
0.4711856842041015625000000000000000000000
0.3797802329063415527343750000000000000000
0.3016625642776489257812500000000000000000
0.2360957264900207519531250000000000000000
0.1820431798696517944335937500000000000000
0.1382727473974227905273437500000000000000
0.1034540459513664245605468750000000000000
0.0762431100010871887207031250000000000000
0.0553499720990657806396484375000000000000
0.0395875982940196990966796875000000000000
0.0279027391225099563598632812500000000000
0.0193906985223293304443359375000000000000
0.0132970791310071945190429687500000000000
0.0090099275112152099609375000000000000000
0.0060455505736172199249267578125000000000
0.0040309601463377475738525390625000000000
0.0026852723676711320877075195312500000000
0.0018017452675849199295043945312500000000
0.0012315467465668916702270507812500000000
0.0008698261226527392864227294921875000000
0.0006442615995183587074279785156250000000
0.0005059925024397671222686767578125000000
3.0000000000000000000000000000000000000000
3.0000000000000000000000000000000000000000
3.0000000000000000000000000000000000000000
3.0000000000000000000000000000000000000000
3.0000000000000000000000000000000000000000
3.0000000000000000000000000000000000000000
3.0000000000000000000000000000000000000000
3.0000000000000000000000000000000000000000
3.0000000000000000000000000000000000000000
3.0000000000000000000000000000000000000000
3.0000000000000000000000000000000000000000
3.0000000000000000000000000000000000000000
3.0000000000000000000000000000000000000000
3.0000000000000000000000000000000000000000
3.0000000000000000000000000000000000000000
3.0000000000000000000000000000000000000000
3.0000000000000000000000000000000000000000
3.0000000000000000000000000000000000000000
3.0000000000000000000000000000000000000000
3.0000000000000000000000000000000000000000
3.0000000000000000000000000000000000000000
3.0000000000000000000000000000000000000000
3.0000000000000000000000000000000000000000
3.0000000000000000000000000000000000000000
3.0000000000000000000000000000000000000000
3.0000000000000000000000000000000000000000
3.0000000000000000000000000000000000000000
3.0000000000000000000000000000000000000000
3.0000000000000000000000000000000000000000
3.0000000000000000000000000000000000000000
3.0000000000000000000000000000000000000000
3.0000000000000000000000000000000000000000
3.0000000000000000000000000000000000000000
3.0000000000000000000000000000000000000000
3.0000000000000000000000000000000000000000
2.9999995231628417968750000000000000000000
2.9999985694885253906250000000000000000000
2.9999966621398925781250000000000000000000
2.9999940395355224609375000000000000000000
2.9999899864196777343750000000000000000000
2.9999821186065673828125000000000000000000
2.9999680519104003906250000000000000000000
2.9999427795410156250000000000000000000000
2.9998981952667236328125000000000000000000
2.9998180866241455078125000000000000000000
2.9996759891510009765625000000000000000000
2.9994289875030517578125000000000000000000
2.9990079402923583984375000000000000000000
2.9983062744140625000000000000000000000000
2.9971659183502197265625000000000000000000
2.9953565597534179687500000000000000000000
2.9925572872161865234375000000000000000000
2.9883294105529785156250000000000000000000
2.9820954799652099609375000000000000000000
2.9731178283691406250000000000000000000000
2.9604837894439697265625000000000000000000
2.9431035518646240234375000000000000000000
2.9197218418121337890625000000000000000000
2.8889493942260742187500000000000000000000
2.8493204116821289062500000000000000000000
2.7993645668029785156250000000000000000000
2.7377090454101562500000000000000000000000
2.6631875038146972656250000000000000000000
2.5749588012695312500000000000000000000000
2.4726171493530273437500000000000000000000
2.3562874794006347656250000000000000000000
2.2266850471496582031250000000000000000000
2.0851395130157470703125000000000000000000
1.9335678815841674804687500000000000000000
1.7744026184082031250000000000000000000000
1.6104722023010253906250000000000000000000
1.4448516368865966796875000000000000000000
1.2806880474090576171875000000000000000000
1.1210232973098754882812500000000000000000
0.9686301350593566894531250000000000000000
0.8258709311485290527343750000000000000000
0.6945979595184326171875000000000000000000
0.5760950446128845214843750000000000000000
0.4710651040077209472656250000000000000000
0.3796596229076385498046875000000000000000
0.3015419840812683105468750000000000000000
0.2359751611948013305664062500000000000000
0.1819225996732711791992187500000000000000
0.1381521821022033691406250000000000000000
0.1033334732055664062500000000000000000000
0.0761225372552871704101562500000000000000
0.0552293993532657623291015625000000000000
0.0394670218229293823242187500000000000000
0.0277821645140647888183593750000000000000
0.0192701220512390136718750000000000000000
0.0131765045225620269775390625000000000000
0.0088893538340926170349121093750000000000
0.0059249768964946269989013671875000000000
0.0039103864692151546478271484375000000000
0.0025646986905485391616821289062500000000
0.0016811715904623270034790039062500000000
0.0011109730694442987442016601562500000000
0.0007492524455301463603973388671875000000
0.0005236880388110876083374023437500000000
0.0003854189417324960231781005859375000000
3.0000000000000000000000000000000000000000
3.0000000000000000000000000000000000000000
3.0000000000000000000000000000000000000000
3.0000000000000000000000000000000000000000
3.0000000000000000000000000000000000000000
3.0000000000000000000000000000000000000000
3.0000000000000000000000000000000000000000
3.0000000000000000000000000000000000000000
3.0000000000000000000000000000000000000000
3.0000000000000000000000000000000000000000
3.0000000000000000000000000000000000000000
3.0000000000000000000000000000000000000000
3.0000000000000000000000000000000000000000
3.0000000000000000000000000000000000000000
3.0000000000000000000000000000000000000000
3.0000000000000000000000000000000000000000
3.0000000000000000000000000000000000000000
3.0000000000000000000000000000000000000000
3.0000000000000000000000000000000000000000
3.0000000000000000000000000000000000000000
3.0000000000000000000000000000000000000000
3.0000000000000000000000000000000000000000
3.0000000000000000000000000000000000000000
3.0000000000000000000000000000000000000000
3.0000000000000000000000000000000000000000
3.0000000000000000000000000000000000000000
3.0000000000000000000000000000000000000000
3.0000000000000000000000000000000000000000
3.0000000000000000000000000000000000000000
3.0000000000000000000000000000000000000000
3.0000000000000000000000000000000000000000
3.0000000000000000000000000000000000000000
3.0000000000000000000000000000000000000000
3.0000000000000000000000000000000000000000
3.0000000000000000000000000000000000000000
2.9999997615814208984375000000000000000000
2.9999990463256835937500000000000000000000
2.9999978542327880859375000000000000000000
2.9999959468841552734375000000000000000000
2.9999921321868896484375000000000000000000
2.9999847412109375000000000000000000000000
2.9999718666076660156250000000000000000000
2.9999477863311767578125000000000000000000
2.9999036788940429687500000000000000000000
2.9998242855072021484375000000000000000000
2.9996824264526367187500000000000000000000
2.9994342327117919921875000000000000000000
2.9990108013153076171875000000000000000000
2.9983057975769042968750000000000000000000
2.9971601963043212890625000000000000000000
2.9953444004058837890625000000000000000000
2.9925370216369628906250000000000000000000
2.9883005619049072265625000000000000000000
2.9820580482482910156250000000000000000000
2.9730722904205322265625000000000000000000
2.9604310989379882812500000000000000000000
2.9430444240570068359375000000000000000000
2.9196574687957763671875000000000000000000
2.8888819217681884765625000000000000000000
2.8492498397827148437500000000000000000000
2.7992923259735107421875000000000000000000
2.7376353740692138671875000000000000000000
2.6631131172180175781250000000000000000000
2.5748836994171142578125000000000000000000
2.4725422859191894531250000000000000000000
2.3562123775482177734375000000000000000000
2.2266099452972412109375000000000000000000
2.0850644111633300781250000000000000000000
1.9334927797317504882812500000000000000000
1.7743271589279174804687500000000000000000
1.6103971004486083984375000000000000000000
1.4447764158248901367187500000000000000000
1.2806128263473510742187500000000000000000
1.1209481954574584960937500000000000000000
0.9685549139976501464843750000000000000000
0.8257957100868225097656250000000000000000
0.6945227980613708496093750000000000000000
0.5760198831558227539062500000000000000000
0.4709899127483367919921875000000000000000
0.3795844614505767822265625000000000000000
0.3014668226242065429687500000000000000000
0.2358999848365783691406250000000000000000
0.1818474233150482177734375000000000000000
0.1380769908428192138671875000000000000000
0.1032582893967628479003906250000000000000
0.0760473534464836120605468750000000000000
0.0551542043685913085937500000000000000000
0.0393918342888355255126953125000000000000
0.0277069769799709320068359375000000000000
0.0191949345171451568603515625000000000000
0.0131013179197907447814941406250000000000
0.0088141662999987602233886718750000000000
0.0058497884310781955718994140625000000000
0.0038351980037987232208251953125000000000
0.0024895106907933950424194335937500000000
0.0016059835907071828842163085937500000000
0.0010357850696891546249389648437500000000
0.0006740643293596804141998291015625000000
0.0004484999517444521188735961914062500000
0.0003102307964581996202468872070312500000
3.0000000000000000000000000000000000000000
3.0000000000000000000000000000000000000000
3.0000000000000000000000000000000000000000
3.0000000000000000000000000000000000000000
3.0000000000000000000000000000000000000000
3.0000000000000000000000000000000000000000
3.0000000000000000000000000000000000000000
3.0000000000000000000000000000000000000000
3.0000000000000000000000000000000000000000
3.0000000000000000000000000000000000000000
3.0000000000000000000000000000000000000000
3.0000000000000000000000000000000000000000
3.0000000000000000000000000000000000000000
3.0000000000000000000000000000000000000000
3.0000000000000000000000000000000000000000
3.0000000000000000000000000000000000000000
3.0000000000000000000000000000000000000000
3.0000000000000000000000000000000000000000
3.0000000000000000000000000000000000000000
3.0000000000000000000000000000000000000000
3.0000000000000000000000000000000000000000
3.0000000000000000000000000000000000000000
3.0000000000000000000000000000000000000000
3.0000000000000000000000000000000000000000
3.0000000000000000000000000000000000000000
3.0000000000000000000000000000000000000000
3.0000000000000000000000000000000000000000
3.0000000000000000000000000000000000000000
3.0000000000000000000000000000000000000000
3.0000000000000000000000000000000000000000
3.0000000000000000000000000000000000000000
3.0000000000000000000000000000000000000000
3.0000000000000000000000000000000000000000
3.0000000000000000000000000000000000000000
3.0000000000000000000000000000000000000000
3.0000000000000000000000000000000000000000
2.9999995231628417968750000000000000000000
2.9999985694885253906250000000000000000000
2.9999966621398925781250000000000000000000
2.9999933242797851562500000000000000000000
2.9999868869781494140625000000000000000000
2.9999742507934570312500000000000000000000
2.9999504089355468750000000000000000000000
2.9999072551727294921875000000000000000000
2.9998278617858886718750000000000000000000
2.9996855258941650390625000000000000000000
2.9994363784790039062500000000000000000000
2.9990110397338867187500000000000000000000
2.9983029365539550781250000000000000000000
2.9971537590026855468750000000000000000000
2.9953331947326660156250000000000000000000
2.9925208091735839843750000000000000000000
2.9882791042327880859375000000000000000000
2.9820313453674316406250000000000000000000
2.9730410575866699218750000000000000000000
2.9603958129882812500000000000000000000000
2.9430060386657714843750000000000000000000
2.9196166992187500000000000000000000000000
2.8888394832611083984375000000000000000000
2.8492059707641601562500000000000000000000
2.7992475032806396484375000000000000000000
2.7375898361206054687500000000000000000000
2.6630673408508300781250000000000000000000
2.5748379230499267578125000000000000000000
2.4724962711334228515625000000000000000000
2.3561663627624511718750000000000000000000
2.2265641689300537109375000000000000000000
2.0850183963775634765625000000000000000000
1.9334464073181152343750000000000000000000
1.7742811441421508789062500000000000000000
1.6103509664535522460937500000000000000000
1.4447305202484130859375000000000000000000
1.2805669307708740234375000000000000000000
1.1209021806716918945312500000000000000000
0.9685087800025939941406250000000000000000
0.8257496356964111328125000000000000000000
0.6944767236709594726562500000000000000000
0.5759738087654113769531250000000000000000
0.4709438681602478027343750000000000000000
0.3795383870601654052734375000000000000000
0.3014207184314727783203125000000000000000
0.2358538806438446044921875000000000000000
0.1818013340234756469726562500000000000000
0.1380309015512466430664062500000000000000
0.1032122001051902770996093750000000000000
0.0760012641549110412597656250000000000000
0.0551081150770187377929687500000000000000
0.0393457449972629547119140625000000000000
0.0276608876883983612060546875000000000000
0.0191488452255725860595703125000000000000
0.0130552267655730247497558593750000000000
0.0087680760771036148071289062500000000000
0.0058036986738443374633789062500000000000
0.0037891084793955087661743164062500000000
0.0024434207007288932800292968750000000000
0.0015598938334733247756958007812500000000
0.0009896953124552965164184570312500000000
0.0006279746303334832191467285156250000000
0.0004024101945105940103530883789062500000
0.0002641410683281719684600830078125000000
