1.0000000000000000000000000000000000000000
1.0000000000000000000000000000000000000000
1.0000000000000000000000000000000000000000
1.0000000000000000000000000000000000000000
1.0000000000000000000000000000000000000000
1.0000000000000000000000000000000000000000
1.0000000000000000000000000000000000000000
1.0000000000000000000000000000000000000000
1.0000000000000000000000000000000000000000
1.0000000000000000000000000000000000000000
1.0000000000000000000000000000000000000000
1.0000000000000000000000000000000000000000
1.0000000000000000000000000000000000000000
1.0000000000000000000000000000000000000000
1.0000000000000000000000000000000000000000
1.0000000000000000000000000000000000000000
1.0000000000000000000000000000000000000000
1.0000000000000000000000000000000000000000
1.0000000000000000000000000000000000000000
1.0000000000000000000000000000000000000000
1.0000000000000000000000000000000000000000
1.0000000000000000000000000000000000000000
1.0000000000000000000000000000000000000000
1.0000000000000000000000000000000000000000
1.0000000000000000000000000000000000000000
1.0000000000000000000000000000000000000000
1.0000000000000000000000000000000000000000
1.0000000000000000000000000000000000000000
1.0000000000000000000000000000000000000000
1.0000000000000000000000000000000000000000
1.0000000000000000000000000000000000000000
1.0000000000000000000000000000000000000000
1.0000000000000000000000000000000000000000
1.0000000000000000000000000000000000000000
1.0000000000000000000000000000000000000000
1.0000000000000000000000000000000000000000
1.0000000000000000000000000000000000000000
1.0000000000000000000000000000000000000000
1.0000000000000000000000000000000000000000
1.0000000000000000000000000000000000000000
1.0000000000000000000000000000000000000000
1.0000000000000000000000000000000000000000
1.0000000000000000000000000000000000000000
1.0000000000000000000000000000000000000000
1.0000000000000000000000000000000000000000
1.0000000000000000000000000000000000000000
1.0000000000000000000000000000000000000000
1.0000000000000000000000000000000000000000
1.0000000000000000000000000000000000000000
1.0000000000000000000000000000000000000000
1.0000000000000000000000000000000000000000
1.0000000000000000000000000000000000000000
1.0000000000000000000000000000000000000000
1.0000000000000000000000000000000000000000
1.0000000000000000000000000000000000000000
1.0000000000000000000000000000000000000000
1.0000000000000000000000000000000000000000
1.0000000000000000000000000000000000000000
1.0000000000000000000000000000000000000000
1.0000000000000000000000000000000000000000
1.0000000000000000000000000000000000000000
1.0000000000000000000000000000000000000000
1.0000000000000000000000000000000000000000
1.0000000000000000000000000000000000000000
1.0000000000000000000000000000000000000000
1.0000000000000000000000000000000000000000
1.0000000000000000000000000000000000000000
1.0000000000000000000000000000000000000000
1.0000000000000000000000000000000000000000
1.0000000000000000000000000000000000000000
1.0000000000000000000000000000000000000000
1.0000000000000000000000000000000000000000
1.0000000000000000000000000000000000000000
1.0000000000000000000000000000000000000000
1.0000000000000000000000000000000000000000
1.0000000000000000000000000000000000000000
1.0000000000000000000000000000000000000000
1.0000000000000000000000000000000000000000
1.0000000000000000000000000000000000000000
1.0000000000000000000000000000000000000000
1.0000000000000000000000000000000000000000
1.0000000000000000000000000000000000000000
1.0000000000000000000000000000000000000000
1.0000000000000000000000000000000000000000
1.0000000000000000000000000000000000000000
1.0000000000000000000000000000000000000000
1.0000000000000000000000000000000000000000
1.0000000000000000000000000000000000000000
1.0000000000000000000000000000000000000000
1.0000000000000000000000000000000000000000
1.0000000000000000000000000000000000000000
1.0000000000000000000000000000000000000000
1.0000000000000000000000000000000000000000
1.0000000000000000000000000000000000000000
1.0000000000000000000000000000000000000000
1.0000000000000000000000000000000000000000
1.0000000000000000000000000000000000000000
1.0000000000000000000000000000000000000000
1.0000000000000000000000000000000000000000
1.0000000000000000000000000000000000000000
1.0000000000000000000000000000000000000000
1.0000000000000000000000000000000000000000
1.0000000000000000000000000000000000000000
1.0000000000000000000000000000000000000000
1.0000000000000000000000000000000000000000
1.0000000000000000000000000000000000000000
1.0000000000000000000000000000000000000000
1.0000000000000000000000000000000000000000
1.0000000000000000000000000000000000000000
1.0000000000000000000000000000000000000000
1.0000000000000000000000000000000000000000
1.0000000000000000000000000000000000000000
1.0000000000000000000000000000000000000000
1.0000000000000000000000000000000000000000
1.0000000000000000000000000000000000000000
1.0000000000000000000000000000000000000000
1.0000000000000000000000000000000000000000
1.0000000000000000000000000000000000000000
1.0000000000000000000000000000000000000000
1.0000000000000000000000000000000000000000
1.0000000000000000000000000000000000000000
1.0000000000000000000000000000000000000000
1.0000000000000000000000000000000000000000
1.0000000000000000000000000000000000000000
1.0000000000000000000000000000000000000000
1.0000000000000000000000000000000000000000
1.0000000000000000000000000000000000000000
1.0000000000000000000000000000000000000000
1.0000000000000000000000000000000000000000
1.0000000000000000000000000000000000000000
1.0000000000000000000000000000000000000000
1.0000000000000000000000000000000000000000
1.0000000000000000000000000000000000000000
1.0000000000000000000000000000000000000000
1.0000000000000000000000000000000000000000
1.0000000000000000000000000000000000000000
1.0000000000000000000000000000000000000000
1.0000000000000000000000000000000000000000
1.0000000000000000000000000000000000000000
1.0000000000000000000000000000000000000000
1.0000000000000000000000000000000000000000
1.0000000000000000000000000000000000000000
1.0000000000000000000000000000000000000000
1.0000000000000000000000000000000000000000
1.0000000000000000000000000000000000000000
1.0000000000000000000000000000000000000000
1.0000000000000000000000000000000000000000
1.0000000000000000000000000000000000000000
1.0000000000000000000000000000000000000000
1.0000000000000000000000000000000000000000
1.0000000000000000000000000000000000000000
1.0000000000000000000000000000000000000000
1.0000000000000000000000000000000000000000
1.0000000000000000000000000000000000000000
1.0000000000000000000000000000000000000000
1.0000000000000000000000000000000000000000
1.0000000000000000000000000000000000000000
1.0000000000000000000000000000000000000000
1.0000000000000000000000000000000000000000
1.0000000000000000000000000000000000000000
1.0000000000000000000000000000000000000000
1.0000000000000000000000000000000000000000
1.0000000000000000000000000000000000000000
1.0000000000000000000000000000000000000000
1.0000000000000000000000000000000000000000
1.0000000000000000000000000000000000000000
1.0000000000000000000000000000000000000000
1.0000000000000000000000000000000000000000
1.0000000000000000000000000000000000000000
1.0000000000000000000000000000000000000000
1.0000000000000000000000000000000000000000
1.0000000000000000000000000000000000000000
1.0000000000000000000000000000000000000000
1.0000000000000000000000000000000000000000
1.0000000000000000000000000000000000000000
1.0000000000000000000000000000000000000000
1.0000000000000000000000000000000000000000
1.0000000000000000000000000000000000000000
1.0000000000000000000000000000000000000000
1.0000000000000000000000000000000000000000
1.0000000000000000000000000000000000000000
1.0000000000000000000000000000000000000000
1.0000000000000000000000000000000000000000
1.0000000000000000000000000000000000000000
1.0000000000000000000000000000000000000000
1.0000000000000000000000000000000000000000
1.0000000000000000000000000000000000000000
1.0000000000000000000000000000000000000000
1.0000000000000000000000000000000000000000
1.0000000000000000000000000000000000000000
1.0000000000000000000000000000000000000000
1.0000000000000000000000000000000000000000
1.0000000000000000000000000000000000000000
1.0000000000000000000000000000000000000000
1.0000000000000000000000000000000000000000
1.0000000000000000000000000000000000000000
1.0000000000000000000000000000000000000000
1.0000000000000000000000000000000000000000
1.0000000000000000000000000000000000000000
1.0000000000000000000000000000000000000000
3.0000000000000000000000000000000000000000
3.0000000000000000000000000000000000000000
1.8030732870101928710937500000000000000000
1.3424518108367919921875000000000000000000
1.0413005352020263671875000000000000000000
0.8700062036514282226562500000000000000000
0.7733271121978759765625000000000000000000
0.7230726480484008789062500000000000000000
0.6991026401519775390625000000000000000000
0.6887444853782653808593750000000000000000
0.6847086548805236816406250000000000000000
0.6832982301712036132812500000000000000000
0.6828578710556030273437500000000000000000
0.6827353835105895996093750000000000000000
0.6827052831649780273437500000000000000000
0.6826987862586975097656250000000000000000
0.6826975345611572265625000000000000000000
0.6826973557472229003906250000000000000000
0.6826973557472229003906250000000000000000
0.6826973557472229003906250000000000000000
0.6826973557472229003906250000000000000000
0.6826973557472229003906250000000000000000
0.6826973557472229003906250000000000000000
0.6826973557472229003906250000000000000000
0.6826973557472229003906250000000000000000
0.6826973557472229003906250000000000000000
0.6826973557472229003906250000000000000000
0.6826973557472229003906250000000000000000
0.6826973557472229003906250000000000000000
0.6826973557472229003906250000000000000000
0.6826973557472229003906250000000000000000
0.6826973557472229003906250000000000000000
0.6826973557472229003906250000000000000000
0.6826973557472229003906250000000000000000
0.6826973557472229003906250000000000000000
0.6826973557472229003906250000000000000000
0.6826973557472229003906250000000000000000
0.6826973557472229003906250000000000000000
0.6826973557472229003906250000000000000000
0.6826973557472229003906250000000000000000
0.6826973557472229003906250000000000000000
0.6826973557472229003906250000000000000000
0.6826973557472229003906250000000000000000
0.6826973557472229003906250000000000000000
0.6826973557472229003906250000000000000000
0.6826973557472229003906250000000000000000
0.6826973557472229003906250000000000000000
0.6826973557472229003906250000000000000000
0.6826973557472229003906250000000000000000
0.6826973557472229003906250000000000000000
0.6826973557472229003906250000000000000000
0.6826973557472229003906250000000000000000
0.6826973557472229003906250000000000000000
0.6826973557472229003906250000000000000000
0.6826973557472229003906250000000000000000
0.6826973557472229003906250000000000000000
0.6826973557472229003906250000000000000000
0.6826973557472229003906250000000000000000
0.6826973557472229003906250000000000000000
0.6826973557472229003906250000000000000000
0.6826973557472229003906250000000000000000
0.6826973557472229003906250000000000000000
0.6826973557472229003906250000000000000000
0.6826973557472229003906250000000000000000
0.6826973557472229003906250000000000000000
0.6826973557472229003906250000000000000000
0.6826973557472229003906250000000000000000
0.6826973557472229003906250000000000000000
0.6826973557472229003906250000000000000000
0.6826973557472229003906250000000000000000
0.6826973557472229003906250000000000000000
0.6826973557472229003906250000000000000000
0.6826973557472229003906250000000000000000
0.6826973557472229003906250000000000000000
0.6826973557472229003906250000000000000000
0.6826973557472229003906250000000000000000
0.6826973557472229003906250000000000000000
0.6826973557472229003906250000000000000000
0.6826973557472229003906250000000000000000
0.6826973557472229003906250000000000000000
0.6826973557472229003906250000000000000000
0.6826973557472229003906250000000000000000
0.6826974153518676757812500000000000000000
0.6826976537704467773437500000000000000000
0.6826993227005004882812500000000000000000
0.6827079653739929199218750000000000000000
0.6827483773231506347656250000000000000000
0.6829127073287963867187500000000000000000
0.6835049390792846679687500000000000000000
0.6854033470153808593750000000000000000000
0.6908451318740844726562500000000000000000
0.7048447132110595703125000000000000000000
0.7373456358909606933593750000000000000000
0.8057923316955566406250000000000000000000
0.9383532404899597167968750000000000000000
1.1753594875335693359375000000000000000000
1.5982229709625244140625000000000000000000
2.2538418769836425781250000000000000000000
4.0000000000000000000000000000000000000000
4.0000000000000000000000000000000000000000
3.0000000000000000000000000000000000000000
3.0000000000000000000000000000000000000000
1.9811878204345703125000000000000000000000
1.4193716049194335937500000000000000000000
1.0093986988067626953125000000000000000000
0.7529700994491577148437500000000000000000
0.6021543741226196289062500000000000000000
0.5218850374221801757812500000000000000000
0.4831764101982116699218750000000000000000
0.4663885533809661865234375000000000000000
0.4598581790924072265625000000000000000000
0.4575876593589782714843750000000000000000
0.4568850100040435791015625000000000000000
0.4566923975944519042968750000000000000000
0.4566460251808166503906250000000000000000
0.4566362798213958740234375000000000000000
0.4566344320774078369140625000000000000000
0.4566341340541839599609375000000000000000
0.4566341042518615722656250000000000000000
0.4566341042518615722656250000000000000000
0.4566341042518615722656250000000000000000
0.4566341042518615722656250000000000000000
0.4566341042518615722656250000000000000000
0.4566341042518615722656250000000000000000
0.4566341042518615722656250000000000000000
0.4566341042518615722656250000000000000000
0.4566341042518615722656250000000000000000
0.4566341042518615722656250000000000000000
0.4566341042518615722656250000000000000000
0.4566341042518615722656250000000000000000
0.4566341042518615722656250000000000000000
0.4566341042518615722656250000000000000000
0.4566341042518615722656250000000000000000
0.4566341042518615722656250000000000000000
0.4566341042518615722656250000000000000000
0.4566341042518615722656250000000000000000
0.4566341042518615722656250000000000000000
0.4566341042518615722656250000000000000000
0.4566341042518615722656250000000000000000
0.4566341042518615722656250000000000000000
0.4566341042518615722656250000000000000000
0.4566341042518615722656250000000000000000
0.4566341042518615722656250000000000000000
0.4566341042518615722656250000000000000000
0.4566341042518615722656250000000000000000
0.4566341042518615722656250000000000000000
0.4566341042518615722656250000000000000000
0.4566341042518615722656250000000000000000
0.4566341042518615722656250000000000000000
0.4566341042518615722656250000000000000000
0.4566341042518615722656250000000000000000
0.4566341042518615722656250000000000000000
0.4566341042518615722656250000000000000000
0.4566341042518615722656250000000000000000
0.4566341042518615722656250000000000000000
0.4566341042518615722656250000000000000000
0.4566341042518615722656250000000000000000
0.4566341042518615722656250000000000000000
0.4566341042518615722656250000000000000000
0.4566341042518615722656250000000000000000
0.4566341042518615722656250000000000000000
0.4566341042518615722656250000000000000000
0.4566341042518615722656250000000000000000
0.4566341042518615722656250000000000000000
0.4566341042518615722656250000000000000000
0.4566341042518615722656250000000000000000
0.4566341042518615722656250000000000000000
0.4566341042518615722656250000000000000000
0.4566341042518615722656250000000000000000
0.4566341042518615722656250000000000000000
0.4566341042518615722656250000000000000000
0.4566341042518615722656250000000000000000
0.4566341042518615722656250000000000000000
0.4566341042518615722656250000000000000000
0.4566341042518615722656250000000000000000
0.4566341042518615722656250000000000000000
0.4566341042518615722656250000000000000000
0.4566341042518615722656250000000000000000
0.4566341042518615722656250000000000000000
0.4566341042518615722656250000000000000000
0.4566341042518615722656250000000000000000
0.4566341042518615722656250000000000000000
0.4566341340541839599609375000000000000000
0.4566345810890197753906250000000000000000
0.4566369056701660156250000000000000000000
0.4566499590873718261718750000000000000000
0.4567120671272277832031250000000000000000
0.4569699168205261230468750000000000000000
0.4579118192195892333984375000000000000000
0.4609585702419281005859375000000000000000
0.4697332978248596191406250000000000000000
0.4923299252986907958984375000000000000000
0.5445517301559448242187500000000000000000
0.6531769633293151855468750000000000000000
0.8581576347351074218750000000000000000000
1.2087047100067138671875000000000000000000
1.7742145061492919921875000000000000000000
2.5563271045684814453125000000000000000000
4.0000000000000000000000000000000000000000
4.0000000000000000000000000000000000000000
3.0000000000000000000000000000000000000000
3.0000000000000000000000000000000000000000
2.0514292716979980468750000000000000000000
1.4337483644485473632812500000000000000000
0.9569891095161437988281250000000000000000
0.6449342370033264160156250000000000000000
0.4573721289634704589843750000000000000000
0.3563284873962402343750000000000000000000
0.3073962330818176269531250000000000000000
0.2861840426921844482421875000000000000000
0.2779682576656341552734375000000000000000
0.2751350104808807373046875000000000000000
0.2742683589458465576171875000000000000000
0.2740344405174255371093750000000000000000
0.2739791274070739746093750000000000000000
0.2739678025245666503906250000000000000000
0.2739658057689666748046875000000000000000
0.2739655077457427978515625000000000000000
0.2739654481410980224609375000000000000000
0.2739654481410980224609375000000000000000
0.2739654481410980224609375000000000000000
0.2739654481410980224609375000000000000000
0.2739654481410980224609375000000000000000
0.2739654481410980224609375000000000000000
0.2739654481410980224609375000000000000000
0.2739654481410980224609375000000000000000
0.2739654481410980224609375000000000000000
0.2739654481410980224609375000000000000000
0.2739654481410980224609375000000000000000
0.2739654481410980224609375000000000000000
0.2739654481410980224609375000000000000000
0.2739654481410980224609375000000000000000
0.2739654481410980224609375000000000000000
0.2739654481410980224609375000000000000000
0.2739654481410980224609375000000000000000
0.2739654481410980224609375000000000000000
0.2739654481410980224609375000000000000000
0.2739654481410980224609375000000000000000
0.2739654481410980224609375000000000000000
0.2739654481410980224609375000000000000000
0.2739654481410980224609375000000000000000
0.2739654481410980224609375000000000000000
0.2739654481410980224609375000000000000000
0.2739654481410980224609375000000000000000
0.2739654481410980224609375000000000000000
0.2739654481410980224609375000000000000000
0.2739654481410980224609375000000000000000
0.2739654481410980224609375000000000000000
0.2739654481410980224609375000000000000000
0.2739654481410980224609375000000000000000
0.2739654481410980224609375000000000000000
0.2739654481410980224609375000000000000000
0.2739654481410980224609375000000000000000
0.2739654481410980224609375000000000000000
0.2739654481410980224609375000000000000000
0.2739654481410980224609375000000000000000
0.2739654481410980224609375000000000000000
0.2739654481410980224609375000000000000000
0.2739654481410980224609375000000000000000
0.2739654481410980224609375000000000000000
0.2739654481410980224609375000000000000000
0.2739654481410980224609375000000000000000
0.2739654481410980224609375000000000000000
0.2739654481410980224609375000000000000000
0.2739654481410980224609375000000000000000
0.2739654481410980224609375000000000000000
0.2739654481410980224609375000000000000000
0.2739654481410980224609375000000000000000
0.2739654481410980224609375000000000000000
0.2739654481410980224609375000000000000000
0.2739654481410980224609375000000000000000
0.2739654481410980224609375000000000000000
0.2739654481410980224609375000000000000000
0.2739654481410980224609375000000000000000
0.2739654481410980224609375000000000000000
0.2739654481410980224609375000000000000000
0.2739654481410980224609375000000000000000
0.2739654481410980224609375000000000000000
0.2739654481410980224609375000000000000000
0.2739654481410980224609375000000000000000
0.2739654481410980224609375000000000000000
0.2739654481410980224609375000000000000000
0.2739655077457427978515625000000000000000
0.2739658951759338378906250000000000000000
0.2739685475826263427734375000000000000000
0.2739836573600769042968750000000000000000
0.2740575373172760009765625000000000000000
0.2743701338768005371093750000000000000000
0.2755289673805236816406250000000000000000
0.2793203890323638916015625000000000000000
0.2903254032135009765625000000000000000000
0.3187736272811889648437500000000000000000
0.3844994902610778808593750000000000000000
0.5204926133155822753906250000000000000000
0.7736167907714843750000000000000000000000
1.1962363719940185546875000000000000000000
1.8452291488647460937500000000000000000000
2.6905529499053955078125000000000000000000
4.0000000000000000000000000000000000000000
4.0000000000000000000000000000000000000000
3.0000000000000000000000000000000000000000
3.0000000000000000000000000000000000000000
2.0632421970367431640625000000000000000000
1.4174107313156127929687500000000000000000
0.9053422212600708007812500000000000000000
0.5627021193504333496093750000000000000000
0.3544734716415405273437500000000000000000
0.2416934221982955932617187500000000000000
0.1870366036891937255859375000000000000000
0.1634071320295333862304687500000000000000
0.1543071120977401733398437500000000000000
0.1511945426464080810546875000000000000000
0.1502524614334106445312500000000000000000
0.1500014960765838623046875000000000000000
0.1499430686235427856445312500000000000000
0.1499312818050384521484375000000000000000
0.1499292403459548950195312500000000000000
0.1499289572238922119140625000000000000000
0.1499289125204086303710937500000000000000
0.1499289125204086303710937500000000000000
0.1499289125204086303710937500000000000000
0.1499289125204086303710937500000000000000
0.1499289125204086303710937500000000000000
0.1499289125204086303710937500000000000000
0.1499289125204086303710937500000000000000
0.1499289125204086303710937500000000000000
0.1499289125204086303710937500000000000000
0.1499289125204086303710937500000000000000
0.1499289125204086303710937500000000000000
0.1499289125204086303710937500000000000000
0.1499289125204086303710937500000000000000
0.1499289125204086303710937500000000000000
0.1499289125204086303710937500000000000000
0.1499289125204086303710937500000000000000
0.1499289125204086303710937500000000000000
0.1499289125204086303710937500000000000000
0.1499289125204086303710937500000000000000
0.1499289125204086303710937500000000000000
0.1499289125204086303710937500000000000000
0.1499289125204086303710937500000000000000
0.1499289125204086303710937500000000000000
0.1499289125204086303710937500000000000000
0.1499289125204086303710937500000000000000
0.1499289125204086303710937500000000000000
0.1499289125204086303710937500000000000000
0.1499289125204086303710937500000000000000
0.1499289125204086303710937500000000000000
0.1499289125204086303710937500000000000000
0.1499289125204086303710937500000000000000
0.1499289125204086303710937500000000000000
0.1499289125204086303710937500000000000000
0.1499289125204086303710937500000000000000
0.1499289125204086303710937500000000000000
0.1499289125204086303710937500000000000000
0.1499289125204086303710937500000000000000
0.1499289125204086303710937500000000000000
0.1499289125204086303710937500000000000000
0.1499289125204086303710937500000000000000
0.1499289125204086303710937500000000000000
0.1499289125204086303710937500000000000000
0.1499289125204086303710937500000000000000
0.1499289125204086303710937500000000000000
0.1499289125204086303710937500000000000000
0.1499289125204086303710937500000000000000
0.1499289125204086303710937500000000000000
0.1499289125204086303710937500000000000000
0.1499289125204086303710937500000000000000
0.1499289125204086303710937500000000000000
0.1499289125204086303710937500000000000000
0.1499289125204086303710937500000000000000
0.1499289125204086303710937500000000000000
0.1499289125204086303710937500000000000000
0.1499289125204086303710937500000000000000
0.1499289125204086303710937500000000000000
0.1499289125204086303710937500000000000000
0.1499289125204086303710937500000000000000
0.1499289125204086303710937500000000000000
0.1499289125204086303710937500000000000000
0.1499289125204086303710937500000000000000
0.1499289125204086303710937500000000000000
0.1499289125204086303710937500000000000000
0.1499289125204086303710937500000000000000
0.1499289572238922119140625000000000000000
0.1499293744564056396484375000000000000000
0.1499320566654205322265625000000000000000
0.1499477922916412353515625000000000000000
0.1500257104635238647460937500000000000000
0.1503605991601943969726562500000000000000
0.1516181528568267822265625000000000000000
0.1557752192020416259765625000000000000000
0.1679363548755645751953125000000000000000
0.1995383203029632568359375000000000000000
0.2727052867412567138671875000000000000000
0.4238602221012115478515625000000000000000
0.7033776640892028808593750000000000000000
1.1642287969589233398437500000000000000000
1.8548183441162109375000000000000000000000
2.7282071113586425781250000000000000000000
4.0000000000000000000000000000000000000000
4.0000000000000000000000000000000000000000
3.0000000000000000000000000000000000000000
3.0000000000000000000000000000000000000000
2.0602595806121826171875000000000000000000
1.3982818126678466796875000000000000000000
0.8671520948410034179687500000000000000000
0.5083267092704772949218750000000000000000
0.2892664968967437744140625000000000000000
0.1704437881708145141601562500000000000000
0.1129259094595909118652343750000000000000
0.0881403535604476928710937500000000000000
0.0786422640085220336914062500000000000000
0.0754138380289077758789062500000000000000
0.0744438692927360534667968750000000000000
0.0741875469684600830078125000000000000000
0.0741283297538757324218750000000000000000
0.0741164684295654296875000000000000000000
0.0741144269704818725585937500000000000000
0.0741141289472579956054687500000000000000
0.0741140991449356079101562500000000000000
0.0741140991449356079101562500000000000000
0.0741140916943550109863281250000000000000
0.0741140916943550109863281250000000000000
0.0741140916943550109863281250000000000000
0.0741140916943550109863281250000000000000
0.0741140916943550109863281250000000000000
0.0741140916943550109863281250000000000000
0.0741140916943550109863281250000000000000
0.0741140916943550109863281250000000000000
0.0741140916943550109863281250000000000000
0.0741140916943550109863281250000000000000
0.0741140916943550109863281250000000000000
0.0741140916943550109863281250000000000000
0.0741140916943550109863281250000000000000
0.0741140916943550109863281250000000000000
0.0741140916943550109863281250000000000000
0.0741140916943550109863281250000000000000
0.0741140916943550109863281250000000000000
0.0741140916943550109863281250000000000000
0.0741140916943550109863281250000000000000
0.0741140916943550109863281250000000000000
0.0741140916943550109863281250000000000000
0.0741140916943550109863281250000000000000
0.0741140916943550109863281250000000000000
0.0741140916943550109863281250000000000000
0.0741140916943550109863281250000000000000
0.0741140916943550109863281250000000000000
0.0741140916943550109863281250000000000000
0.0741140916943550109863281250000000000000
0.0741140916943550109863281250000000000000
0.0741140916943550109863281250000000000000
0.0741140916943550109863281250000000000000
0.0741140916943550109863281250000000000000
0.0741140916943550109863281250000000000000
0.0741140916943550109863281250000000000000
0.0741140916943550109863281250000000000000
0.0741140916943550109863281250000000000000
0.0741140916943550109863281250000000000000
0.0741140916943550109863281250000000000000
0.0741140916943550109863281250000000000000
0.0741140916943550109863281250000000000000
0.0741140916943550109863281250000000000000
0.0741140916943550109863281250000000000000
0.0741140916943550109863281250000000000000
0.0741140916943550109863281250000000000000
0.0741140916943550109863281250000000000000
0.0741140916943550109863281250000000000000
0.0741140916943550109863281250000000000000
0.0741140916943550109863281250000000000000
0.0741140916943550109863281250000000000000
0.0741140916943550109863281250000000000000
0.0741140916943550109863281250000000000000
0.0741140916943550109863281250000000000000
0.0741140916943550109863281250000000000000
0.0741140916943550109863281250000000000000
0.0741140916943550109863281250000000000000
0.0741140916943550109863281250000000000000
0.0741140916943550109863281250000000000000
0.0741140916943550109863281250000000000000
0.0741140916943550109863281250000000000000
0.0741140916943550109863281250000000000000
0.0741140916943550109863281250000000000000
0.0741140991449356079101562500000000000000
0.0741141363978385925292968750000000000000
0.0741145312786102294921875000000000000000
0.0741172581911087036132812500000000000000
0.0741330683231353759765625000000000000000
0.0742120295763015747070312500000000000000
0.0745538771152496337890625000000000000000
0.0758476257324218750000000000000000000000
0.0801547691226005554199218750000000000000
0.0928306505084037780761718750000000000000
0.1259222626686096191406250000000000000000
0.2027551680803298950195312500000000000000
0.3615830540657043457031250000000000000000
0.6546400785446166992187500000000000000000
1.1351627111434936523437500000000000000000
1.8473682403564453125000000000000000000000
2.7361910343170166015625000000000000000000
4.0000000000000000000000000000000000000000
4.0000000000000000000000000000000000000000
3.0000000000000000000000000000000000000000
3.0000000000000000000000000000000000000000
2.0550329685211181640625000000000000000000
1.3843213319778442382812500000000000000000
0.8436175584793090820312500000000000000000
0.4769851267337799072265625000000000000000
0.2528402507305145263671875000000000000000
0.1312779933214187622070312500000000000000
0.0725263208150863647460937500000000000000
0.0472738668322563171386718750000000000000
0.0376284494996070861816406250000000000000
0.0343622118234634399414062500000000000000
0.0333845950663089752197265625000000000000
0.0331270880997180938720703125000000000000
0.0330677404999732971191406250000000000000
0.0330558679997920989990234375000000000000
0.0330538377165794372558593750000000000000
0.0330535396933555603027343750000000000000
0.0330535024404525756835937500000000000000
0.0330534987151622772216796875000000000000
0.0330534987151622772216796875000000000000
0.0330534987151622772216796875000000000000
0.0330534987151622772216796875000000000000
0.0330534987151622772216796875000000000000
0.0330534987151622772216796875000000000000
0.0330534987151622772216796875000000000000
0.0330534987151622772216796875000000000000
0.0330534987151622772216796875000000000000
0.0330534987151622772216796875000000000000
0.0330534987151622772216796875000000000000
0.0330534987151622772216796875000000000000
0.0330534987151622772216796875000000000000
0.0330534987151622772216796875000000000000
0.0330534987151622772216796875000000000000
0.0330534987151622772216796875000000000000
0.0330534987151622772216796875000000000000
0.0330534987151622772216796875000000000000
0.0330534987151622772216796875000000000000
0.0330534987151622772216796875000000000000
0.0330534987151622772216796875000000000000
0.0330534987151622772216796875000000000000
0.0330534987151622772216796875000000000000
0.0330534987151622772216796875000000000000
0.0330534987151622772216796875000000000000
0.0330534987151622772216796875000000000000
0.0330534987151622772216796875000000000000
0.0330534987151622772216796875000000000000
0.0330534987151622772216796875000000000000
0.0330534987151622772216796875000000000000
0.0330534987151622772216796875000000000000
0.0330534987151622772216796875000000000000
0.0330534987151622772216796875000000000000
0.0330534987151622772216796875000000000000
0.0330534987151622772216796875000000000000
0.0330534987151622772216796875000000000000
0.0330534987151622772216796875000000000000
0.0330534987151622772216796875000000000000
0.0330534987151622772216796875000000000000
0.0330534987151622772216796875000000000000
0.0330534987151622772216796875000000000000
0.0330534987151622772216796875000000000000
0.0330534987151622772216796875000000000000
0.0330534987151622772216796875000000000000
0.0330534987151622772216796875000000000000
0.0330534987151622772216796875000000000000
0.0330534987151622772216796875000000000000
0.0330534987151622772216796875000000000000
0.0330534987151622772216796875000000000000
0.0330534987151622772216796875000000000000
0.0330534987151622772216796875000000000000
0.0330534987151622772216796875000000000000
0.0330534987151622772216796875000000000000
0.0330534987151622772216796875000000000000
0.0330534987151622772216796875000000000000
0.0330534987151622772216796875000000000000
0.0330534987151622772216796875000000000000
0.0330534987151622772216796875000000000000
0.0330534987151622772216796875000000000000
0.0330534987151622772216796875000000000000
0.0330534987151622772216796875000000000000
0.0330534987151622772216796875000000000000
0.0330535098910331726074218750000000000000
0.0330535545945167541503906250000000000000
0.0330539457499980926513671875000000000000
0.0330566614866256713867187500000000000000
0.0330724865198135375976562500000000000000
0.0331516154110431671142578125000000000000
0.0334949716925621032714843750000000000000
0.0347985550761222839355468750000000000000
0.0391542613506317138671875000000000000000
0.0520186237990856170654296875000000000000
0.0857048034667968750000000000000000000000
0.1640975177288055419921875000000000000000
0.3263499140739440917968750000000000000000
0.6256428956985473632812500000000000000000
1.1154329776763916015625000000000000000000
1.8382060527801513671875000000000000000000
2.7352862358093261718750000000000000000000
4.0000000000000000000000000000000000000000
4.0000000000000000000000000000000000000000
3.0000000000000000000000000000000000000000
3.0000000000000000000000000000000000000000
2.0513720512390136718750000000000000000000
1.3763004541397094726562500000000000000000
0.8311691284179687500000000000000000000000
0.4610961973667144775390625000000000000000
0.2348068505525588989257812500000000000000
0.1121510490775108337402343750000000000000
0.0529391169548034667968750000000000000000
0.0275278240442276000976562500000000000000
0.0178383756428956985473632812500000000000
0.0145626245066523551940917968750000000000
0.0135834692046046257019042968750000000000
0.0133257852867245674133300781250000000000
0.0132664265111088752746582031250000000000
0.0132545577362179756164550781250000000000
0.0132525209337472915649414062500000000000
0.0132522257044911384582519531250000000000
0.0132521893829107284545898437500000000000
0.0132521865889430046081542968750000000000
0.0132521856576204299926757812500000000000
0.0132521856576204299926757812500000000000
0.0132521856576204299926757812500000000000
0.0132521856576204299926757812500000000000
0.0132521856576204299926757812500000000000
0.0132521856576204299926757812500000000000
0.0132521856576204299926757812500000000000
0.0132521856576204299926757812500000000000
0.0132521856576204299926757812500000000000
0.0132521856576204299926757812500000000000
0.0132521856576204299926757812500000000000
0.0132521856576204299926757812500000000000
0.0132521856576204299926757812500000000000
0.0132521856576204299926757812500000000000
0.0132521856576204299926757812500000000000
0.0132521856576204299926757812500000000000
0.0132521856576204299926757812500000000000
0.0132521856576204299926757812500000000000
0.0132521856576204299926757812500000000000
0.0132521856576204299926757812500000000000
0.0132521856576204299926757812500000000000
0.0132521856576204299926757812500000000000
0.0132521856576204299926757812500000000000
0.0132521856576204299926757812500000000000
0.0132521856576204299926757812500000000000
0.0132521856576204299926757812500000000000
0.0132521856576204299926757812500000000000
0.0132521856576204299926757812500000000000
0.0132521856576204299926757812500000000000
0.0132521856576204299926757812500000000000
0.0132521856576204299926757812500000000000
0.0132521856576204299926757812500000000000
0.0132521856576204299926757812500000000000
0.0132521856576204299926757812500000000000
0.0132521856576204299926757812500000000000
0.0132521856576204299926757812500000000000
0.0132521856576204299926757812500000000000
0.0132521856576204299926757812500000000000
0.0132521856576204299926757812500000000000
0.0132521856576204299926757812500000000000
0.0132521856576204299926757812500000000000
0.0132521856576204299926757812500000000000
0.0132521856576204299926757812500000000000
0.0132521856576204299926757812500000000000
0.0132521856576204299926757812500000000000
0.0132521856576204299926757812500000000000
0.0132521856576204299926757812500000000000
0.0132521856576204299926757812500000000000
0.0132521856576204299926757812500000000000
0.0132521856576204299926757812500000000000
0.0132521856576204299926757812500000000000
0.0132521856576204299926757812500000000000
0.0132521856576204299926757812500000000000
0.0132521856576204299926757812500000000000
0.0132521856576204299926757812500000000000
0.0132521856576204299926757812500000000000
0.0132521856576204299926757812500000000000
0.0132521856576204299926757812500000000000
0.0132521856576204299926757812500000000000
0.0132521856576204299926757812500000000000
0.0132521856576204299926757812500000000000
0.0132521893829107284545898437500000000000
0.0132522378116846084594726562500000000000
0.0132526308298110961914062500000000000000
0.0132553484290838241577148437500000000000
0.0132711753249168395996093750000000000000
0.0133503200486302375793457031250000000000
0.0136938989162445068359375000000000000000
0.0149994539096951484680175781250000000000
0.0193672589957714080810546875000000000000
0.0322874560952186584472656250000000000000
0.0661738961935043334960937500000000000000
0.1451418995857238769531250000000000000000
0.3087436556816101074218750000000000000000
0.6106277108192443847656250000000000000000
1.1044330596923828125000000000000000000000
1.8320157527923583984375000000000000000000
2.7332487106323242187500000000000000000000
4.0000000000000000000000000000000000000000
4.0000000000000000000000000000000000000000
3.0000000000000000000000000000000000000000
3.0000000000000000000000000000000000000000
2.0494275093078613281250000000000000000000
1.3724071979522705078125000000000000000000
0.8254211544990539550781250000000000000000
0.4539875984191894531250000000000000000000
0.2268986254930496215820312500000000000000
0.1038635745644569396972656250000000000000
0.0445063970983028411865234375000000000000
0.0190511401742696762084960937500000000000
0.0093515124171972274780273437500000000000
0.0060740197077393531799316406250000000000
0.0050946506671607494354248046875000000000
0.0048369481228291988372802734375000000000
0.0047775888815522193908691406250000000000
0.0047657201066613197326660156250000000000
0.0047636823728680610656738281250000000000
0.0047633871436119079589843750000000000000
0.0047633517533540725708007812500000000000
0.0047633480280637741088867187500000000000
0.0047633480280637741088867187500000000000
0.0047633480280637741088867187500000000000
0.0047633480280637741088867187500000000000
0.0047633480280637741088867187500000000000
0.0047633480280637741088867187500000000000
0.0047633480280637741088867187500000000000
0.0047633480280637741088867187500000000000
0.0047633480280637741088867187500000000000
0.0047633480280637741088867187500000000000
0.0047633480280637741088867187500000000000
0.0047633480280637741088867187500000000000
0.0047633480280637741088867187500000000000
0.0047633480280637741088867187500000000000
0.0047633480280637741088867187500000000000
0.0047633480280637741088867187500000000000
0.0047633480280637741088867187500000000000
0.0047633480280637741088867187500000000000
0.0047633480280637741088867187500000000000
0.0047633480280637741088867187500000000000
0.0047633480280637741088867187500000000000
0.0047633480280637741088867187500000000000
0.0047633480280637741088867187500000000000
0.0047633480280637741088867187500000000000
0.0047633480280637741088867187500000000000
0.0047633480280637741088867187500000000000
0.0047633480280637741088867187500000000000
0.0047633480280637741088867187500000000000
0.0047633480280637741088867187500000000000
0.0047633480280637741088867187500000000000
0.0047633480280637741088867187500000000000
0.0047633480280637741088867187500000000000
0.0047633480280637741088867187500000000000
0.0047633480280637741088867187500000000000
0.0047633480280637741088867187500000000000
0.0047633480280637741088867187500000000000
0.0047633480280637741088867187500000000000
0.0047633480280637741088867187500000000000
0.0047633480280637741088867187500000000000
0.0047633480280637741088867187500000000000
0.0047633480280637741088867187500000000000
0.0047633480280637741088867187500000000000
0.0047633480280637741088867187500000000000
0.0047633480280637741088867187500000000000
0.0047633480280637741088867187500000000000
0.0047633480280637741088867187500000000000
0.0047633480280637741088867187500000000000
0.0047633480280637741088867187500000000000
0.0047633480280637741088867187500000000000
0.0047633480280637741088867187500000000000
0.0047633480280637741088867187500000000000
0.0047633480280637741088867187500000000000
0.0047633480280637741088867187500000000000
0.0047633480280637741088867187500000000000
0.0047633480280637741088867187500000000000
0.0047633480280637741088867187500000000000
0.0047633480280637741088867187500000000000
0.0047633480280637741088867187500000000000
0.0047633480280637741088867187500000000000
0.0047633480280637741088867187500000000000
0.0047633480280637741088867187500000000000
0.0047633484937250614166259765625000000000
0.0047633531503379344940185546875000000000
0.0047634006477892398834228515625000000000
0.0047637941315770149230957031250000000000
0.0047665103338658809661865234375000000000
0.0047823367640376091003417968750000000000
0.0048614810220897197723388671875000000000
0.0052050845697522163391113281250000000000
0.0065109110437333583831787109375000000000
0.0108809201046824455261230468750000000000
0.0238139238208532333374023437500000000000
0.0577553138136863708496093750000000000000
0.1369031518697738647460937500000000000000
0.3009680509567260742187500000000000000000
0.6038070917129516601562500000000000000000
1.0991809368133544921875000000000000000000
1.8287613391876220703125000000000000000000
2.7318701744079589843750000000000000000000
4.0000000000000000000000000000000000000000
4.0000000000000000000000000000000000000000
3.0000000000000000000000000000000000000000
3.0000000000000000000000000000000000000000
2.0485684871673583984375000000000000000000
1.3707717657089233398437500000000000000000
0.8230880498886108398437500000000000000000
0.4511766433715820312500000000000000000000
0.2238266468048095703125000000000000000000
0.1006789207458496093750000000000000000000
0.0412840470671653747558593750000000000000
0.0158192701637744903564453125000000000000
0.0061178873293101787567138671875000000000
0.0028401683084666728973388671875000000000
0.0018607806414365768432617187500000000000
0.0016030769329518079757690429687500000000
0.0015437181573361158370971679687500000000
0.0015318484511226415634155273437500000000
0.0015298114158213138580322265625000000000
0.0015295159537345170974731445312500000000
0.0015294807963073253631591796875000000000
0.0015294773038476705551147460937500000000
0.0015294770710170269012451171875000000000
0.0015294770710170269012451171875000000000
0.0015294770710170269012451171875000000000
0.0015294770710170269012451171875000000000
0.0015294770710170269012451171875000000000
0.0015294770710170269012451171875000000000
0.0015294770710170269012451171875000000000
0.0015294770710170269012451171875000000000
0.0015294770710170269012451171875000000000
0.0015294770710170269012451171875000000000
0.0015294770710170269012451171875000000000
0.0015294770710170269012451171875000000000
0.0015294770710170269012451171875000000000
0.0015294770710170269012451171875000000000
0.0015294770710170269012451171875000000000
0.0015294770710170269012451171875000000000
0.0015294770710170269012451171875000000000
0.0015294770710170269012451171875000000000
0.0015294770710170269012451171875000000000
0.0015294770710170269012451171875000000000
0.0015294770710170269012451171875000000000
0.0015294770710170269012451171875000000000
0.0015294770710170269012451171875000000000
0.0015294770710170269012451171875000000000
0.0015294770710170269012451171875000000000
0.0015294770710170269012451171875000000000
0.0015294770710170269012451171875000000000
0.0015294770710170269012451171875000000000
0.0015294770710170269012451171875000000000
0.0015294770710170269012451171875000000000
0.0015294770710170269012451171875000000000
0.0015294770710170269012451171875000000000
0.0015294770710170269012451171875000000000
0.0015294770710170269012451171875000000000
0.0015294770710170269012451171875000000000
0.0015294770710170269012451171875000000000
0.0015294770710170269012451171875000000000
0.0015294770710170269012451171875000000000
0.0015294770710170269012451171875000000000
0.0015294770710170269012451171875000000000
0.0015294770710170269012451171875000000000
0.0015294770710170269012451171875000000000
0.0015294770710170269012451171875000000000
0.0015294770710170269012451171875000000000
0.0015294770710170269012451171875000000000
0.0015294770710170269012451171875000000000
0.0015294770710170269012451171875000000000
0.0015294770710170269012451171875000000000
0.0015294770710170269012451171875000000000
0.0015294770710170269012451171875000000000
0.0015294770710170269012451171875000000000
0.0015294770710170269012451171875000000000
0.0015294770710170269012451171875000000000
0.0015294770710170269012451171875000000000
0.0015294770710170269012451171875000000000
0.0015294770710170269012451171875000000000
0.0015294770710170269012451171875000000000
0.0015294770710170269012451171875000000000
0.0015294770710170269012451171875000000000
0.0015294771874323487281799316406250000000
0.0015294774202629923820495605468750000000
0.0015294819604605436325073242187500000000
0.0015295288758352398872375488281250000000
0.0015299229416996240615844726562500000000
0.0015326389111578464508056640625000000000
0.0015484649920836091041564941406250000000
0.0016276100650429725646972656250000000000
0.0019712147768586874008178710937500000000
0.0032770652323961257934570312500000000000
0.0076473578810691833496093750000000000000
0.0205825567245483398437500000000000000000
0.0545357652008533477783203125000000000000
0.1337299644947052001953125000000000000000
0.2979313433170318603515625000000000000000
0.6010794639587402343750000000000000000000
1.0970000028610229492187500000000000000000
1.8273289203643798828125000000000000000000
2.7311930656433105468750000000000000000000
4.0000000000000000000000000000000000000000
4.0000000000000000000000000000000000000000
3.0000000000000000000000000000000000000000
3.0000000000000000000000000000000000000000
2.0482420921325683593750000000000000000000
1.3701697587966918945312500000000000000000
0.8222538828849792480468750000000000000000
0.4501946866512298583984375000000000000000
0.2227713167667388916015625000000000000000
0.0995958596467971801757812500000000000000
0.0401932410895824432373046875000000000000
0.0147269247099757194519042968750000000000
0.0050253281369805335998535156250000000000
0.0017475889762863516807556152343750000000
0.0007682005525566637516021728515625000000
0.0005104968440718948841094970703125000000
0.0004511381557676941156387329101562500000
0.0004392686241772025823593139648437500000
0.0004372314433567225933074951171875000000
0.0004369362141005694866180419921875000000
0.0004369009402580559253692626953125000000
0.0004368975351098924875259399414062500000
0.0004368972440715879201889038085937500000
0.0004368972440715879201889038085937500000
0.0004368972440715879201889038085937500000
0.0004368972440715879201889038085937500000
0.0004368972440715879201889038085937500000
0.0004368972440715879201889038085937500000
0.0004368972440715879201889038085937500000
0.0004368972440715879201889038085937500000
0.0004368972440715879201889038085937500000
0.0004368972440715879201889038085937500000
0.0004368972440715879201889038085937500000
0.0004368972440715879201889038085937500000
0.0004368972440715879201889038085937500000
0.0004368972440715879201889038085937500000
0.0004368972440715879201889038085937500000
0.0004368972440715879201889038085937500000
0.0004368972440715879201889038085937500000
0.0004368972440715879201889038085937500000
0.0004368972440715879201889038085937500000
0.0004368972440715879201889038085937500000
0.0004368972440715879201889038085937500000
0.0004368972440715879201889038085937500000
0.0004368972440715879201889038085937500000
0.0004368972440715879201889038085937500000
0.0004368972440715879201889038085937500000
0.0004368972440715879201889038085937500000
0.0004368972440715879201889038085937500000
0.0004368972440715879201889038085937500000
0.0004368972440715879201889038085937500000
0.0004368972440715879201889038085937500000
0.0004368972440715879201889038085937500000
0.0004368972440715879201889038085937500000
0.0004368972440715879201889038085937500000
0.0004368972440715879201889038085937500000
0.0004368972440715879201889038085937500000
0.0004368972440715879201889038085937500000
0.0004368972440715879201889038085937500000
0.0004368972440715879201889038085937500000
0.0004368972440715879201889038085937500000
0.0004368972440715879201889038085937500000
0.0004368972440715879201889038085937500000
0.0004368972440715879201889038085937500000
0.0004368972440715879201889038085937500000
0.0004368972440715879201889038085937500000
0.0004368972440715879201889038085937500000
0.0004368972440715879201889038085937500000
0.0004368972440715879201889038085937500000
0.0004368972440715879201889038085937500000
0.0004368972440715879201889038085937500000
0.0004368972440715879201889038085937500000
0.0004368972440715879201889038085937500000
0.0004368972440715879201889038085937500000
0.0004368972440715879201889038085937500000
0.0004368972440715879201889038085937500000
0.0004368972440715879201889038085937500000
0.0004368972440715879201889038085937500000
0.0004368972440715879201889038085937500000
0.0004368972440715879201889038085937500000
0.0004368972440715879201889038085937500000
0.0004368972440715879201889038085937500000
0.0004368976224213838577270507812500000000
0.0004369020462036132812500000000000000000
0.0004369492235127836465835571289062500000
0.0004373428819235414266586303710937500000
0.0004400590551085770130157470703125000000
0.0004558851069305092096328735351562500000
0.0005350300925783812999725341796875000000
0.0008786350372247397899627685546875000000
0.0021844864822924137115478515625000000000
0.0065548056736588478088378906250000000000
0.0194902680814266204833984375000000000000
0.0534453801810741424560546875000000000000
0.1326490044593811035156250000000000000000
0.2968838214874267578125000000000000000000
0.6001183986663818359375000000000000000000
1.0962071418762207031250000000000000000000
1.8267848491668701171875000000000000000000
2.7309203147888183593750000000000000000000
4.0000000000000000000000000000000000000000
4.0000000000000000000000000000000000000000
3.0000000000000000000000000000000000000000
3.0000000000000000000000000000000000000000
2.0481338500976562500000000000000000000000
1.3699750900268554687500000000000000000000
0.8219911456108093261718750000000000000000
0.4498923718929290771484375000000000000000
0.2224516570568084716796875000000000000000
0.0992707908153533935546875000000000000000
0.0398669764399528503417968750000000000000
0.0144004793837666511535644531250000000000
0.0046988660469651222229003906250000000000
0.0014211263041943311691284179687500000000
0.0004417377058416604995727539062500000000
0.0001840340119088068604469299316406250000
0.0001246753090526908636093139648437500000
0.0001128057338064536452293395996093750000
0.0001107686548493802547454833984375000000
0.0001104733819374814629554748535156250000
0.0001104380498873069882392883300781250000
0.0001104346956708468496799468994140625000
0.0001104344410123303532600402832031250000
0.0001104344264604151248931884765625000000
0.0001104344264604151248931884765625000000
0.0001104344264604151248931884765625000000
0.0001104344264604151248931884765625000000
0.0001104344264604151248931884765625000000
0.0001104344264604151248931884765625000000
0.0001104344264604151248931884765625000000
0.0001104344264604151248931884765625000000
0.0001104344264604151248931884765625000000
0.0001104344264604151248931884765625000000
0.0001104344264604151248931884765625000000
0.0001104344264604151248931884765625000000
0.0001104344264604151248931884765625000000
0.0001104344264604151248931884765625000000
0.0001104344264604151248931884765625000000
0.0001104344264604151248931884765625000000
0.0001104344264604151248931884765625000000
0.0001104344264604151248931884765625000000
0.0001104344264604151248931884765625000000
0.0001104344264604151248931884765625000000
0.0001104344264604151248931884765625000000
0.0001104344264604151248931884765625000000
0.0001104344264604151248931884765625000000
0.0001104344264604151248931884765625000000
0.0001104344264604151248931884765625000000
0.0001104344264604151248931884765625000000
0.0001104344264604151248931884765625000000
0.0001104344264604151248931884765625000000
0.0001104344264604151248931884765625000000
0.0001104344264604151248931884765625000000
0.0001104344264604151248931884765625000000
0.0001104344264604151248931884765625000000
0.0001104344264604151248931884765625000000
0.0001104344264604151248931884765625000000
0.0001104344264604151248931884765625000000
0.0001104344264604151248931884765625000000
0.0001104344264604151248931884765625000000
0.0001104344264604151248931884765625000000
0.0001104344264604151248931884765625000000
0.0001104344264604151248931884765625000000
0.0001104344264604151248931884765625000000
0.0001104344264604151248931884765625000000
0.0001104344264604151248931884765625000000
0.0001104344264604151248931884765625000000
0.0001104344264604151248931884765625000000
0.0001104344264604151248931884765625000000
0.0001104344264604151248931884765625000000
0.0001104344264604151248931884765625000000
0.0001104344264604151248931884765625000000
0.0001104344264604151248931884765625000000
0.0001104344264604151248931884765625000000
0.0001104344264604151248931884765625000000
0.0001104344264604151248931884765625000000
0.0001104344264604151248931884765625000000
0.0001104344264604151248931884765625000000
0.0001104344264604151248931884765625000000
0.0001104344264604151248931884765625000000
0.0001104344264604151248931884765625000000
0.0001104344410123303532600402832031250000
0.0001104347757063806056976318359375000000
0.0001104392576962709426879882812500000000
0.0001104863695218227803707122802734375000
0.0001108800643123686313629150390625000000
0.0001135961720137856900691986083984375000
0.0001294222893193364143371582031250000000
0.0002085672458633780479431152343750000000
0.0005521721905097365379333496093750000000
0.0018580233445391058921813964843750000000
0.0062283426523208618164062500000000000000
0.0191638264805078506469726562500000000000
0.0531191602349281311035156250000000000000
0.1323242485523223876953125000000000000000
0.2965655624866485595703125000000000000000
0.5998204350471496582031250000000000000000
1.0959541797637939453125000000000000000000
1.8266050815582275390625000000000000000000
2.7308266162872314453125000000000000000000
4.0000000000000000000000000000000000000000
4.0000000000000000000000000000000000000000
3.0000000000000000000000000000000000000000
3.0000000000000000000000000000000000000000
2.0481021404266357421875000000000000000000
1.3699198961257934570312500000000000000000
0.8219184875488281250000000000000000000000
0.4498106539249420166015625000000000000000
0.2223667353391647338867187500000000000000
0.0991850346326828002929687500000000000000
0.0397810935974121093750000000000000000000
0.0143145797774195671081542968750000000000
0.0046129645779728889465332031250000000000
0.0013352250680327415466308593750000000000
0.0003558365278877317905426025390625000000
0.0000981327830231748521327972412109375000
0.0000387740801670588552951812744140625000
0.0000269044940068852156400680541992187500
0.0000248674150498118251562118530273437500
0.0000245721403189236298203468322753906250
0.0000245368173636961728334426879882812500
0.0000245334467763314023613929748535156250
0.0000245332084887195378541946411132812500
0.0000245331957557937130331993103027343750
0.0000245331957557937130331993103027343750
0.0000245331957557937130331993103027343750
0.0000245331957557937130331993103027343750
0.0000245331957557937130331993103027343750
0.0000245331957557937130331993103027343750
0.0000245331957557937130331993103027343750
0.0000245331957557937130331993103027343750
0.0000245331957557937130331993103027343750
0.0000245331957557937130331993103027343750
0.0000245331957557937130331993103027343750
0.0000245331957557937130331993103027343750
0.0000245331957557937130331993103027343750
0.0000245331957557937130331993103027343750
0.0000245331957557937130331993103027343750
0.0000245331957557937130331993103027343750
0.0000245331957557937130331993103027343750
0.0000245331957557937130331993103027343750
0.0000245331957557937130331993103027343750
0.0000245331957557937130331993103027343750
0.0000245331957557937130331993103027343750
0.0000245331957557937130331993103027343750
0.0000245331957557937130331993103027343750
0.0000245331957557937130331993103027343750
0.0000245331957557937130331993103027343750
0.0000245331957557937130331993103027343750
0.0000245331957557937130331993103027343750
0.0000245331957557937130331993103027343750
0.0000245331957557937130331993103027343750
0.0000245331957557937130331993103027343750
0.0000245331957557937130331993103027343750
0.0000245331957557937130331993103027343750
0.0000245331957557937130331993103027343750
0.0000245331957557937130331993103027343750
0.0000245331957557937130331993103027343750
0.0000245331957557937130331993103027343750
0.0000245331957557937130331993103027343750
0.0000245331957557937130331993103027343750
0.0000245331957557937130331993103027343750
0.0000245331957557937130331993103027343750
0.0000245331957557937130331993103027343750
0.0000245331957557937130331993103027343750
0.0000245331957557937130331993103027343750
0.0000245331957557937130331993103027343750
0.0000245331957557937130331993103027343750
0.0000245331957557937130331993103027343750
0.0000245331957557937130331993103027343750
0.0000245331957557937130331993103027343750
0.0000245331957557937130331993103027343750
0.0000245331957557937130331993103027343750
0.0000245331957557937130331993103027343750
0.0000245331957557937130331993103027343750
0.0000245331957557937130331993103027343750
0.0000245331957557937130331993103027343750
0.0000245331957557937130331993103027343750
0.0000245331957557937130331993103027343750
0.0000245331957557937130331993103027343750
0.0000245331957557937130331993103027343750
0.0000245332139456877484917640686035156250
0.0000245335340878227725625038146972656250
0.0000245380215346813201904296875000000000
0.0000245851260842755436897277832031250000
0.0000249788226938107982277870178222656250
0.0000276949231192702427506446838378906250
0.0000435210458817891776561737060546875000
0.0001226659660460427403450012207031250000
0.0004662708961404860019683837890625000000
0.0017721222247928380966186523437500000000
0.0061424425803124904632568359375000000000
0.0190779268741607666015625000000000000000
0.0530332848429679870605468750000000000000
0.1322385370731353759765625000000000000000
0.2964808046817779541015625000000000000000
0.5997394919395446777343750000000000000000
1.0958836078643798828125000000000000000000
1.8265531063079833984375000000000000000000
2.7307984828948974609375000000000000000000
4.0000000000000000000000000000000000000000
4.0000000000000000000000000000000000000000
3.0000000000000000000000000000000000000000
3.0000000000000000000000000000000000000000
2.0480940341949462890625000000000000000000
1.3699061870574951171875000000000000000000
0.8219008445739746093750000000000000000000
0.4497914910316467285156250000000000000000
0.2223470211029052734375000000000000000000
0.0991652607917785644531250000000000000000
0.0397613048553466796875000000000000000000
0.0142947938293218612670898437500000000000
0.0045931786298751831054687500000000000000
0.0013154390035197138786315917968750000000
0.0003360503178555518388748168945312500000
0.0000783465511631220579147338867187500000
0.0000189878428500378504395484924316406250
0.0000071182562351168598979711532592773438
0.0000050811818255169782787561416625976562
0.0000047859070946287829428911209106445312
0.0000047505823204119224101305007934570312
0.0000047472140067839063704013824462890625
0.0000047469729906879365444183349609375000
0.0000047469611672568134963512420654296875
0.0000047469607125094626098871231079101562
0.0000047469607125094626098871231079101562
0.0000047469607125094626098871231079101562
0.0000047469607125094626098871231079101562
0.0000047469607125094626098871231079101562
0.0000047469607125094626098871231079101562
0.0000047469607125094626098871231079101562
0.0000047469607125094626098871231079101562
0.0000047469607125094626098871231079101562
0.0000047469607125094626098871231079101562
0.0000047469607125094626098871231079101562
0.0000047469607125094626098871231079101562
0.0000047469607125094626098871231079101562
0.0000047469607125094626098871231079101562
0.0000047469607125094626098871231079101562
0.0000047469607125094626098871231079101562
0.0000047469607125094626098871231079101562
0.0000047469607125094626098871231079101562
0.0000047469607125094626098871231079101562
0.0000047469607125094626098871231079101562
0.0000047469607125094626098871231079101562
0.0000047469607125094626098871231079101562
0.0000047469607125094626098871231079101562
0.0000047469607125094626098871231079101562
0.0000047469607125094626098871231079101562
0.0000047469607125094626098871231079101562
0.0000047469607125094626098871231079101562
0.0000047469607125094626098871231079101562
0.0000047469607125094626098871231079101562
0.0000047469607125094626098871231079101562
0.0000047469607125094626098871231079101562
0.0000047469607125094626098871231079101562
0.0000047469607125094626098871231079101562
0.0000047469607125094626098871231079101562
0.0000047469607125094626098871231079101562
0.0000047469607125094626098871231079101562
0.0000047469607125094626098871231079101562
0.0000047469607125094626098871231079101562
0.0000047469607125094626098871231079101562
0.0000047469607125094626098871231079101562
0.0000047469607125094626098871231079101562
0.0000047469607125094626098871231079101562
0.0000047469607125094626098871231079101562
0.0000047469607125094626098871231079101562
0.0000047469607125094626098871231079101562
0.0000047469607125094626098871231079101562
0.0000047469607125094626098871231079101562
0.0000047469607125094626098871231079101562
0.0000047469607125094626098871231079101562
0.0000047469607125094626098871231079101562
0.0000047469607125094626098871231079101562
0.0000047469607125094626098871231079101562
0.0000047469607125094626098871231079101562
0.0000047469607125094626098871231079101562
0.0000047469607125094626098871231079101562
0.0000047469607125094626098871231079101562
0.0000047469611672568134963512420654296875
0.0000047469770834140945225954055786132812
0.0000047472985897911712527275085449218750
0.0000047517896746285259723663330078125000
0.0000047988887672545388340950012207031250
0.0000051925890147686004638671875000000000
0.0000079086876212386414408683776855468750
0.0000237348031077999621629714965820312500
0.0001028797487379051744937896728515625000
0.0004464847152121365070343017578125000000
0.0017523359274491667747497558593750000000
0.0061226552352309226989746093750000000000
0.0190581418573856353759765625000000000000
0.0530134923756122589111328125000000000000
0.1322187483310699462890625000000000000000
0.2964611351490020751953125000000000000000
0.5997203588485717773437500000000000000000
1.0958663225173950195312500000000000000000
1.8265402317047119140625000000000000000000
2.7307915687561035156250000000000000000000
4.0000000000000000000000000000000000000000
4.0000000000000000000000000000000000000000
3.0000000000000000000000000000000000000000
3.0000000000000000000000000000000000000000
2.0480923652648925781250000000000000000000
1.3699032068252563476562500000000000000000
0.8218972086906433105468750000000000000000
0.4497875571250915527343750000000000000000
0.2223431169986724853515625000000000000000
0.0991612970829010009765625000000000000000
0.0397573523223400115966796875000000000000
0.0142908366397023200988769531250000000000
0.0045892228372395038604736328125000000000
0.0013114822795614600181579589843750000000
0.0003320937394164502620697021484375000000
0.0000743900236557237803936004638671875000
0.0000150313162521342746913433074951171875
0.0000031617273634765297174453735351562500
0.0000011246529538766480982303619384765625
0.0000008293778819279395975172519683837891
0.0000007940534487715922296047210693359375
0.0000007906855898909270763397216796875000
0.0000007904439485173497814685106277465820
0.0000007904321819296455942094326019287109
0.0000007904318408691324293613433837890625
0.0000007904318408691324293613433837890625
0.0000007904318408691324293613433837890625
0.0000007904318408691324293613433837890625
0.0000007904318408691324293613433837890625
0.0000007904318408691324293613433837890625
0.0000007904318408691324293613433837890625
0.0000007904318408691324293613433837890625
0.0000007904318408691324293613433837890625
0.0000007904318408691324293613433837890625
0.0000007904318408691324293613433837890625
0.0000007904318408691324293613433837890625
0.0000007904318408691324293613433837890625
0.0000007904318408691324293613433837890625
0.0000007904318408691324293613433837890625
0.0000007904318408691324293613433837890625
0.0000007904318408691324293613433837890625
0.0000007904318408691324293613433837890625
0.0000007904318408691324293613433837890625
0.0000007904318408691324293613433837890625
0.0000007904318408691324293613433837890625
0.0000007904318408691324293613433837890625
0.0000007904318408691324293613433837890625
0.0000007904318408691324293613433837890625
0.0000007904318408691324293613433837890625
0.0000007904318408691324293613433837890625
0.0000007904318408691324293613433837890625
0.0000007904318408691324293613433837890625
0.0000007904318408691324293613433837890625
0.0000007904318408691324293613433837890625
0.0000007904318408691324293613433837890625
0.0000007904318408691324293613433837890625
0.0000007904318408691324293613433837890625
0.0000007904318408691324293613433837890625
0.0000007904318408691324293613433837890625
0.0000007904318408691324293613433837890625
0.0000007904318408691324293613433837890625
0.0000007904318408691324293613433837890625
0.0000007904318408691324293613433837890625
0.0000007904318408691324293613433837890625
0.0000007904318408691324293613433837890625
0.0000007904318408691324293613433837890625
0.0000007904318408691324293613433837890625
0.0000007904318408691324293613433837890625
0.0000007904318408691324293613433837890625
0.0000007904318408691324293613433837890625
0.0000007904318408691324293613433837890625
0.0000007904318408691324293613433837890625
0.0000007904318408691324293613433837890625
0.0000007904318408691324293613433837890625
0.0000007904318408691324293613433837890625
0.0000007904318408691324293613433837890625
0.0000007904318408691324293613433837890625
0.0000007904318408691324293613433837890625
0.0000007904318408691324293613433837890625
0.0000007904318408691324293613433837890625
0.0000007904321819296455942094326019287109
0.0000007904478707132511772215366363525391
0.0000007907701728981919586658477783203125
0.0000007952606324579392094165086746215820
0.0000008423600093010463751852512359619141
0.0000012360599157545948401093482971191406
0.0000039521592043456621468067169189453125
0.0000197782756004016846418380737304687500
0.0000989232066785916686058044433593750000
0.0004425281658768653869628906250000000000
0.0017483796691522002220153808593750000000
0.0061186989769339561462402343750000000000
0.0190541855990886688232421875000000000000
0.0530095323920249938964843750000000000000
0.1322148144245147705078125000000000000000
0.2964571714401245117187500000000000000000
0.5997164845466613769531250000000000000000
1.0958626270294189453125000000000000000000
1.8265373706817626953125000000000000000000
2.7307896614074707031250000000000000000000
4.0000000000000000000000000000000000000000
4.0000000000000000000000000000000000000000
3.0000000000000000000000000000000000000000
3.0000000000000000000000000000000000000000
2.0480921268463134765625000000000000000000
1.3699026107788085937500000000000000000000
0.8218965530395507812500000000000000000000
0.4497869014739990234375000000000000000000
0.2223424464464187622070312500000000000000
0.0991606265306472778320312500000000000000
0.0397566705942153930664062500000000000000
0.0142901595681905746459960937500000000000
0.0045885434374213218688964843750000000000
0.0013108033454045653343200683593750000000
0.0003314146888442337512969970703125000000
0.0000737109876354224979877471923828125000
0.0000143522893267800100147724151611328125
0.0000024827024844853440299630165100097656
0.0000004456281317288812715560197830200195
0.0000001503531308344463468529284000396729
0.0000001150287189943810517434030771255493
0.0000001116607464268781768623739480972290
0.0000001114190553153093787841498851776123
0.0000001114073384655966947320848703384399
0.0000001114070400376476754900068044662476
0.0000001114070400376476754900068044662476
0.0000001114070400376476754900068044662476
0.0000001114070400376476754900068044662476
0.0000001114070400376476754900068044662476
0.0000001114070400376476754900068044662476
0.0000001114070400376476754900068044662476
0.0000001114070400376476754900068044662476
0.0000001114070400376476754900068044662476
0.0000001114070400376476754900068044662476
0.0000001114070400376476754900068044662476
0.0000001114070400376476754900068044662476
0.0000001114070400376476754900068044662476
0.0000001114070400376476754900068044662476
0.0000001114070400376476754900068044662476
0.0000001114070400376476754900068044662476
0.0000001114070400376476754900068044662476
0.0000001114070400376476754900068044662476
0.0000001114070400376476754900068044662476
0.0000001114070400376476754900068044662476
0.0000001114070400376476754900068044662476
0.0000001114070400376476754900068044662476
0.0000001114070400376476754900068044662476
0.0000001114070400376476754900068044662476
0.0000001114070400376476754900068044662476
0.0000001114070400376476754900068044662476
0.0000001114070400376476754900068044662476
0.0000001114070400376476754900068044662476
0.0000001114070400376476754900068044662476
0.0000001114070400376476754900068044662476
0.0000001114070400376476754900068044662476
0.0000001114070400376476754900068044662476
0.0000001114070400376476754900068044662476
0.0000001114070400376476754900068044662476
0.0000001114070400376476754900068044662476
0.0000001114070400376476754900068044662476
0.0000001114070400376476754900068044662476
0.0000001114070400376476754900068044662476
0.0000001114070400376476754900068044662476
0.0000001114070400376476754900068044662476
0.0000001114070400376476754900068044662476
0.0000001114070400376476754900068044662476
0.0000001114070400376476754900068044662476
0.0000001114070400376476754900068044662476
0.0000001114070400376476754900068044662476
0.0000001114070400376476754900068044662476
0.0000001114070400376476754900068044662476
0.0000001114070400376476754900068044662476
0.0000001114070400376476754900068044662476
0.0000001114070400376476754900068044662476
0.0000001114070400376476754900068044662476
0.0000001114070400376476754900068044662476
0.0000001114070400376476754900068044662476
0.0000001114070400376476754900068044662476
0.0000001114070400376476754900068044662476
0.0000001114070400376476754900068044662476
0.0000001114074379415797011461108922958374
0.0000001114230627763390657491981983184814
0.0000001117453081178609863854944705963135
0.0000001162359382078648195601999759674072
0.0000001633351587315701181069016456604004
0.0000005570351504502468742430210113525391
0.0000032731343253544764593243598937988281
0.0000190992486750474199652671813964843750
0.0000982441852102056145668029785156250000
0.0004418491444084793329238891601562500000
0.0017477006185799837112426757812500000000
0.0061180195771157741546630859375000000000
0.0190535038709640502929687500000000000000
0.0530088543891906738281250000000000000000
0.1322140991687774658203125000000000000000
0.2964565157890319824218750000000000000000
0.5997158288955688476562500000000000000000
1.0958621501922607421875000000000000000000
1.8265367746353149414062500000000000000000
2.7307894229888916015625000000000000000000
4.0000000000000000000000000000000000000000
4.0000000000000000000000000000000000000000
3.0000000000000000000000000000000000000000
3.0000000000000000000000000000000000000000
2.0480921268463134765625000000000000000000
1.3699026107788085937500000000000000000000
0.8218965530395507812500000000000000000000
0.4497868120670318603515625000000000000000
0.2223423421382904052734375000000000000000
0.0991605371236801147460937500000000000000
0.0397565737366676330566406250000000000000
0.0142900599166750907897949218750000000000
0.0045884451828896999359130859375000000000
0.0013107049744576215744018554687500000000
0.0003313163178972899913787841796875000000
0.0000736125657567754387855529785156250000
0.0000142538629006594419479370117187500000
0.0000023842771952331531792879104614257812
0.0000003472031266937847249209880828857422
0.0000000519281222466361214173957705497742
0.0000000166037104065708263078704476356506
0.0000000132357431681384696275927126407623
0.0000000129940413984286351478658616542816
0.0000000129823245487159510958008468151093
0.0000000129820305616590303543489426374435
0.0000000129820305616590303543489426374435
0.0000000129820305616590303543489426374435
0.0000000129820305616590303543489426374435
0.0000000129820305616590303543489426374435
0.0000000129820305616590303543489426374435
0.0000000129820305616590303543489426374435
0.0000000129820305616590303543489426374435
0.0000000129820305616590303543489426374435
0.0000000129820305616590303543489426374435
0.0000000129820305616590303543489426374435
0.0000000129820305616590303543489426374435
0.0000000129820305616590303543489426374435
0.0000000129820305616590303543489426374435
0.0000000129820305616590303543489426374435
0.0000000129820305616590303543489426374435
0.0000000129820305616590303543489426374435
0.0000000129820305616590303543489426374435
0.0000000129820305616590303543489426374435
0.0000000129820305616590303543489426374435
0.0000000129820305616590303543489426374435
0.0000000129820305616590303543489426374435
0.0000000129820305616590303543489426374435
0.0000000129820305616590303543489426374435
0.0000000129820305616590303543489426374435
0.0000000129820305616590303543489426374435
0.0000000129820305616590303543489426374435
0.0000000129820305616590303543489426374435
0.0000000129820305616590303543489426374435
0.0000000129820305616590303543489426374435
0.0000000129820305616590303543489426374435
0.0000000129820305616590303543489426374435
0.0000000129820305616590303543489426374435
0.0000000129820305616590303543489426374435
0.0000000129820305616590303543489426374435
0.0000000129820305616590303543489426374435
0.0000000129820305616590303543489426374435
0.0000000129820305616590303543489426374435
0.0000000129820305616590303543489426374435
0.0000000129820305616590303543489426374435
0.0000000129820305616590303543489426374435
0.0000000129820305616590303543489426374435
0.0000000129820305616590303543489426374435
0.0000000129820305616590303543489426374435
0.0000000129820305616590303543489426374435
0.0000000129820305616590303543489426374435
0.0000000129820305616590303543489426374435
0.0000000129820305616590303543489426374435
0.0000000129820305616590303543489426374435
0.0000000129820305616590303543489426374435
0.0000000129820305616590303543489426374435
0.0000000129820305616590303543489426374435
0.0000000129820305616590303543489426374435
0.0000000129820305616590303543489426374435
0.0000000129820305616590303543489426374435
0.0000000129820305616590303543489426374435
0.0000000129824213601636984094511717557907
0.0000000129980461949230630125384777784348
0.0000000133203119645486367517150938510895
0.0000000178109349491251123254187405109406
0.0000000649101536964735714718699455261230
0.0000004586102022585691884160041809082031
0.0000031747094908496364951133728027343750
0.0000190008249774109572172164916992187500
0.0000981457560556009411811828613281250000
0.0004417506861500442028045654296875000000
0.0017476020148023962974548339843750000000
0.0061179213225841522216796875000000000000
0.0190534051507711410522460937500000000000
0.0530087575316429138183593750000000000000
0.1322140097618103027343750000000000000000
0.2964563965797424316406250000000000000000
0.5997157096862792968750000000000000000000
1.0958619117736816406250000000000000000000
1.8265365362167358398437500000000000000000
2.7307894229888916015625000000000000000000
4.0000000000000000000000000000000000000000
4.0000000000000000000000000000000000000000
3.0000000000000000000000000000000000000000
3.0000000000000000000000000000000000000000
2.0480921268463134765625000000000000000000
1.3699026107788085937500000000000000000000
0.8218965530395507812500000000000000000000
0.4497868120670318603515625000000000000000
0.2223423421382904052734375000000000000000
0.0991605222225189208984375000000000000000
0.0397565625607967376708984375000000000000
0.0142900478094816207885742187500000000000
0.0045884326100349426269531250000000000000
0.0013106931000947952270507812500000000000
0.0003313045017421245574951171875000000000
0.0000736007932573556900024414062500000000
0.0000142420904012396931648254394531250000
0.0000023725028768240008503198623657226562
0.0000003354283535372815094888210296630859
0.0000000401533242211371543817222118377686
0.0000000048289052756445016711950302124023
0.0000000014609374821006326783390250056982
0.0000000012192382659037548364722169935703
0.0000000012075195288119289216410834342241
0.0000000012072265409557303428300656378269
0.0000000012072265409557303428300656378269
0.0000000012072265409557303428300656378269
0.0000000012072265409557303428300656378269
0.0000000012072265409557303428300656378269
0.0000000012072265409557303428300656378269
0.0000000012072265409557303428300656378269
0.0000000012072265409557303428300656378269
0.0000000012072265409557303428300656378269
0.0000000012072265409557303428300656378269
0.0000000012072265409557303428300656378269
0.0000000012072265409557303428300656378269
0.0000000012072265409557303428300656378269
0.0000000012072265409557303428300656378269
0.0000000012072265409557303428300656378269
0.0000000012072265409557303428300656378269
0.0000000012072265409557303428300656378269
0.0000000012072265409557303428300656378269
0.0000000012072265409557303428300656378269
0.0000000012072265409557303428300656378269
0.0000000012072265409557303428300656378269
0.0000000012072265409557303428300656378269
0.0000000012072265409557303428300656378269
0.0000000012072265409557303428300656378269
0.0000000012072265409557303428300656378269
0.0000000012072265409557303428300656378269
0.0000000012072265409557303428300656378269
0.0000000012072265409557303428300656378269
0.0000000012072265409557303428300656378269
0.0000000012072265409557303428300656378269
0.0000000012072265409557303428300656378269
0.0000000012072265409557303428300656378269
0.0000000012072265409557303428300656378269
0.0000000012072265409557303428300656378269
0.0000000012072265409557303428300656378269
0.0000000012072265409557303428300656378269
0.0000000012072265409557303428300656378269
0.0000000012072265409557303428300656378269
0.0000000012072265409557303428300656378269
0.0000000012072265409557303428300656378269
0.0000000012072265409557303428300656378269
0.0000000012072265409557303428300656378269
0.0000000012072265409557303428300656378269
0.0000000012072265409557303428300656378269
0.0000000012072265409557303428300656378269
0.0000000012072265409557303428300656378269
0.0000000012072265409557303428300656378269
0.0000000012072265409557303428300656378269
0.0000000012072265409557303428300656378269
0.0000000012072265409557303428300656378269
0.0000000012072265409557303428300656378269
0.0000000012072265409557303428300656378269
0.0000000012072265409557303428300656378269
0.0000000012072265409557303428300656378269
0.0000000012072265409557303428300656378269
0.0000000012072265409557303428300656378269
0.0000000012076172284380959354166407138109
0.0000000012232421742197630010196007788181
0.0000000015455077218007318151649087667465
0.0000000060361324827340467891190201044083
0.0000000531353450128335680346935987472534
0.0000004468353438369376817718148231506348
0.0000031629347176931332796812057495117188
0.0000189890506590018048882484436035156250
0.0000981339835561811923980712890625000000
0.0004417389282025396823883056640625000000
0.0017475902568548917770385742187500000000
0.0061179096810519695281982421875000000000
0.0190533958375453948974609375000000000000
0.0530087463557720184326171875000000000000
0.1322140097618103027343750000000000000000
0.2964563965797424316406250000000000000000
0.5997157096862792968750000000000000000000
1.0958619117736816406250000000000000000000
1.8265365362167358398437500000000000000000
2.7307894229888916015625000000000000000000
4.0000000000000000000000000000000000000000
4.0000000000000000000000000000000000000000
3.0000000000000000000000000000000000000000
3.0000000000000000000000000000000000000000
2.0480921268463134765625000000000000000000
1.3699026107788085937500000000000000000000
0.8218965530395507812500000000000000000000
0.4497868120670318603515625000000000000000
0.2223423421382904052734375000000000000000
0.0991605222225189208984375000000000000000
0.0397565625607967376708984375000000000000
0.0142900468781590461730957031250000000000
0.0045884316787123680114746093750000000000
0.0013106919359415769577026367187500000000
0.0003313034249003976583480834960937500000
0.0000735996800358407199382781982421875000
0.0000142409671752830035984516143798828125
0.0000023713803329883376136422157287597656
0.0000003343056675930711207911372184753418
0.0000000390306631459225172875449061393738
0.0000000037062499735895926278317347168922
0.0000000003382812363561527035926701501012
0.0000000000965820062814870539114053826779
0.0000000000848632761285550429875002009794
0.0000000000845703090890381758981675375253
0.0000000000845703090890381758981675375253
0.0000000000845703090890381758981675375253
0.0000000000845703090890381758981675375253
0.0000000000845703090890381758981675375253
0.0000000000845703090890381758981675375253
0.0000000000845703090890381758981675375253
0.0000000000845703090890381758981675375253
0.0000000000845703090890381758981675375253
0.0000000000845703090890381758981675375253
0.0000000000845703090890381758981675375253
0.0000000000845703090890381758981675375253
0.0000000000845703090890381758981675375253
0.0000000000845703090890381758981675375253
0.0000000000845703090890381758981675375253
0.0000000000845703090890381758981675375253
0.0000000000845703090890381758981675375253
0.0000000000845703090890381758981675375253
0.0000000000845703090890381758981675375253
0.0000000000845703090890381758981675375253
0.0000000000845703090890381758981675375253
0.0000000000845703090890381758981675375253
0.0000000000845703090890381758981675375253
0.0000000000845703090890381758981675375253
0.0000000000845703090890381758981675375253
0.0000000000845703090890381758981675375253
0.0000000000845703090890381758981675375253
0.0000000000845703090890381758981675375253
0.0000000000845703090890381758981675375253
0.0000000000845703090890381758981675375253
0.0000000000845703090890381758981675375253
0.0000000000845703090890381758981675375253
0.0000000000845703090890381758981675375253
0.0000000000845703090890381758981675375253
0.0000000000845703090890381758981675375253
0.0000000000845703090890381758981675375253
0.0000000000845703090890381758981675375253
0.0000000000845703090890381758981675375253
0.0000000000845703090890381758981675375253
0.0000000000845703090890381758981675375253
0.0000000000845703090890381758981675375253
0.0000000000845703090890381758981675375253
0.0000000000845703090890381758981675375253
0.0000000000845703090890381758981675375253
0.0000000000845703090890381758981675375253
0.0000000000845703090890381758981675375253
0.0000000000845703090890381758981675375253
0.0000000000845703090890381758981675375253
0.0000000000845703090890381758981675375253
0.0000000000845703090890381758981675375253
0.0000000000845703090890381758981675375253
0.0000000000845703090890381758981675375253
0.0000000000845703090890381758981675375253
0.0000000000845703090890381758981675375253
0.0000000000845703090890381758981675375253
0.0000000000845703090890381758981675375253
0.0000000000849609341213586333196872146800
0.0000000001005859284752830262732459232211
0.0000000004228515315674030716763809323311
0.0000000049134762925007180456304922699928
0.0000000520126945957599673420190811157227
0.0000004457127147361461538821458816528320
0.0000031618121738574700430035591125488281
0.0000189879265235504135489463806152343750
0.0000981328630587086081504821777343750000
0.0004417377931531518697738647460937500000
0.0017475892091169953346252441406250000000
0.0061179082840681076049804687500000000000
0.0190533939749002456665039062500000000000
0.0530087426304817199707031250000000000000
0.1322140097618103027343750000000000000000
0.2964563965797424316406250000000000000000
0.5997157096862792968750000000000000000000
1.0958619117736816406250000000000000000000
1.8265365362167358398437500000000000000000
2.7307894229888916015625000000000000000000
4.0000000000000000000000000000000000000000
4.0000000000000000000000000000000000000000
3.0000000000000000000000000000000000000000
3.0000000000000000000000000000000000000000
2.0480921268463134765625000000000000000000
1.3699026107788085937500000000000000000000
0.8218965530395507812500000000000000000000
0.4497868120670318603515625000000000000000
0.2223423421382904052734375000000000000000
0.0991605222225189208984375000000000000000
0.0397565625607967376708984375000000000000
0.0142900468781590461730957031250000000000
0.0045884316787123680114746093750000000000
0.0013106919359415769577026367187500000000
0.0003313033375889062881469726562500000000
0.0000735996000003069639205932617187500000
0.0000142408853207598440349102020263671875
0.0000023712996153335552662611007690429688
0.0000003342251488902547862380743026733398
0.0000000389500982578283583279699087142944
0.0000000036256833091385942680062726140022
0.0000000002577148217053348844274296425283
0.0000000000160156228556918023286925745197
0.0000000000042968749218441626425146750989
0.0000000000040039061476038195763749172329
0.0000000000040039061476038195763749172329
0.0000000000040039061476038195763749172329
0.0000000000040039061476038195763749172329
0.0000000000040039061476038195763749172329
0.0000000000040039061476038195763749172329
0.0000000000040039061476038195763749172329
0.0000000000040039061476038195763749172329
0.0000000000040039061476038195763749172329
0.0000000000040039061476038195763749172329
0.0000000000040039061476038195763749172329
0.0000000000040039061476038195763749172329
0.0000000000040039061476038195763749172329
0.0000000000040039061476038195763749172329
0.0000000000040039061476038195763749172329
0.0000000000040039061476038195763749172329
0.0000000000040039061476038195763749172329
0.0000000000040039061476038195763749172329
0.0000000000040039061476038195763749172329
0.0000000000040039061476038195763749172329
0.0000000000040039061476038195763749172329
0.0000000000040039061476038195763749172329
0.0000000000040039061476038195763749172329
0.0000000000040039061476038195763749172329
0.0000000000040039061476038195763749172329
0.0000000000040039061476038195763749172329
0.0000000000040039061476038195763749172329
0.0000000000040039061476038195763749172329
0.0000000000040039061476038195763749172329
0.0000000000040039061476038195763749172329
0.0000000000040039061476038195763749172329
0.0000000000040039061476038195763749172329
0.0000000000040039061476038195763749172329
0.0000000000040039061476038195763749172329
0.0000000000040039061476038195763749172329
0.0000000000040039061476038195763749172329
0.0000000000040039061476038195763749172329
0.0000000000040039061476038195763749172329
0.0000000000040039061476038195763749172329
0.0000000000040039061476038195763749172329
0.0000000000040039061476038195763749172329
0.0000000000040039061476038195763749172329
0.0000000000040039061476038195763749172329
0.0000000000040039061476038195763749172329
0.0000000000040039061476038195763749172329
0.0000000000040039061476038195763749172329
0.0000000000040039061476038195763749172329
0.0000000000040039061476038195763749172329
0.0000000000040039061476038195763749172329
0.0000000000040039061476038195763749172329
0.0000000000040039061476038195763749172329
0.0000000000040039061476038195763749172329
0.0000000000040039061476038195763749172329
0.0000000000040039061476038195763749172329
0.0000000000040039061476038195763749172329
0.0000000000040039061476038195763749172329
0.0000000000043945311799242769978945943876
0.0000000000200195311716999668760763597675
0.0000000003422851446721608681400539353490
0.0000000048329100721389295358676463365555
0.0000000519321297076658083824440836906433
0.0000004456321107682015281170606613159180
0.0000031617316835763631388545036315917969
0.0000189878464880166575312614440917968750
0.0000981327830231748521327972412109375000
0.0004417377640493214130401611328125000000
0.0017475892091169953346252441406250000000
0.0061179082840681076049804687500000000000
0.0190533939749002456665039062500000000000
0.0530087426304817199707031250000000000000
0.1322140097618103027343750000000000000000
0.2964563965797424316406250000000000000000
0.5997157096862792968750000000000000000000
1.0958619117736816406250000000000000000000
1.8265365362167358398437500000000000000000
2.7307894229888916015625000000000000000000
4.0000000000000000000000000000000000000000
4.0000000000000000000000000000000000000000
3.0000000000000000000000000000000000000000
3.0000000000000000000000000000000000000000
2.0480921268463134765625000000000000000000
1.3699026107788085937500000000000000000000
0.8218965530395507812500000000000000000000
0.4497868120670318603515625000000000000000
0.2223423421382904052734375000000000000000
0.0991605222225189208984375000000000000000
0.0397565625607967376708984375000000000000
0.0142900468781590461730957031250000000000
0.0045884316787123680114746093750000000000
0.0013106919359415769577026367187500000000
0.0003313033375889062881469726562500000000
0.0000735996000003069639205932617187500000
0.0000142408825922757387161254882812500000
0.0000023712957499810727313160896301269531
0.0000003342212266943533904850482940673828
0.0000000389461902727816777769476175308228
0.0000000036217771004487531172344461083412
0.0000000002538085852599181180266896262765
0.0000000000121093733998489661018993501784
0.0000000000003906250323204574215196771547
0.0000000000000976562377513236212767111510
0.0000000000000976562377513236212767111510
0.0000000000000976562377513236212767111510
0.0000000000000976562377513236212767111510
0.0000000000000976562377513236212767111510
0.0000000000000976562377513236212767111510
0.0000000000000976562377513236212767111510
0.0000000000000976562377513236212767111510
0.0000000000000976562377513236212767111510
0.0000000000000976562377513236212767111510
0.0000000000000976562377513236212767111510
0.0000000000000976562377513236212767111510
0.0000000000000976562377513236212767111510
0.0000000000000976562377513236212767111510
0.0000000000000976562377513236212767111510
0.0000000000000976562377513236212767111510
0.0000000000000976562377513236212767111510
0.0000000000000976562377513236212767111510
0.0000000000000976562377513236212767111510
0.0000000000000976562377513236212767111510
0.0000000000000976562377513236212767111510
0.0000000000000976562377513236212767111510
0.0000000000000976562377513236212767111510
0.0000000000000976562377513236212767111510
0.0000000000000976562377513236212767111510
0.0000000000000976562377513236212767111510
0.0000000000000976562377513236212767111510
0.0000000000000976562377513236212767111510
0.0000000000000976562377513236212767111510
0.0000000000000976562377513236212767111510
0.0000000000000976562377513236212767111510
0.0000000000000976562377513236212767111510
0.0000000000000976562377513236212767111510
0.0000000000000976562377513236212767111510
0.0000000000000976562377513236212767111510
0.0000000000000976562377513236212767111510
0.0000000000000976562377513236212767111510
0.0000000000000976562377513236212767111510
0.0000000000000976562377513236212767111510
0.0000000000000976562377513236212767111510
0.0000000000000976562377513236212767111510
0.0000000000000976562377513236212767111510
0.0000000000000976562377513236212767111510
0.0000000000000976562377513236212767111510
0.0000000000000976562377513236212767111510
0.0000000000000976562377513236212767111510
0.0000000000000976562377513236212767111510
0.0000000000000976562377513236212767111510
0.0000000000000976562377513236212767111510
0.0000000000000976562377513236212767111510
0.0000000000000976562377513236212767111510
0.0000000000000976562377513236212767111510
0.0000000000000976562377513236212767111510
0.0000000000000976562377513236212767111510
0.0000000000000976562377513236212767111510
0.0000000000000976562377513236212767111510
0.0000000000004882811819803545283491530427
0.0000000000161132808484953926608795882203
0.0000000003383789082267441017393139190972
0.0000000048290038634490883850958198308945
0.0000000519282181699054490309208631515503
0.0000004456282169940095627680420875549316
0.0000031617278182238806039094924926757812
0.0000189878446690272539854049682617187500
0.0000981327830231748521327972412109375000
0.0004417377640493214130401611328125000000
0.0017475892091169953346252441406250000000
0.0061179082840681076049804687500000000000
0.0190533939749002456665039062500000000000
0.0530087426304817199707031250000000000000
0.1322140097618103027343750000000000000000
0.2964563965797424316406250000000000000000
0.5997157096862792968750000000000000000000
1.0958619117736816406250000000000000000000
1.8265365362167358398437500000000000000000
2.7307894229888916015625000000000000000000
4.0000000000000000000000000000000000000000
4.0000000000000000000000000000000000000000
3.0000000000000000000000000000000000000000
3.0000000000000000000000000000000000000000
2.0480921268463134765625000000000000000000
1.3699026107788085937500000000000000000000
0.8218965530395507812500000000000000000000
0.4497868120670318603515625000000000000000
0.2223423421382904052734375000000000000000
0.0991605222225189208984375000000000000000
0.0397565625607967376708984375000000000000
0.0142900468781590461730957031250000000000
0.0045884316787123680114746093750000000000
0.0013106919359415769577026367187500000000
0.0003313033375889062881469726562500000000
0.0000735996000003069639205932617187500000
0.0000142408825922757387161254882812500000
0.0000023712957499810727313160896301269531
0.0000003342211414292250992730259895324707
0.0000000389460907967986713629215955734253
0.0000000036216794008225861034588888287544
0.0000000002537109133893267198800458572805
0.0000000000120117162744071137581158836838
0.0000000000002929687742403430661397578660
0.0000000000000000000000000000000000000000
0.0000000000000000000000000000000000000000
0.0000000000000000000000000000000000000000
0.0000000000000000000000000000000000000000
0.0000000000000000000000000000000000000000
0.0000000000000000000000000000000000000000
0.0000000000000000000000000000000000000000
0.0000000000000000000000000000000000000000
0.0000000000000000000000000000000000000000
0.0000000000000000000000000000000000000000
0.0000000000000000000000000000000000000000
0.0000000000000000000000000000000000000000
0.0000000000000000000000000000000000000000
0.0000000000000000000000000000000000000000
0.0000000000000000000000000000000000000000
0.0000000000000000000000000000000000000000
0.0000000000000000000000000000000000000000
0.0000000000000000000000000000000000000000
0.0000000000000000000000000000000000000000
0.0000000000000000000000000000000000000000
0.0000000000000000000000000000000000000000
0.0000000000000000000000000000000000000000
0.0000000000000000000000000000000000000000
0.0000000000000000000000000000000000000000
0.0000000000000000000000000000000000000000
0.0000000000000000000000000000000000000000
0.0000000000000000000000000000000000000000
0.0000000000000000000000000000000000000000
0.0000000000000000000000000000000000000000
0.0000000000000000000000000000000000000000
0.0000000000000000000000000000000000000000
0.0000000000000000000000000000000000000000
0.0000000000000000000000000000000000000000
0.0000000000000000000000000000000000000000
0.0000000000000000000000000000000000000000
0.0000000000000000000000000000000000000000
0.0000000000000000000000000000000000000000
0.0000000000000000000000000000000000000000
0.0000000000000000000000000000000000000000
0.0000000000000000000000000000000000000000
0.0000000000000000000000000000000000000000
0.0000000000000000000000000000000000000000
0.0000000000000000000000000000000000000000
0.0000000000000000000000000000000000000000
0.0000000000000000000000000000000000000000
0.0000000000000000000000000000000000000000
0.0000000000000000000000000000000000000000
0.0000000000000000000000000000000000000000
0.0000000000000000000000000000000000000000
0.0000000000000000000000000000000000000000
0.0000000000000000000000000000000000000000
0.0000000000000000000000000000000000000000
0.0000000000000000000000000000000000000000
0.0000000000000000000000000000000000000000
0.0000000000000000000000000000000000000000
0.0000000000000000000000000000000000000000
0.0000000000003906249510052944851068446042
0.0000000000160156245904152783054996689316
0.0000000003382812363561527035926701501012
0.0000000048289061638229213713202625513077
0.0000000519281222466361214173957705497742
0.0000004456281317288812715560197830200195
0.0000031617278182238806039094924926757812
0.0000189878446690272539854049682617187500
0.0000981327830231748521327972412109375000
0.0004417377640493214130401611328125000000
0.0017475892091169953346252441406250000000
0.0061179082840681076049804687500000000000
0.0190533939749002456665039062500000000000
0.0530087426304817199707031250000000000000
0.1322140097618103027343750000000000000000
0.2964563965797424316406250000000000000000
0.5997157096862792968750000000000000000000
1.0958619117736816406250000000000000000000
1.8265365362167358398437500000000000000000
2.7307894229888916015625000000000000000000
4.0000000000000000000000000000000000000000
4.0000000000000000000000000000000000000000
3.0000000000000000000000000000000000000000
3.0000000000000000000000000000000000000000
2.0480921268463134765625000000000000000000
1.3699026107788085937500000000000000000000
0.8218965530395507812500000000000000000000
0.4497868120670318603515625000000000000000
0.2223423421382904052734375000000000000000
0.0991605222225189208984375000000000000000
0.0397565625607967376708984375000000000000
0.0142900468781590461730957031250000000000
0.0045884316787123680114746093750000000000
0.0013106919359415769577026367187500000000
0.0003313033375889062881469726562500000000
0.0000735996000003069639205932617187500000
0.0000142408825922757387161254882812500000
0.0000023712957499810727313160896301269531
0.0000003342211414292250992730259895324707
0.0000000389460907967986713629215955734253
0.0000000036216794008225861034588888287544
0.0000000002537109133893267198800458572805
0.0000000000120117162744071137581158836838
0.0000000000002929687742403430661397578660
0.0000000000000000000000000000000000000000
0.0000000000000000000000000000000000000000
0.0000000000000000000000000000000000000000
0.0000000000000000000000000000000000000000
0.0000000000000000000000000000000000000000
0.0000000000000000000000000000000000000000
0.0000000000000000000000000000000000000000
0.0000000000000000000000000000000000000000
0.0000000000000000000000000000000000000000
0.0000000000000000000000000000000000000000
0.0000000000000000000000000000000000000000
0.0000000000000000000000000000000000000000
0.0000000000000000000000000000000000000000
0.0000000000000000000000000000000000000000
0.0000000000000000000000000000000000000000
0.0000000000000000000000000000000000000000
0.0000000000000000000000000000000000000000
0.0000000000000000000000000000000000000000
0.0000000000000000000000000000000000000000
0.0000000000000000000000000000000000000000
0.0000000000000000000000000000000000000000
0.0000000000000000000000000000000000000000
0.0000000000000000000000000000000000000000
0.0000000000000000000000000000000000000000
0.0000000000000000000000000000000000000000
0.0000000000000000000000000000000000000000
0.0000000000000000000000000000000000000000
0.0000000000000000000000000000000000000000
0.0000000000000000000000000000000000000000
0.0000000000000000000000000000000000000000
0.0000000000000000000000000000000000000000
0.0000000000000000000000000000000000000000
0.0000000000000000000000000000000000000000
0.0000000000000000000000000000000000000000
0.0000000000000000000000000000000000000000
0.0000000000000000000000000000000000000000
0.0000000000000000000000000000000000000000
0.0000000000000000000000000000000000000000
0.0000000000000000000000000000000000000000
0.0000000000000000000000000000000000000000
0.0000000000000000000000000000000000000000
0.0000000000000000000000000000000000000000
0.0000000000000000000000000000000000000000
0.0000000000000000000000000000000000000000
0.0000000000000000000000000000000000000000
0.0000000000000000000000000000000000000000
0.0000000000000000000000000000000000000000
0.0000000000000000000000000000000000000000
0.0000000000000000000000000000000000000000
0.0000000000000000000000000000000000000000
0.0000000000000000000000000000000000000000
0.0000000000000000000000000000000000000000
0.0000000000000000000000000000000000000000
0.0000000000000000000000000000000000000000
0.0000000000000000000000000000000000000000
0.0000000000000000000000000000000000000000
0.0000000000003906249510052944851068446042
0.0000000000160156245904152783054996689316
0.0000000003382812363561527035926701501012
0.0000000048289061638229213713202625513077
0.0000000519281222466361214173957705497742
0.0000004456281317288812715560197830200195
0.0000031617278182238806039094924926757812
0.0000189878446690272539854049682617187500
0.0000981327830231748521327972412109375000
0.0004417377640493214130401611328125000000
0.0017475892091169953346252441406250000000
0.0061179082840681076049804687500000000000
0.0190533939749002456665039062500000000000
0.0530087426304817199707031250000000000000
0.1322140097618103027343750000000000000000
0.2964563965797424316406250000000000000000
0.5997157096862792968750000000000000000000
1.0958619117736816406250000000000000000000
1.8265365362167358398437500000000000000000
2.7307894229888916015625000000000000000000
4.0000000000000000000000000000000000000000
4.0000000000000000000000000000000000000000
3.0000000000000000000000000000000000000000
3.0000000000000000000000000000000000000000
2.0480921268463134765625000000000000000000
1.3699026107788085937500000000000000000000
0.8218965530395507812500000000000000000000
0.4497868120670318603515625000000000000000
0.2223423421382904052734375000000000000000
0.0991605222225189208984375000000000000000
0.0397565625607967376708984375000000000000
0.0142900468781590461730957031250000000000
0.0045884316787123680114746093750000000000
0.0013106919359415769577026367187500000000
0.0003313033375889062881469726562500000000
0.0000735996000003069639205932617187500000
0.0000142408825922757387161254882812500000
0.0000023712957499810727313160896301269531
0.0000003342211414292250992730259895324707
0.0000000389460907967986713629215955734253
0.0000000036216794008225861034588888287544
0.0000000002537109133893267198800458572805
0.0000000000120117162744071137581158836838
0.0000000000002929687742403430661397578660
0.0000000000000000000000000000000000000000
0.0000000000000000000000000000000000000000
0.0000000000000000000000000000000000000000
0.0000000000000000000000000000000000000000
0.0000000000000000000000000000000000000000
0.0000000000000000000000000000000000000000
0.0000000000000000000000000000000000000000
0.0000000000000000000000000000000000000000
0.0000000000000000000000000000000000000000
0.0000000000000000000000000000000000000000
0.0000000000000000000000000000000000000000
0.0000000000000000000000000000000000000000
0.0000000000000000000000000000000000000000
0.0000000000000000000000000000000000000000
0.0000000000000000000000000000000000000000
0.0000000000000000000000000000000000000000
0.0000000000000000000000000000000000000000
0.0000000000000000000000000000000000000000
0.0000000000000000000000000000000000000000
0.0000000000000000000000000000000000000000
0.0000000000000000000000000000000000000000
0.0000000000000000000000000000000000000000
0.0000000000000000000000000000000000000000
0.0000000000000000000000000000000000000000
0.0000000000000000000000000000000000000000
0.0000000000000000000000000000000000000000
0.0000000000000000000000000000000000000000
0.0000000000000000000000000000000000000000
0.0000000000000000000000000000000000000000
0.0000000000000000000000000000000000000000
0.0000000000000000000000000000000000000000
0.0000000000000000000000000000000000000000
0.0000000000000000000000000000000000000000
0.0000000000000000000000000000000000000000
0.0000000000000000000000000000000000000000
0.0000000000000000000000000000000000000000
0.0000000000000000000000000000000000000000
0.0000000000000000000000000000000000000000
0.0000000000000000000000000000000000000000
0.0000000000000000000000000000000000000000
0.0000000000000000000000000000000000000000
0.0000000000000000000000000000000000000000
0.0000000000000000000000000000000000000000
0.0000000000000000000000000000000000000000
0.0000000000000000000000000000000000000000
0.0000000000000000000000000000000000000000
0.0000000000000000000000000000000000000000
0.0000000000000000000000000000000000000000
0.0000000000000000000000000000000000000000
0.0000000000000000000000000000000000000000
0.0000000000000000000000000000000000000000
0.0000000000000000000000000000000000000000
0.0000000000000000000000000000000000000000
0.0000000000000000000000000000000000000000
0.0000000000000000000000000000000000000000
0.0000000000000000000000000000000000000000
0.0000000000003906249510052944851068446042
0.0000000000160156245904152783054996689316
0.0000000003382812363561527035926701501012
0.0000000048289061638229213713202625513077
0.0000000519281222466361214173957705497742
0.0000004456281317288812715560197830200195
0.0000031617278182238806039094924926757812
0.0000189878446690272539854049682617187500
0.0000981327830231748521327972412109375000
0.0004417377640493214130401611328125000000
0.0017475892091169953346252441406250000000
0.0061179082840681076049804687500000000000
0.0190533939749002456665039062500000000000
0.0530087426304817199707031250000000000000
0.1322140097618103027343750000000000000000
0.2964563965797424316406250000000000000000
0.5997157096862792968750000000000000000000
1.0958619117736816406250000000000000000000
1.8265365362167358398437500000000000000000
2.7307894229888916015625000000000000000000
4.0000000000000000000000000000000000000000
4.0000000000000000000000000000000000000000
3.0000000000000000000000000000000000000000
3.0000000000000000000000000000000000000000
2.0480921268463134765625000000000000000000
1.3699026107788085937500000000000000000000
0.8218965530395507812500000000000000000000
0.4497868120670318603515625000000000000000
0.2223423421382904052734375000000000000000
0.0991605222225189208984375000000000000000
0.0397565625607967376708984375000000000000
0.0142900468781590461730957031250000000000
0.0045884316787123680114746093750000000000
0.0013106919359415769577026367187500000000
0.0003313033375889062881469726562500000000
0.0000735996000003069639205932617187500000
0.0000142408825922757387161254882812500000
0.0000023712957499810727313160896301269531
0.0000003342211414292250992730259895324707
0.0000000389460907967986713629215955734253
0.0000000036216794008225861034588888287544
0.0000000002537109133893267198800458572805
0.0000000000120117162744071137581158836838
0.0000000000002929687742403430661397578660
0.0000000000000000000000000000000000000000
0.0000000000000000000000000000000000000000
0.0000000000000000000000000000000000000000
0.0000000000000000000000000000000000000000
0.0000000000000000000000000000000000000000
0.0000000000000000000000000000000000000000
0.0000000000000000000000000000000000000000
0.0000000000000000000000000000000000000000
0.0000000000000000000000000000000000000000
0.0000000000000000000000000000000000000000
0.0000000000000000000000000000000000000000
0.0000000000000000000000000000000000000000
0.0000000000000000000000000000000000000000
0.0000000000000000000000000000000000000000
0.0000000000000000000000000000000000000000
0.0000000000000000000000000000000000000000
0.0000000000000000000000000000000000000000
0.0000000000000000000000000000000000000000
0.0000000000000000000000000000000000000000
0.0000000000000000000000000000000000000000
0.0000000000000000000000000000000000000000
0.0000000000000000000000000000000000000000
0.0000000000000000000000000000000000000000
0.0000000000000000000000000000000000000000
0.0000000000000000000000000000000000000000
0.0000000000000000000000000000000000000000
0.0000000000000000000000000000000000000000
0.0000000000000000000000000000000000000000
0.0000000000000000000000000000000000000000
0.0000000000000000000000000000000000000000
0.0000000000000000000000000000000000000000
0.0000000000000000000000000000000000000000
0.0000000000000000000000000000000000000000
0.0000000000000000000000000000000000000000
0.0000000000000000000000000000000000000000
0.0000000000000000000000000000000000000000
0.0000000000000000000000000000000000000000
0.0000000000000000000000000000000000000000
0.0000000000000000000000000000000000000000
0.0000000000000000000000000000000000000000
0.0000000000000000000000000000000000000000
0.0000000000000000000000000000000000000000
0.0000000000000000000000000000000000000000
0.0000000000000000000000000000000000000000
0.0000000000000000000000000000000000000000
0.0000000000000000000000000000000000000000
0.0000000000000000000000000000000000000000
0.0000000000000000000000000000000000000000
0.0000000000000000000000000000000000000000
0.0000000000000000000000000000000000000000
0.0000000000000000000000000000000000000000
0.0000000000000000000000000000000000000000
0.0000000000000000000000000000000000000000
0.0000000000000000000000000000000000000000
0.0000000000000000000000000000000000000000
0.0000000000000000000000000000000000000000
0.0000000000003906249510052944851068446042
0.0000000000160156245904152783054996689316
0.0000000003382812363561527035926701501012
0.0000000048289061638229213713202625513077
0.0000000519281222466361214173957705497742
0.0000004456281317288812715560197830200195
0.0000031617278182238806039094924926757812
0.0000189878446690272539854049682617187500
0.0000981327830231748521327972412109375000
0.0004417377640493214130401611328125000000
0.0017475892091169953346252441406250000000
0.0061179082840681076049804687500000000000
0.0190533939749002456665039062500000000000
0.0530087426304817199707031250000000000000
0.1322140097618103027343750000000000000000
0.2964563965797424316406250000000000000000
0.5997157096862792968750000000000000000000
1.0958619117736816406250000000000000000000
1.8265365362167358398437500000000000000000
2.7307894229888916015625000000000000000000
4.0000000000000000000000000000000000000000
4.0000000000000000000000000000000000000000
3.0000000000000000000000000000000000000000
3.0000000000000000000000000000000000000000
2.0480921268463134765625000000000000000000
1.3699026107788085937500000000000000000000
0.8218965530395507812500000000000000000000
0.4497868120670318603515625000000000000000
0.2223423421382904052734375000000000000000
0.0991605222225189208984375000000000000000
0.0397565625607967376708984375000000000000
0.0142900468781590461730957031250000000000
0.0045884316787123680114746093750000000000
0.0013106919359415769577026367187500000000
0.0003313033375889062881469726562500000000
0.0000735996000003069639205932617187500000
0.0000142408825922757387161254882812500000
0.0000023712957499810727313160896301269531
0.0000003342211414292250992730259895324707
0.0000000389460907967986713629215955734253
0.0000000036216794008225861034588888287544
0.0000000002537109133893267198800458572805
0.0000000000120117162744071137581158836838
0.0000000000002929687742403430661397578660
0.0000000000000000000000000000000000000000
0.0000000000000000000000000000000000000000
0.0000000000000000000000000000000000000000
0.0000000000000000000000000000000000000000
0.0000000000000000000000000000000000000000
0.0000000000000000000000000000000000000000
0.0000000000000000000000000000000000000000
0.0000000000000000000000000000000000000000
0.0000000000000000000000000000000000000000
0.0000000000000000000000000000000000000000
0.0000000000000000000000000000000000000000
0.0000000000000000000000000000000000000000
0.0000000000000000000000000000000000000000
0.0000000000000000000000000000000000000000
0.0000000000000000000000000000000000000000
0.0000000000000000000000000000000000000000
0.0000000000000000000000000000000000000000
0.0000000000000000000000000000000000000000
0.0000000000000000000000000000000000000000
0.0000000000000000000000000000000000000000
0.0000000000000000000000000000000000000000
0.0000000000000000000000000000000000000000
0.0000000000000000000000000000000000000000
0.0000000000000000000000000000000000000000
0.0000000000000000000000000000000000000000
0.0000000000000000000000000000000000000000
0.0000000000000000000000000000000000000000
0.0000000000000000000000000000000000000000
0.0000000000000000000000000000000000000000
0.0000000000000000000000000000000000000000
0.0000000000000000000000000000000000000000
0.0000000000000000000000000000000000000000
0.0000000000000000000000000000000000000000
0.0000000000000000000000000000000000000000
0.0000000000000000000000000000000000000000
0.0000000000000000000000000000000000000000
0.0000000000000000000000000000000000000000
0.0000000000000000000000000000000000000000
0.0000000000000000000000000000000000000000
0.0000000000000000000000000000000000000000
0.0000000000000000000000000000000000000000
0.0000000000000000000000000000000000000000
0.0000000000000000000000000000000000000000
0.0000000000000000000000000000000000000000
0.0000000000000000000000000000000000000000
0.0000000000000000000000000000000000000000
0.0000000000000000000000000000000000000000
0.0000000000000000000000000000000000000000
0.0000000000000000000000000000000000000000
0.0000000000000000000000000000000000000000
0.0000000000000000000000000000000000000000
0.0000000000000000000000000000000000000000
0.0000000000000000000000000000000000000000
0.0000000000000000000000000000000000000000
0.0000000000000000000000000000000000000000
0.0000000000000000000000000000000000000000
0.0000000000003906249510052944851068446042
0.0000000000160156245904152783054996689316
0.0000000003382812363561527035926701501012
0.0000000048289061638229213713202625513077
0.0000000519281222466361214173957705497742
0.0000004456281317288812715560197830200195
0.0000031617278182238806039094924926757812
0.0000189878446690272539854049682617187500
0.0000981327830231748521327972412109375000
0.0004417377640493214130401611328125000000
0.0017475892091169953346252441406250000000
0.0061179082840681076049804687500000000000
0.0190533939749002456665039062500000000000
0.0530087426304817199707031250000000000000
0.1322140097618103027343750000000000000000
0.2964563965797424316406250000000000000000
0.5997157096862792968750000000000000000000
1.0958619117736816406250000000000000000000
1.8265365362167358398437500000000000000000
2.7307894229888916015625000000000000000000
4.0000000000000000000000000000000000000000
4.0000000000000000000000000000000000000000
3.0000000000000000000000000000000000000000
3.0000000000000000000000000000000000000000
2.0480921268463134765625000000000000000000
1.3699026107788085937500000000000000000000
0.8218965530395507812500000000000000000000
0.4497868120670318603515625000000000000000
0.2223423421382904052734375000000000000000
0.0991605222225189208984375000000000000000
0.0397565625607967376708984375000000000000
0.0142900468781590461730957031250000000000
0.0045884316787123680114746093750000000000
0.0013106919359415769577026367187500000000
0.0003313033375889062881469726562500000000
0.0000735996000003069639205932617187500000
0.0000142408825922757387161254882812500000
0.0000023712957499810727313160896301269531
0.0000003342211414292250992730259895324707
0.0000000389460907967986713629215955734253
0.0000000036216794008225861034588888287544
0.0000000002537109133893267198800458572805
0.0000000000120117162744071137581158836838
0.0000000000002929687742403430661397578660
0.0000000000000000000000000000000000000000
0.0000000000000000000000000000000000000000
0.0000000000000000000000000000000000000000
0.0000000000000000000000000000000000000000
0.0000000000000000000000000000000000000000
0.0000000000000000000000000000000000000000
0.0000000000000000000000000000000000000000
0.0000000000000000000000000000000000000000
0.0000000000000000000000000000000000000000
0.0000000000000000000000000000000000000000
0.0000000000000000000000000000000000000000
0.0000000000000000000000000000000000000000
0.0000000000000000000000000000000000000000
0.0000000000000000000000000000000000000000
0.0000000000000000000000000000000000000000
0.0000000000000000000000000000000000000000
0.0000000000000000000000000000000000000000
0.0000000000000000000000000000000000000000
0.0000000000000000000000000000000000000000
0.0000000000000000000000000000000000000000
0.0000000000000000000000000000000000000000
0.0000000000000000000000000000000000000000
0.0000000000000000000000000000000000000000
0.0000000000000000000000000000000000000000
0.0000000000000000000000000000000000000000
0.0000000000000000000000000000000000000000
0.0000000000000000000000000000000000000000
0.0000000000000000000000000000000000000000
0.0000000000000000000000000000000000000000
0.0000000000000000000000000000000000000000
0.0000000000000000000000000000000000000000
0.0000000000000000000000000000000000000000
0.0000000000000000000000000000000000000000
0.0000000000000000000000000000000000000000
0.0000000000000000000000000000000000000000
0.0000000000000000000000000000000000000000
0.0000000000000000000000000000000000000000
0.0000000000000000000000000000000000000000
0.0000000000000000000000000000000000000000
0.0000000000000000000000000000000000000000
0.0000000000000000000000000000000000000000
0.0000000000000000000000000000000000000000
0.0000000000000000000000000000000000000000
0.0000000000000000000000000000000000000000
0.0000000000000000000000000000000000000000
0.0000000000000000000000000000000000000000
0.0000000000000000000000000000000000000000
0.0000000000000000000000000000000000000000
0.0000000000000000000000000000000000000000
0.0000000000000000000000000000000000000000
0.0000000000000000000000000000000000000000
0.0000000000000000000000000000000000000000
0.0000000000000000000000000000000000000000
0.0000000000000000000000000000000000000000
0.0000000000000000000000000000000000000000
0.0000000000000000000000000000000000000000
0.0000000000003906249510052944851068446042
0.0000000000160156245904152783054996689316
0.0000000003382812363561527035926701501012
0.0000000048289061638229213713202625513077
0.0000000519281222466361214173957705497742
0.0000004456281317288812715560197830200195
0.0000031617278182238806039094924926757812
0.0000189878446690272539854049682617187500
0.0000981327830231748521327972412109375000
0.0004417377640493214130401611328125000000
0.0017475892091169953346252441406250000000
0.0061179082840681076049804687500000000000
0.0190533939749002456665039062500000000000
0.0530087426304817199707031250000000000000
0.1322140097618103027343750000000000000000
0.2964563965797424316406250000000000000000
0.5997157096862792968750000000000000000000
1.0958619117736816406250000000000000000000
1.8265365362167358398437500000000000000000
2.7307894229888916015625000000000000000000
4.0000000000000000000000000000000000000000
4.0000000000000000000000000000000000000000
3.0000000000000000000000000000000000000000
3.0000000000000000000000000000000000000000
2.0480921268463134765625000000000000000000
1.3699026107788085937500000000000000000000
0.8218965530395507812500000000000000000000
0.4497868120670318603515625000000000000000
0.2223423421382904052734375000000000000000
0.0991605222225189208984375000000000000000
0.0397565625607967376708984375000000000000
0.0142900468781590461730957031250000000000
0.0045884316787123680114746093750000000000
0.0013106919359415769577026367187500000000
0.0003313033375889062881469726562500000000
0.0000735996000003069639205932617187500000
0.0000142408825922757387161254882812500000
0.0000023712957499810727313160896301269531
0.0000003342211414292250992730259895324707
0.0000000389460907967986713629215955734253
0.0000000036216794008225861034588888287544
0.0000000002537109133893267198800458572805
0.0000000000120117162744071137581158836838
0.0000000000002929687742403430661397578660
0.0000000000000000000000000000000000000000
0.0000000000000000000000000000000000000000
0.0000000000000000000000000000000000000000
0.0000000000000000000000000000000000000000
0.0000000000000000000000000000000000000000
0.0000000000000000000000000000000000000000
0.0000000000000000000000000000000000000000
0.0000000000000000000000000000000000000000
0.0000000000000000000000000000000000000000
0.0000000000000000000000000000000000000000
0.0000000000000000000000000000000000000000
0.0000000000000000000000000000000000000000
0.0000000000000000000000000000000000000000
0.0000000000000000000000000000000000000000
0.0000000000000000000000000000000000000000
0.0000000000000000000000000000000000000000
0.0000000000000000000000000000000000000000
0.0000000000000000000000000000000000000000
0.0000000000000000000000000000000000000000
0.0000000000000000000000000000000000000000
0.0000000000000000000000000000000000000000
0.0000000000000000000000000000000000000000
0.0000000000000000000000000000000000000000
0.0000000000000000000000000000000000000000
0.0000000000000000000000000000000000000000
0.0000000000000000000000000000000000000000
0.0000000000000000000000000000000000000000
0.0000000000000000000000000000000000000000
0.0000000000000000000000000000000000000000
0.0000000000000000000000000000000000000000
0.0000000000000000000000000000000000000000
0.0000000000000000000000000000000000000000
0.0000000000000000000000000000000000000000
0.0000000000000000000000000000000000000000
0.0000000000000000000000000000000000000000
0.0000000000000000000000000000000000000000
0.0000000000000000000000000000000000000000
0.0000000000000000000000000000000000000000
0.0000000000000000000000000000000000000000
0.0000000000000000000000000000000000000000
0.0000000000000000000000000000000000000000
0.0000000000000000000000000000000000000000
0.0000000000000000000000000000000000000000
0.0000000000000000000000000000000000000000
0.0000000000000000000000000000000000000000
0.0000000000000000000000000000000000000000
0.0000000000000000000000000000000000000000
0.0000000000000000000000000000000000000000
0.0000000000000000000000000000000000000000
0.0000000000000000000000000000000000000000
0.0000000000000000000000000000000000000000
0.0000000000000000000000000000000000000000
0.0000000000000000000000000000000000000000
0.0000000000000000000000000000000000000000
0.0000000000000000000000000000000000000000
0.0000000000000000000000000000000000000000
0.0000000000003906249510052944851068446042
0.0000000000160156245904152783054996689316
0.0000000003382812363561527035926701501012
0.0000000048289061638229213713202625513077
0.0000000519281222466361214173957705497742
0.0000004456281317288812715560197830200195
0.0000031617278182238806039094924926757812
0.0000189878446690272539854049682617187500
0.0000981327830231748521327972412109375000
0.0004417377640493214130401611328125000000
0.0017475892091169953346252441406250000000
0.0061179082840681076049804687500000000000
0.0190533939749002456665039062500000000000
0.0530087426304817199707031250000000000000
0.1322140097618103027343750000000000000000
0.2964563965797424316406250000000000000000
0.5997157096862792968750000000000000000000
1.0958619117736816406250000000000000000000
1.8265365362167358398437500000000000000000
2.7307894229888916015625000000000000000000
4.0000000000000000000000000000000000000000
4.0000000000000000000000000000000000000000
3.0000000000000000000000000000000000000000
3.0000000000000000000000000000000000000000
2.0480921268463134765625000000000000000000
1.3699026107788085937500000000000000000000
0.8218965530395507812500000000000000000000
0.4497868120670318603515625000000000000000
0.2223423421382904052734375000000000000000
0.0991605222225189208984375000000000000000
0.0397565625607967376708984375000000000000
0.0142900468781590461730957031250000000000
0.0045884316787123680114746093750000000000
0.0013106919359415769577026367187500000000
0.0003313033375889062881469726562500000000
0.0000735996000003069639205932617187500000
0.0000142408825922757387161254882812500000
0.0000023712957499810727313160896301269531
0.0000003342211414292250992730259895324707
0.0000000389460907967986713629215955734253
0.0000000036216794008225861034588888287544
0.0000000002537109133893267198800458572805
0.0000000000120117162744071137581158836838
0.0000000000002929687742403430661397578660
0.0000000000000000000000000000000000000000
0.0000000000000000000000000000000000000000
0.0000000000000000000000000000000000000000
0.0000000000000000000000000000000000000000
0.0000000000000000000000000000000000000000
0.0000000000000000000000000000000000000000
0.0000000000000000000000000000000000000000
0.0000000000000000000000000000000000000000
0.0000000000000000000000000000000000000000
0.0000000000000000000000000000000000000000
0.0000000000000000000000000000000000000000
0.0000000000000000000000000000000000000000
0.0000000000000000000000000000000000000000
0.0000000000000000000000000000000000000000
0.0000000000000000000000000000000000000000
0.0000000000000000000000000000000000000000
0.0000000000000000000000000000000000000000
0.0000000000000000000000000000000000000000
0.0000000000000000000000000000000000000000
0.0000000000000000000000000000000000000000
0.0000000000000000000000000000000000000000
0.0000000000000000000000000000000000000000
0.0000000000000000000000000000000000000000
0.0000000000000000000000000000000000000000
0.0000000000000000000000000000000000000000
0.0000000000000000000000000000000000000000
0.0000000000000000000000000000000000000000
0.0000000000000000000000000000000000000000
0.0000000000000000000000000000000000000000
0.0000000000000000000000000000000000000000
0.0000000000000000000000000000000000000000
0.0000000000000000000000000000000000000000
0.0000000000000000000000000000000000000000
0.0000000000000000000000000000000000000000
0.0000000000000000000000000000000000000000
0.0000000000000000000000000000000000000000
0.0000000000000000000000000000000000000000
0.0000000000000000000000000000000000000000
0.0000000000000000000000000000000000000000
0.0000000000000000000000000000000000000000
0.0000000000000000000000000000000000000000
0.0000000000000000000000000000000000000000
0.0000000000000000000000000000000000000000
0.0000000000000000000000000000000000000000
0.0000000000000000000000000000000000000000
0.0000000000000000000000000000000000000000
0.0000000000000000000000000000000000000000
0.0000000000000000000000000000000000000000
0.0000000000000000000000000000000000000000
0.0000000000000000000000000000000000000000
0.0000000000000000000000000000000000000000
0.0000000000000000000000000000000000000000
0.0000000000000000000000000000000000000000
0.0000000000000000000000000000000000000000
0.0000000000000000000000000000000000000000
0.0000000000000000000000000000000000000000
0.0000000000003906249510052944851068446042
0.0000000000160156245904152783054996689316
0.0000000003382812363561527035926701501012
0.0000000048289061638229213713202625513077
0.0000000519281222466361214173957705497742
0.0000004456281317288812715560197830200195
0.0000031617278182238806039094924926757812
0.0000189878446690272539854049682617187500
0.0000981327830231748521327972412109375000
0.0004417377640493214130401611328125000000
0.0017475892091169953346252441406250000000
0.0061179082840681076049804687500000000000
0.0190533939749002456665039062500000000000
0.0530087426304817199707031250000000000000
0.1322140097618103027343750000000000000000
0.2964563965797424316406250000000000000000
0.5997157096862792968750000000000000000000
1.0958619117736816406250000000000000000000
1.8265365362167358398437500000000000000000
2.7307894229888916015625000000000000000000
4.0000000000000000000000000000000000000000
4.0000000000000000000000000000000000000000
3.0000000000000000000000000000000000000000
3.0000000000000000000000000000000000000000
2.0480921268463134765625000000000000000000
1.3699026107788085937500000000000000000000
0.8218965530395507812500000000000000000000
0.4497868120670318603515625000000000000000
0.2223423421382904052734375000000000000000
0.0991605222225189208984375000000000000000
0.0397565625607967376708984375000000000000
0.0142900468781590461730957031250000000000
0.0045884316787123680114746093750000000000
0.0013106919359415769577026367187500000000
0.0003313033375889062881469726562500000000
0.0000735996000003069639205932617187500000
0.0000142408825922757387161254882812500000
0.0000023712957499810727313160896301269531
0.0000003342211414292250992730259895324707
0.0000000389460907967986713629215955734253
0.0000000036216794008225861034588888287544
0.0000000002537109133893267198800458572805
0.0000000000120117162744071137581158836838
0.0000000000002929687742403430661397578660
0.0000000000000000000000000000000000000000
0.0000000000000000000000000000000000000000
0.0000000000000000000000000000000000000000
0.0000000000000000000000000000000000000000
0.0000000000000000000000000000000000000000
0.0000000000000000000000000000000000000000
0.0000000000000000000000000000000000000000
0.0000000000000000000000000000000000000000
0.0000000000000000000000000000000000000000
0.0000000000000000000000000000000000000000
0.0000000000000000000000000000000000000000
0.0000000000000000000000000000000000000000
0.0000000000000000000000000000000000000000
0.0000000000000000000000000000000000000000
0.0000000000000000000000000000000000000000
0.0000000000000000000000000000000000000000
0.0000000000000000000000000000000000000000
0.0000000000000000000000000000000000000000
0.0000000000000000000000000000000000000000
0.0000000000000000000000000000000000000000
0.0000000000000000000000000000000000000000
0.0000000000000000000000000000000000000000
0.0000000000000000000000000000000000000000
0.0000000000000000000000000000000000000000
0.0000000000000000000000000000000000000000
0.0000000000000000000000000000000000000000
0.0000000000000000000000000000000000000000
0.0000000000000000000000000000000000000000
0.0000000000000000000000000000000000000000
0.0000000000000000000000000000000000000000
0.0000000000000000000000000000000000000000
0.0000000000000000000000000000000000000000
0.0000000000000000000000000000000000000000
0.0000000000000000000000000000000000000000
0.0000000000000000000000000000000000000000
0.0000000000000000000000000000000000000000
0.0000000000000000000000000000000000000000
0.0000000000000000000000000000000000000000
0.0000000000000000000000000000000000000000
0.0000000000000000000000000000000000000000
0.0000000000000000000000000000000000000000
0.0000000000000000000000000000000000000000
0.0000000000000000000000000000000000000000
0.0000000000000000000000000000000000000000
0.0000000000000000000000000000000000000000
0.0000000000000000000000000000000000000000
0.0000000000000000000000000000000000000000
0.0000000000000000000000000000000000000000
0.0000000000000000000000000000000000000000
0.0000000000000000000000000000000000000000
0.0000000000000000000000000000000000000000
0.0000000000000000000000000000000000000000
0.0000000000000000000000000000000000000000
0.0000000000000000000000000000000000000000
0.0000000000000000000000000000000000000000
0.0000000000000000000000000000000000000000
0.0000000000003906249510052944851068446042
0.0000000000160156245904152783054996689316
0.0000000003382812363561527035926701501012
0.0000000048289061638229213713202625513077
0.0000000519281222466361214173957705497742
0.0000004456281317288812715560197830200195
0.0000031617278182238806039094924926757812
0.0000189878446690272539854049682617187500
0.0000981327830231748521327972412109375000
0.0004417377640493214130401611328125000000
0.0017475892091169953346252441406250000000
0.0061179082840681076049804687500000000000
0.0190533939749002456665039062500000000000
0.0530087426304817199707031250000000000000
0.1322140097618103027343750000000000000000
0.2964563965797424316406250000000000000000
0.5997157096862792968750000000000000000000
1.0958619117736816406250000000000000000000
1.8265365362167358398437500000000000000000
2.7307894229888916015625000000000000000000
4.0000000000000000000000000000000000000000
4.0000000000000000000000000000000000000000
3.0000000000000000000000000000000000000000
3.0000000000000000000000000000000000000000
2.0480921268463134765625000000000000000000
1.3699026107788085937500000000000000000000
0.8218965530395507812500000000000000000000
0.4497868120670318603515625000000000000000
0.2223423421382904052734375000000000000000
0.0991605222225189208984375000000000000000
0.0397565625607967376708984375000000000000
0.0142900468781590461730957031250000000000
0.0045884316787123680114746093750000000000
0.0013106919359415769577026367187500000000
0.0003313033375889062881469726562500000000
0.0000735996000003069639205932617187500000
0.0000142408825922757387161254882812500000
0.0000023712957499810727313160896301269531
0.0000003342211414292250992730259895324707
0.0000000389460907967986713629215955734253
0.0000000036216794008225861034588888287544
0.0000000002537109133893267198800458572805
0.0000000000120117162744071137581158836838
0.0000000000002929687742403430661397578660
0.0000000000000000000000000000000000000000
0.0000000000000000000000000000000000000000
0.0000000000000000000000000000000000000000
0.0000000000000000000000000000000000000000
0.0000000000000000000000000000000000000000
0.0000000000000000000000000000000000000000
0.0000000000000000000000000000000000000000
0.0000000000000000000000000000000000000000
0.0000000000000000000000000000000000000000
0.0000000000000000000000000000000000000000
0.0000000000000000000000000000000000000000
0.0000000000000000000000000000000000000000
0.0000000000000000000000000000000000000000
0.0000000000000000000000000000000000000000
0.0000000000000000000000000000000000000000
0.0000000000000000000000000000000000000000
0.0000000000000000000000000000000000000000
0.0000000000000000000000000000000000000000
0.0000000000000000000000000000000000000000
0.0000000000000000000000000000000000000000
0.0000000000000000000000000000000000000000
0.0000000000000000000000000000000000000000
0.0000000000000000000000000000000000000000
0.0000000000000000000000000000000000000000
0.0000000000000000000000000000000000000000
0.0000000000000000000000000000000000000000
0.0000000000000000000000000000000000000000
0.0000000000000000000000000000000000000000
0.0000000000000000000000000000000000000000
0.0000000000000000000000000000000000000000
0.0000000000000000000000000000000000000000
0.0000000000000000000000000000000000000000
0.0000000000000000000000000000000000000000
0.0000000000000000000000000000000000000000
0.0000000000000000000000000000000000000000
0.0000000000000000000000000000000000000000
0.0000000000000000000000000000000000000000
0.0000000000000000000000000000000000000000
0.0000000000000000000000000000000000000000
0.0000000000000000000000000000000000000000
0.0000000000000000000000000000000000000000
0.0000000000000000000000000000000000000000
0.0000000000000000000000000000000000000000
0.0000000000000000000000000000000000000000
0.0000000000000000000000000000000000000000
0.0000000000000000000000000000000000000000
0.0000000000000000000000000000000000000000
0.0000000000000000000000000000000000000000
0.0000000000000000000000000000000000000000
0.0000000000000000000000000000000000000000
0.0000000000000000000000000000000000000000
0.0000000000000000000000000000000000000000
0.0000000000000000000000000000000000000000
0.0000000000000000000000000000000000000000
0.0000000000000000000000000000000000000000
0.0000000000000000000000000000000000000000
0.0000000000003906249510052944851068446042
0.0000000000160156245904152783054996689316
0.0000000003382812363561527035926701501012
0.0000000048289061638229213713202625513077
0.0000000519281222466361214173957705497742
0.0000004456281317288812715560197830200195
0.0000031617278182238806039094924926757812
0.0000189878446690272539854049682617187500
0.0000981327830231748521327972412109375000
0.0004417377640493214130401611328125000000
0.0017475892091169953346252441406250000000
0.0061179082840681076049804687500000000000
0.0190533939749002456665039062500000000000
0.0530087426304817199707031250000000000000
0.1322140097618103027343750000000000000000
0.2964563965797424316406250000000000000000
0.5997157096862792968750000000000000000000
1.0958619117736816406250000000000000000000
1.8265365362167358398437500000000000000000
2.7307894229888916015625000000000000000000
4.0000000000000000000000000000000000000000
4.0000000000000000000000000000000000000000
3.0000000000000000000000000000000000000000
3.0000000000000000000000000000000000000000
2.0480921268463134765625000000000000000000
1.3699026107788085937500000000000000000000
0.8218965530395507812500000000000000000000
0.4497868120670318603515625000000000000000
0.2223423421382904052734375000000000000000
0.0991605222225189208984375000000000000000
0.0397565625607967376708984375000000000000
0.0142900468781590461730957031250000000000
0.0045884316787123680114746093750000000000
0.0013106919359415769577026367187500000000
0.0003313033375889062881469726562500000000
0.0000735996000003069639205932617187500000
0.0000142408825922757387161254882812500000
0.0000023712957499810727313160896301269531
0.0000003342211414292250992730259895324707
0.0000000389460907967986713629215955734253
0.0000000036216794008225861034588888287544
0.0000000002537109133893267198800458572805
0.0000000000120117162744071137581158836838
0.0000000000002929687742403430661397578660
0.0000000000000000000000000000000000000000
0.0000000000000000000000000000000000000000
0.0000000000000000000000000000000000000000
0.0000000000000000000000000000000000000000
0.0000000000000000000000000000000000000000
0.0000000000000000000000000000000000000000
0.0000000000000000000000000000000000000000
0.0000000000000000000000000000000000000000
0.0000000000000000000000000000000000000000
0.0000000000000000000000000000000000000000
0.0000000000000000000000000000000000000000
0.0000000000000000000000000000000000000000
0.0000000000000000000000000000000000000000
0.0000000000000000000000000000000000000000
0.0000000000000000000000000000000000000000
0.0000000000000000000000000000000000000000
0.0000000000000000000000000000000000000000
0.0000000000000000000000000000000000000000
0.0000000000000000000000000000000000000000
0.0000000000000000000000000000000000000000
0.0000000000000000000000000000000000000000
0.0000000000000000000000000000000000000000
0.0000000000000000000000000000000000000000
0.0000000000000000000000000000000000000000
0.0000000000000000000000000000000000000000
0.0000000000000000000000000000000000000000
0.0000000000000000000000000000000000000000
0.0000000000000000000000000000000000000000
0.0000000000000000000000000000000000000000
0.0000000000000000000000000000000000000000
0.0000000000000000000000000000000000000000
0.0000000000000000000000000000000000000000
0.0000000000000000000000000000000000000000
0.0000000000000000000000000000000000000000
0.0000000000000000000000000000000000000000
0.0000000000000000000000000000000000000000
0.0000000000000000000000000000000000000000
0.0000000000000000000000000000000000000000
0.0000000000000000000000000000000000000000
0.0000000000000000000000000000000000000000
0.0000000000000000000000000000000000000000
0.0000000000000000000000000000000000000000
0.0000000000000000000000000000000000000000
0.0000000000000000000000000000000000000000
0.0000000000000000000000000000000000000000
0.0000000000000000000000000000000000000000
0.0000000000000000000000000000000000000000
0.0000000000000000000000000000000000000000
0.0000000000000000000000000000000000000000
0.0000000000000000000000000000000000000000
0.0000000000000000000000000000000000000000
0.0000000000000000000000000000000000000000
0.0000000000000000000000000000000000000000
0.0000000000000000000000000000000000000000
0.0000000000000000000000000000000000000000
0.0000000000000000000000000000000000000000
0.0000000000003906249510052944851068446042
0.0000000000160156245904152783054996689316
0.0000000003382812363561527035926701501012
0.0000000048289061638229213713202625513077
0.0000000519281222466361214173957705497742
0.0000004456281317288812715560197830200195
0.0000031617278182238806039094924926757812
0.0000189878446690272539854049682617187500
0.0000981327830231748521327972412109375000
0.0004417377640493214130401611328125000000
0.0017475892091169953346252441406250000000
0.0061179082840681076049804687500000000000
0.0190533939749002456665039062500000000000
0.0530087426304817199707031250000000000000
0.1322140097618103027343750000000000000000
0.2964563965797424316406250000000000000000
0.5997157096862792968750000000000000000000
1.0958619117736816406250000000000000000000
1.8265365362167358398437500000000000000000
2.7307894229888916015625000000000000000000
4.0000000000000000000000000000000000000000
4.0000000000000000000000000000000000000000
3.0000000000000000000000000000000000000000
3.0000000000000000000000000000000000000000
2.0480921268463134765625000000000000000000
1.3699026107788085937500000000000000000000
0.8218965530395507812500000000000000000000
0.4497868120670318603515625000000000000000
0.2223423421382904052734375000000000000000
0.0991605222225189208984375000000000000000
0.0397565625607967376708984375000000000000
0.0142900468781590461730957031250000000000
0.0045884316787123680114746093750000000000
0.0013106919359415769577026367187500000000
0.0003313033375889062881469726562500000000
0.0000735996000003069639205932617187500000
0.0000142408825922757387161254882812500000
0.0000023712957499810727313160896301269531
0.0000003342211414292250992730259895324707
0.0000000389460907967986713629215955734253
0.0000000036216794008225861034588888287544
0.0000000002537109133893267198800458572805
0.0000000000120117162744071137581158836838
0.0000000000002929687742403430661397578660
0.0000000000000000000000000000000000000000
0.0000000000000000000000000000000000000000
0.0000000000000000000000000000000000000000
0.0000000000000000000000000000000000000000
0.0000000000000000000000000000000000000000
0.0000000000000000000000000000000000000000
0.0000000000000000000000000000000000000000
0.0000000000000000000000000000000000000000
0.0000000000000000000000000000000000000000
0.0000000000000000000000000000000000000000
0.0000000000000000000000000000000000000000
0.0000000000000000000000000000000000000000
0.0000000000000000000000000000000000000000
0.0000000000000000000000000000000000000000
0.0000000000000000000000000000000000000000
0.0000000000000000000000000000000000000000
0.0000000000000000000000000000000000000000
0.0000000000000000000000000000000000000000
0.0000000000000000000000000000000000000000
0.0000000000000000000000000000000000000000
0.0000000000000000000000000000000000000000
0.0000000000000000000000000000000000000000
0.0000000000000000000000000000000000000000
0.0000000000000000000000000000000000000000
0.0000000000000000000000000000000000000000
0.0000000000000000000000000000000000000000
0.0000000000000000000000000000000000000000
0.0000000000000000000000000000000000000000
0.0000000000000000000000000000000000000000
0.0000000000000000000000000000000000000000
0.0000000000000000000000000000000000000000
0.0000000000000000000000000000000000000000
0.0000000000000000000000000000000000000000
0.0000000000000000000000000000000000000000
0.0000000000000000000000000000000000000000
0.0000000000000000000000000000000000000000
0.0000000000000000000000000000000000000000
0.0000000000000000000000000000000000000000
0.0000000000000000000000000000000000000000
0.0000000000000000000000000000000000000000
0.0000000000000000000000000000000000000000
0.0000000000000000000000000000000000000000
0.0000000000000000000000000000000000000000
0.0000000000000000000000000000000000000000
0.0000000000000000000000000000000000000000
0.0000000000000000000000000000000000000000
0.0000000000000000000000000000000000000000
0.0000000000000000000000000000000000000000
0.0000000000000000000000000000000000000000
0.0000000000000000000000000000000000000000
0.0000000000000000000000000000000000000000
0.0000000000000000000000000000000000000000
0.0000000000000000000000000000000000000000
0.0000000000000000000000000000000000000000
0.0000000000000000000000000000000000000000
0.0000000000000000000000000000000000000000
0.0000000000003906249510052944851068446042
0.0000000000160156245904152783054996689316
0.0000000003382812363561527035926701501012
0.0000000048289061638229213713202625513077
0.0000000519281222466361214173957705497742
0.0000004456281317288812715560197830200195
0.0000031617278182238806039094924926757812
0.0000189878446690272539854049682617187500
0.0000981327830231748521327972412109375000
0.0004417377640493214130401611328125000000
0.0017475892091169953346252441406250000000
0.0061179082840681076049804687500000000000
0.0190533939749002456665039062500000000000
0.0530087426304817199707031250000000000000
0.1322140097618103027343750000000000000000
0.2964563965797424316406250000000000000000
0.5997157096862792968750000000000000000000
1.0958619117736816406250000000000000000000
1.8265365362167358398437500000000000000000
2.7307894229888916015625000000000000000000
4.0000000000000000000000000000000000000000
4.0000000000000000000000000000000000000000
3.0000000000000000000000000000000000000000
3.0000000000000000000000000000000000000000
2.0480921268463134765625000000000000000000
1.3699026107788085937500000000000000000000
0.8218965530395507812500000000000000000000
0.4497868120670318603515625000000000000000
0.2223423421382904052734375000000000000000
0.0991605222225189208984375000000000000000
0.0397565625607967376708984375000000000000
0.0142900468781590461730957031250000000000
0.0045884316787123680114746093750000000000
0.0013106919359415769577026367187500000000
0.0003313033375889062881469726562500000000
0.0000735996000003069639205932617187500000
0.0000142408825922757387161254882812500000
0.0000023712957499810727313160896301269531
0.0000003342211414292250992730259895324707
0.0000000389460907967986713629215955734253
0.0000000036216794008225861034588888287544
0.0000000002537109133893267198800458572805
0.0000000000120117162744071137581158836838
0.0000000000002929687742403430661397578660
0.0000000000000000000000000000000000000000
0.0000000000000000000000000000000000000000
0.0000000000000000000000000000000000000000
0.0000000000000000000000000000000000000000
0.0000000000000000000000000000000000000000
0.0000000000000000000000000000000000000000
0.0000000000000000000000000000000000000000
0.0000000000000000000000000000000000000000
0.0000000000000000000000000000000000000000
0.0000000000000000000000000000000000000000
0.0000000000000000000000000000000000000000
0.0000000000000000000000000000000000000000
0.0000000000000000000000000000000000000000
0.0000000000000000000000000000000000000000
0.0000000000000000000000000000000000000000
0.0000000000000000000000000000000000000000
0.0000000000000000000000000000000000000000
0.0000000000000000000000000000000000000000
0.0000000000000000000000000000000000000000
0.0000000000000000000000000000000000000000
0.0000000000000000000000000000000000000000
0.0000000000000000000000000000000000000000
0.0000000000000000000000000000000000000000
0.0000000000000000000000000000000000000000
0.0000000000000000000000000000000000000000
0.0000000000000000000000000000000000000000
0.0000000000000000000000000000000000000000
0.0000000000000000000000000000000000000000
0.0000000000000000000000000000000000000000
0.0000000000000000000000000000000000000000
0.0000000000000000000000000000000000000000
0.0000000000000000000000000000000000000000
0.0000000000000000000000000000000000000000
0.0000000000000000000000000000000000000000
0.0000000000000000000000000000000000000000
0.0000000000000000000000000000000000000000
0.0000000000000000000000000000000000000000
0.0000000000000000000000000000000000000000
0.0000000000000000000000000000000000000000
0.0000000000000000000000000000000000000000
0.0000000000000000000000000000000000000000
0.0000000000000000000000000000000000000000
0.0000000000000000000000000000000000000000
0.0000000000000000000000000000000000000000
0.0000000000000000000000000000000000000000
0.0000000000000000000000000000000000000000
0.0000000000000000000000000000000000000000
0.0000000000000000000000000000000000000000
0.0000000000000000000000000000000000000000
0.0000000000000000000000000000000000000000
0.0000000000000000000000000000000000000000
0.0000000000000000000000000000000000000000
0.0000000000000000000000000000000000000000
0.0000000000000000000000000000000000000000
0.0000000000000000000000000000000000000000
0.0000000000000000000000000000000000000000
0.0000000000003906249510052944851068446042
0.0000000000160156245904152783054996689316
0.0000000003382812363561527035926701501012
0.0000000048289061638229213713202625513077
0.0000000519281222466361214173957705497742
0.0000004456281317288812715560197830200195
0.0000031617278182238806039094924926757812
0.0000189878446690272539854049682617187500
0.0000981327830231748521327972412109375000
0.0004417377640493214130401611328125000000
0.0017475892091169953346252441406250000000
0.0061179082840681076049804687500000000000
0.0190533939749002456665039062500000000000
0.0530087426304817199707031250000000000000
0.1322140097618103027343750000000000000000
0.2964563965797424316406250000000000000000
0.5997157096862792968750000000000000000000
1.0958619117736816406250000000000000000000
1.8265365362167358398437500000000000000000
2.7307894229888916015625000000000000000000
4.0000000000000000000000000000000000000000
4.0000000000000000000000000000000000000000
3.0000000000000000000000000000000000000000
3.0000000000000000000000000000000000000000
2.0480921268463134765625000000000000000000
1.3699026107788085937500000000000000000000
0.8218965530395507812500000000000000000000
0.4497868120670318603515625000000000000000
0.2223423421382904052734375000000000000000
0.0991605222225189208984375000000000000000
0.0397565625607967376708984375000000000000
0.0142900468781590461730957031250000000000
0.0045884316787123680114746093750000000000
0.0013106919359415769577026367187500000000
0.0003313033375889062881469726562500000000
0.0000735996000003069639205932617187500000
0.0000142408825922757387161254882812500000
0.0000023712957499810727313160896301269531
0.0000003342211414292250992730259895324707
0.0000000389460907967986713629215955734253
0.0000000036216794008225861034588888287544
0.0000000002537109133893267198800458572805
0.0000000000120117162744071137581158836838
0.0000000000002929687742403430661397578660
0.0000000000000000000000000000000000000000
0.0000000000000000000000000000000000000000
0.0000000000000000000000000000000000000000
0.0000000000000000000000000000000000000000
0.0000000000000000000000000000000000000000
0.0000000000000000000000000000000000000000
0.0000000000000000000000000000000000000000
0.0000000000000000000000000000000000000000
0.0000000000000000000000000000000000000000
0.0000000000000000000000000000000000000000
0.0000000000000000000000000000000000000000
0.0000000000000000000000000000000000000000
0.0000000000000000000000000000000000000000
0.0000000000000000000000000000000000000000
0.0000000000000000000000000000000000000000
0.0000000000000000000000000000000000000000
0.0000000000000000000000000000000000000000
0.0000000000000000000000000000000000000000
0.0000000000000000000000000000000000000000
0.0000000000000000000000000000000000000000
0.0000000000000000000000000000000000000000
0.0000000000000000000000000000000000000000
0.0000000000000000000000000000000000000000
0.0000000000000000000000000000000000000000
0.0000000000000000000000000000000000000000
0.0000000000000000000000000000000000000000
0.0000000000000000000000000000000000000000
0.0000000000000000000000000000000000000000
0.0000000000000000000000000000000000000000
0.0000000000000000000000000000000000000000
0.0000000000000000000000000000000000000000
0.0000000000000000000000000000000000000000
0.0000000000000000000000000000000000000000
0.0000000000000000000000000000000000000000
0.0000000000000000000000000000000000000000
0.0000000000000000000000000000000000000000
0.0000000000000000000000000000000000000000
0.0000000000000000000000000000000000000000
0.0000000000000000000000000000000000000000
0.0000000000000000000000000000000000000000
0.0000000000000000000000000000000000000000
0.0000000000000000000000000000000000000000
0.0000000000000000000000000000000000000000
0.0000000000000000000000000000000000000000
0.0000000000000000000000000000000000000000
0.0000000000000000000000000000000000000000
0.0000000000000000000000000000000000000000
0.0000000000000000000000000000000000000000
0.0000000000000000000000000000000000000000
0.0000000000000000000000000000000000000000
0.0000000000000000000000000000000000000000
0.0000000000000000000000000000000000000000
0.0000000000000000000000000000000000000000
0.0000000000000000000000000000000000000000
0.0000000000000000000000000000000000000000
0.0000000000000000000000000000000000000000
0.0000000000003906249510052944851068446042
0.0000000000160156245904152783054996689316
0.0000000003382812363561527035926701501012
0.0000000048289061638229213713202625513077
0.0000000519281222466361214173957705497742
0.0000004456281317288812715560197830200195
0.0000031617278182238806039094924926757812
0.0000189878446690272539854049682617187500
0.0000981327830231748521327972412109375000
0.0004417377640493214130401611328125000000
0.0017475892091169953346252441406250000000
0.0061179082840681076049804687500000000000
0.0190533939749002456665039062500000000000
0.0530087426304817199707031250000000000000
0.1322140097618103027343750000000000000000
0.2964563965797424316406250000000000000000
0.5997157096862792968750000000000000000000
1.0958619117736816406250000000000000000000
1.8265365362167358398437500000000000000000
2.7307894229888916015625000000000000000000
4.0000000000000000000000000000000000000000
4.0000000000000000000000000000000000000000
3.0000000000000000000000000000000000000000
3.0000000000000000000000000000000000000000
2.0480921268463134765625000000000000000000
1.3699026107788085937500000000000000000000
0.8218965530395507812500000000000000000000
0.4497868120670318603515625000000000000000
0.2223423421382904052734375000000000000000
0.0991605222225189208984375000000000000000
0.0397565625607967376708984375000000000000
0.0142900468781590461730957031250000000000
0.0045884316787123680114746093750000000000
0.0013106919359415769577026367187500000000
0.0003313033375889062881469726562500000000
0.0000735996000003069639205932617187500000
0.0000142408825922757387161254882812500000
0.0000023712957499810727313160896301269531
0.0000003342211414292250992730259895324707
0.0000000389460907967986713629215955734253
0.0000000036216794008225861034588888287544
0.0000000002537109133893267198800458572805
0.0000000000120117162744071137581158836838
0.0000000000002929687742403430661397578660
0.0000000000000000000000000000000000000000
0.0000000000000000000000000000000000000000
0.0000000000000000000000000000000000000000
0.0000000000000000000000000000000000000000
0.0000000000000000000000000000000000000000
0.0000000000000000000000000000000000000000
0.0000000000000000000000000000000000000000
0.0000000000000000000000000000000000000000
0.0000000000000000000000000000000000000000
0.0000000000000000000000000000000000000000
0.0000000000000000000000000000000000000000
0.0000000000000000000000000000000000000000
0.0000000000000000000000000000000000000000
0.0000000000000000000000000000000000000000
0.0000000000000000000000000000000000000000
0.0000000000000000000000000000000000000000
0.0000000000000000000000000000000000000000
0.0000000000000000000000000000000000000000
0.0000000000000000000000000000000000000000
0.0000000000000000000000000000000000000000
0.0000000000000000000000000000000000000000
0.0000000000000000000000000000000000000000
0.0000000000000000000000000000000000000000
0.0000000000000000000000000000000000000000
0.0000000000000000000000000000000000000000
0.0000000000000000000000000000000000000000
0.0000000000000000000000000000000000000000
0.0000000000000000000000000000000000000000
0.0000000000000000000000000000000000000000
0.0000000000000000000000000000000000000000
0.0000000000000000000000000000000000000000
0.0000000000000000000000000000000000000000
0.0000000000000000000000000000000000000000
0.0000000000000000000000000000000000000000
0.0000000000000000000000000000000000000000
0.0000000000000000000000000000000000000000
0.0000000000000000000000000000000000000000
0.0000000000000000000000000000000000000000
0.0000000000000000000000000000000000000000
0.0000000000000000000000000000000000000000
0.0000000000000000000000000000000000000000
0.0000000000000000000000000000000000000000
0.0000000000000000000000000000000000000000
0.0000000000000000000000000000000000000000
0.0000000000000000000000000000000000000000
0.0000000000000000000000000000000000000000
0.0000000000000000000000000000000000000000
0.0000000000000000000000000000000000000000
0.0000000000000000000000000000000000000000
0.0000000000000000000000000000000000000000
0.0000000000000000000000000000000000000000
0.0000000000000000000000000000000000000000
0.0000000000000000000000000000000000000000
0.0000000000000000000000000000000000000000
0.0000000000000000000000000000000000000000
0.0000000000000000000000000000000000000000
0.0000000000003906249510052944851068446042
0.0000000000160156245904152783054996689316
0.0000000003382812363561527035926701501012
0.0000000048289061638229213713202625513077
0.0000000519281222466361214173957705497742
0.0000004456281317288812715560197830200195
0.0000031617278182238806039094924926757812
0.0000189878446690272539854049682617187500
0.0000981327830231748521327972412109375000
0.0004417377640493214130401611328125000000
0.0017475892091169953346252441406250000000
0.0061179082840681076049804687500000000000
0.0190533939749002456665039062500000000000
0.0530087426304817199707031250000000000000
0.1322140097618103027343750000000000000000
0.2964563965797424316406250000000000000000
0.5997157096862792968750000000000000000000
1.0958619117736816406250000000000000000000
1.8265365362167358398437500000000000000000
2.7307894229888916015625000000000000000000
4.0000000000000000000000000000000000000000
4.0000000000000000000000000000000000000000
3.0000000000000000000000000000000000000000
3.0000000000000000000000000000000000000000
2.0480921268463134765625000000000000000000
1.3699026107788085937500000000000000000000
0.8218965530395507812500000000000000000000
0.4497868120670318603515625000000000000000
0.2223423421382904052734375000000000000000
0.0991605222225189208984375000000000000000
0.0397565625607967376708984375000000000000
0.0142900468781590461730957031250000000000
0.0045884316787123680114746093750000000000
0.0013106919359415769577026367187500000000
0.0003313033375889062881469726562500000000
0.0000735996000003069639205932617187500000
0.0000142408825922757387161254882812500000
0.0000023712957499810727313160896301269531
0.0000003342211414292250992730259895324707
0.0000000389460907967986713629215955734253
0.0000000036216794008225861034588888287544
0.0000000002537109133893267198800458572805
0.0000000000120117162744071137581158836838
0.0000000000002929687742403430661397578660
0.0000000000000000000000000000000000000000
0.0000000000000000000000000000000000000000
0.0000000000000000000000000000000000000000
0.0000000000000000000000000000000000000000
0.0000000000000000000000000000000000000000
0.0000000000000000000000000000000000000000
0.0000000000000000000000000000000000000000
0.0000000000000000000000000000000000000000
0.0000000000000000000000000000000000000000
0.0000000000000000000000000000000000000000
0.0000000000000000000000000000000000000000
0.0000000000000000000000000000000000000000
0.0000000000000000000000000000000000000000
0.0000000000000000000000000000000000000000
0.0000000000000000000000000000000000000000
0.0000000000000000000000000000000000000000
0.0000000000000000000000000000000000000000
0.0000000000000000000000000000000000000000
0.0000000000000000000000000000000000000000
0.0000000000000000000000000000000000000000
0.0000000000000000000000000000000000000000
0.0000000000000000000000000000000000000000
0.0000000000000000000000000000000000000000
0.0000000000000000000000000000000000000000
0.0000000000000000000000000000000000000000
0.0000000000000000000000000000000000000000
0.0000000000000000000000000000000000000000
0.0000000000000000000000000000000000000000
0.0000000000000000000000000000000000000000
0.0000000000000000000000000000000000000000
0.0000000000000000000000000000000000000000
0.0000000000000000000000000000000000000000
0.0000000000000000000000000000000000000000
0.0000000000000000000000000000000000000000
0.0000000000000000000000000000000000000000
0.0000000000000000000000000000000000000000
0.0000000000000000000000000000000000000000
0.0000000000000000000000000000000000000000
0.0000000000000000000000000000000000000000
0.0000000000000000000000000000000000000000
0.0000000000000000000000000000000000000000
0.0000000000000000000000000000000000000000
0.0000000000000000000000000000000000000000
0.0000000000000000000000000000000000000000
0.0000000000000000000000000000000000000000
0.0000000000000000000000000000000000000000
0.0000000000000000000000000000000000000000
0.0000000000000000000000000000000000000000
0.0000000000000000000000000000000000000000
0.0000000000000000000000000000000000000000
0.0000000000000000000000000000000000000000
0.0000000000000000000000000000000000000000
0.0000000000000000000000000000000000000000
0.0000000000000000000000000000000000000000
0.0000000000000000000000000000000000000000
0.0000000000000000000000000000000000000000
0.0000000000003906249510052944851068446042
0.0000000000160156245904152783054996689316
0.0000000003382812363561527035926701501012
0.0000000048289061638229213713202625513077
0.0000000519281222466361214173957705497742
0.0000004456281317288812715560197830200195
0.0000031617278182238806039094924926757812
0.0000189878446690272539854049682617187500
0.0000981327830231748521327972412109375000
0.0004417377640493214130401611328125000000
0.0017475892091169953346252441406250000000
0.0061179082840681076049804687500000000000
0.0190533939749002456665039062500000000000
0.0530087426304817199707031250000000000000
0.1322140097618103027343750000000000000000
0.2964563965797424316406250000000000000000
0.5997157096862792968750000000000000000000
1.0958619117736816406250000000000000000000
1.8265365362167358398437500000000000000000
2.7307894229888916015625000000000000000000
4.0000000000000000000000000000000000000000
4.0000000000000000000000000000000000000000
3.0000000000000000000000000000000000000000
3.0000000000000000000000000000000000000000
2.0480921268463134765625000000000000000000
1.3699026107788085937500000000000000000000
0.8218965530395507812500000000000000000000
0.4497868120670318603515625000000000000000
0.2223423421382904052734375000000000000000
0.0991605222225189208984375000000000000000
0.0397565625607967376708984375000000000000
0.0142900468781590461730957031250000000000
0.0045884316787123680114746093750000000000
0.0013106919359415769577026367187500000000
0.0003313033375889062881469726562500000000
0.0000735996000003069639205932617187500000
0.0000142408825922757387161254882812500000
0.0000023712957499810727313160896301269531
0.0000003342211414292250992730259895324707
0.0000000389460907967986713629215955734253
0.0000000036216794008225861034588888287544
0.0000000002537109133893267198800458572805
0.0000000000120117162744071137581158836838
0.0000000000002929687742403430661397578660
0.0000000000000000000000000000000000000000
0.0000000000000000000000000000000000000000
0.0000000000000000000000000000000000000000
0.0000000000000000000000000000000000000000
0.0000000000000000000000000000000000000000
0.0000000000000000000000000000000000000000
0.0000000000000000000000000000000000000000
0.0000000000000000000000000000000000000000
0.0000000000000000000000000000000000000000
0.0000000000000000000000000000000000000000
0.0000000000000000000000000000000000000000
0.0000000000000000000000000000000000000000
0.0000000000000000000000000000000000000000
0.0000000000000000000000000000000000000000
0.0000000000000000000000000000000000000000
0.0000000000000000000000000000000000000000
0.0000000000000000000000000000000000000000
0.0000000000000000000000000000000000000000
0.0000000000000000000000000000000000000000
0.0000000000000000000000000000000000000000
0.0000000000000000000000000000000000000000
0.0000000000000000000000000000000000000000
0.0000000000000000000000000000000000000000
0.0000000000000000000000000000000000000000
0.0000000000000000000000000000000000000000
0.0000000000000000000000000000000000000000
0.0000000000000000000000000000000000000000
0.0000000000000000000000000000000000000000
0.0000000000000000000000000000000000000000
0.0000000000000000000000000000000000000000
0.0000000000000000000000000000000000000000
0.0000000000000000000000000000000000000000
0.0000000000000000000000000000000000000000
0.0000000000000000000000000000000000000000
0.0000000000000000000000000000000000000000
0.0000000000000000000000000000000000000000
0.0000000000000000000000000000000000000000
0.0000000000000000000000000000000000000000
0.0000000000000000000000000000000000000000
0.0000000000000000000000000000000000000000
0.0000000000000000000000000000000000000000
0.0000000000000000000000000000000000000000
0.0000000000000000000000000000000000000000
0.0000000000000000000000000000000000000000
0.0000000000000000000000000000000000000000
0.0000000000000000000000000000000000000000
0.0000000000000000000000000000000000000000
0.0000000000000000000000000000000000000000
0.0000000000000000000000000000000000000000
0.0000000000000000000000000000000000000000
0.0000000000000000000000000000000000000000
0.0000000000000000000000000000000000000000
0.0000000000000000000000000000000000000000
0.0000000000000000000000000000000000000000
0.0000000000000000000000000000000000000000
0.0000000000000000000000000000000000000000
0.0000000000003906249510052944851068446042
0.0000000000160156245904152783054996689316
0.0000000003382812363561527035926701501012
0.0000000048289061638229213713202625513077
0.0000000519281222466361214173957705497742
0.0000004456281317288812715560197830200195
0.0000031617278182238806039094924926757812
0.0000189878446690272539854049682617187500
0.0000981327830231748521327972412109375000
0.0004417377640493214130401611328125000000
0.0017475892091169953346252441406250000000
0.0061179082840681076049804687500000000000
0.0190533939749002456665039062500000000000
0.0530087426304817199707031250000000000000
0.1322140097618103027343750000000000000000
0.2964563965797424316406250000000000000000
0.5997157096862792968750000000000000000000
1.0958619117736816406250000000000000000000
1.8265365362167358398437500000000000000000
2.7307894229888916015625000000000000000000
4.0000000000000000000000000000000000000000
4.0000000000000000000000000000000000000000
3.0000000000000000000000000000000000000000
3.0000000000000000000000000000000000000000
2.0480921268463134765625000000000000000000
1.3699026107788085937500000000000000000000
0.8218965530395507812500000000000000000000
0.4497868120670318603515625000000000000000
0.2223423421382904052734375000000000000000
0.0991605222225189208984375000000000000000
0.0397565625607967376708984375000000000000
0.0142900468781590461730957031250000000000
0.0045884316787123680114746093750000000000
0.0013106919359415769577026367187500000000
0.0003313033375889062881469726562500000000
0.0000735996000003069639205932617187500000
0.0000142408825922757387161254882812500000
0.0000023712957499810727313160896301269531
0.0000003342211414292250992730259895324707
0.0000000389460907967986713629215955734253
0.0000000036216794008225861034588888287544
0.0000000002537109133893267198800458572805
0.0000000000120117162744071137581158836838
0.0000000000002929687742403430661397578660
0.0000000000000000000000000000000000000000
0.0000000000000000000000000000000000000000
0.0000000000000000000000000000000000000000
0.0000000000000000000000000000000000000000
0.0000000000000000000000000000000000000000
0.0000000000000000000000000000000000000000
0.0000000000000000000000000000000000000000
0.0000000000000000000000000000000000000000
0.0000000000000000000000000000000000000000
0.0000000000000000000000000000000000000000
0.0000000000000000000000000000000000000000
0.0000000000000000000000000000000000000000
0.0000000000000000000000000000000000000000
0.0000000000000000000000000000000000000000
0.0000000000000000000000000000000000000000
0.0000000000000000000000000000000000000000
0.0000000000000000000000000000000000000000
0.0000000000000000000000000000000000000000
0.0000000000000000000000000000000000000000
0.0000000000000000000000000000000000000000
0.0000000000000000000000000000000000000000
0.0000000000000000000000000000000000000000
0.0000000000000000000000000000000000000000
0.0000000000000000000000000000000000000000
0.0000000000000000000000000000000000000000
0.0000000000000000000000000000000000000000
0.0000000000000000000000000000000000000000
0.0000000000000000000000000000000000000000
0.0000000000000000000000000000000000000000
0.0000000000000000000000000000000000000000
0.0000000000000000000000000000000000000000
0.0000000000000000000000000000000000000000
0.0000000000000000000000000000000000000000
0.0000000000000000000000000000000000000000
0.0000000000000000000000000000000000000000
0.0000000000000000000000000000000000000000
0.0000000000000000000000000000000000000000
0.0000000000000000000000000000000000000000
0.0000000000000000000000000000000000000000
0.0000000000000000000000000000000000000000
0.0000000000000000000000000000000000000000
0.0000000000000000000000000000000000000000
0.0000000000000000000000000000000000000000
0.0000000000000000000000000000000000000000
0.0000000000000000000000000000000000000000
0.0000000000000000000000000000000000000000
0.0000000000000000000000000000000000000000
0.0000000000000000000000000000000000000000
0.0000000000000000000000000000000000000000
0.0000000000000000000000000000000000000000
0.0000000000000000000000000000000000000000
0.0000000000000000000000000000000000000000
0.0000000000000000000000000000000000000000
0.0000000000000000000000000000000000000000
0.0000000000000000000000000000000000000000
0.0000000000000000000000000000000000000000
0.0000000000003906249510052944851068446042
0.0000000000160156245904152783054996689316
0.0000000003382812363561527035926701501012
0.0000000048289061638229213713202625513077
0.0000000519281222466361214173957705497742
0.0000004456281317288812715560197830200195
0.0000031617278182238806039094924926757812
0.0000189878446690272539854049682617187500
0.0000981327830231748521327972412109375000
0.0004417377640493214130401611328125000000
0.0017475892091169953346252441406250000000
0.0061179082840681076049804687500000000000
0.0190533939749002456665039062500000000000
0.0530087426304817199707031250000000000000
0.1322140097618103027343750000000000000000
0.2964563965797424316406250000000000000000
0.5997157096862792968750000000000000000000
1.0958619117736816406250000000000000000000
1.8265365362167358398437500000000000000000
2.7307894229888916015625000000000000000000
4.0000000000000000000000000000000000000000
4.0000000000000000000000000000000000000000
3.0000000000000000000000000000000000000000
3.0000000000000000000000000000000000000000
2.0480921268463134765625000000000000000000
1.3699026107788085937500000000000000000000
0.8218965530395507812500000000000000000000
0.4497868120670318603515625000000000000000
0.2223423421382904052734375000000000000000
0.0991605222225189208984375000000000000000
0.0397565625607967376708984375000000000000
0.0142900468781590461730957031250000000000
0.0045884316787123680114746093750000000000
0.0013106919359415769577026367187500000000
0.0003313033375889062881469726562500000000
0.0000735996000003069639205932617187500000
0.0000142408825922757387161254882812500000
0.0000023712957499810727313160896301269531
0.0000003342211414292250992730259895324707
0.0000000389460907967986713629215955734253
0.0000000036216794008225861034588888287544
0.0000000002537109133893267198800458572805
0.0000000000120117162744071137581158836838
0.0000000000002929687742403430661397578660
0.0000000000000000000000000000000000000000
0.0000000000000000000000000000000000000000
0.0000000000000000000000000000000000000000
0.0000000000000000000000000000000000000000
0.0000000000000000000000000000000000000000
0.0000000000000000000000000000000000000000
0.0000000000000000000000000000000000000000
0.0000000000000000000000000000000000000000
0.0000000000000000000000000000000000000000
0.0000000000000000000000000000000000000000
0.0000000000000000000000000000000000000000
0.0000000000000000000000000000000000000000
0.0000000000000000000000000000000000000000
0.0000000000000000000000000000000000000000
0.0000000000000000000000000000000000000000
0.0000000000000000000000000000000000000000
0.0000000000000000000000000000000000000000
0.0000000000000000000000000000000000000000
0.0000000000000000000000000000000000000000
0.0000000000000000000000000000000000000000
0.0000000000000000000000000000000000000000
0.0000000000000000000000000000000000000000
0.0000000000000000000000000000000000000000
0.0000000000000000000000000000000000000000
0.0000000000000000000000000000000000000000
0.0000000000000000000000000000000000000000
0.0000000000000000000000000000000000000000
0.0000000000000000000000000000000000000000
0.0000000000000000000000000000000000000000
0.0000000000000000000000000000000000000000
0.0000000000000000000000000000000000000000
0.0000000000000000000000000000000000000000
0.0000000000000000000000000000000000000000
0.0000000000000000000000000000000000000000
0.0000000000000000000000000000000000000000
0.0000000000000000000000000000000000000000
0.0000000000000000000000000000000000000000
0.0000000000000000000000000000000000000000
0.0000000000000000000000000000000000000000
0.0000000000000000000000000000000000000000
0.0000000000000000000000000000000000000000
0.0000000000000000000000000000000000000000
0.0000000000000000000000000000000000000000
0.0000000000000000000000000000000000000000
0.0000000000000000000000000000000000000000
0.0000000000000000000000000000000000000000
0.0000000000000000000000000000000000000000
0.0000000000000000000000000000000000000000
0.0000000000000000000000000000000000000000
0.0000000000000000000000000000000000000000
0.0000000000000000000000000000000000000000
0.0000000000000000000000000000000000000000
0.0000000000000000000000000000000000000000
0.0000000000000000000000000000000000000000
0.0000000000000000000000000000000000000000
0.0000000000000000000000000000000000000000
0.0000000000003906249510052944851068446042
0.0000000000160156245904152783054996689316
0.0000000003382812363561527035926701501012
0.0000000048289061638229213713202625513077
0.0000000519281222466361214173957705497742
0.0000004456281317288812715560197830200195
0.0000031617278182238806039094924926757812
0.0000189878446690272539854049682617187500
0.0000981327830231748521327972412109375000
0.0004417377640493214130401611328125000000
0.0017475892091169953346252441406250000000
0.0061179082840681076049804687500000000000
0.0190533939749002456665039062500000000000
0.0530087426304817199707031250000000000000
0.1322140097618103027343750000000000000000
0.2964563965797424316406250000000000000000
0.5997157096862792968750000000000000000000
1.0958619117736816406250000000000000000000
1.8265365362167358398437500000000000000000
2.7307894229888916015625000000000000000000
4.0000000000000000000000000000000000000000
4.0000000000000000000000000000000000000000
3.0000000000000000000000000000000000000000
3.0000000000000000000000000000000000000000
2.0480921268463134765625000000000000000000
1.3699026107788085937500000000000000000000
0.8218965530395507812500000000000000000000
0.4497868120670318603515625000000000000000
0.2223423421382904052734375000000000000000
0.0991605222225189208984375000000000000000
0.0397565625607967376708984375000000000000
0.0142900468781590461730957031250000000000
0.0045884316787123680114746093750000000000
0.0013106919359415769577026367187500000000
0.0003313033375889062881469726562500000000
0.0000735996000003069639205932617187500000
0.0000142408825922757387161254882812500000
0.0000023712957499810727313160896301269531
0.0000003342211414292250992730259895324707
0.0000000389460907967986713629215955734253
0.0000000036216794008225861034588888287544
0.0000000002537109133893267198800458572805
0.0000000000120117162744071137581158836838
0.0000000000002929687742403430661397578660
0.0000000000000000000000000000000000000000
0.0000000000000000000000000000000000000000
0.0000000000000000000000000000000000000000
0.0000000000000000000000000000000000000000
0.0000000000000000000000000000000000000000
0.0000000000000000000000000000000000000000
0.0000000000000000000000000000000000000000
0.0000000000000000000000000000000000000000
0.0000000000000000000000000000000000000000
0.0000000000000000000000000000000000000000
0.0000000000000000000000000000000000000000
0.0000000000000000000000000000000000000000
0.0000000000000000000000000000000000000000
0.0000000000000000000000000000000000000000
0.0000000000000000000000000000000000000000
0.0000000000000000000000000000000000000000
0.0000000000000000000000000000000000000000
0.0000000000000000000000000000000000000000
0.0000000000000000000000000000000000000000
0.0000000000000000000000000000000000000000
0.0000000000000000000000000000000000000000
0.0000000000000000000000000000000000000000
0.0000000000000000000000000000000000000000
0.0000000000000000000000000000000000000000
0.0000000000000000000000000000000000000000
0.0000000000000000000000000000000000000000
0.0000000000000000000000000000000000000000
0.0000000000000000000000000000000000000000
0.0000000000000000000000000000000000000000
0.0000000000000000000000000000000000000000
0.0000000000000000000000000000000000000000
0.0000000000000000000000000000000000000000
0.0000000000000000000000000000000000000000
0.0000000000000000000000000000000000000000
0.0000000000000000000000000000000000000000
0.0000000000000000000000000000000000000000
0.0000000000000000000000000000000000000000
0.0000000000000000000000000000000000000000
0.0000000000000000000000000000000000000000
0.0000000000000000000000000000000000000000
0.0000000000000000000000000000000000000000
0.0000000000000000000000000000000000000000
0.0000000000000000000000000000000000000000
0.0000000000000000000000000000000000000000
0.0000000000000000000000000000000000000000
0.0000000000000000000000000000000000000000
0.0000000000000000000000000000000000000000
0.0000000000000000000000000000000000000000
0.0000000000000000000000000000000000000000
0.0000000000000000000000000000000000000000
0.0000000000000000000000000000000000000000
0.0000000000000000000000000000000000000000
0.0000000000000000000000000000000000000000
0.0000000000000000000000000000000000000000
0.0000000000000000000000000000000000000000
0.0000000000000000000000000000000000000000
0.0000000000003906249510052944851068446042
0.0000000000160156245904152783054996689316
0.0000000003382812363561527035926701501012
0.0000000048289061638229213713202625513077
0.0000000519281222466361214173957705497742
0.0000004456281317288812715560197830200195
0.0000031617278182238806039094924926757812
0.0000189878446690272539854049682617187500
0.0000981327830231748521327972412109375000
0.0004417377640493214130401611328125000000
0.0017475892091169953346252441406250000000
0.0061179082840681076049804687500000000000
0.0190533939749002456665039062500000000000
0.0530087426304817199707031250000000000000
0.1322140097618103027343750000000000000000
0.2964563965797424316406250000000000000000
0.5997157096862792968750000000000000000000
1.0958619117736816406250000000000000000000
1.8265365362167358398437500000000000000000
2.7307894229888916015625000000000000000000
4.0000000000000000000000000000000000000000
4.0000000000000000000000000000000000000000
3.0000000000000000000000000000000000000000
3.0000000000000000000000000000000000000000
2.0480921268463134765625000000000000000000
1.3699026107788085937500000000000000000000
0.8218965530395507812500000000000000000000
0.4497868120670318603515625000000000000000
0.2223423421382904052734375000000000000000
0.0991605222225189208984375000000000000000
0.0397565625607967376708984375000000000000
0.0142900468781590461730957031250000000000
0.0045884316787123680114746093750000000000
0.0013106919359415769577026367187500000000
0.0003313033375889062881469726562500000000
0.0000735996000003069639205932617187500000
0.0000142408825922757387161254882812500000
0.0000023712957499810727313160896301269531
0.0000003342211414292250992730259895324707
0.0000000389460907967986713629215955734253
0.0000000036216794008225861034588888287544
0.0000000002537109133893267198800458572805
0.0000000000120117162744071137581158836838
0.0000000000002929687742403430661397578660
0.0000000000000000000000000000000000000000
0.0000000000000000000000000000000000000000
0.0000000000000000000000000000000000000000
0.0000000000000000000000000000000000000000
0.0000000000000000000000000000000000000000
0.0000000000000000000000000000000000000000
0.0000000000000000000000000000000000000000
0.0000000000000000000000000000000000000000
0.0000000000000000000000000000000000000000
0.0000000000000000000000000000000000000000
0.0000000000000000000000000000000000000000
0.0000000000000000000000000000000000000000
0.0000000000000000000000000000000000000000
0.0000000000000000000000000000000000000000
0.0000000000000000000000000000000000000000
0.0000000000000000000000000000000000000000
0.0000000000000000000000000000000000000000
0.0000000000000000000000000000000000000000
0.0000000000000000000000000000000000000000
0.0000000000000000000000000000000000000000
0.0000000000000000000000000000000000000000
0.0000000000000000000000000000000000000000
0.0000000000000000000000000000000000000000
0.0000000000000000000000000000000000000000
0.0000000000000000000000000000000000000000
0.0000000000000000000000000000000000000000
0.0000000000000000000000000000000000000000
0.0000000000000000000000000000000000000000
0.0000000000000000000000000000000000000000
0.0000000000000000000000000000000000000000
0.0000000000000000000000000000000000000000
0.0000000000000000000000000000000000000000
0.0000000000000000000000000000000000000000
0.0000000000000000000000000000000000000000
0.0000000000000000000000000000000000000000
0.0000000000000000000000000000000000000000
0.0000000000000000000000000000000000000000
0.0000000000000000000000000000000000000000
0.0000000000000000000000000000000000000000
0.0000000000000000000000000000000000000000
0.0000000000000000000000000000000000000000
0.0000000000000000000000000000000000000000
0.0000000000000000000000000000000000000000
0.0000000000000000000000000000000000000000
0.0000000000000000000000000000000000000000
0.0000000000000000000000000000000000000000
0.0000000000000000000000000000000000000000
0.0000000000000000000000000000000000000000
0.0000000000000000000000000000000000000000
0.0000000000000000000000000000000000000000
0.0000000000000000000000000000000000000000
0.0000000000000000000000000000000000000000
0.0000000000000000000000000000000000000000
0.0000000000000000000000000000000000000000
0.0000000000000000000000000000000000000000
0.0000000000000000000000000000000000000000
0.0000000000003906249510052944851068446042
0.0000000000160156245904152783054996689316
0.0000000003382812363561527035926701501012
0.0000000048289061638229213713202625513077
0.0000000519281222466361214173957705497742
0.0000004456281317288812715560197830200195
0.0000031617278182238806039094924926757812
0.0000189878446690272539854049682617187500
0.0000981327830231748521327972412109375000
0.0004417377640493214130401611328125000000
0.0017475892091169953346252441406250000000
0.0061179082840681076049804687500000000000
0.0190533939749002456665039062500000000000
0.0530087426304817199707031250000000000000
0.1322140097618103027343750000000000000000
0.2964563965797424316406250000000000000000
0.5997157096862792968750000000000000000000
1.0958619117736816406250000000000000000000
1.8265365362167358398437500000000000000000
2.7307894229888916015625000000000000000000
4.0000000000000000000000000000000000000000
4.0000000000000000000000000000000000000000
3.0000000000000000000000000000000000000000
3.0000000000000000000000000000000000000000
2.0480921268463134765625000000000000000000
1.3699026107788085937500000000000000000000
0.8218965530395507812500000000000000000000
0.4497868120670318603515625000000000000000
0.2223423421382904052734375000000000000000
0.0991605222225189208984375000000000000000
0.0397565625607967376708984375000000000000
0.0142900468781590461730957031250000000000
0.0045884316787123680114746093750000000000
0.0013106919359415769577026367187500000000
0.0003313033375889062881469726562500000000
0.0000735996000003069639205932617187500000
0.0000142408825922757387161254882812500000
0.0000023712957499810727313160896301269531
0.0000003342211414292250992730259895324707
0.0000000389460907967986713629215955734253
0.0000000036216794008225861034588888287544
0.0000000002537109133893267198800458572805
0.0000000000120117162744071137581158836838
0.0000000000002929687742403430661397578660
0.0000000000000000000000000000000000000000
0.0000000000000000000000000000000000000000
0.0000000000000000000000000000000000000000
0.0000000000000000000000000000000000000000
0.0000000000000000000000000000000000000000
0.0000000000000000000000000000000000000000
0.0000000000000000000000000000000000000000
0.0000000000000000000000000000000000000000
0.0000000000000000000000000000000000000000
0.0000000000000000000000000000000000000000
0.0000000000000000000000000000000000000000
0.0000000000000000000000000000000000000000
0.0000000000000000000000000000000000000000
0.0000000000000000000000000000000000000000
0.0000000000000000000000000000000000000000
0.0000000000000000000000000000000000000000
0.0000000000000000000000000000000000000000
0.0000000000000000000000000000000000000000
0.0000000000000000000000000000000000000000
0.0000000000000000000000000000000000000000
0.0000000000000000000000000000000000000000
0.0000000000000000000000000000000000000000
0.0000000000000000000000000000000000000000
0.0000000000000000000000000000000000000000
0.0000000000000000000000000000000000000000
0.0000000000000000000000000000000000000000
0.0000000000000000000000000000000000000000
0.0000000000000000000000000000000000000000
0.0000000000000000000000000000000000000000
0.0000000000000000000000000000000000000000
0.0000000000000000000000000000000000000000
0.0000000000000000000000000000000000000000
0.0000000000000000000000000000000000000000
0.0000000000000000000000000000000000000000
0.0000000000000000000000000000000000000000
0.0000000000000000000000000000000000000000
0.0000000000000000000000000000000000000000
0.0000000000000000000000000000000000000000
0.0000000000000000000000000000000000000000
0.0000000000000000000000000000000000000000
0.0000000000000000000000000000000000000000
0.0000000000000000000000000000000000000000
0.0000000000000000000000000000000000000000
0.0000000000000000000000000000000000000000
0.0000000000000000000000000000000000000000
0.0000000000000000000000000000000000000000
0.0000000000000000000000000000000000000000
0.0000000000000000000000000000000000000000
0.0000000000000000000000000000000000000000
0.0000000000000000000000000000000000000000
0.0000000000000000000000000000000000000000
0.0000000000000000000000000000000000000000
0.0000000000000000000000000000000000000000
0.0000000000000000000000000000000000000000
0.0000000000000000000000000000000000000000
0.0000000000000000000000000000000000000000
0.0000000000003906249510052944851068446042
0.0000000000160156245904152783054996689316
0.0000000003382812363561527035926701501012
0.0000000048289061638229213713202625513077
0.0000000519281222466361214173957705497742
0.0000004456281317288812715560197830200195
0.0000031617278182238806039094924926757812
0.0000189878446690272539854049682617187500
0.0000981327830231748521327972412109375000
0.0004417377640493214130401611328125000000
0.0017475892091169953346252441406250000000
0.0061179082840681076049804687500000000000
0.0190533939749002456665039062500000000000
0.0530087426304817199707031250000000000000
0.1322140097618103027343750000000000000000
0.2964563965797424316406250000000000000000
0.5997157096862792968750000000000000000000
1.0958619117736816406250000000000000000000
1.8265365362167358398437500000000000000000
2.7307894229888916015625000000000000000000
4.0000000000000000000000000000000000000000
4.0000000000000000000000000000000000000000
3.0000000000000000000000000000000000000000
3.0000000000000000000000000000000000000000
2.0480921268463134765625000000000000000000
1.3699026107788085937500000000000000000000
0.8218965530395507812500000000000000000000
0.4497868120670318603515625000000000000000
0.2223423421382904052734375000000000000000
0.0991605222225189208984375000000000000000
0.0397565625607967376708984375000000000000
0.0142900468781590461730957031250000000000
0.0045884316787123680114746093750000000000
0.0013106919359415769577026367187500000000
0.0003313033375889062881469726562500000000
0.0000735996000003069639205932617187500000
0.0000142408825922757387161254882812500000
0.0000023712957499810727313160896301269531
0.0000003342211414292250992730259895324707
0.0000000389460907967986713629215955734253
0.0000000036216794008225861034588888287544
0.0000000002537109133893267198800458572805
0.0000000000120117162744071137581158836838
0.0000000000002929687742403430661397578660
0.0000000000000000000000000000000000000000
0.0000000000000000000000000000000000000000
0.0000000000000000000000000000000000000000
0.0000000000000000000000000000000000000000
0.0000000000000000000000000000000000000000
0.0000000000000000000000000000000000000000
0.0000000000000000000000000000000000000000
0.0000000000000000000000000000000000000000
0.0000000000000000000000000000000000000000
0.0000000000000000000000000000000000000000
0.0000000000000000000000000000000000000000
0.0000000000000000000000000000000000000000
0.0000000000000000000000000000000000000000
0.0000000000000000000000000000000000000000
0.0000000000000000000000000000000000000000
0.0000000000000000000000000000000000000000
0.0000000000000000000000000000000000000000
0.0000000000000000000000000000000000000000
0.0000000000000000000000000000000000000000
0.0000000000000000000000000000000000000000
0.0000000000000000000000000000000000000000
0.0000000000000000000000000000000000000000
0.0000000000000000000000000000000000000000
0.0000000000000000000000000000000000000000
0.0000000000000000000000000000000000000000
0.0000000000000000000000000000000000000000
0.0000000000000000000000000000000000000000
0.0000000000000000000000000000000000000000
0.0000000000000000000000000000000000000000
0.0000000000000000000000000000000000000000
0.0000000000000000000000000000000000000000
0.0000000000000000000000000000000000000000
0.0000000000000000000000000000000000000000
0.0000000000000000000000000000000000000000
0.0000000000000000000000000000000000000000
0.0000000000000000000000000000000000000000
0.0000000000000000000000000000000000000000
0.0000000000000000000000000000000000000000
0.0000000000000000000000000000000000000000
0.0000000000000000000000000000000000000000
0.0000000000000000000000000000000000000000
0.0000000000000000000000000000000000000000
0.0000000000000000000000000000000000000000
0.0000000000000000000000000000000000000000
0.0000000000000000000000000000000000000000
0.0000000000000000000000000000000000000000
0.0000000000000000000000000000000000000000
0.0000000000000000000000000000000000000000
0.0000000000000000000000000000000000000000
0.0000000000000000000000000000000000000000
0.0000000000000000000000000000000000000000
0.0000000000000000000000000000000000000000
0.0000000000000000000000000000000000000000
0.0000000000000000000000000000000000000000
0.0000000000000000000000000000000000000000
0.0000000000000000000000000000000000000000
0.0000000000003906249510052944851068446042
0.0000000000160156245904152783054996689316
0.0000000003382812363561527035926701501012
0.0000000048289061638229213713202625513077
0.0000000519281222466361214173957705497742
0.0000004456281317288812715560197830200195
0.0000031617278182238806039094924926757812
0.0000189878446690272539854049682617187500
0.0000981327830231748521327972412109375000
0.0004417377640493214130401611328125000000
0.0017475892091169953346252441406250000000
0.0061179082840681076049804687500000000000
0.0190533939749002456665039062500000000000
0.0530087426304817199707031250000000000000
0.1322140097618103027343750000000000000000
0.2964563965797424316406250000000000000000
0.5997157096862792968750000000000000000000
1.0958619117736816406250000000000000000000
1.8265365362167358398437500000000000000000
2.7307894229888916015625000000000000000000
4.0000000000000000000000000000000000000000
4.0000000000000000000000000000000000000000
3.0000000000000000000000000000000000000000
3.0000000000000000000000000000000000000000
2.0480921268463134765625000000000000000000
1.3699026107788085937500000000000000000000
0.8218965530395507812500000000000000000000
0.4497868120670318603515625000000000000000
0.2223423421382904052734375000000000000000
0.0991605222225189208984375000000000000000
0.0397565625607967376708984375000000000000
0.0142900468781590461730957031250000000000
0.0045884316787123680114746093750000000000
0.0013106919359415769577026367187500000000
0.0003313033375889062881469726562500000000
0.0000735996000003069639205932617187500000
0.0000142408825922757387161254882812500000
0.0000023712957499810727313160896301269531
0.0000003342211414292250992730259895324707
0.0000000389460907967986713629215955734253
0.0000000036216794008225861034588888287544
0.0000000002537109133893267198800458572805
0.0000000000120117162744071137581158836838
0.0000000000002929687742403430661397578660
0.0000000000000000000000000000000000000000
0.0000000000000000000000000000000000000000
0.0000000000000000000000000000000000000000
0.0000000000000000000000000000000000000000
0.0000000000000000000000000000000000000000
0.0000000000000000000000000000000000000000
0.0000000000000000000000000000000000000000
0.0000000000000000000000000000000000000000
0.0000000000000000000000000000000000000000
0.0000000000000000000000000000000000000000
0.0000000000000000000000000000000000000000
0.0000000000000000000000000000000000000000
0.0000000000000000000000000000000000000000
0.0000000000000000000000000000000000000000
0.0000000000000000000000000000000000000000
0.0000000000000000000000000000000000000000
0.0000000000000000000000000000000000000000
0.0000000000000000000000000000000000000000
0.0000000000000000000000000000000000000000
0.0000000000000000000000000000000000000000
0.0000000000000000000000000000000000000000
0.0000000000000000000000000000000000000000
0.0000000000000000000000000000000000000000
0.0000000000000000000000000000000000000000
0.0000000000000000000000000000000000000000
0.0000000000000000000000000000000000000000
0.0000000000000000000000000000000000000000
0.0000000000000000000000000000000000000000
0.0000000000000000000000000000000000000000
0.0000000000000000000000000000000000000000
0.0000000000000000000000000000000000000000
0.0000000000000000000000000000000000000000
0.0000000000000000000000000000000000000000
0.0000000000000000000000000000000000000000
0.0000000000000000000000000000000000000000
0.0000000000000000000000000000000000000000
0.0000000000000000000000000000000000000000
0.0000000000000000000000000000000000000000
0.0000000000000000000000000000000000000000
0.0000000000000000000000000000000000000000
0.0000000000000000000000000000000000000000
0.0000000000000000000000000000000000000000
0.0000000000000000000000000000000000000000
0.0000000000000000000000000000000000000000
0.0000000000000000000000000000000000000000
0.0000000000000000000000000000000000000000
0.0000000000000000000000000000000000000000
0.0000000000000000000000000000000000000000
0.0000000000000000000000000000000000000000
0.0000000000000000000000000000000000000000
0.0000000000000000000000000000000000000000
0.0000000000000000000000000000000000000000
0.0000000000000000000000000000000000000000
0.0000000000000000000000000000000000000000
0.0000000000000000000000000000000000000000
0.0000000000000000000000000000000000000000
0.0000000000003906249510052944851068446042
0.0000000000160156245904152783054996689316
0.0000000003382812363561527035926701501012
0.0000000048289061638229213713202625513077
0.0000000519281222466361214173957705497742
0.0000004456281317288812715560197830200195
0.0000031617278182238806039094924926757812
0.0000189878446690272539854049682617187500
0.0000981327830231748521327972412109375000
0.0004417377640493214130401611328125000000
0.0017475892091169953346252441406250000000
0.0061179082840681076049804687500000000000
0.0190533939749002456665039062500000000000
0.0530087426304817199707031250000000000000
0.1322140097618103027343750000000000000000
0.2964563965797424316406250000000000000000
0.5997157096862792968750000000000000000000
1.0958619117736816406250000000000000000000
1.8265365362167358398437500000000000000000
2.7307894229888916015625000000000000000000
4.0000000000000000000000000000000000000000
4.0000000000000000000000000000000000000000
3.0000000000000000000000000000000000000000
3.0000000000000000000000000000000000000000
2.0480921268463134765625000000000000000000
1.3699026107788085937500000000000000000000
0.8218965530395507812500000000000000000000
0.4497868120670318603515625000000000000000
0.2223423421382904052734375000000000000000
0.0991605222225189208984375000000000000000
0.0397565625607967376708984375000000000000
0.0142900468781590461730957031250000000000
0.0045884316787123680114746093750000000000
0.0013106919359415769577026367187500000000
0.0003313033375889062881469726562500000000
0.0000735996000003069639205932617187500000
0.0000142408825922757387161254882812500000
0.0000023712957499810727313160896301269531
0.0000003342211414292250992730259895324707
0.0000000389460907967986713629215955734253
0.0000000036216794008225861034588888287544
0.0000000002537109133893267198800458572805
0.0000000000120117162744071137581158836838
0.0000000000002929687742403430661397578660
0.0000000000000000000000000000000000000000
0.0000000000000000000000000000000000000000
0.0000000000000000000000000000000000000000
0.0000000000000000000000000000000000000000
0.0000000000000000000000000000000000000000
0.0000000000000000000000000000000000000000
0.0000000000000000000000000000000000000000
0.0000000000000000000000000000000000000000
0.0000000000000000000000000000000000000000
0.0000000000000000000000000000000000000000
0.0000000000000000000000000000000000000000
0.0000000000000000000000000000000000000000
0.0000000000000000000000000000000000000000
0.0000000000000000000000000000000000000000
0.0000000000000000000000000000000000000000
0.0000000000000000000000000000000000000000
0.0000000000000000000000000000000000000000
0.0000000000000000000000000000000000000000
0.0000000000000000000000000000000000000000
0.0000000000000000000000000000000000000000
0.0000000000000000000000000000000000000000
0.0000000000000000000000000000000000000000
0.0000000000000000000000000000000000000000
0.0000000000000000000000000000000000000000
0.0000000000000000000000000000000000000000
0.0000000000000000000000000000000000000000
0.0000000000000000000000000000000000000000
0.0000000000000000000000000000000000000000
0.0000000000000000000000000000000000000000
0.0000000000000000000000000000000000000000
0.0000000000000000000000000000000000000000
0.0000000000000000000000000000000000000000
0.0000000000000000000000000000000000000000
0.0000000000000000000000000000000000000000
0.0000000000000000000000000000000000000000
0.0000000000000000000000000000000000000000
0.0000000000000000000000000000000000000000
0.0000000000000000000000000000000000000000
0.0000000000000000000000000000000000000000
0.0000000000000000000000000000000000000000
0.0000000000000000000000000000000000000000
0.0000000000000000000000000000000000000000
0.0000000000000000000000000000000000000000
0.0000000000000000000000000000000000000000
0.0000000000000000000000000000000000000000
0.0000000000000000000000000000000000000000
0.0000000000000000000000000000000000000000
0.0000000000000000000000000000000000000000
0.0000000000000000000000000000000000000000
0.0000000000000000000000000000000000000000
0.0000000000000000000000000000000000000000
0.0000000000000000000000000000000000000000
0.0000000000000000000000000000000000000000
0.0000000000000000000000000000000000000000
0.0000000000000000000000000000000000000000
0.0000000000000000000000000000000000000000
0.0000000000003906249510052944851068446042
0.0000000000160156245904152783054996689316
0.0000000003382812363561527035926701501012
0.0000000048289061638229213713202625513077
0.0000000519281222466361214173957705497742
0.0000004456281317288812715560197830200195
0.0000031617278182238806039094924926757812
0.0000189878446690272539854049682617187500
0.0000981327830231748521327972412109375000
0.0004417377640493214130401611328125000000
0.0017475892091169953346252441406250000000
0.0061179082840681076049804687500000000000
0.0190533939749002456665039062500000000000
0.0530087426304817199707031250000000000000
0.1322140097618103027343750000000000000000
0.2964563965797424316406250000000000000000
0.5997157096862792968750000000000000000000
1.0958619117736816406250000000000000000000
1.8265365362167358398437500000000000000000
2.7307894229888916015625000000000000000000
4.0000000000000000000000000000000000000000
4.0000000000000000000000000000000000000000
3.0000000000000000000000000000000000000000
3.0000000000000000000000000000000000000000
2.0480921268463134765625000000000000000000
1.3699026107788085937500000000000000000000
0.8218965530395507812500000000000000000000
0.4497868120670318603515625000000000000000
0.2223423421382904052734375000000000000000
0.0991605222225189208984375000000000000000
0.0397565625607967376708984375000000000000
0.0142900468781590461730957031250000000000
0.0045884316787123680114746093750000000000
0.0013106919359415769577026367187500000000
0.0003313033375889062881469726562500000000
0.0000735996000003069639205932617187500000
0.0000142408825922757387161254882812500000
0.0000023712957499810727313160896301269531
0.0000003342211414292250992730259895324707
0.0000000389460907967986713629215955734253
0.0000000036216794008225861034588888287544
0.0000000002537109133893267198800458572805
0.0000000000120117162744071137581158836838
0.0000000000002929687742403430661397578660
0.0000000000000000000000000000000000000000
0.0000000000000000000000000000000000000000
0.0000000000000000000000000000000000000000
0.0000000000000000000000000000000000000000
0.0000000000000000000000000000000000000000
0.0000000000000000000000000000000000000000
0.0000000000000000000000000000000000000000
0.0000000000000000000000000000000000000000
0.0000000000000000000000000000000000000000
0.0000000000000000000000000000000000000000
0.0000000000000000000000000000000000000000
0.0000000000000000000000000000000000000000
0.0000000000000000000000000000000000000000
0.0000000000000000000000000000000000000000
0.0000000000000000000000000000000000000000
0.0000000000000000000000000000000000000000
0.0000000000000000000000000000000000000000
0.0000000000000000000000000000000000000000
0.0000000000000000000000000000000000000000
0.0000000000000000000000000000000000000000
0.0000000000000000000000000000000000000000
0.0000000000000000000000000000000000000000
0.0000000000000000000000000000000000000000
0.0000000000000000000000000000000000000000
0.0000000000000000000000000000000000000000
0.0000000000000000000000000000000000000000
0.0000000000000000000000000000000000000000
0.0000000000000000000000000000000000000000
0.0000000000000000000000000000000000000000
0.0000000000000000000000000000000000000000
0.0000000000000000000000000000000000000000
0.0000000000000000000000000000000000000000
0.0000000000000000000000000000000000000000
0.0000000000000000000000000000000000000000
0.0000000000000000000000000000000000000000
0.0000000000000000000000000000000000000000
0.0000000000000000000000000000000000000000
0.0000000000000000000000000000000000000000
0.0000000000000000000000000000000000000000
0.0000000000000000000000000000000000000000
0.0000000000000000000000000000000000000000
0.0000000000000000000000000000000000000000
0.0000000000000000000000000000000000000000
0.0000000000000000000000000000000000000000
0.0000000000000000000000000000000000000000
0.0000000000000000000000000000000000000000
0.0000000000000000000000000000000000000000
0.0000000000000000000000000000000000000000
0.0000000000000000000000000000000000000000
0.0000000000000000000000000000000000000000
0.0000000000000000000000000000000000000000
0.0000000000000000000000000000000000000000
0.0000000000000000000000000000000000000000
0.0000000000000000000000000000000000000000
0.0000000000000000000000000000000000000000
0.0000000000000000000000000000000000000000
0.0000000000003906249510052944851068446042
0.0000000000160156245904152783054996689316
0.0000000003382812363561527035926701501012
0.0000000048289061638229213713202625513077
0.0000000519281222466361214173957705497742
0.0000004456281317288812715560197830200195
0.0000031617278182238806039094924926757812
0.0000189878446690272539854049682617187500
0.0000981327830231748521327972412109375000
0.0004417377640493214130401611328125000000
0.0017475892091169953346252441406250000000
0.0061179082840681076049804687500000000000
0.0190533939749002456665039062500000000000
0.0530087426304817199707031250000000000000
0.1322140097618103027343750000000000000000
0.2964563965797424316406250000000000000000
0.5997157096862792968750000000000000000000
1.0958619117736816406250000000000000000000
1.8265365362167358398437500000000000000000
2.7307894229888916015625000000000000000000
4.0000000000000000000000000000000000000000
4.0000000000000000000000000000000000000000
3.0000000000000000000000000000000000000000
3.0000000000000000000000000000000000000000
2.0480921268463134765625000000000000000000
1.3699026107788085937500000000000000000000
0.8218965530395507812500000000000000000000
0.4497868120670318603515625000000000000000
0.2223423421382904052734375000000000000000
0.0991605222225189208984375000000000000000
0.0397565625607967376708984375000000000000
0.0142900468781590461730957031250000000000
0.0045884316787123680114746093750000000000
0.0013106919359415769577026367187500000000
0.0003313033375889062881469726562500000000
0.0000735996000003069639205932617187500000
0.0000142408825922757387161254882812500000
0.0000023712957499810727313160896301269531
0.0000003342211414292250992730259895324707
0.0000000389460907967986713629215955734253
0.0000000036216794008225861034588888287544
0.0000000002537109133893267198800458572805
0.0000000000120117162744071137581158836838
0.0000000000002929687742403430661397578660
0.0000000000000000000000000000000000000000
0.0000000000000000000000000000000000000000
0.0000000000000000000000000000000000000000
0.0000000000000000000000000000000000000000
0.0000000000000000000000000000000000000000
0.0000000000000000000000000000000000000000
0.0000000000000000000000000000000000000000
0.0000000000000000000000000000000000000000
0.0000000000000000000000000000000000000000
0.0000000000000000000000000000000000000000
0.0000000000000000000000000000000000000000
0.0000000000000000000000000000000000000000
0.0000000000000000000000000000000000000000
0.0000000000000000000000000000000000000000
0.0000000000000000000000000000000000000000
0.0000000000000000000000000000000000000000
0.0000000000000000000000000000000000000000
0.0000000000000000000000000000000000000000
0.0000000000000000000000000000000000000000
0.0000000000000000000000000000000000000000
0.0000000000000000000000000000000000000000
0.0000000000000000000000000000000000000000
0.0000000000000000000000000000000000000000
0.0000000000000000000000000000000000000000
0.0000000000000000000000000000000000000000
0.0000000000000000000000000000000000000000
0.0000000000000000000000000000000000000000
0.0000000000000000000000000000000000000000
0.0000000000000000000000000000000000000000
0.0000000000000000000000000000000000000000
0.0000000000000000000000000000000000000000
0.0000000000000000000000000000000000000000
0.0000000000000000000000000000000000000000
0.0000000000000000000000000000000000000000
0.0000000000000000000000000000000000000000
0.0000000000000000000000000000000000000000
0.0000000000000000000000000000000000000000
0.0000000000000000000000000000000000000000
0.0000000000000000000000000000000000000000
0.0000000000000000000000000000000000000000
0.0000000000000000000000000000000000000000
0.0000000000000000000000000000000000000000
0.0000000000000000000000000000000000000000
0.0000000000000000000000000000000000000000
0.0000000000000000000000000000000000000000
0.0000000000000000000000000000000000000000
0.0000000000000000000000000000000000000000
0.0000000000000000000000000000000000000000
0.0000000000000000000000000000000000000000
0.0000000000000000000000000000000000000000
0.0000000000000000000000000000000000000000
0.0000000000000000000000000000000000000000
0.0000000000000000000000000000000000000000
0.0000000000000000000000000000000000000000
0.0000000000000000000000000000000000000000
0.0000000000000000000000000000000000000000
0.0000000000003906249510052944851068446042
0.0000000000160156245904152783054996689316
0.0000000003382812363561527035926701501012
0.0000000048289061638229213713202625513077
0.0000000519281222466361214173957705497742
0.0000004456281317288812715560197830200195
0.0000031617278182238806039094924926757812
0.0000189878446690272539854049682617187500
0.0000981327830231748521327972412109375000
0.0004417377640493214130401611328125000000
0.0017475892091169953346252441406250000000
0.0061179082840681076049804687500000000000
0.0190533939749002456665039062500000000000
0.0530087426304817199707031250000000000000
0.1322140097618103027343750000000000000000
0.2964563965797424316406250000000000000000
0.5997157096862792968750000000000000000000
1.0958619117736816406250000000000000000000
1.8265365362167358398437500000000000000000
2.7307894229888916015625000000000000000000
4.0000000000000000000000000000000000000000
4.0000000000000000000000000000000000000000
3.0000000000000000000000000000000000000000
3.0000000000000000000000000000000000000000
2.0480921268463134765625000000000000000000
1.3699026107788085937500000000000000000000
0.8218965530395507812500000000000000000000
0.4497868120670318603515625000000000000000
0.2223423421382904052734375000000000000000
0.0991605222225189208984375000000000000000
0.0397565625607967376708984375000000000000
0.0142900468781590461730957031250000000000
0.0045884316787123680114746093750000000000
0.0013106919359415769577026367187500000000
0.0003313033375889062881469726562500000000
0.0000735996000003069639205932617187500000
0.0000142408825922757387161254882812500000
0.0000023712957499810727313160896301269531
0.0000003342211414292250992730259895324707
0.0000000389460907967986713629215955734253
0.0000000036216794008225861034588888287544
0.0000000002537109133893267198800458572805
0.0000000000120117162744071137581158836838
0.0000000000002929687742403430661397578660
0.0000000000000000000000000000000000000000
0.0000000000000000000000000000000000000000
0.0000000000000000000000000000000000000000
0.0000000000000000000000000000000000000000
0.0000000000000000000000000000000000000000
0.0000000000000000000000000000000000000000
0.0000000000000000000000000000000000000000
0.0000000000000000000000000000000000000000
0.0000000000000000000000000000000000000000
0.0000000000000000000000000000000000000000
0.0000000000000000000000000000000000000000
0.0000000000000000000000000000000000000000
0.0000000000000000000000000000000000000000
0.0000000000000000000000000000000000000000
0.0000000000000000000000000000000000000000
0.0000000000000000000000000000000000000000
0.0000000000000000000000000000000000000000
0.0000000000000000000000000000000000000000
0.0000000000000000000000000000000000000000
0.0000000000000000000000000000000000000000
0.0000000000000000000000000000000000000000
0.0000000000000000000000000000000000000000
0.0000000000000000000000000000000000000000
0.0000000000000000000000000000000000000000
0.0000000000000000000000000000000000000000
0.0000000000000000000000000000000000000000
0.0000000000000000000000000000000000000000
0.0000000000000000000000000000000000000000
0.0000000000000000000000000000000000000000
0.0000000000000000000000000000000000000000
0.0000000000000000000000000000000000000000
0.0000000000000000000000000000000000000000
0.0000000000000000000000000000000000000000
0.0000000000000000000000000000000000000000
0.0000000000000000000000000000000000000000
0.0000000000000000000000000000000000000000
0.0000000000000000000000000000000000000000
0.0000000000000000000000000000000000000000
0.0000000000000000000000000000000000000000
0.0000000000000000000000000000000000000000
0.0000000000000000000000000000000000000000
0.0000000000000000000000000000000000000000
0.0000000000000000000000000000000000000000
0.0000000000000000000000000000000000000000
0.0000000000000000000000000000000000000000
0.0000000000000000000000000000000000000000
0.0000000000000000000000000000000000000000
0.0000000000000000000000000000000000000000
0.0000000000000000000000000000000000000000
0.0000000000000000000000000000000000000000
0.0000000000000000000000000000000000000000
0.0000000000000000000000000000000000000000
0.0000000000000000000000000000000000000000
0.0000000000000000000000000000000000000000
0.0000000000000000000000000000000000000000
0.0000000000000000000000000000000000000000
0.0000000000003906249510052944851068446042
0.0000000000160156245904152783054996689316
0.0000000003382812363561527035926701501012
0.0000000048289061638229213713202625513077
0.0000000519281222466361214173957705497742
0.0000004456281317288812715560197830200195
0.0000031617278182238806039094924926757812
0.0000189878446690272539854049682617187500
0.0000981327830231748521327972412109375000
0.0004417377640493214130401611328125000000
0.0017475892091169953346252441406250000000
0.0061179082840681076049804687500000000000
0.0190533939749002456665039062500000000000
0.0530087426304817199707031250000000000000
0.1322140097618103027343750000000000000000
0.2964563965797424316406250000000000000000
0.5997157096862792968750000000000000000000
1.0958619117736816406250000000000000000000
1.8265365362167358398437500000000000000000
2.7307894229888916015625000000000000000000
4.0000000000000000000000000000000000000000
4.0000000000000000000000000000000000000000
3.0000000000000000000000000000000000000000
3.0000000000000000000000000000000000000000
2.0480921268463134765625000000000000000000
1.3699026107788085937500000000000000000000
0.8218965530395507812500000000000000000000
0.4497868120670318603515625000000000000000
0.2223423421382904052734375000000000000000
0.0991605222225189208984375000000000000000
0.0397565625607967376708984375000000000000
0.0142900468781590461730957031250000000000
0.0045884316787123680114746093750000000000
0.0013106919359415769577026367187500000000
0.0003313033375889062881469726562500000000
0.0000735996000003069639205932617187500000
0.0000142408825922757387161254882812500000
0.0000023712957499810727313160896301269531
0.0000003342211414292250992730259895324707
0.0000000389460907967986713629215955734253
0.0000000036216794008225861034588888287544
0.0000000002537109133893267198800458572805
0.0000000000120117162744071137581158836838
0.0000000000002929687742403430661397578660
0.0000000000000000000000000000000000000000
0.0000000000000000000000000000000000000000
0.0000000000000000000000000000000000000000
0.0000000000000000000000000000000000000000
0.0000000000000000000000000000000000000000
0.0000000000000000000000000000000000000000
0.0000000000000000000000000000000000000000
0.0000000000000000000000000000000000000000
0.0000000000000000000000000000000000000000
0.0000000000000000000000000000000000000000
0.0000000000000000000000000000000000000000
0.0000000000000000000000000000000000000000
0.0000000000000000000000000000000000000000
0.0000000000000000000000000000000000000000
0.0000000000000000000000000000000000000000
0.0000000000000000000000000000000000000000
0.0000000000000000000000000000000000000000
0.0000000000000000000000000000000000000000
0.0000000000000000000000000000000000000000
0.0000000000000000000000000000000000000000
0.0000000000000000000000000000000000000000
0.0000000000000000000000000000000000000000
0.0000000000000000000000000000000000000000
0.0000000000000000000000000000000000000000
0.0000000000000000000000000000000000000000
0.0000000000000000000000000000000000000000
0.0000000000000000000000000000000000000000
0.0000000000000000000000000000000000000000
0.0000000000000000000000000000000000000000
0.0000000000000000000000000000000000000000
0.0000000000000000000000000000000000000000
0.0000000000000000000000000000000000000000
0.0000000000000000000000000000000000000000
0.0000000000000000000000000000000000000000
0.0000000000000000000000000000000000000000
0.0000000000000000000000000000000000000000
0.0000000000000000000000000000000000000000
0.0000000000000000000000000000000000000000
0.0000000000000000000000000000000000000000
0.0000000000000000000000000000000000000000
0.0000000000000000000000000000000000000000
0.0000000000000000000000000000000000000000
0.0000000000000000000000000000000000000000
0.0000000000000000000000000000000000000000
0.0000000000000000000000000000000000000000
0.0000000000000000000000000000000000000000
0.0000000000000000000000000000000000000000
0.0000000000000000000000000000000000000000
0.0000000000000000000000000000000000000000
0.0000000000000000000000000000000000000000
0.0000000000000000000000000000000000000000
0.0000000000000000000000000000000000000000
0.0000000000000000000000000000000000000000
0.0000000000000000000000000000000000000000
0.0000000000000000000000000000000000000000
0.0000000000000000000000000000000000000000
0.0000000000003906249510052944851068446042
0.0000000000160156245904152783054996689316
0.0000000003382812363561527035926701501012
0.0000000048289061638229213713202625513077
0.0000000519281222466361214173957705497742
0.0000004456281317288812715560197830200195
0.0000031617278182238806039094924926757812
0.0000189878446690272539854049682617187500
0.0000981327830231748521327972412109375000
0.0004417377640493214130401611328125000000
0.0017475892091169953346252441406250000000
0.0061179082840681076049804687500000000000
0.0190533939749002456665039062500000000000
0.0530087426304817199707031250000000000000
0.1322140097618103027343750000000000000000
0.2964563965797424316406250000000000000000
0.5997157096862792968750000000000000000000
1.0958619117736816406250000000000000000000
1.8265365362167358398437500000000000000000
2.7307894229888916015625000000000000000000
4.0000000000000000000000000000000000000000
4.0000000000000000000000000000000000000000
3.0000000000000000000000000000000000000000
3.0000000000000000000000000000000000000000
2.0480921268463134765625000000000000000000
1.3699026107788085937500000000000000000000
0.8218965530395507812500000000000000000000
0.4497868120670318603515625000000000000000
0.2223423421382904052734375000000000000000
0.0991605222225189208984375000000000000000
0.0397565625607967376708984375000000000000
0.0142900468781590461730957031250000000000
0.0045884316787123680114746093750000000000
0.0013106919359415769577026367187500000000
0.0003313033375889062881469726562500000000
0.0000735996000003069639205932617187500000
0.0000142408825922757387161254882812500000
0.0000023712957499810727313160896301269531
0.0000003342211414292250992730259895324707
0.0000000389460907967986713629215955734253
0.0000000036216794008225861034588888287544
0.0000000002537109133893267198800458572805
0.0000000000120117162744071137581158836838
0.0000000000002929687742403430661397578660
0.0000000000000000000000000000000000000000
0.0000000000000000000000000000000000000000
0.0000000000000000000000000000000000000000
0.0000000000000000000000000000000000000000
0.0000000000000000000000000000000000000000
0.0000000000000000000000000000000000000000
0.0000000000000000000000000000000000000000
0.0000000000000000000000000000000000000000
0.0000000000000000000000000000000000000000
0.0000000000000000000000000000000000000000
0.0000000000000000000000000000000000000000
0.0000000000000000000000000000000000000000
0.0000000000000000000000000000000000000000
0.0000000000000000000000000000000000000000
0.0000000000000000000000000000000000000000
0.0000000000000000000000000000000000000000
0.0000000000000000000000000000000000000000
0.0000000000000000000000000000000000000000
0.0000000000000000000000000000000000000000
0.0000000000000000000000000000000000000000
0.0000000000000000000000000000000000000000
0.0000000000000000000000000000000000000000
0.0000000000000000000000000000000000000000
0.0000000000000000000000000000000000000000
0.0000000000000000000000000000000000000000
0.0000000000000000000000000000000000000000
0.0000000000000000000000000000000000000000
0.0000000000000000000000000000000000000000
0.0000000000000000000000000000000000000000
0.0000000000000000000000000000000000000000
0.0000000000000000000000000000000000000000
0.0000000000000000000000000000000000000000
0.0000000000000000000000000000000000000000
0.0000000000000000000000000000000000000000
0.0000000000000000000000000000000000000000
0.0000000000000000000000000000000000000000
0.0000000000000000000000000000000000000000
0.0000000000000000000000000000000000000000
0.0000000000000000000000000000000000000000
0.0000000000000000000000000000000000000000
0.0000000000000000000000000000000000000000
0.0000000000000000000000000000000000000000
0.0000000000000000000000000000000000000000
0.0000000000000000000000000000000000000000
0.0000000000000000000000000000000000000000
0.0000000000000000000000000000000000000000
0.0000000000000000000000000000000000000000
0.0000000000000000000000000000000000000000
0.0000000000000000000000000000000000000000
0.0000000000000000000000000000000000000000
0.0000000000000000000000000000000000000000
0.0000000000000000000000000000000000000000
0.0000000000000000000000000000000000000000
0.0000000000000000000000000000000000000000
0.0000000000000000000000000000000000000000
0.0000000000000000000000000000000000000000
0.0000000000003906249510052944851068446042
0.0000000000160156245904152783054996689316
0.0000000003382812363561527035926701501012
0.0000000048289061638229213713202625513077
0.0000000519281222466361214173957705497742
0.0000004456281317288812715560197830200195
0.0000031617278182238806039094924926757812
0.0000189878446690272539854049682617187500
0.0000981327830231748521327972412109375000
0.0004417377640493214130401611328125000000
0.0017475892091169953346252441406250000000
0.0061179082840681076049804687500000000000
0.0190533939749002456665039062500000000000
0.0530087426304817199707031250000000000000
0.1322140097618103027343750000000000000000
0.2964563965797424316406250000000000000000
0.5997157096862792968750000000000000000000
1.0958619117736816406250000000000000000000
1.8265365362167358398437500000000000000000
2.7307894229888916015625000000000000000000
4.0000000000000000000000000000000000000000
4.0000000000000000000000000000000000000000
3.0000000000000000000000000000000000000000
3.0000000000000000000000000000000000000000
2.0480921268463134765625000000000000000000
1.3699026107788085937500000000000000000000
0.8218965530395507812500000000000000000000
0.4497868120670318603515625000000000000000
0.2223423421382904052734375000000000000000
0.0991605222225189208984375000000000000000
0.0397565625607967376708984375000000000000
0.0142900468781590461730957031250000000000
0.0045884316787123680114746093750000000000
0.0013106919359415769577026367187500000000
0.0003313033375889062881469726562500000000
0.0000735996000003069639205932617187500000
0.0000142408825922757387161254882812500000
0.0000023712957499810727313160896301269531
0.0000003342211414292250992730259895324707
0.0000000389460907967986713629215955734253
0.0000000036216794008225861034588888287544
0.0000000002537109133893267198800458572805
0.0000000000120117162744071137581158836838
0.0000000000002929687742403430661397578660
0.0000000000000000000000000000000000000000
0.0000000000000000000000000000000000000000
0.0000000000000000000000000000000000000000
0.0000000000000000000000000000000000000000
0.0000000000000000000000000000000000000000
0.0000000000000000000000000000000000000000
0.0000000000000000000000000000000000000000
0.0000000000000000000000000000000000000000
0.0000000000000000000000000000000000000000
0.0000000000000000000000000000000000000000
0.0000000000000000000000000000000000000000
0.0000000000000000000000000000000000000000
0.0000000000000000000000000000000000000000
0.0000000000000000000000000000000000000000
0.0000000000000000000000000000000000000000
0.0000000000000000000000000000000000000000
0.0000000000000000000000000000000000000000
0.0000000000000000000000000000000000000000
0.0000000000000000000000000000000000000000
0.0000000000000000000000000000000000000000
0.0000000000000000000000000000000000000000
0.0000000000000000000000000000000000000000
0.0000000000000000000000000000000000000000
0.0000000000000000000000000000000000000000
0.0000000000000000000000000000000000000000
0.0000000000000000000000000000000000000000
0.0000000000000000000000000000000000000000
0.0000000000000000000000000000000000000000
0.0000000000000000000000000000000000000000
0.0000000000000000000000000000000000000000
0.0000000000000000000000000000000000000000
0.0000000000000000000000000000000000000000
0.0000000000000000000000000000000000000000
0.0000000000000000000000000000000000000000
0.0000000000000000000000000000000000000000
0.0000000000000000000000000000000000000000
0.0000000000000000000000000000000000000000
0.0000000000000000000000000000000000000000
0.0000000000000000000000000000000000000000
0.0000000000000000000000000000000000000000
0.0000000000000000000000000000000000000000
0.0000000000000000000000000000000000000000
0.0000000000000000000000000000000000000000
0.0000000000000000000000000000000000000000
0.0000000000000000000000000000000000000000
0.0000000000000000000000000000000000000000
0.0000000000000000000000000000000000000000
0.0000000000000000000000000000000000000000
0.0000000000000000000000000000000000000000
0.0000000000000000000000000000000000000000
0.0000000000000000000000000000000000000000
0.0000000000000000000000000000000000000000
0.0000000000000000000000000000000000000000
0.0000000000000000000000000000000000000000
0.0000000000000000000000000000000000000000
0.0000000000000000000000000000000000000000
0.0000000000003906249510052944851068446042
0.0000000000160156245904152783054996689316
0.0000000003382812363561527035926701501012
0.0000000048289061638229213713202625513077
0.0000000519281222466361214173957705497742
0.0000004456281317288812715560197830200195
0.0000031617278182238806039094924926757812
0.0000189878446690272539854049682617187500
0.0000981327830231748521327972412109375000
0.0004417377640493214130401611328125000000
0.0017475892091169953346252441406250000000
0.0061179082840681076049804687500000000000
0.0190533939749002456665039062500000000000
0.0530087426304817199707031250000000000000
0.1322140097618103027343750000000000000000
0.2964563965797424316406250000000000000000
0.5997157096862792968750000000000000000000
1.0958619117736816406250000000000000000000
1.8265365362167358398437500000000000000000
2.7307894229888916015625000000000000000000
4.0000000000000000000000000000000000000000
4.0000000000000000000000000000000000000000
3.0000000000000000000000000000000000000000
3.0000000000000000000000000000000000000000
2.0480921268463134765625000000000000000000
1.3699026107788085937500000000000000000000
0.8218965530395507812500000000000000000000
0.4497868120670318603515625000000000000000
0.2223423421382904052734375000000000000000
0.0991605222225189208984375000000000000000
0.0397565625607967376708984375000000000000
0.0142900468781590461730957031250000000000
0.0045884316787123680114746093750000000000
0.0013106919359415769577026367187500000000
0.0003313033375889062881469726562500000000
0.0000735996000003069639205932617187500000
0.0000142408825922757387161254882812500000
0.0000023712957499810727313160896301269531
0.0000003342211414292250992730259895324707
0.0000000389460907967986713629215955734253
0.0000000036216794008225861034588888287544
0.0000000002537109133893267198800458572805
0.0000000000120117162744071137581158836838
0.0000000000002929687742403430661397578660
0.0000000000000000000000000000000000000000
0.0000000000000000000000000000000000000000
0.0000000000000000000000000000000000000000
0.0000000000000000000000000000000000000000
0.0000000000000000000000000000000000000000
0.0000000000000000000000000000000000000000
0.0000000000000000000000000000000000000000
0.0000000000000000000000000000000000000000
0.0000000000000000000000000000000000000000
0.0000000000000000000000000000000000000000
0.0000000000000000000000000000000000000000
0.0000000000000000000000000000000000000000
0.0000000000000000000000000000000000000000
0.0000000000000000000000000000000000000000
0.0000000000000000000000000000000000000000
0.0000000000000000000000000000000000000000
0.0000000000000000000000000000000000000000
0.0000000000000000000000000000000000000000
0.0000000000000000000000000000000000000000
0.0000000000000000000000000000000000000000
0.0000000000000000000000000000000000000000
0.0000000000000000000000000000000000000000
0.0000000000000000000000000000000000000000
0.0000000000000000000000000000000000000000
0.0000000000000000000000000000000000000000
0.0000000000000000000000000000000000000000
0.0000000000000000000000000000000000000000
0.0000000000000000000000000000000000000000
0.0000000000000000000000000000000000000000
0.0000000000000000000000000000000000000000
0.0000000000000000000000000000000000000000
0.0000000000000000000000000000000000000000
0.0000000000000000000000000000000000000000
0.0000000000000000000000000000000000000000
0.0000000000000000000000000000000000000000
0.0000000000000000000000000000000000000000
0.0000000000000000000000000000000000000000
0.0000000000000000000000000000000000000000
0.0000000000000000000000000000000000000000
0.0000000000000000000000000000000000000000
0.0000000000000000000000000000000000000000
0.0000000000000000000000000000000000000000
0.0000000000000000000000000000000000000000
0.0000000000000000000000000000000000000000
0.0000000000000000000000000000000000000000
0.0000000000000000000000000000000000000000
0.0000000000000000000000000000000000000000
0.0000000000000000000000000000000000000000
0.0000000000000000000000000000000000000000
0.0000000000000000000000000000000000000000
0.0000000000000000000000000000000000000000
0.0000000000000000000000000000000000000000
0.0000000000000000000000000000000000000000
0.0000000000000000000000000000000000000000
0.0000000000000000000000000000000000000000
0.0000000000000000000000000000000000000000
0.0000000000003906249510052944851068446042
0.0000000000160156245904152783054996689316
0.0000000003382812363561527035926701501012
0.0000000048289061638229213713202625513077
0.0000000519281222466361214173957705497742
0.0000004456281317288812715560197830200195
0.0000031617278182238806039094924926757812
0.0000189878446690272539854049682617187500
0.0000981327830231748521327972412109375000
0.0004417377640493214130401611328125000000
0.0017475892091169953346252441406250000000
0.0061179082840681076049804687500000000000
0.0190533939749002456665039062500000000000
0.0530087426304817199707031250000000000000
0.1322140097618103027343750000000000000000
0.2964563965797424316406250000000000000000
0.5997157096862792968750000000000000000000
1.0958619117736816406250000000000000000000
1.8265365362167358398437500000000000000000
2.7307894229888916015625000000000000000000
4.0000000000000000000000000000000000000000
4.0000000000000000000000000000000000000000
3.0000000000000000000000000000000000000000
3.0000000000000000000000000000000000000000
2.0480921268463134765625000000000000000000
1.3699026107788085937500000000000000000000
0.8218965530395507812500000000000000000000
0.4497868120670318603515625000000000000000
0.2223423421382904052734375000000000000000
0.0991605222225189208984375000000000000000
0.0397565625607967376708984375000000000000
0.0142900468781590461730957031250000000000
0.0045884316787123680114746093750000000000
0.0013106919359415769577026367187500000000
0.0003313033375889062881469726562500000000
0.0000735996000003069639205932617187500000
0.0000142408825922757387161254882812500000
0.0000023712957499810727313160896301269531
0.0000003342211414292250992730259895324707
0.0000000389460907967986713629215955734253
0.0000000036216794008225861034588888287544
0.0000000002537109133893267198800458572805
0.0000000000120117162744071137581158836838
0.0000000000002929687742403430661397578660
0.0000000000000000000000000000000000000000
0.0000000000000000000000000000000000000000
0.0000000000000000000000000000000000000000
0.0000000000000000000000000000000000000000
0.0000000000000000000000000000000000000000
0.0000000000000000000000000000000000000000
0.0000000000000000000000000000000000000000
0.0000000000000000000000000000000000000000
0.0000000000000000000000000000000000000000
0.0000000000000000000000000000000000000000
0.0000000000000000000000000000000000000000
0.0000000000000000000000000000000000000000
0.0000000000000000000000000000000000000000
0.0000000000000000000000000000000000000000
0.0000000000000000000000000000000000000000
0.0000000000000000000000000000000000000000
0.0000000000000000000000000000000000000000
0.0000000000000000000000000000000000000000
0.0000000000000000000000000000000000000000
0.0000000000000000000000000000000000000000
0.0000000000000000000000000000000000000000
0.0000000000000000000000000000000000000000
0.0000000000000000000000000000000000000000
0.0000000000000000000000000000000000000000
0.0000000000000000000000000000000000000000
0.0000000000000000000000000000000000000000
0.0000000000000000000000000000000000000000
0.0000000000000000000000000000000000000000
0.0000000000000000000000000000000000000000
0.0000000000000000000000000000000000000000
0.0000000000000000000000000000000000000000
0.0000000000000000000000000000000000000000
0.0000000000000000000000000000000000000000
0.0000000000000000000000000000000000000000
0.0000000000000000000000000000000000000000
0.0000000000000000000000000000000000000000
0.0000000000000000000000000000000000000000
0.0000000000000000000000000000000000000000
0.0000000000000000000000000000000000000000
0.0000000000000000000000000000000000000000
0.0000000000000000000000000000000000000000
0.0000000000000000000000000000000000000000
0.0000000000000000000000000000000000000000
0.0000000000000000000000000000000000000000
0.0000000000000000000000000000000000000000
0.0000000000000000000000000000000000000000
0.0000000000000000000000000000000000000000
0.0000000000000000000000000000000000000000
0.0000000000000000000000000000000000000000
0.0000000000000000000000000000000000000000
0.0000000000000000000000000000000000000000
0.0000000000000000000000000000000000000000
0.0000000000000000000000000000000000000000
0.0000000000000000000000000000000000000000
0.0000000000000000000000000000000000000000
0.0000000000000000000000000000000000000000
0.0000000000003906249510052944851068446042
0.0000000000160156245904152783054996689316
0.0000000003382812363561527035926701501012
0.0000000048289061638229213713202625513077
0.0000000519281222466361214173957705497742
0.0000004456281317288812715560197830200195
0.0000031617278182238806039094924926757812
0.0000189878446690272539854049682617187500
0.0000981327830231748521327972412109375000
0.0004417377640493214130401611328125000000
0.0017475892091169953346252441406250000000
0.0061179082840681076049804687500000000000
0.0190533939749002456665039062500000000000
0.0530087426304817199707031250000000000000
0.1322140097618103027343750000000000000000
0.2964563965797424316406250000000000000000
0.5997157096862792968750000000000000000000
1.0958619117736816406250000000000000000000
1.8265365362167358398437500000000000000000
2.7307894229888916015625000000000000000000
4.0000000000000000000000000000000000000000
4.0000000000000000000000000000000000000000
3.0000000000000000000000000000000000000000
3.0000000000000000000000000000000000000000
2.0480921268463134765625000000000000000000
1.3699026107788085937500000000000000000000
0.8218965530395507812500000000000000000000
0.4497868120670318603515625000000000000000
0.2223423421382904052734375000000000000000
0.0991605222225189208984375000000000000000
0.0397565625607967376708984375000000000000
0.0142900468781590461730957031250000000000
0.0045884316787123680114746093750000000000
0.0013106919359415769577026367187500000000
0.0003313033375889062881469726562500000000
0.0000735996000003069639205932617187500000
0.0000142408825922757387161254882812500000
0.0000023712957499810727313160896301269531
0.0000003342211414292250992730259895324707
0.0000000389460907967986713629215955734253
0.0000000036216794008225861034588888287544
0.0000000002537109133893267198800458572805
0.0000000000120117162744071137581158836838
0.0000000000002929687742403430661397578660
0.0000000000000000000000000000000000000000
0.0000000000000000000000000000000000000000
0.0000000000000000000000000000000000000000
0.0000000000000000000000000000000000000000
0.0000000000000000000000000000000000000000
0.0000000000000000000000000000000000000000
0.0000000000000000000000000000000000000000
0.0000000000000000000000000000000000000000
0.0000000000000000000000000000000000000000
0.0000000000000000000000000000000000000000
0.0000000000000000000000000000000000000000
0.0000000000000000000000000000000000000000
0.0000000000000000000000000000000000000000
0.0000000000000000000000000000000000000000
0.0000000000000000000000000000000000000000
0.0000000000000000000000000000000000000000
0.0000000000000000000000000000000000000000
0.0000000000000000000000000000000000000000
0.0000000000000000000000000000000000000000
0.0000000000000000000000000000000000000000
0.0000000000000000000000000000000000000000
0.0000000000000000000000000000000000000000
0.0000000000000000000000000000000000000000
0.0000000000000000000000000000000000000000
0.0000000000000000000000000000000000000000
0.0000000000000000000000000000000000000000
0.0000000000000000000000000000000000000000
0.0000000000000000000000000000000000000000
0.0000000000000000000000000000000000000000
0.0000000000000000000000000000000000000000
0.0000000000000000000000000000000000000000
0.0000000000000000000000000000000000000000
0.0000000000000000000000000000000000000000
0.0000000000000000000000000000000000000000
0.0000000000000000000000000000000000000000
0.0000000000000000000000000000000000000000
0.0000000000000000000000000000000000000000
0.0000000000000000000000000000000000000000
0.0000000000000000000000000000000000000000
0.0000000000000000000000000000000000000000
0.0000000000000000000000000000000000000000
0.0000000000000000000000000000000000000000
0.0000000000000000000000000000000000000000
0.0000000000000000000000000000000000000000
0.0000000000000000000000000000000000000000
0.0000000000000000000000000000000000000000
0.0000000000000000000000000000000000000000
0.0000000000000000000000000000000000000000
0.0000000000000000000000000000000000000000
0.0000000000000000000000000000000000000000
0.0000000000000000000000000000000000000000
0.0000000000000000000000000000000000000000
0.0000000000000000000000000000000000000000
0.0000000000000000000000000000000000000000
0.0000000000000000000000000000000000000000
0.0000000000000000000000000000000000000000
0.0000000000003906249510052944851068446042
0.0000000000160156245904152783054996689316
0.0000000003382812363561527035926701501012
0.0000000048289061638229213713202625513077
0.0000000519281222466361214173957705497742
0.0000004456281317288812715560197830200195
0.0000031617278182238806039094924926757812
0.0000189878446690272539854049682617187500
0.0000981327830231748521327972412109375000
0.0004417377640493214130401611328125000000
0.0017475892091169953346252441406250000000
0.0061179082840681076049804687500000000000
0.0190533939749002456665039062500000000000
0.0530087426304817199707031250000000000000
0.1322140097618103027343750000000000000000
0.2964563965797424316406250000000000000000
0.5997157096862792968750000000000000000000
1.0958619117736816406250000000000000000000
1.8265365362167358398437500000000000000000
2.7307894229888916015625000000000000000000
4.0000000000000000000000000000000000000000
4.0000000000000000000000000000000000000000
3.0000000000000000000000000000000000000000
3.0000000000000000000000000000000000000000
2.0480921268463134765625000000000000000000
1.3699026107788085937500000000000000000000
0.8218965530395507812500000000000000000000
0.4497868120670318603515625000000000000000
0.2223423421382904052734375000000000000000
0.0991605222225189208984375000000000000000
0.0397565625607967376708984375000000000000
0.0142900468781590461730957031250000000000
0.0045884316787123680114746093750000000000
0.0013106919359415769577026367187500000000
0.0003313033375889062881469726562500000000
0.0000735996000003069639205932617187500000
0.0000142408825922757387161254882812500000
0.0000023712957499810727313160896301269531
0.0000003342211414292250992730259895324707
0.0000000389460907967986713629215955734253
0.0000000036216794008225861034588888287544
0.0000000002537109133893267198800458572805
0.0000000000120117162744071137581158836838
0.0000000000002929687742403430661397578660
0.0000000000000000000000000000000000000000
0.0000000000000000000000000000000000000000
0.0000000000000000000000000000000000000000
0.0000000000000000000000000000000000000000
0.0000000000000000000000000000000000000000
0.0000000000000000000000000000000000000000
0.0000000000000000000000000000000000000000
0.0000000000000000000000000000000000000000
0.0000000000000000000000000000000000000000
0.0000000000000000000000000000000000000000
0.0000000000000000000000000000000000000000
0.0000000000000000000000000000000000000000
0.0000000000000000000000000000000000000000
0.0000000000000000000000000000000000000000
0.0000000000000000000000000000000000000000
0.0000000000000000000000000000000000000000
0.0000000000000000000000000000000000000000
0.0000000000000000000000000000000000000000
0.0000000000000000000000000000000000000000
0.0000000000000000000000000000000000000000
0.0000000000000000000000000000000000000000
0.0000000000000000000000000000000000000000
0.0000000000000000000000000000000000000000
0.0000000000000000000000000000000000000000
0.0000000000000000000000000000000000000000
0.0000000000000000000000000000000000000000
0.0000000000000000000000000000000000000000
0.0000000000000000000000000000000000000000
0.0000000000000000000000000000000000000000
0.0000000000000000000000000000000000000000
0.0000000000000000000000000000000000000000
0.0000000000000000000000000000000000000000
0.0000000000000000000000000000000000000000
0.0000000000000000000000000000000000000000
0.0000000000000000000000000000000000000000
0.0000000000000000000000000000000000000000
0.0000000000000000000000000000000000000000
0.0000000000000000000000000000000000000000
0.0000000000000000000000000000000000000000
0.0000000000000000000000000000000000000000
0.0000000000000000000000000000000000000000
0.0000000000000000000000000000000000000000
0.0000000000000000000000000000000000000000
0.0000000000000000000000000000000000000000
0.0000000000000000000000000000000000000000
0.0000000000000000000000000000000000000000
0.0000000000000000000000000000000000000000
0.0000000000000000000000000000000000000000
0.0000000000000000000000000000000000000000
0.0000000000000000000000000000000000000000
0.0000000000000000000000000000000000000000
0.0000000000000000000000000000000000000000
0.0000000000000000000000000000000000000000
0.0000000000000000000000000000000000000000
0.0000000000000000000000000000000000000000
0.0000000000000000000000000000000000000000
0.0000000000003906249510052944851068446042
0.0000000000160156245904152783054996689316
0.0000000003382812363561527035926701501012
0.0000000048289061638229213713202625513077
0.0000000519281222466361214173957705497742
0.0000004456281317288812715560197830200195
0.0000031617278182238806039094924926757812
0.0000189878446690272539854049682617187500
0.0000981327830231748521327972412109375000
0.0004417377640493214130401611328125000000
0.0017475892091169953346252441406250000000
0.0061179082840681076049804687500000000000
0.0190533939749002456665039062500000000000
0.0530087426304817199707031250000000000000
0.1322140097618103027343750000000000000000
0.2964563965797424316406250000000000000000
0.5997157096862792968750000000000000000000
1.0958619117736816406250000000000000000000
1.8265365362167358398437500000000000000000
2.7307894229888916015625000000000000000000
4.0000000000000000000000000000000000000000
4.0000000000000000000000000000000000000000
3.0000000000000000000000000000000000000000
3.0000000000000000000000000000000000000000
2.0480921268463134765625000000000000000000
1.3699026107788085937500000000000000000000
0.8218965530395507812500000000000000000000
0.4497868120670318603515625000000000000000
0.2223423421382904052734375000000000000000
0.0991605222225189208984375000000000000000
0.0397565625607967376708984375000000000000
0.0142900468781590461730957031250000000000
0.0045884316787123680114746093750000000000
0.0013106919359415769577026367187500000000
0.0003313033375889062881469726562500000000
0.0000735996000003069639205932617187500000
0.0000142408825922757387161254882812500000
0.0000023712957499810727313160896301269531
0.0000003342211414292250992730259895324707
0.0000000389460907967986713629215955734253
0.0000000036216794008225861034588888287544
0.0000000002537109133893267198800458572805
0.0000000000120117162744071137581158836838
0.0000000000002929687742403430661397578660
0.0000000000000000000000000000000000000000
0.0000000000000000000000000000000000000000
0.0000000000000000000000000000000000000000
0.0000000000000000000000000000000000000000
0.0000000000000000000000000000000000000000
0.0000000000000000000000000000000000000000
0.0000000000000000000000000000000000000000
0.0000000000000000000000000000000000000000
0.0000000000000000000000000000000000000000
0.0000000000000000000000000000000000000000
0.0000000000000000000000000000000000000000
0.0000000000000000000000000000000000000000
0.0000000000000000000000000000000000000000
0.0000000000000000000000000000000000000000
0.0000000000000000000000000000000000000000
0.0000000000000000000000000000000000000000
0.0000000000000000000000000000000000000000
0.0000000000000000000000000000000000000000
0.0000000000000000000000000000000000000000
0.0000000000000000000000000000000000000000
0.0000000000000000000000000000000000000000
0.0000000000000000000000000000000000000000
0.0000000000000000000000000000000000000000
0.0000000000000000000000000000000000000000
0.0000000000000000000000000000000000000000
0.0000000000000000000000000000000000000000
0.0000000000000000000000000000000000000000
0.0000000000000000000000000000000000000000
0.0000000000000000000000000000000000000000
0.0000000000000000000000000000000000000000
0.0000000000000000000000000000000000000000
0.0000000000000000000000000000000000000000
0.0000000000000000000000000000000000000000
0.0000000000000000000000000000000000000000
0.0000000000000000000000000000000000000000
0.0000000000000000000000000000000000000000
0.0000000000000000000000000000000000000000
0.0000000000000000000000000000000000000000
0.0000000000000000000000000000000000000000
0.0000000000000000000000000000000000000000
0.0000000000000000000000000000000000000000
0.0000000000000000000000000000000000000000
0.0000000000000000000000000000000000000000
0.0000000000000000000000000000000000000000
0.0000000000000000000000000000000000000000
0.0000000000000000000000000000000000000000
0.0000000000000000000000000000000000000000
0.0000000000000000000000000000000000000000
0.0000000000000000000000000000000000000000
0.0000000000000000000000000000000000000000
0.0000000000000000000000000000000000000000
0.0000000000000000000000000000000000000000
0.0000000000000000000000000000000000000000
0.0000000000000000000000000000000000000000
0.0000000000000000000000000000000000000000
0.0000000000000000000000000000000000000000
0.0000000000003906249510052944851068446042
0.0000000000160156245904152783054996689316
0.0000000003382812363561527035926701501012
0.0000000048289061638229213713202625513077
0.0000000519281222466361214173957705497742
0.0000004456281317288812715560197830200195
0.0000031617278182238806039094924926757812
0.0000189878446690272539854049682617187500
0.0000981327830231748521327972412109375000
0.0004417377640493214130401611328125000000
0.0017475892091169953346252441406250000000
0.0061179082840681076049804687500000000000
0.0190533939749002456665039062500000000000
0.0530087426304817199707031250000000000000
0.1322140097618103027343750000000000000000
0.2964563965797424316406250000000000000000
0.5997157096862792968750000000000000000000
1.0958619117736816406250000000000000000000
1.8265365362167358398437500000000000000000
2.7307894229888916015625000000000000000000
4.0000000000000000000000000000000000000000
4.0000000000000000000000000000000000000000
3.0000000000000000000000000000000000000000
3.0000000000000000000000000000000000000000
2.0480921268463134765625000000000000000000
1.3699026107788085937500000000000000000000
0.8218965530395507812500000000000000000000
0.4497868120670318603515625000000000000000
0.2223423421382904052734375000000000000000
0.0991605222225189208984375000000000000000
0.0397565625607967376708984375000000000000
0.0142900468781590461730957031250000000000
0.0045884316787123680114746093750000000000
0.0013106919359415769577026367187500000000
0.0003313033375889062881469726562500000000
0.0000735996000003069639205932617187500000
0.0000142408825922757387161254882812500000
0.0000023712957499810727313160896301269531
0.0000003342211414292250992730259895324707
0.0000000389460907967986713629215955734253
0.0000000036216794008225861034588888287544
0.0000000002537109133893267198800458572805
0.0000000000120117162744071137581158836838
0.0000000000002929687742403430661397578660
0.0000000000000000000000000000000000000000
0.0000000000000000000000000000000000000000
0.0000000000000000000000000000000000000000
0.0000000000000000000000000000000000000000
0.0000000000000000000000000000000000000000
0.0000000000000000000000000000000000000000
0.0000000000000000000000000000000000000000
0.0000000000000000000000000000000000000000
0.0000000000000000000000000000000000000000
0.0000000000000000000000000000000000000000
0.0000000000000000000000000000000000000000
0.0000000000000000000000000000000000000000
0.0000000000000000000000000000000000000000
0.0000000000000000000000000000000000000000
0.0000000000000000000000000000000000000000
0.0000000000000000000000000000000000000000
0.0000000000000000000000000000000000000000
0.0000000000000000000000000000000000000000
0.0000000000000000000000000000000000000000
0.0000000000000000000000000000000000000000
0.0000000000000000000000000000000000000000
0.0000000000000000000000000000000000000000
0.0000000000000000000000000000000000000000
0.0000000000000000000000000000000000000000
0.0000000000000000000000000000000000000000
0.0000000000000000000000000000000000000000
0.0000000000000000000000000000000000000000
0.0000000000000000000000000000000000000000
0.0000000000000000000000000000000000000000
0.0000000000000000000000000000000000000000
0.0000000000000000000000000000000000000000
0.0000000000000000000000000000000000000000
0.0000000000000000000000000000000000000000
0.0000000000000000000000000000000000000000
0.0000000000000000000000000000000000000000
0.0000000000000000000000000000000000000000
0.0000000000000000000000000000000000000000
0.0000000000000000000000000000000000000000
0.0000000000000000000000000000000000000000
0.0000000000000000000000000000000000000000
0.0000000000000000000000000000000000000000
0.0000000000000000000000000000000000000000
0.0000000000000000000000000000000000000000
0.0000000000000000000000000000000000000000
0.0000000000000000000000000000000000000000
0.0000000000000000000000000000000000000000
0.0000000000000000000000000000000000000000
0.0000000000000000000000000000000000000000
0.0000000000000000000000000000000000000000
0.0000000000000000000000000000000000000000
0.0000000000000000000000000000000000000000
0.0000000000000000000000000000000000000000
0.0000000000000000000000000000000000000000
0.0000000000000000000000000000000000000000
0.0000000000000000000000000000000000000000
0.0000000000000000000000000000000000000000
0.0000000000003906249510052944851068446042
0.0000000000160156245904152783054996689316
0.0000000003382812363561527035926701501012
0.0000000048289061638229213713202625513077
0.0000000519281222466361214173957705497742
0.0000004456281317288812715560197830200195
0.0000031617278182238806039094924926757812
0.0000189878446690272539854049682617187500
0.0000981327830231748521327972412109375000
0.0004417377640493214130401611328125000000
0.0017475892091169953346252441406250000000
0.0061179082840681076049804687500000000000
0.0190533939749002456665039062500000000000
0.0530087426304817199707031250000000000000
0.1322140097618103027343750000000000000000
0.2964563965797424316406250000000000000000
0.5997157096862792968750000000000000000000
1.0958619117736816406250000000000000000000
1.8265365362167358398437500000000000000000
2.7307894229888916015625000000000000000000
4.0000000000000000000000000000000000000000
4.0000000000000000000000000000000000000000
3.0000000000000000000000000000000000000000
3.0000000000000000000000000000000000000000
2.0480921268463134765625000000000000000000
1.3699026107788085937500000000000000000000
0.8218965530395507812500000000000000000000
0.4497868120670318603515625000000000000000
0.2223423421382904052734375000000000000000
0.0991605222225189208984375000000000000000
0.0397565625607967376708984375000000000000
0.0142900468781590461730957031250000000000
0.0045884316787123680114746093750000000000
0.0013106919359415769577026367187500000000
0.0003313033375889062881469726562500000000
0.0000735996000003069639205932617187500000
0.0000142408825922757387161254882812500000
0.0000023712957499810727313160896301269531
0.0000003342211414292250992730259895324707
0.0000000389460907967986713629215955734253
0.0000000036216794008225861034588888287544
0.0000000002537109133893267198800458572805
0.0000000000120117162744071137581158836838
0.0000000000002929687742403430661397578660
0.0000000000000000000000000000000000000000
0.0000000000000000000000000000000000000000
0.0000000000000000000000000000000000000000
0.0000000000000000000000000000000000000000
0.0000000000000000000000000000000000000000
0.0000000000000000000000000000000000000000
0.0000000000000000000000000000000000000000
0.0000000000000000000000000000000000000000
0.0000000000000000000000000000000000000000
0.0000000000000000000000000000000000000000
0.0000000000000000000000000000000000000000
0.0000000000000000000000000000000000000000
0.0000000000000000000000000000000000000000
0.0000000000000000000000000000000000000000
0.0000000000000000000000000000000000000000
0.0000000000000000000000000000000000000000
0.0000000000000000000000000000000000000000
0.0000000000000000000000000000000000000000
0.0000000000000000000000000000000000000000
0.0000000000000000000000000000000000000000
0.0000000000000000000000000000000000000000
0.0000000000000000000000000000000000000000
0.0000000000000000000000000000000000000000
0.0000000000000000000000000000000000000000
0.0000000000000000000000000000000000000000
0.0000000000000000000000000000000000000000
0.0000000000000000000000000000000000000000
0.0000000000000000000000000000000000000000
0.0000000000000000000000000000000000000000
0.0000000000000000000000000000000000000000
0.0000000000000000000000000000000000000000
0.0000000000000000000000000000000000000000
0.0000000000000000000000000000000000000000
0.0000000000000000000000000000000000000000
0.0000000000000000000000000000000000000000
0.0000000000000000000000000000000000000000
0.0000000000000000000000000000000000000000
0.0000000000000000000000000000000000000000
0.0000000000000000000000000000000000000000
0.0000000000000000000000000000000000000000
0.0000000000000000000000000000000000000000
0.0000000000000000000000000000000000000000
0.0000000000000000000000000000000000000000
0.0000000000000000000000000000000000000000
0.0000000000000000000000000000000000000000
0.0000000000000000000000000000000000000000
0.0000000000000000000000000000000000000000
0.0000000000000000000000000000000000000000
0.0000000000000000000000000000000000000000
0.0000000000000000000000000000000000000000
0.0000000000000000000000000000000000000000
0.0000000000000000000000000000000000000000
0.0000000000000000000000000000000000000000
0.0000000000000000000000000000000000000000
0.0000000000000000000000000000000000000000
0.0000000000000000000000000000000000000000
0.0000000000003906249510052944851068446042
0.0000000000160156245904152783054996689316
0.0000000003382812363561527035926701501012
0.0000000048289061638229213713202625513077
0.0000000519281222466361214173957705497742
0.0000004456281317288812715560197830200195
0.0000031617278182238806039094924926757812
0.0000189878446690272539854049682617187500
0.0000981327830231748521327972412109375000
0.0004417377640493214130401611328125000000
0.0017475892091169953346252441406250000000
0.0061179082840681076049804687500000000000
0.0190533939749002456665039062500000000000
0.0530087426304817199707031250000000000000
0.1322140097618103027343750000000000000000
0.2964563965797424316406250000000000000000
0.5997157096862792968750000000000000000000
1.0958619117736816406250000000000000000000
1.8265365362167358398437500000000000000000
2.7307894229888916015625000000000000000000
4.0000000000000000000000000000000000000000
4.0000000000000000000000000000000000000000
3.0000000000000000000000000000000000000000
3.0000000000000000000000000000000000000000
2.0480921268463134765625000000000000000000
1.3699026107788085937500000000000000000000
0.8218965530395507812500000000000000000000
0.4497868120670318603515625000000000000000
0.2223423421382904052734375000000000000000
0.0991605222225189208984375000000000000000
0.0397565625607967376708984375000000000000
0.0142900468781590461730957031250000000000
0.0045884316787123680114746093750000000000
0.0013106919359415769577026367187500000000
0.0003313033375889062881469726562500000000
0.0000735996000003069639205932617187500000
0.0000142408825922757387161254882812500000
0.0000023712957499810727313160896301269531
0.0000003342211414292250992730259895324707
0.0000000389460907967986713629215955734253
0.0000000036216794008225861034588888287544
0.0000000002537109133893267198800458572805
0.0000000000120117162744071137581158836838
0.0000000000002929687742403430661397578660
0.0000000000000000000000000000000000000000
0.0000000000000000000000000000000000000000
0.0000000000000000000000000000000000000000
0.0000000000000000000000000000000000000000
0.0000000000000000000000000000000000000000
0.0000000000000000000000000000000000000000
0.0000000000000000000000000000000000000000
0.0000000000000000000000000000000000000000
0.0000000000000000000000000000000000000000
0.0000000000000000000000000000000000000000
0.0000000000000000000000000000000000000000
0.0000000000000000000000000000000000000000
0.0000000000000000000000000000000000000000
0.0000000000000000000000000000000000000000
0.0000000000000000000000000000000000000000
0.0000000000000000000000000000000000000000
0.0000000000000000000000000000000000000000
0.0000000000000000000000000000000000000000
0.0000000000000000000000000000000000000000
0.0000000000000000000000000000000000000000
0.0000000000000000000000000000000000000000
0.0000000000000000000000000000000000000000
0.0000000000000000000000000000000000000000
0.0000000000000000000000000000000000000000
0.0000000000000000000000000000000000000000
0.0000000000000000000000000000000000000000
0.0000000000000000000000000000000000000000
0.0000000000000000000000000000000000000000
0.0000000000000000000000000000000000000000
0.0000000000000000000000000000000000000000
0.0000000000000000000000000000000000000000
0.0000000000000000000000000000000000000000
0.0000000000000000000000000000000000000000
0.0000000000000000000000000000000000000000
0.0000000000000000000000000000000000000000
0.0000000000000000000000000000000000000000
0.0000000000000000000000000000000000000000
0.0000000000000000000000000000000000000000
0.0000000000000000000000000000000000000000
0.0000000000000000000000000000000000000000
0.0000000000000000000000000000000000000000
0.0000000000000000000000000000000000000000
0.0000000000000000000000000000000000000000
0.0000000000000000000000000000000000000000
0.0000000000000000000000000000000000000000
0.0000000000000000000000000000000000000000
0.0000000000000000000000000000000000000000
0.0000000000000000000000000000000000000000
0.0000000000000000000000000000000000000000
0.0000000000000000000000000000000000000000
0.0000000000000000000000000000000000000000
0.0000000000000000000000000000000000000000
0.0000000000000000000000000000000000000000
0.0000000000000000000000000000000000000000
0.0000000000000000000000000000000000000000
0.0000000000000000000000000000000000000000
0.0000000000003906249510052944851068446042
0.0000000000160156245904152783054996689316
0.0000000003382812363561527035926701501012
0.0000000048289061638229213713202625513077
0.0000000519281222466361214173957705497742
0.0000004456281317288812715560197830200195
0.0000031617278182238806039094924926757812
0.0000189878446690272539854049682617187500
0.0000981327830231748521327972412109375000
0.0004417377640493214130401611328125000000
0.0017475892091169953346252441406250000000
0.0061179082840681076049804687500000000000
0.0190533939749002456665039062500000000000
0.0530087426304817199707031250000000000000
0.1322140097618103027343750000000000000000
0.2964563965797424316406250000000000000000
0.5997157096862792968750000000000000000000
1.0958619117736816406250000000000000000000
1.8265365362167358398437500000000000000000
2.7307894229888916015625000000000000000000
4.0000000000000000000000000000000000000000
4.0000000000000000000000000000000000000000
3.0000000000000000000000000000000000000000
3.0000000000000000000000000000000000000000
2.0480921268463134765625000000000000000000
1.3699026107788085937500000000000000000000
0.8218965530395507812500000000000000000000
0.4497868120670318603515625000000000000000
0.2223423421382904052734375000000000000000
0.0991605222225189208984375000000000000000
0.0397565625607967376708984375000000000000
0.0142900468781590461730957031250000000000
0.0045884316787123680114746093750000000000
0.0013106919359415769577026367187500000000
0.0003313033375889062881469726562500000000
0.0000735996000003069639205932617187500000
0.0000142408825922757387161254882812500000
0.0000023712957499810727313160896301269531
0.0000003342211414292250992730259895324707
0.0000000389460907967986713629215955734253
0.0000000036216794008225861034588888287544
0.0000000002537109133893267198800458572805
0.0000000000120117162744071137581158836838
0.0000000000002929687742403430661397578660
0.0000000000000000000000000000000000000000
0.0000000000000000000000000000000000000000
0.0000000000000000000000000000000000000000
0.0000000000000000000000000000000000000000
0.0000000000000000000000000000000000000000
0.0000000000000000000000000000000000000000
0.0000000000000000000000000000000000000000
0.0000000000000000000000000000000000000000
0.0000000000000000000000000000000000000000
0.0000000000000000000000000000000000000000
0.0000000000000000000000000000000000000000
0.0000000000000000000000000000000000000000
0.0000000000000000000000000000000000000000
0.0000000000000000000000000000000000000000
0.0000000000000000000000000000000000000000
0.0000000000000000000000000000000000000000
0.0000000000000000000000000000000000000000
0.0000000000000000000000000000000000000000
0.0000000000000000000000000000000000000000
0.0000000000000000000000000000000000000000
0.0000000000000000000000000000000000000000
0.0000000000000000000000000000000000000000
0.0000000000000000000000000000000000000000
0.0000000000000000000000000000000000000000
0.0000000000000000000000000000000000000000
0.0000000000000000000000000000000000000000
0.0000000000000000000000000000000000000000
0.0000000000000000000000000000000000000000
0.0000000000000000000000000000000000000000
0.0000000000000000000000000000000000000000
0.0000000000000000000000000000000000000000
0.0000000000000000000000000000000000000000
0.0000000000000000000000000000000000000000
0.0000000000000000000000000000000000000000
0.0000000000000000000000000000000000000000
0.0000000000000000000000000000000000000000
0.0000000000000000000000000000000000000000
0.0000000000000000000000000000000000000000
0.0000000000000000000000000000000000000000
0.0000000000000000000000000000000000000000
0.0000000000000000000000000000000000000000
0.0000000000000000000000000000000000000000
0.0000000000000000000000000000000000000000
0.0000000000000000000000000000000000000000
0.0000000000000000000000000000000000000000
0.0000000000000000000000000000000000000000
0.0000000000000000000000000000000000000000
0.0000000000000000000000000000000000000000
0.0000000000000000000000000000000000000000
0.0000000000000000000000000000000000000000
0.0000000000000000000000000000000000000000
0.0000000000000000000000000000000000000000
0.0000000000000000000000000000000000000000
0.0000000000000000000000000000000000000000
0.0000000000000000000000000000000000000000
0.0000000000000000000000000000000000000000
0.0000000000003906249510052944851068446042
0.0000000000160156245904152783054996689316
0.0000000003382812363561527035926701501012
0.0000000048289061638229213713202625513077
0.0000000519281222466361214173957705497742
0.0000004456281317288812715560197830200195
0.0000031617278182238806039094924926757812
0.0000189878446690272539854049682617187500
0.0000981327830231748521327972412109375000
0.0004417377640493214130401611328125000000
0.0017475892091169953346252441406250000000
0.0061179082840681076049804687500000000000
0.0190533939749002456665039062500000000000
0.0530087426304817199707031250000000000000
0.1322140097618103027343750000000000000000
0.2964563965797424316406250000000000000000
0.5997157096862792968750000000000000000000
1.0958619117736816406250000000000000000000
1.8265365362167358398437500000000000000000
2.7307894229888916015625000000000000000000
4.0000000000000000000000000000000000000000
4.0000000000000000000000000000000000000000
3.0000000000000000000000000000000000000000
3.0000000000000000000000000000000000000000
2.0480921268463134765625000000000000000000
1.3699026107788085937500000000000000000000
0.8218965530395507812500000000000000000000
0.4497868120670318603515625000000000000000
0.2223423421382904052734375000000000000000
0.0991605222225189208984375000000000000000
0.0397565625607967376708984375000000000000
0.0142900468781590461730957031250000000000
0.0045884316787123680114746093750000000000
0.0013106919359415769577026367187500000000
0.0003313033375889062881469726562500000000
0.0000735996000003069639205932617187500000
0.0000142408825922757387161254882812500000
0.0000023712957499810727313160896301269531
0.0000003342211414292250992730259895324707
0.0000000389460907967986713629215955734253
0.0000000036216794008225861034588888287544
0.0000000002537109133893267198800458572805
0.0000000000120117162744071137581158836838
0.0000000000002929687742403430661397578660
0.0000000000000000000000000000000000000000
0.0000000000000000000000000000000000000000
0.0000000000000000000000000000000000000000
0.0000000000000000000000000000000000000000
0.0000000000000000000000000000000000000000
0.0000000000000000000000000000000000000000
0.0000000000000000000000000000000000000000
0.0000000000000000000000000000000000000000
0.0000000000000000000000000000000000000000
0.0000000000000000000000000000000000000000
0.0000000000000000000000000000000000000000
0.0000000000000000000000000000000000000000
0.0000000000000000000000000000000000000000
0.0000000000000000000000000000000000000000
0.0000000000000000000000000000000000000000
0.0000000000000000000000000000000000000000
0.0000000000000000000000000000000000000000
0.0000000000000000000000000000000000000000
0.0000000000000000000000000000000000000000
0.0000000000000000000000000000000000000000
0.0000000000000000000000000000000000000000
0.0000000000000000000000000000000000000000
0.0000000000000000000000000000000000000000
0.0000000000000000000000000000000000000000
0.0000000000000000000000000000000000000000
0.0000000000000000000000000000000000000000
0.0000000000000000000000000000000000000000
0.0000000000000000000000000000000000000000
0.0000000000000000000000000000000000000000
0.0000000000000000000000000000000000000000
0.0000000000000000000000000000000000000000
0.0000000000000000000000000000000000000000
0.0000000000000000000000000000000000000000
0.0000000000000000000000000000000000000000
0.0000000000000000000000000000000000000000
0.0000000000000000000000000000000000000000
0.0000000000000000000000000000000000000000
0.0000000000000000000000000000000000000000
0.0000000000000000000000000000000000000000
0.0000000000000000000000000000000000000000
0.0000000000000000000000000000000000000000
0.0000000000000000000000000000000000000000
0.0000000000000000000000000000000000000000
0.0000000000000000000000000000000000000000
0.0000000000000000000000000000000000000000
0.0000000000000000000000000000000000000000
0.0000000000000000000000000000000000000000
0.0000000000000000000000000000000000000000
0.0000000000000000000000000000000000000000
0.0000000000000000000000000000000000000000
0.0000000000000000000000000000000000000000
0.0000000000000000000000000000000000000000
0.0000000000000000000000000000000000000000
0.0000000000000000000000000000000000000000
0.0000000000000000000000000000000000000000
0.0000000000000000000000000000000000000000
0.0000000000003906249510052944851068446042
0.0000000000160156245904152783054996689316
0.0000000003382812363561527035926701501012
0.0000000048289061638229213713202625513077
0.0000000519281222466361214173957705497742
0.0000004456281317288812715560197830200195
0.0000031617278182238806039094924926757812
0.0000189878446690272539854049682617187500
0.0000981327830231748521327972412109375000
0.0004417377640493214130401611328125000000
0.0017475892091169953346252441406250000000
0.0061179082840681076049804687500000000000
0.0190533939749002456665039062500000000000
0.0530087426304817199707031250000000000000
0.1322140097618103027343750000000000000000
0.2964563965797424316406250000000000000000
0.5997157096862792968750000000000000000000
1.0958619117736816406250000000000000000000
1.8265365362167358398437500000000000000000
2.7307894229888916015625000000000000000000
4.0000000000000000000000000000000000000000
4.0000000000000000000000000000000000000000
3.0000000000000000000000000000000000000000
3.0000000000000000000000000000000000000000
2.0480921268463134765625000000000000000000
1.3699026107788085937500000000000000000000
0.8218965530395507812500000000000000000000
0.4497868120670318603515625000000000000000
0.2223423421382904052734375000000000000000
0.0991605222225189208984375000000000000000
0.0397565625607967376708984375000000000000
0.0142900468781590461730957031250000000000
0.0045884316787123680114746093750000000000
0.0013106919359415769577026367187500000000
0.0003313033375889062881469726562500000000
0.0000735996000003069639205932617187500000
0.0000142408825922757387161254882812500000
0.0000023712957499810727313160896301269531
0.0000003342211414292250992730259895324707
0.0000000389460907967986713629215955734253
0.0000000036216794008225861034588888287544
0.0000000002537109133893267198800458572805
0.0000000000120117162744071137581158836838
0.0000000000002929687742403430661397578660
0.0000000000000000000000000000000000000000
0.0000000000000000000000000000000000000000
0.0000000000000000000000000000000000000000
0.0000000000000000000000000000000000000000
0.0000000000000000000000000000000000000000
0.0000000000000000000000000000000000000000
0.0000000000000000000000000000000000000000
0.0000000000000000000000000000000000000000
0.0000000000000000000000000000000000000000
0.0000000000000000000000000000000000000000
0.0000000000000000000000000000000000000000
0.0000000000000000000000000000000000000000
0.0000000000000000000000000000000000000000
0.0000000000000000000000000000000000000000
0.0000000000000000000000000000000000000000
0.0000000000000000000000000000000000000000
0.0000000000000000000000000000000000000000
0.0000000000000000000000000000000000000000
0.0000000000000000000000000000000000000000
0.0000000000000000000000000000000000000000
0.0000000000000000000000000000000000000000
0.0000000000000000000000000000000000000000
0.0000000000000000000000000000000000000000
0.0000000000000000000000000000000000000000
0.0000000000000000000000000000000000000000
0.0000000000000000000000000000000000000000
0.0000000000000000000000000000000000000000
0.0000000000000000000000000000000000000000
0.0000000000000000000000000000000000000000
0.0000000000000000000000000000000000000000
0.0000000000000000000000000000000000000000
0.0000000000000000000000000000000000000000
0.0000000000000000000000000000000000000000
0.0000000000000000000000000000000000000000
0.0000000000000000000000000000000000000000
0.0000000000000000000000000000000000000000
0.0000000000000000000000000000000000000000
0.0000000000000000000000000000000000000000
0.0000000000000000000000000000000000000000
0.0000000000000000000000000000000000000000
0.0000000000000000000000000000000000000000
0.0000000000000000000000000000000000000000
0.0000000000000000000000000000000000000000
0.0000000000000000000000000000000000000000
0.0000000000000000000000000000000000000000
0.0000000000000000000000000000000000000000
0.0000000000000000000000000000000000000000
0.0000000000000000000000000000000000000000
0.0000000000000000000000000000000000000000
0.0000000000000000000000000000000000000000
0.0000000000000000000000000000000000000000
0.0000000000000000000000000000000000000000
0.0000000000000000000000000000000000000000
0.0000000000000000000000000000000000000000
0.0000000000000000000000000000000000000000
0.0000000000000000000000000000000000000000
0.0000000000003906249510052944851068446042
0.0000000000160156245904152783054996689316
0.0000000003382812363561527035926701501012
0.0000000048289061638229213713202625513077
0.0000000519281222466361214173957705497742
0.0000004456281317288812715560197830200195
0.0000031617278182238806039094924926757812
0.0000189878446690272539854049682617187500
0.0000981327830231748521327972412109375000
0.0004417377640493214130401611328125000000
0.0017475892091169953346252441406250000000
0.0061179082840681076049804687500000000000
0.0190533939749002456665039062500000000000
0.0530087426304817199707031250000000000000
0.1322140097618103027343750000000000000000
0.2964563965797424316406250000000000000000
0.5997157096862792968750000000000000000000
1.0958619117736816406250000000000000000000
1.8265365362167358398437500000000000000000
2.7307894229888916015625000000000000000000
4.0000000000000000000000000000000000000000
4.0000000000000000000000000000000000000000
3.0000000000000000000000000000000000000000
3.0000000000000000000000000000000000000000
2.0480921268463134765625000000000000000000
1.3699026107788085937500000000000000000000
0.8218965530395507812500000000000000000000
0.4497868120670318603515625000000000000000
0.2223423421382904052734375000000000000000
0.0991605222225189208984375000000000000000
0.0397565625607967376708984375000000000000
0.0142900468781590461730957031250000000000
0.0045884316787123680114746093750000000000
0.0013106919359415769577026367187500000000
0.0003313033375889062881469726562500000000
0.0000735996000003069639205932617187500000
0.0000142408825922757387161254882812500000
0.0000023712957499810727313160896301269531
0.0000003342211414292250992730259895324707
0.0000000389460907967986713629215955734253
0.0000000036216794008225861034588888287544
0.0000000002537109133893267198800458572805
0.0000000000120117162744071137581158836838
0.0000000000002929687742403430661397578660
0.0000000000000000000000000000000000000000
0.0000000000000000000000000000000000000000
0.0000000000000000000000000000000000000000
0.0000000000000000000000000000000000000000
0.0000000000000000000000000000000000000000
0.0000000000000000000000000000000000000000
0.0000000000000000000000000000000000000000
0.0000000000000000000000000000000000000000
0.0000000000000000000000000000000000000000
0.0000000000000000000000000000000000000000
0.0000000000000000000000000000000000000000
0.0000000000000000000000000000000000000000
0.0000000000000000000000000000000000000000
0.0000000000000000000000000000000000000000
0.0000000000000000000000000000000000000000
0.0000000000000000000000000000000000000000
0.0000000000000000000000000000000000000000
0.0000000000000000000000000000000000000000
0.0000000000000000000000000000000000000000
0.0000000000000000000000000000000000000000
0.0000000000000000000000000000000000000000
0.0000000000000000000000000000000000000000
0.0000000000000000000000000000000000000000
0.0000000000000000000000000000000000000000
0.0000000000000000000000000000000000000000
0.0000000000000000000000000000000000000000
0.0000000000000000000000000000000000000000
0.0000000000000000000000000000000000000000
0.0000000000000000000000000000000000000000
0.0000000000000000000000000000000000000000
0.0000000000000000000000000000000000000000
0.0000000000000000000000000000000000000000
0.0000000000000000000000000000000000000000
0.0000000000000000000000000000000000000000
0.0000000000000000000000000000000000000000
0.0000000000000000000000000000000000000000
0.0000000000000000000000000000000000000000
0.0000000000000000000000000000000000000000
0.0000000000000000000000000000000000000000
0.0000000000000000000000000000000000000000
0.0000000000000000000000000000000000000000
0.0000000000000000000000000000000000000000
0.0000000000000000000000000000000000000000
0.0000000000000000000000000000000000000000
0.0000000000000000000000000000000000000000
0.0000000000000000000000000000000000000000
0.0000000000000000000000000000000000000000
0.0000000000000000000000000000000000000000
0.0000000000000000000000000000000000000000
0.0000000000000000000000000000000000000000
0.0000000000000000000000000000000000000000
0.0000000000000000000000000000000000000000
0.0000000000000000000000000000000000000000
0.0000000000000000000000000000000000000000
0.0000000000000000000000000000000000000000
0.0000000000000000000000000000000000000000
0.0000000000003906249510052944851068446042
0.0000000000160156245904152783054996689316
0.0000000003382812363561527035926701501012
0.0000000048289061638229213713202625513077
0.0000000519281222466361214173957705497742
0.0000004456281317288812715560197830200195
0.0000031617278182238806039094924926757812
0.0000189878446690272539854049682617187500
0.0000981327830231748521327972412109375000
0.0004417377640493214130401611328125000000
0.0017475892091169953346252441406250000000
0.0061179082840681076049804687500000000000
0.0190533939749002456665039062500000000000
0.0530087426304817199707031250000000000000
0.1322140097618103027343750000000000000000
0.2964563965797424316406250000000000000000
0.5997157096862792968750000000000000000000
1.0958619117736816406250000000000000000000
1.8265365362167358398437500000000000000000
2.7307894229888916015625000000000000000000
4.0000000000000000000000000000000000000000
4.0000000000000000000000000000000000000000
3.0000000000000000000000000000000000000000
3.0000000000000000000000000000000000000000
2.0480921268463134765625000000000000000000
1.3699026107788085937500000000000000000000
0.8218965530395507812500000000000000000000
0.4497868120670318603515625000000000000000
0.2223423421382904052734375000000000000000
0.0991605222225189208984375000000000000000
0.0397565625607967376708984375000000000000
0.0142900468781590461730957031250000000000
0.0045884316787123680114746093750000000000
0.0013106919359415769577026367187500000000
0.0003313033375889062881469726562500000000
0.0000735996000003069639205932617187500000
0.0000142408825922757387161254882812500000
0.0000023712957499810727313160896301269531
0.0000003342211414292250992730259895324707
0.0000000389460907967986713629215955734253
0.0000000036216794008225861034588888287544
0.0000000002537109133893267198800458572805
0.0000000000120117162744071137581158836838
0.0000000000002929687742403430661397578660
0.0000000000000000000000000000000000000000
0.0000000000000000000000000000000000000000
0.0000000000000000000000000000000000000000
0.0000000000000000000000000000000000000000
0.0000000000000000000000000000000000000000
0.0000000000000000000000000000000000000000
0.0000000000000000000000000000000000000000
0.0000000000000000000000000000000000000000
0.0000000000000000000000000000000000000000
0.0000000000000000000000000000000000000000
0.0000000000000000000000000000000000000000
0.0000000000000000000000000000000000000000
0.0000000000000000000000000000000000000000
0.0000000000000000000000000000000000000000
0.0000000000000000000000000000000000000000
0.0000000000000000000000000000000000000000
0.0000000000000000000000000000000000000000
0.0000000000000000000000000000000000000000
0.0000000000000000000000000000000000000000
0.0000000000000000000000000000000000000000
0.0000000000000000000000000000000000000000
0.0000000000000000000000000000000000000000
0.0000000000000000000000000000000000000000
0.0000000000000000000000000000000000000000
0.0000000000000000000000000000000000000000
0.0000000000000000000000000000000000000000
0.0000000000000000000000000000000000000000
0.0000000000000000000000000000000000000000
0.0000000000000000000000000000000000000000
0.0000000000000000000000000000000000000000
0.0000000000000000000000000000000000000000
0.0000000000000000000000000000000000000000
0.0000000000000000000000000000000000000000
0.0000000000000000000000000000000000000000
0.0000000000000000000000000000000000000000
0.0000000000000000000000000000000000000000
0.0000000000000000000000000000000000000000
0.0000000000000000000000000000000000000000
0.0000000000000000000000000000000000000000
0.0000000000000000000000000000000000000000
0.0000000000000000000000000000000000000000
0.0000000000000000000000000000000000000000
0.0000000000000000000000000000000000000000
0.0000000000000000000000000000000000000000
0.0000000000000000000000000000000000000000
0.0000000000000000000000000000000000000000
0.0000000000000000000000000000000000000000
0.0000000000000000000000000000000000000000
0.0000000000000000000000000000000000000000
0.0000000000000000000000000000000000000000
0.0000000000000000000000000000000000000000
0.0000000000000000000000000000000000000000
0.0000000000000000000000000000000000000000
0.0000000000000000000000000000000000000000
0.0000000000000000000000000000000000000000
0.0000000000000000000000000000000000000000
0.0000000000003906249510052944851068446042
0.0000000000160156245904152783054996689316
0.0000000003382812363561527035926701501012
0.0000000048289061638229213713202625513077
0.0000000519281222466361214173957705497742
0.0000004456281317288812715560197830200195
0.0000031617278182238806039094924926757812
0.0000189878446690272539854049682617187500
0.0000981327830231748521327972412109375000
0.0004417377640493214130401611328125000000
0.0017475892091169953346252441406250000000
0.0061179082840681076049804687500000000000
0.0190533939749002456665039062500000000000
0.0530087426304817199707031250000000000000
0.1322140097618103027343750000000000000000
0.2964563965797424316406250000000000000000
0.5997157096862792968750000000000000000000
1.0958619117736816406250000000000000000000
1.8265365362167358398437500000000000000000
2.7307894229888916015625000000000000000000
4.0000000000000000000000000000000000000000
4.0000000000000000000000000000000000000000
3.0000000000000000000000000000000000000000
3.0000000000000000000000000000000000000000
2.0480921268463134765625000000000000000000
1.3699026107788085937500000000000000000000
0.8218965530395507812500000000000000000000
0.4497868120670318603515625000000000000000
0.2223423421382904052734375000000000000000
0.0991605222225189208984375000000000000000
0.0397565625607967376708984375000000000000
0.0142900468781590461730957031250000000000
0.0045884316787123680114746093750000000000
0.0013106919359415769577026367187500000000
0.0003313033375889062881469726562500000000
0.0000735996000003069639205932617187500000
0.0000142408825922757387161254882812500000
0.0000023712957499810727313160896301269531
0.0000003342211414292250992730259895324707
0.0000000389460907967986713629215955734253
0.0000000036216794008225861034588888287544
0.0000000002537109133893267198800458572805
0.0000000000120117162744071137581158836838
0.0000000000002929687742403430661397578660
0.0000000000000000000000000000000000000000
0.0000000000000000000000000000000000000000
0.0000000000000000000000000000000000000000
0.0000000000000000000000000000000000000000
0.0000000000000000000000000000000000000000
0.0000000000000000000000000000000000000000
0.0000000000000000000000000000000000000000
0.0000000000000000000000000000000000000000
0.0000000000000000000000000000000000000000
0.0000000000000000000000000000000000000000
0.0000000000000000000000000000000000000000
0.0000000000000000000000000000000000000000
0.0000000000000000000000000000000000000000
0.0000000000000000000000000000000000000000
0.0000000000000000000000000000000000000000
0.0000000000000000000000000000000000000000
0.0000000000000000000000000000000000000000
0.0000000000000000000000000000000000000000
0.0000000000000000000000000000000000000000
0.0000000000000000000000000000000000000000
0.0000000000000000000000000000000000000000
0.0000000000000000000000000000000000000000
0.0000000000000000000000000000000000000000
0.0000000000000000000000000000000000000000
0.0000000000000000000000000000000000000000
0.0000000000000000000000000000000000000000
0.0000000000000000000000000000000000000000
0.0000000000000000000000000000000000000000
0.0000000000000000000000000000000000000000
0.0000000000000000000000000000000000000000
0.0000000000000000000000000000000000000000
0.0000000000000000000000000000000000000000
0.0000000000000000000000000000000000000000
0.0000000000000000000000000000000000000000
0.0000000000000000000000000000000000000000
0.0000000000000000000000000000000000000000
0.0000000000000000000000000000000000000000
0.0000000000000000000000000000000000000000
0.0000000000000000000000000000000000000000
0.0000000000000000000000000000000000000000
0.0000000000000000000000000000000000000000
0.0000000000000000000000000000000000000000
0.0000000000000000000000000000000000000000
0.0000000000000000000000000000000000000000
0.0000000000000000000000000000000000000000
0.0000000000000000000000000000000000000000
0.0000000000000000000000000000000000000000
0.0000000000000000000000000000000000000000
0.0000000000000000000000000000000000000000
0.0000000000000000000000000000000000000000
0.0000000000000000000000000000000000000000
0.0000000000000000000000000000000000000000
0.0000000000000000000000000000000000000000
0.0000000000000000000000000000000000000000
0.0000000000000000000000000000000000000000
0.0000000000000000000000000000000000000000
0.0000000000003906249510052944851068446042
0.0000000000160156245904152783054996689316
0.0000000003382812363561527035926701501012
0.0000000048289061638229213713202625513077
0.0000000519281222466361214173957705497742
0.0000004456281317288812715560197830200195
0.0000031617278182238806039094924926757812
0.0000189878446690272539854049682617187500
0.0000981327830231748521327972412109375000
0.0004417377640493214130401611328125000000
0.0017475892091169953346252441406250000000
0.0061179082840681076049804687500000000000
0.0190533939749002456665039062500000000000
0.0530087426304817199707031250000000000000
0.1322140097618103027343750000000000000000
0.2964563965797424316406250000000000000000
0.5997157096862792968750000000000000000000
1.0958619117736816406250000000000000000000
1.8265365362167358398437500000000000000000
2.7307894229888916015625000000000000000000
4.0000000000000000000000000000000000000000
4.0000000000000000000000000000000000000000
3.0000000000000000000000000000000000000000
3.0000000000000000000000000000000000000000
2.0480921268463134765625000000000000000000
1.3699026107788085937500000000000000000000
0.8218965530395507812500000000000000000000
0.4497868120670318603515625000000000000000
0.2223423421382904052734375000000000000000
0.0991605222225189208984375000000000000000
0.0397565625607967376708984375000000000000
0.0142900468781590461730957031250000000000
0.0045884316787123680114746093750000000000
0.0013106919359415769577026367187500000000
0.0003313033375889062881469726562500000000
0.0000735996000003069639205932617187500000
0.0000142408825922757387161254882812500000
0.0000023712957499810727313160896301269531
0.0000003342211414292250992730259895324707
0.0000000389460907967986713629215955734253
0.0000000036216794008225861034588888287544
0.0000000002537109133893267198800458572805
0.0000000000120117162744071137581158836838
0.0000000000002929687742403430661397578660
0.0000000000000000000000000000000000000000
0.0000000000000000000000000000000000000000
0.0000000000000000000000000000000000000000
0.0000000000000000000000000000000000000000
0.0000000000000000000000000000000000000000
0.0000000000000000000000000000000000000000
0.0000000000000000000000000000000000000000
0.0000000000000000000000000000000000000000
0.0000000000000000000000000000000000000000
0.0000000000000000000000000000000000000000
0.0000000000000000000000000000000000000000
0.0000000000000000000000000000000000000000
0.0000000000000000000000000000000000000000
0.0000000000000000000000000000000000000000
0.0000000000000000000000000000000000000000
0.0000000000000000000000000000000000000000
0.0000000000000000000000000000000000000000
0.0000000000000000000000000000000000000000
0.0000000000000000000000000000000000000000
0.0000000000000000000000000000000000000000
0.0000000000000000000000000000000000000000
0.0000000000000000000000000000000000000000
0.0000000000000000000000000000000000000000
0.0000000000000000000000000000000000000000
0.0000000000000000000000000000000000000000
0.0000000000000000000000000000000000000000
0.0000000000000000000000000000000000000000
0.0000000000000000000000000000000000000000
0.0000000000000000000000000000000000000000
0.0000000000000000000000000000000000000000
0.0000000000000000000000000000000000000000
0.0000000000000000000000000000000000000000
0.0000000000000000000000000000000000000000
0.0000000000000000000000000000000000000000
0.0000000000000000000000000000000000000000
0.0000000000000000000000000000000000000000
0.0000000000000000000000000000000000000000
0.0000000000000000000000000000000000000000
0.0000000000000000000000000000000000000000
0.0000000000000000000000000000000000000000
0.0000000000000000000000000000000000000000
0.0000000000000000000000000000000000000000
0.0000000000000000000000000000000000000000
0.0000000000000000000000000000000000000000
0.0000000000000000000000000000000000000000
0.0000000000000000000000000000000000000000
0.0000000000000000000000000000000000000000
0.0000000000000000000000000000000000000000
0.0000000000000000000000000000000000000000
0.0000000000000000000000000000000000000000
0.0000000000000000000000000000000000000000
0.0000000000000000000000000000000000000000
0.0000000000000000000000000000000000000000
0.0000000000000000000000000000000000000000
0.0000000000000000000000000000000000000000
0.0000000000000000000000000000000000000000
0.0000000000003906249510052944851068446042
0.0000000000160156245904152783054996689316
0.0000000003382812363561527035926701501012
0.0000000048289061638229213713202625513077
0.0000000519281222466361214173957705497742
0.0000004456281317288812715560197830200195
0.0000031617278182238806039094924926757812
0.0000189878446690272539854049682617187500
0.0000981327830231748521327972412109375000
0.0004417377640493214130401611328125000000
0.0017475892091169953346252441406250000000
0.0061179082840681076049804687500000000000
0.0190533939749002456665039062500000000000
0.0530087426304817199707031250000000000000
0.1322140097618103027343750000000000000000
0.2964563965797424316406250000000000000000
0.5997157096862792968750000000000000000000
1.0958619117736816406250000000000000000000
1.8265365362167358398437500000000000000000
2.7307894229888916015625000000000000000000
4.0000000000000000000000000000000000000000
4.0000000000000000000000000000000000000000
3.0000000000000000000000000000000000000000
3.0000000000000000000000000000000000000000
2.0480921268463134765625000000000000000000
1.3699026107788085937500000000000000000000
0.8218965530395507812500000000000000000000
0.4497868120670318603515625000000000000000
0.2223423421382904052734375000000000000000
0.0991605222225189208984375000000000000000
0.0397565625607967376708984375000000000000
0.0142900468781590461730957031250000000000
0.0045884316787123680114746093750000000000
0.0013106919359415769577026367187500000000
0.0003313033375889062881469726562500000000
0.0000735996000003069639205932617187500000
0.0000142408825922757387161254882812500000
0.0000023712957499810727313160896301269531
0.0000003342211414292250992730259895324707
0.0000000389460907967986713629215955734253
0.0000000036216794008225861034588888287544
0.0000000002537109133893267198800458572805
0.0000000000120117162744071137581158836838
0.0000000000002929687742403430661397578660
0.0000000000000000000000000000000000000000
0.0000000000000000000000000000000000000000
0.0000000000000000000000000000000000000000
0.0000000000000000000000000000000000000000
0.0000000000000000000000000000000000000000
0.0000000000000000000000000000000000000000
0.0000000000000000000000000000000000000000
0.0000000000000000000000000000000000000000
0.0000000000000000000000000000000000000000
0.0000000000000000000000000000000000000000
0.0000000000000000000000000000000000000000
0.0000000000000000000000000000000000000000
0.0000000000000000000000000000000000000000
0.0000000000000000000000000000000000000000
0.0000000000000000000000000000000000000000
0.0000000000000000000000000000000000000000
0.0000000000000000000000000000000000000000
0.0000000000000000000000000000000000000000
0.0000000000000000000000000000000000000000
0.0000000000000000000000000000000000000000
0.0000000000000000000000000000000000000000
0.0000000000000000000000000000000000000000
0.0000000000000000000000000000000000000000
0.0000000000000000000000000000000000000000
0.0000000000000000000000000000000000000000
0.0000000000000000000000000000000000000000
0.0000000000000000000000000000000000000000
0.0000000000000000000000000000000000000000
0.0000000000000000000000000000000000000000
0.0000000000000000000000000000000000000000
0.0000000000000000000000000000000000000000
0.0000000000000000000000000000000000000000
0.0000000000000000000000000000000000000000
0.0000000000000000000000000000000000000000
0.0000000000000000000000000000000000000000
0.0000000000000000000000000000000000000000
0.0000000000000000000000000000000000000000
0.0000000000000000000000000000000000000000
0.0000000000000000000000000000000000000000
0.0000000000000000000000000000000000000000
0.0000000000000000000000000000000000000000
0.0000000000000000000000000000000000000000
0.0000000000000000000000000000000000000000
0.0000000000000000000000000000000000000000
0.0000000000000000000000000000000000000000
0.0000000000000000000000000000000000000000
0.0000000000000000000000000000000000000000
0.0000000000000000000000000000000000000000
0.0000000000000000000000000000000000000000
0.0000000000000000000000000000000000000000
0.0000000000000000000000000000000000000000
0.0000000000000000000000000000000000000000
0.0000000000000000000000000000000000000000
0.0000000000000000000000000000000000000000
0.0000000000000000000000000000000000000000
0.0000000000000000000000000000000000000000
0.0000000000003906249510052944851068446042
0.0000000000160156245904152783054996689316
0.0000000003382812363561527035926701501012
0.0000000048289061638229213713202625513077
0.0000000519281222466361214173957705497742
0.0000004456281317288812715560197830200195
0.0000031617278182238806039094924926757812
0.0000189878446690272539854049682617187500
0.0000981327830231748521327972412109375000
0.0004417377640493214130401611328125000000
0.0017475892091169953346252441406250000000
0.0061179082840681076049804687500000000000
0.0190533939749002456665039062500000000000
0.0530087426304817199707031250000000000000
0.1322140097618103027343750000000000000000
0.2964563965797424316406250000000000000000
0.5997157096862792968750000000000000000000
1.0958619117736816406250000000000000000000
1.8265365362167358398437500000000000000000
2.7307894229888916015625000000000000000000
4.0000000000000000000000000000000000000000
4.0000000000000000000000000000000000000000
3.0000000000000000000000000000000000000000
3.0000000000000000000000000000000000000000
2.0480921268463134765625000000000000000000
1.3699026107788085937500000000000000000000
0.8218965530395507812500000000000000000000
0.4497868120670318603515625000000000000000
0.2223423421382904052734375000000000000000
0.0991605222225189208984375000000000000000
0.0397565625607967376708984375000000000000
0.0142900468781590461730957031250000000000
0.0045884316787123680114746093750000000000
0.0013106919359415769577026367187500000000
0.0003313033375889062881469726562500000000
0.0000735996000003069639205932617187500000
0.0000142408825922757387161254882812500000
0.0000023712957499810727313160896301269531
0.0000003342211414292250992730259895324707
0.0000000389460907967986713629215955734253
0.0000000036216794008225861034588888287544
0.0000000002537109133893267198800458572805
0.0000000000120117162744071137581158836838
0.0000000000002929687742403430661397578660
0.0000000000000000000000000000000000000000
0.0000000000000000000000000000000000000000
0.0000000000000000000000000000000000000000
0.0000000000000000000000000000000000000000
0.0000000000000000000000000000000000000000
0.0000000000000000000000000000000000000000
0.0000000000000000000000000000000000000000
0.0000000000000000000000000000000000000000
0.0000000000000000000000000000000000000000
0.0000000000000000000000000000000000000000
0.0000000000000000000000000000000000000000
0.0000000000000000000000000000000000000000
0.0000000000000000000000000000000000000000
0.0000000000000000000000000000000000000000
0.0000000000000000000000000000000000000000
0.0000000000000000000000000000000000000000
0.0000000000000000000000000000000000000000
0.0000000000000000000000000000000000000000
0.0000000000000000000000000000000000000000
0.0000000000000000000000000000000000000000
0.0000000000000000000000000000000000000000
0.0000000000000000000000000000000000000000
0.0000000000000000000000000000000000000000
0.0000000000000000000000000000000000000000
0.0000000000000000000000000000000000000000
0.0000000000000000000000000000000000000000
0.0000000000000000000000000000000000000000
0.0000000000000000000000000000000000000000
0.0000000000000000000000000000000000000000
0.0000000000000000000000000000000000000000
0.0000000000000000000000000000000000000000
0.0000000000000000000000000000000000000000
0.0000000000000000000000000000000000000000
0.0000000000000000000000000000000000000000
0.0000000000000000000000000000000000000000
0.0000000000000000000000000000000000000000
0.0000000000000000000000000000000000000000
0.0000000000000000000000000000000000000000
0.0000000000000000000000000000000000000000
0.0000000000000000000000000000000000000000
0.0000000000000000000000000000000000000000
0.0000000000000000000000000000000000000000
0.0000000000000000000000000000000000000000
0.0000000000000000000000000000000000000000
0.0000000000000000000000000000000000000000
0.0000000000000000000000000000000000000000
0.0000000000000000000000000000000000000000
0.0000000000000000000000000000000000000000
0.0000000000000000000000000000000000000000
0.0000000000000000000000000000000000000000
0.0000000000000000000000000000000000000000
0.0000000000000000000000000000000000000000
0.0000000000000000000000000000000000000000
0.0000000000000000000000000000000000000000
0.0000000000000000000000000000000000000000
0.0000000000000000000000000000000000000000
0.0000000000003906249510052944851068446042
0.0000000000160156245904152783054996689316
0.0000000003382812363561527035926701501012
0.0000000048289061638229213713202625513077
0.0000000519281222466361214173957705497742
0.0000004456281317288812715560197830200195
0.0000031617278182238806039094924926757812
0.0000189878446690272539854049682617187500
0.0000981327830231748521327972412109375000
0.0004417377640493214130401611328125000000
0.0017475892091169953346252441406250000000
0.0061179082840681076049804687500000000000
0.0190533939749002456665039062500000000000
0.0530087426304817199707031250000000000000
0.1322140097618103027343750000000000000000
0.2964563965797424316406250000000000000000
0.5997157096862792968750000000000000000000
1.0958619117736816406250000000000000000000
1.8265365362167358398437500000000000000000
2.7307894229888916015625000000000000000000
4.0000000000000000000000000000000000000000
4.0000000000000000000000000000000000000000
3.0000000000000000000000000000000000000000
3.0000000000000000000000000000000000000000
2.0480921268463134765625000000000000000000
1.3699026107788085937500000000000000000000
0.8218965530395507812500000000000000000000
0.4497868120670318603515625000000000000000
0.2223423421382904052734375000000000000000
0.0991605222225189208984375000000000000000
0.0397565625607967376708984375000000000000
0.0142900468781590461730957031250000000000
0.0045884316787123680114746093750000000000
0.0013106919359415769577026367187500000000
0.0003313033375889062881469726562500000000
0.0000735996000003069639205932617187500000
0.0000142408825922757387161254882812500000
0.0000023712957499810727313160896301269531
0.0000003342211414292250992730259895324707
0.0000000389460907967986713629215955734253
0.0000000036216794008225861034588888287544
0.0000000002537109133893267198800458572805
0.0000000000120117162744071137581158836838
0.0000000000002929687742403430661397578660
0.0000000000000000000000000000000000000000
0.0000000000000000000000000000000000000000
0.0000000000000000000000000000000000000000
0.0000000000000000000000000000000000000000
0.0000000000000000000000000000000000000000
0.0000000000000000000000000000000000000000
0.0000000000000000000000000000000000000000
0.0000000000000000000000000000000000000000
0.0000000000000000000000000000000000000000
0.0000000000000000000000000000000000000000
0.0000000000000000000000000000000000000000
0.0000000000000000000000000000000000000000
0.0000000000000000000000000000000000000000
0.0000000000000000000000000000000000000000
0.0000000000000000000000000000000000000000
0.0000000000000000000000000000000000000000
0.0000000000000000000000000000000000000000
0.0000000000000000000000000000000000000000
0.0000000000000000000000000000000000000000
0.0000000000000000000000000000000000000000
0.0000000000000000000000000000000000000000
0.0000000000000000000000000000000000000000
0.0000000000000000000000000000000000000000
0.0000000000000000000000000000000000000000
0.0000000000000000000000000000000000000000
0.0000000000000000000000000000000000000000
0.0000000000000000000000000000000000000000
0.0000000000000000000000000000000000000000
0.0000000000000000000000000000000000000000
0.0000000000000000000000000000000000000000
0.0000000000000000000000000000000000000000
0.0000000000000000000000000000000000000000
0.0000000000000000000000000000000000000000
0.0000000000000000000000000000000000000000
0.0000000000000000000000000000000000000000
0.0000000000000000000000000000000000000000
0.0000000000000000000000000000000000000000
0.0000000000000000000000000000000000000000
0.0000000000000000000000000000000000000000
0.0000000000000000000000000000000000000000
0.0000000000000000000000000000000000000000
0.0000000000000000000000000000000000000000
0.0000000000000000000000000000000000000000
0.0000000000000000000000000000000000000000
0.0000000000000000000000000000000000000000
0.0000000000000000000000000000000000000000
0.0000000000000000000000000000000000000000
0.0000000000000000000000000000000000000000
0.0000000000000000000000000000000000000000
0.0000000000000000000000000000000000000000
0.0000000000000000000000000000000000000000
0.0000000000000000000000000000000000000000
0.0000000000000000000000000000000000000000
0.0000000000000000000000000000000000000000
0.0000000000000000000000000000000000000000
0.0000000000000000000000000000000000000000
0.0000000000003906249510052944851068446042
0.0000000000160156245904152783054996689316
0.0000000003382812363561527035926701501012
0.0000000048289061638229213713202625513077
0.0000000519281222466361214173957705497742
0.0000004456281317288812715560197830200195
0.0000031617278182238806039094924926757812
0.0000189878446690272539854049682617187500
0.0000981327830231748521327972412109375000
0.0004417377640493214130401611328125000000
0.0017475892091169953346252441406250000000
0.0061179082840681076049804687500000000000
0.0190533939749002456665039062500000000000
0.0530087426304817199707031250000000000000
0.1322140097618103027343750000000000000000
0.2964563965797424316406250000000000000000
0.5997157096862792968750000000000000000000
1.0958619117736816406250000000000000000000
1.8265365362167358398437500000000000000000
2.7307894229888916015625000000000000000000
4.0000000000000000000000000000000000000000
4.0000000000000000000000000000000000000000
3.0000000000000000000000000000000000000000
3.0000000000000000000000000000000000000000
2.0480921268463134765625000000000000000000
1.3699026107788085937500000000000000000000
0.8218965530395507812500000000000000000000
0.4497868120670318603515625000000000000000
0.2223423421382904052734375000000000000000
0.0991605222225189208984375000000000000000
0.0397565625607967376708984375000000000000
0.0142900468781590461730957031250000000000
0.0045884316787123680114746093750000000000
0.0013106919359415769577026367187500000000
0.0003313033375889062881469726562500000000
0.0000735996000003069639205932617187500000
0.0000142408825922757387161254882812500000
0.0000023712957499810727313160896301269531
0.0000003342211414292250992730259895324707
0.0000000389460907967986713629215955734253
0.0000000036216794008225861034588888287544
0.0000000002537109133893267198800458572805
0.0000000000120117162744071137581158836838
0.0000000000002929687742403430661397578660
0.0000000000000000000000000000000000000000
0.0000000000000000000000000000000000000000
0.0000000000000000000000000000000000000000
0.0000000000000000000000000000000000000000
0.0000000000000000000000000000000000000000
0.0000000000000000000000000000000000000000
0.0000000000000000000000000000000000000000
0.0000000000000000000000000000000000000000
0.0000000000000000000000000000000000000000
0.0000000000000000000000000000000000000000
0.0000000000000000000000000000000000000000
0.0000000000000000000000000000000000000000
0.0000000000000000000000000000000000000000
0.0000000000000000000000000000000000000000
0.0000000000000000000000000000000000000000
0.0000000000000000000000000000000000000000
0.0000000000000000000000000000000000000000
0.0000000000000000000000000000000000000000
0.0000000000000000000000000000000000000000
0.0000000000000000000000000000000000000000
0.0000000000000000000000000000000000000000
0.0000000000000000000000000000000000000000
0.0000000000000000000000000000000000000000
0.0000000000000000000000000000000000000000
0.0000000000000000000000000000000000000000
0.0000000000000000000000000000000000000000
0.0000000000000000000000000000000000000000
0.0000000000000000000000000000000000000000
0.0000000000000000000000000000000000000000
0.0000000000000000000000000000000000000000
0.0000000000000000000000000000000000000000
0.0000000000000000000000000000000000000000
0.0000000000000000000000000000000000000000
0.0000000000000000000000000000000000000000
0.0000000000000000000000000000000000000000
0.0000000000000000000000000000000000000000
0.0000000000000000000000000000000000000000
0.0000000000000000000000000000000000000000
0.0000000000000000000000000000000000000000
0.0000000000000000000000000000000000000000
0.0000000000000000000000000000000000000000
0.0000000000000000000000000000000000000000
0.0000000000000000000000000000000000000000
0.0000000000000000000000000000000000000000
0.0000000000000000000000000000000000000000
0.0000000000000000000000000000000000000000
0.0000000000000000000000000000000000000000
0.0000000000000000000000000000000000000000
0.0000000000000000000000000000000000000000
0.0000000000000000000000000000000000000000
0.0000000000000000000000000000000000000000
0.0000000000000000000000000000000000000000
0.0000000000000000000000000000000000000000
0.0000000000000000000000000000000000000000
0.0000000000000000000000000000000000000000
0.0000000000000000000000000000000000000000
0.0000000000003906249510052944851068446042
0.0000000000160156245904152783054996689316
0.0000000003382812363561527035926701501012
0.0000000048289061638229213713202625513077
0.0000000519281222466361214173957705497742
0.0000004456281317288812715560197830200195
0.0000031617278182238806039094924926757812
0.0000189878446690272539854049682617187500
0.0000981327830231748521327972412109375000
0.0004417377640493214130401611328125000000
0.0017475892091169953346252441406250000000
0.0061179082840681076049804687500000000000
0.0190533939749002456665039062500000000000
0.0530087426304817199707031250000000000000
0.1322140097618103027343750000000000000000
0.2964563965797424316406250000000000000000
0.5997157096862792968750000000000000000000
1.0958619117736816406250000000000000000000
1.8265365362167358398437500000000000000000
2.7307894229888916015625000000000000000000
4.0000000000000000000000000000000000000000
4.0000000000000000000000000000000000000000
3.0000000000000000000000000000000000000000
3.0000000000000000000000000000000000000000
2.0480921268463134765625000000000000000000
1.3699026107788085937500000000000000000000
0.8218965530395507812500000000000000000000
0.4497868120670318603515625000000000000000
0.2223423421382904052734375000000000000000
0.0991605222225189208984375000000000000000
0.0397565625607967376708984375000000000000
0.0142900468781590461730957031250000000000
0.0045884316787123680114746093750000000000
0.0013106919359415769577026367187500000000
0.0003313033375889062881469726562500000000
0.0000735996000003069639205932617187500000
0.0000142408825922757387161254882812500000
0.0000023712957499810727313160896301269531
0.0000003342211414292250992730259895324707
0.0000000389460907967986713629215955734253
0.0000000036216794008225861034588888287544
0.0000000002537109133893267198800458572805
0.0000000000120117162744071137581158836838
0.0000000000002929687742403430661397578660
0.0000000000000000000000000000000000000000
0.0000000000000000000000000000000000000000
0.0000000000000000000000000000000000000000
0.0000000000000000000000000000000000000000
0.0000000000000000000000000000000000000000
0.0000000000000000000000000000000000000000
0.0000000000000000000000000000000000000000
0.0000000000000000000000000000000000000000
0.0000000000000000000000000000000000000000
0.0000000000000000000000000000000000000000
0.0000000000000000000000000000000000000000
0.0000000000000000000000000000000000000000
0.0000000000000000000000000000000000000000
0.0000000000000000000000000000000000000000
0.0000000000000000000000000000000000000000
0.0000000000000000000000000000000000000000
0.0000000000000000000000000000000000000000
0.0000000000000000000000000000000000000000
0.0000000000000000000000000000000000000000
0.0000000000000000000000000000000000000000
0.0000000000000000000000000000000000000000
0.0000000000000000000000000000000000000000
0.0000000000000000000000000000000000000000
0.0000000000000000000000000000000000000000
0.0000000000000000000000000000000000000000
0.0000000000000000000000000000000000000000
0.0000000000000000000000000000000000000000
0.0000000000000000000000000000000000000000
0.0000000000000000000000000000000000000000
0.0000000000000000000000000000000000000000
0.0000000000000000000000000000000000000000
0.0000000000000000000000000000000000000000
0.0000000000000000000000000000000000000000
0.0000000000000000000000000000000000000000
0.0000000000000000000000000000000000000000
0.0000000000000000000000000000000000000000
0.0000000000000000000000000000000000000000
0.0000000000000000000000000000000000000000
0.0000000000000000000000000000000000000000
0.0000000000000000000000000000000000000000
0.0000000000000000000000000000000000000000
0.0000000000000000000000000000000000000000
0.0000000000000000000000000000000000000000
0.0000000000000000000000000000000000000000
0.0000000000000000000000000000000000000000
0.0000000000000000000000000000000000000000
0.0000000000000000000000000000000000000000
0.0000000000000000000000000000000000000000
0.0000000000000000000000000000000000000000
0.0000000000000000000000000000000000000000
0.0000000000000000000000000000000000000000
0.0000000000000000000000000000000000000000
0.0000000000000000000000000000000000000000
0.0000000000000000000000000000000000000000
0.0000000000000000000000000000000000000000
0.0000000000000000000000000000000000000000
0.0000000000003906249510052944851068446042
0.0000000000160156245904152783054996689316
0.0000000003382812363561527035926701501012
0.0000000048289061638229213713202625513077
0.0000000519281222466361214173957705497742
0.0000004456281317288812715560197830200195
0.0000031617278182238806039094924926757812
0.0000189878446690272539854049682617187500
0.0000981327830231748521327972412109375000
0.0004417377640493214130401611328125000000
0.0017475892091169953346252441406250000000
0.0061179082840681076049804687500000000000
0.0190533939749002456665039062500000000000
0.0530087426304817199707031250000000000000
0.1322140097618103027343750000000000000000
0.2964563965797424316406250000000000000000
0.5997157096862792968750000000000000000000
1.0958619117736816406250000000000000000000
1.8265365362167358398437500000000000000000
2.7307894229888916015625000000000000000000
4.0000000000000000000000000000000000000000
4.0000000000000000000000000000000000000000
3.0000000000000000000000000000000000000000
3.0000000000000000000000000000000000000000
2.0480921268463134765625000000000000000000
1.3699026107788085937500000000000000000000
0.8218965530395507812500000000000000000000
0.4497868120670318603515625000000000000000
0.2223423421382904052734375000000000000000
0.0991605222225189208984375000000000000000
0.0397565625607967376708984375000000000000
0.0142900468781590461730957031250000000000
0.0045884316787123680114746093750000000000
0.0013106919359415769577026367187500000000
0.0003313033375889062881469726562500000000
0.0000735996000003069639205932617187500000
0.0000142408825922757387161254882812500000
0.0000023712957499810727313160896301269531
0.0000003342211414292250992730259895324707
0.0000000389460907967986713629215955734253
0.0000000036216794008225861034588888287544
0.0000000002537109133893267198800458572805
0.0000000000120117162744071137581158836838
0.0000000000002929687742403430661397578660
0.0000000000000000000000000000000000000000
0.0000000000000000000000000000000000000000
0.0000000000000000000000000000000000000000
0.0000000000000000000000000000000000000000
0.0000000000000000000000000000000000000000
0.0000000000000000000000000000000000000000
0.0000000000000000000000000000000000000000
0.0000000000000000000000000000000000000000
0.0000000000000000000000000000000000000000
0.0000000000000000000000000000000000000000
0.0000000000000000000000000000000000000000
0.0000000000000000000000000000000000000000
0.0000000000000000000000000000000000000000
0.0000000000000000000000000000000000000000
0.0000000000000000000000000000000000000000
0.0000000000000000000000000000000000000000
0.0000000000000000000000000000000000000000
0.0000000000000000000000000000000000000000
0.0000000000000000000000000000000000000000
0.0000000000000000000000000000000000000000
0.0000000000000000000000000000000000000000
0.0000000000000000000000000000000000000000
0.0000000000000000000000000000000000000000
0.0000000000000000000000000000000000000000
0.0000000000000000000000000000000000000000
0.0000000000000000000000000000000000000000
0.0000000000000000000000000000000000000000
0.0000000000000000000000000000000000000000
0.0000000000000000000000000000000000000000
0.0000000000000000000000000000000000000000
0.0000000000000000000000000000000000000000
0.0000000000000000000000000000000000000000
0.0000000000000000000000000000000000000000
0.0000000000000000000000000000000000000000
0.0000000000000000000000000000000000000000
0.0000000000000000000000000000000000000000
0.0000000000000000000000000000000000000000
0.0000000000000000000000000000000000000000
0.0000000000000000000000000000000000000000
0.0000000000000000000000000000000000000000
0.0000000000000000000000000000000000000000
0.0000000000000000000000000000000000000000
0.0000000000000000000000000000000000000000
0.0000000000000000000000000000000000000000
0.0000000000000000000000000000000000000000
0.0000000000000000000000000000000000000000
0.0000000000000000000000000000000000000000
0.0000000000000000000000000000000000000000
0.0000000000000000000000000000000000000000
0.0000000000000000000000000000000000000000
0.0000000000000000000000000000000000000000
0.0000000000000000000000000000000000000000
0.0000000000000000000000000000000000000000
0.0000000000000000000000000000000000000000
0.0000000000000000000000000000000000000000
0.0000000000000000000000000000000000000000
0.0000000000003906249510052944851068446042
0.0000000000160156245904152783054996689316
0.0000000003382812363561527035926701501012
0.0000000048289061638229213713202625513077
0.0000000519281222466361214173957705497742
0.0000004456281317288812715560197830200195
0.0000031617278182238806039094924926757812
0.0000189878446690272539854049682617187500
0.0000981327830231748521327972412109375000
0.0004417377640493214130401611328125000000
0.0017475892091169953346252441406250000000
0.0061179082840681076049804687500000000000
0.0190533939749002456665039062500000000000
0.0530087426304817199707031250000000000000
0.1322140097618103027343750000000000000000
0.2964563965797424316406250000000000000000
0.5997157096862792968750000000000000000000
1.0958619117736816406250000000000000000000
1.8265365362167358398437500000000000000000
2.7307894229888916015625000000000000000000
4.0000000000000000000000000000000000000000
4.0000000000000000000000000000000000000000
3.0000000000000000000000000000000000000000
3.0000000000000000000000000000000000000000
2.0480921268463134765625000000000000000000
1.3699026107788085937500000000000000000000
0.8218965530395507812500000000000000000000
0.4497868120670318603515625000000000000000
0.2223423421382904052734375000000000000000
0.0991605222225189208984375000000000000000
0.0397565625607967376708984375000000000000
0.0142900468781590461730957031250000000000
0.0045884316787123680114746093750000000000
0.0013106919359415769577026367187500000000
0.0003313033375889062881469726562500000000
0.0000735996000003069639205932617187500000
0.0000142408825922757387161254882812500000
0.0000023712957499810727313160896301269531
0.0000003342211414292250992730259895324707
0.0000000389460907967986713629215955734253
0.0000000036216794008225861034588888287544
0.0000000002537109133893267198800458572805
0.0000000000120117162744071137581158836838
0.0000000000002929687742403430661397578660
0.0000000000000000000000000000000000000000
0.0000000000000000000000000000000000000000
0.0000000000000000000000000000000000000000
0.0000000000000000000000000000000000000000
0.0000000000000000000000000000000000000000
0.0000000000000000000000000000000000000000
0.0000000000000000000000000000000000000000
0.0000000000000000000000000000000000000000
0.0000000000000000000000000000000000000000
0.0000000000000000000000000000000000000000
0.0000000000000000000000000000000000000000
0.0000000000000000000000000000000000000000
0.0000000000000000000000000000000000000000
0.0000000000000000000000000000000000000000
0.0000000000000000000000000000000000000000
0.0000000000000000000000000000000000000000
0.0000000000000000000000000000000000000000
0.0000000000000000000000000000000000000000
0.0000000000000000000000000000000000000000
0.0000000000000000000000000000000000000000
0.0000000000000000000000000000000000000000
0.0000000000000000000000000000000000000000
0.0000000000000000000000000000000000000000
0.0000000000000000000000000000000000000000
0.0000000000000000000000000000000000000000
0.0000000000000000000000000000000000000000
0.0000000000000000000000000000000000000000
0.0000000000000000000000000000000000000000
0.0000000000000000000000000000000000000000
0.0000000000000000000000000000000000000000
0.0000000000000000000000000000000000000000
0.0000000000000000000000000000000000000000
0.0000000000000000000000000000000000000000
0.0000000000000000000000000000000000000000
0.0000000000000000000000000000000000000000
0.0000000000000000000000000000000000000000
0.0000000000000000000000000000000000000000
0.0000000000000000000000000000000000000000
0.0000000000000000000000000000000000000000
0.0000000000000000000000000000000000000000
0.0000000000000000000000000000000000000000
0.0000000000000000000000000000000000000000
0.0000000000000000000000000000000000000000
0.0000000000000000000000000000000000000000
0.0000000000000000000000000000000000000000
0.0000000000000000000000000000000000000000
0.0000000000000000000000000000000000000000
0.0000000000000000000000000000000000000000
0.0000000000000000000000000000000000000000
0.0000000000000000000000000000000000000000
0.0000000000000000000000000000000000000000
0.0000000000000000000000000000000000000000
0.0000000000000000000000000000000000000000
0.0000000000000000000000000000000000000000
0.0000000000000000000000000000000000000000
0.0000000000000000000000000000000000000000
0.0000000000003906249510052944851068446042
0.0000000000160156245904152783054996689316
0.0000000003382812363561527035926701501012
0.0000000048289061638229213713202625513077
0.0000000519281222466361214173957705497742
0.0000004456281317288812715560197830200195
0.0000031617278182238806039094924926757812
0.0000189878446690272539854049682617187500
0.0000981327830231748521327972412109375000
0.0004417377640493214130401611328125000000
0.0017475892091169953346252441406250000000
0.0061179082840681076049804687500000000000
0.0190533939749002456665039062500000000000
0.0530087426304817199707031250000000000000
0.1322140097618103027343750000000000000000
0.2964563965797424316406250000000000000000
0.5997157096862792968750000000000000000000
1.0958619117736816406250000000000000000000
1.8265365362167358398437500000000000000000
2.7307894229888916015625000000000000000000
4.0000000000000000000000000000000000000000
4.0000000000000000000000000000000000000000
3.0000000000000000000000000000000000000000
3.0000000000000000000000000000000000000000
2.0480921268463134765625000000000000000000
1.3699026107788085937500000000000000000000
0.8218965530395507812500000000000000000000
0.4497868120670318603515625000000000000000
0.2223423421382904052734375000000000000000
0.0991605222225189208984375000000000000000
0.0397565625607967376708984375000000000000
0.0142900468781590461730957031250000000000
0.0045884316787123680114746093750000000000
0.0013106919359415769577026367187500000000
0.0003313033375889062881469726562500000000
0.0000735996000003069639205932617187500000
0.0000142408825922757387161254882812500000
0.0000023712957499810727313160896301269531
0.0000003342211414292250992730259895324707
0.0000000389460907967986713629215955734253
0.0000000036216794008225861034588888287544
0.0000000002537109133893267198800458572805
0.0000000000120117162744071137581158836838
0.0000000000002929687742403430661397578660
0.0000000000000000000000000000000000000000
0.0000000000000000000000000000000000000000
0.0000000000000000000000000000000000000000
0.0000000000000000000000000000000000000000
0.0000000000000000000000000000000000000000
0.0000000000000000000000000000000000000000
0.0000000000000000000000000000000000000000
0.0000000000000000000000000000000000000000
0.0000000000000000000000000000000000000000
0.0000000000000000000000000000000000000000
0.0000000000000000000000000000000000000000
0.0000000000000000000000000000000000000000
0.0000000000000000000000000000000000000000
0.0000000000000000000000000000000000000000
0.0000000000000000000000000000000000000000
0.0000000000000000000000000000000000000000
0.0000000000000000000000000000000000000000
0.0000000000000000000000000000000000000000
0.0000000000000000000000000000000000000000
0.0000000000000000000000000000000000000000
0.0000000000000000000000000000000000000000
0.0000000000000000000000000000000000000000
0.0000000000000000000000000000000000000000
0.0000000000000000000000000000000000000000
0.0000000000000000000000000000000000000000
0.0000000000000000000000000000000000000000
0.0000000000000000000000000000000000000000
0.0000000000000000000000000000000000000000
0.0000000000000000000000000000000000000000
0.0000000000000000000000000000000000000000
0.0000000000000000000000000000000000000000
0.0000000000000000000000000000000000000000
0.0000000000000000000000000000000000000000
0.0000000000000000000000000000000000000000
0.0000000000000000000000000000000000000000
0.0000000000000000000000000000000000000000
0.0000000000000000000000000000000000000000
0.0000000000000000000000000000000000000000
0.0000000000000000000000000000000000000000
0.0000000000000000000000000000000000000000
0.0000000000000000000000000000000000000000
0.0000000000000000000000000000000000000000
0.0000000000000000000000000000000000000000
0.0000000000000000000000000000000000000000
0.0000000000000000000000000000000000000000
0.0000000000000000000000000000000000000000
0.0000000000000000000000000000000000000000
0.0000000000000000000000000000000000000000
0.0000000000000000000000000000000000000000
0.0000000000000000000000000000000000000000
0.0000000000000000000000000000000000000000
0.0000000000000000000000000000000000000000
0.0000000000000000000000000000000000000000
0.0000000000000000000000000000000000000000
0.0000000000000000000000000000000000000000
0.0000000000000000000000000000000000000000
0.0000000000003906249510052944851068446042
0.0000000000160156245904152783054996689316
0.0000000003382812363561527035926701501012
0.0000000048289061638229213713202625513077
0.0000000519281222466361214173957705497742
0.0000004456281317288812715560197830200195
0.0000031617278182238806039094924926757812
0.0000189878446690272539854049682617187500
0.0000981327830231748521327972412109375000
0.0004417377640493214130401611328125000000
0.0017475892091169953346252441406250000000
0.0061179082840681076049804687500000000000
0.0190533939749002456665039062500000000000
0.0530087426304817199707031250000000000000
0.1322140097618103027343750000000000000000
0.2964563965797424316406250000000000000000
0.5997157096862792968750000000000000000000
1.0958619117736816406250000000000000000000
1.8265365362167358398437500000000000000000
2.7307894229888916015625000000000000000000
4.0000000000000000000000000000000000000000
4.0000000000000000000000000000000000000000
3.0000000000000000000000000000000000000000
3.0000000000000000000000000000000000000000
2.0480921268463134765625000000000000000000
1.3699026107788085937500000000000000000000
0.8218965530395507812500000000000000000000
0.4497868120670318603515625000000000000000
0.2223423421382904052734375000000000000000
0.0991605222225189208984375000000000000000
0.0397565625607967376708984375000000000000
0.0142900468781590461730957031250000000000
0.0045884316787123680114746093750000000000
0.0013106919359415769577026367187500000000
0.0003313033375889062881469726562500000000
0.0000735996000003069639205932617187500000
0.0000142408825922757387161254882812500000
0.0000023712957499810727313160896301269531
0.0000003342211414292250992730259895324707
0.0000000389460907967986713629215955734253
0.0000000036216794008225861034588888287544
0.0000000002537109133893267198800458572805
0.0000000000120117162744071137581158836838
0.0000000000002929687742403430661397578660
0.0000000000000000000000000000000000000000
0.0000000000000000000000000000000000000000
0.0000000000000000000000000000000000000000
0.0000000000000000000000000000000000000000
0.0000000000000000000000000000000000000000
0.0000000000000000000000000000000000000000
0.0000000000000000000000000000000000000000
0.0000000000000000000000000000000000000000
0.0000000000000000000000000000000000000000
0.0000000000000000000000000000000000000000
0.0000000000000000000000000000000000000000
0.0000000000000000000000000000000000000000
0.0000000000000000000000000000000000000000
0.0000000000000000000000000000000000000000
0.0000000000000000000000000000000000000000
0.0000000000000000000000000000000000000000
0.0000000000000000000000000000000000000000
0.0000000000000000000000000000000000000000
0.0000000000000000000000000000000000000000
0.0000000000000000000000000000000000000000
0.0000000000000000000000000000000000000000
0.0000000000000000000000000000000000000000
0.0000000000000000000000000000000000000000
0.0000000000000000000000000000000000000000
0.0000000000000000000000000000000000000000
0.0000000000000000000000000000000000000000
0.0000000000000000000000000000000000000000
0.0000000000000000000000000000000000000000
0.0000000000000000000000000000000000000000
0.0000000000000000000000000000000000000000
0.0000000000000000000000000000000000000000
0.0000000000000000000000000000000000000000
0.0000000000000000000000000000000000000000
0.0000000000000000000000000000000000000000
0.0000000000000000000000000000000000000000
0.0000000000000000000000000000000000000000
0.0000000000000000000000000000000000000000
0.0000000000000000000000000000000000000000
0.0000000000000000000000000000000000000000
0.0000000000000000000000000000000000000000
0.0000000000000000000000000000000000000000
0.0000000000000000000000000000000000000000
0.0000000000000000000000000000000000000000
0.0000000000000000000000000000000000000000
0.0000000000000000000000000000000000000000
0.0000000000000000000000000000000000000000
0.0000000000000000000000000000000000000000
0.0000000000000000000000000000000000000000
0.0000000000000000000000000000000000000000
0.0000000000000000000000000000000000000000
0.0000000000000000000000000000000000000000
0.0000000000000000000000000000000000000000
0.0000000000000000000000000000000000000000
0.0000000000000000000000000000000000000000
0.0000000000000000000000000000000000000000
0.0000000000000000000000000000000000000000
0.0000000000003906249510052944851068446042
0.0000000000160156245904152783054996689316
0.0000000003382812363561527035926701501012
0.0000000048289061638229213713202625513077
0.0000000519281222466361214173957705497742
0.0000004456281317288812715560197830200195
0.0000031617278182238806039094924926757812
0.0000189878446690272539854049682617187500
0.0000981327830231748521327972412109375000
0.0004417377640493214130401611328125000000
0.0017475892091169953346252441406250000000
0.0061179082840681076049804687500000000000
0.0190533939749002456665039062500000000000
0.0530087426304817199707031250000000000000
0.1322140097618103027343750000000000000000
0.2964563965797424316406250000000000000000
0.5997157096862792968750000000000000000000
1.0958619117736816406250000000000000000000
1.8265365362167358398437500000000000000000
2.7307894229888916015625000000000000000000
4.0000000000000000000000000000000000000000
4.0000000000000000000000000000000000000000
3.0000000000000000000000000000000000000000
3.0000000000000000000000000000000000000000
2.0480921268463134765625000000000000000000
1.3699026107788085937500000000000000000000
0.8218965530395507812500000000000000000000
0.4497868120670318603515625000000000000000
0.2223423421382904052734375000000000000000
0.0991605222225189208984375000000000000000
0.0397565625607967376708984375000000000000
0.0142900468781590461730957031250000000000
0.0045884316787123680114746093750000000000
0.0013106919359415769577026367187500000000
0.0003313033375889062881469726562500000000
0.0000735996000003069639205932617187500000
0.0000142408825922757387161254882812500000
0.0000023712957499810727313160896301269531
0.0000003342211414292250992730259895324707
0.0000000389460907967986713629215955734253
0.0000000036216794008225861034588888287544
0.0000000002537109133893267198800458572805
0.0000000000120117162744071137581158836838
0.0000000000002929687742403430661397578660
0.0000000000000000000000000000000000000000
0.0000000000000000000000000000000000000000
0.0000000000000000000000000000000000000000
0.0000000000000000000000000000000000000000
0.0000000000000000000000000000000000000000
0.0000000000000000000000000000000000000000
0.0000000000000000000000000000000000000000
0.0000000000000000000000000000000000000000
0.0000000000000000000000000000000000000000
0.0000000000000000000000000000000000000000
0.0000000000000000000000000000000000000000
0.0000000000000000000000000000000000000000
0.0000000000000000000000000000000000000000
0.0000000000000000000000000000000000000000
0.0000000000000000000000000000000000000000
0.0000000000000000000000000000000000000000
0.0000000000000000000000000000000000000000
0.0000000000000000000000000000000000000000
0.0000000000000000000000000000000000000000
0.0000000000000000000000000000000000000000
0.0000000000000000000000000000000000000000
0.0000000000000000000000000000000000000000
0.0000000000000000000000000000000000000000
0.0000000000000000000000000000000000000000
0.0000000000000000000000000000000000000000
0.0000000000000000000000000000000000000000
0.0000000000000000000000000000000000000000
0.0000000000000000000000000000000000000000
0.0000000000000000000000000000000000000000
0.0000000000000000000000000000000000000000
0.0000000000000000000000000000000000000000
0.0000000000000000000000000000000000000000
0.0000000000000000000000000000000000000000
0.0000000000000000000000000000000000000000
0.0000000000000000000000000000000000000000
0.0000000000000000000000000000000000000000
0.0000000000000000000000000000000000000000
0.0000000000000000000000000000000000000000
0.0000000000000000000000000000000000000000
0.0000000000000000000000000000000000000000
0.0000000000000000000000000000000000000000
0.0000000000000000000000000000000000000000
0.0000000000000000000000000000000000000000
0.0000000000000000000000000000000000000000
0.0000000000000000000000000000000000000000
0.0000000000000000000000000000000000000000
0.0000000000000000000000000000000000000000
0.0000000000000000000000000000000000000000
0.0000000000000000000000000000000000000000
0.0000000000000000000000000000000000000000
0.0000000000000000000000000000000000000000
0.0000000000000000000000000000000000000000
0.0000000000000000000000000000000000000000
0.0000000000000000000000000000000000000000
0.0000000000000000000000000000000000000000
0.0000000000000000000000000000000000000000
0.0000000000003906249510052944851068446042
0.0000000000160156245904152783054996689316
0.0000000003382812363561527035926701501012
0.0000000048289061638229213713202625513077
0.0000000519281222466361214173957705497742
0.0000004456281317288812715560197830200195
0.0000031617278182238806039094924926757812
0.0000189878446690272539854049682617187500
0.0000981327830231748521327972412109375000
0.0004417377640493214130401611328125000000
0.0017475892091169953346252441406250000000
0.0061179082840681076049804687500000000000
0.0190533939749002456665039062500000000000
0.0530087426304817199707031250000000000000
0.1322140097618103027343750000000000000000
0.2964563965797424316406250000000000000000
0.5997157096862792968750000000000000000000
1.0958619117736816406250000000000000000000
1.8265365362167358398437500000000000000000
2.7307894229888916015625000000000000000000
4.0000000000000000000000000000000000000000
4.0000000000000000000000000000000000000000
3.0000000000000000000000000000000000000000
3.0000000000000000000000000000000000000000
2.0480921268463134765625000000000000000000
1.3699026107788085937500000000000000000000
0.8218965530395507812500000000000000000000
0.4497868120670318603515625000000000000000
0.2223423421382904052734375000000000000000
0.0991605222225189208984375000000000000000
0.0397565625607967376708984375000000000000
0.0142900468781590461730957031250000000000
0.0045884316787123680114746093750000000000
0.0013106919359415769577026367187500000000
0.0003313033375889062881469726562500000000
0.0000735996000003069639205932617187500000
0.0000142408825922757387161254882812500000
0.0000023712959773547481745481491088867188
0.0000003342213403811911121010780334472656
0.0000000389462897487646841909736394882202
0.0000000036218748000749201310100033879280
0.0000000002539062293749339005444198846817
0.0000000000122070287905673424688757222611
0.0000000000004882812361904631526243747430
0.0000000000001953124755026472425534223021
0.0000000000001953124755026472425534223021
0.0000000000001953124755026472425534223021
0.0000000000001953124755026472425534223021
0.0000000000001953124755026472425534223021
0.0000000000001953124755026472425534223021
0.0000000000001953124755026472425534223021
0.0000000000001953124755026472425534223021
0.0000000000001953124755026472425534223021
0.0000000000001953124755026472425534223021
0.0000000000001953124755026472425534223021
0.0000000000001953124755026472425534223021
0.0000000000001953124755026472425534223021
0.0000000000001953124755026472425534223021
0.0000000000001953124755026472425534223021
0.0000000000001953124755026472425534223021
0.0000000000001953124755026472425534223021
0.0000000000001953124755026472425534223021
0.0000000000001953124755026472425534223021
0.0000000000001953124755026472425534223021
0.0000000000001953124755026472425534223021
0.0000000000001953124755026472425534223021
0.0000000000001953124755026472425534223021
0.0000000000001953124755026472425534223021
0.0000000000001953124755026472425534223021
0.0000000000001953124755026472425534223021
0.0000000000001953124755026472425534223021
0.0000000000001953124755026472425534223021
0.0000000000001953124755026472425534223021
0.0000000000001953124755026472425534223021
0.0000000000001953124755026472425534223021
0.0000000000001953124755026472425534223021
0.0000000000001953124755026472425534223021
0.0000000000001953124755026472425534223021
0.0000000000001953124755026472425534223021
0.0000000000001953124755026472425534223021
0.0000000000001953124755026472425534223021
0.0000000000001953124755026472425534223021
0.0000000000001953124755026472425534223021
0.0000000000001953124755026472425534223021
0.0000000000001953124755026472425534223021
0.0000000000001953124755026472425534223021
0.0000000000001953124755026472425534223021
0.0000000000001953124755026472425534223021
0.0000000000001953124755026472425534223021
0.0000000000001953124755026472425534223021
0.0000000000001953124755026472425534223021
0.0000000000001953124755026472425534223021
0.0000000000001953124755026472425534223021
0.0000000000001953124755026472425534223021
0.0000000000001953124755026472425534223021
0.0000000000001953124755026472425534223021
0.0000000000001953124755026472425534223021
0.0000000000001953124755026472425534223021
0.0000000000001953124755026472425534223021
0.0000000000001953124755026472425534223021
0.0000000000005859374400604688837290723313
0.0000000000162109371065755070162595075089
0.0000000003384765523417598842570441775024
0.0000000048291015630752553988713771104813
0.0000000519283211986021342454478144645691
0.0000004456283591025567147880792617797852
0.0000031617280455975560471415519714355469
0.0000189878446690272539854049682617187500
0.0000981327830231748521327972412109375000
0.0004417377640493214130401611328125000000
0.0017475892091169953346252441406250000000
0.0061179082840681076049804687500000000000
0.0190533939749002456665039062500000000000
0.0530087426304817199707031250000000000000
0.1322140097618103027343750000000000000000
0.2964563965797424316406250000000000000000
0.5997157096862792968750000000000000000000
1.0958619117736816406250000000000000000000
1.8265365362167358398437500000000000000000
2.7307894229888916015625000000000000000000
4.0000000000000000000000000000000000000000
4.0000000000000000000000000000000000000000
3.0000000000000000000000000000000000000000
3.0000000000000000000000000000000000000000
2.0480921268463134765625000000000000000000
1.3699026107788085937500000000000000000000
0.8218965530395507812500000000000000000000
0.4497868120670318603515625000000000000000
0.2223423421382904052734375000000000000000
0.0991605222225189208984375000000000000000
0.0397565625607967376708984375000000000000
0.0142900468781590461730957031250000000000
0.0045884316787123680114746093750000000000
0.0013106919359415769577026367187500000000
0.0003313033375889062881469726562500000000
0.0000735996072762645781040191650390625000
0.0000142408916872227564454078674316406250
0.0000023713037080597132444381713867187500
0.0000003342291279295750427991151809692383
0.0000000389541021661443664925172924995422
0.0000000036296872174546024325536563992500
0.0000000002617187300213430489748134277761
0.0000000000200195294369764908992692653555
0.0000000000083007810694479822188895923318
0.0000000000080078122952076391527498344658
0.0000000000080078122952076391527498344658
0.0000000000080078122952076391527498344658
0.0000000000080078122952076391527498344658
0.0000000000080078122952076391527498344658
0.0000000000080078122952076391527498344658
0.0000000000080078122952076391527498344658
0.0000000000080078122952076391527498344658
0.0000000000080078122952076391527498344658
0.0000000000080078122952076391527498344658
0.0000000000080078122952076391527498344658
0.0000000000080078122952076391527498344658
0.0000000000080078122952076391527498344658
0.0000000000080078122952076391527498344658
0.0000000000080078122952076391527498344658
0.0000000000080078122952076391527498344658
0.0000000000080078122952076391527498344658
0.0000000000080078122952076391527498344658
0.0000000000080078122952076391527498344658
0.0000000000080078122952076391527498344658
0.0000000000080078122952076391527498344658
0.0000000000080078122952076391527498344658
0.0000000000080078122952076391527498344658
0.0000000000080078122952076391527498344658
0.0000000000080078122952076391527498344658
0.0000000000080078122952076391527498344658
0.0000000000080078122952076391527498344658
0.0000000000080078122952076391527498344658
0.0000000000080078122952076391527498344658
0.0000000000080078122952076391527498344658
0.0000000000080078122952076391527498344658
0.0000000000080078122952076391527498344658
0.0000000000080078122952076391527498344658
0.0000000000080078122952076391527498344658
0.0000000000080078122952076391527498344658
0.0000000000080078122952076391527498344658
0.0000000000080078122952076391527498344658
0.0000000000080078122952076391527498344658
0.0000000000080078122952076391527498344658
0.0000000000080078122952076391527498344658
0.0000000000080078122952076391527498344658
0.0000000000080078122952076391527498344658
0.0000000000080078122952076391527498344658
0.0000000000080078122952076391527498344658
0.0000000000080078122952076391527498344658
0.0000000000080078122952076391527498344658
0.0000000000080078122952076391527498344658
0.0000000000080078122952076391527498344658
0.0000000000080078122952076391527498344658
0.0000000000080078122952076391527498344658
0.0000000000080078122952076391527498344658
0.0000000000080078122952076391527498344658
0.0000000000080078122952076391527498344658
0.0000000000080078122952076391527498344658
0.0000000000080078122952076391527498344658
0.0000000000080078122952076391527498344658
0.0000000000083984373275280965742695116205
0.0000000000240234394877081314234601450153
0.0000000003462890529881690326874377205968
0.0000000048369139804549377004150301218033
0.0000000519361336159818165469914674758911
0.0000004456361182292312150821089744567871
0.0000031617357763025211170315742492675781
0.0000189878519449848681688308715820312500
0.0000981327975750900804996490478515625000
0.0004417377640493214130401611328125000000
0.0017475892091169953346252441406250000000
0.0061179087497293949127197265625000000000
0.0190533939749002456665039062500000000000
0.0530087426304817199707031250000000000000
0.1322140097618103027343750000000000000000
0.2964563965797424316406250000000000000000
0.5997157096862792968750000000000000000000
1.0958619117736816406250000000000000000000
1.8265365362167358398437500000000000000000
2.7307894229888916015625000000000000000000
4.0000000000000000000000000000000000000000
4.0000000000000000000000000000000000000000
3.0000000000000000000000000000000000000000
3.0000000000000000000000000000000000000000
2.0480921268463134765625000000000000000000
1.3699026107788085937500000000000000000000
0.8218965530395507812500000000000000000000
0.4497868120670318603515625000000000000000
0.2223423421382904052734375000000000000000
0.0991605222225189208984375000000000000000
0.0397565625607967376708984375000000000000
0.0142900468781590461730957031250000000000
0.0045884316787123680114746093750000000000
0.0013106920523568987846374511718750000000
0.0003313035122118890285491943359375000000
0.0000735997673473320901393890380859375000
0.0000142410517582902684807777404785156250
0.0000023714646886219270527362823486328125
0.0000003343902506003360031172633171081543
0.0000000391152319423326844116672873497009
0.0000000037908201022673893021419644355774
0.0000000004228515315674030716763809323311
0.0000000001811523153705252298095729202032
0.0000000001694335782786993149784393608570
0.0000000001691406043002885439818783197552
0.0000000001691406043002885439818783197552
0.0000000001691406043002885439818783197552
0.0000000001691406043002885439818783197552
0.0000000001691406043002885439818783197552
0.0000000001691406043002885439818783197552
0.0000000001691406043002885439818783197552
0.0000000001691406043002885439818783197552
0.0000000001691406043002885439818783197552
0.0000000001691406043002885439818783197552
0.0000000001691406043002885439818783197552
0.0000000001691406043002885439818783197552
0.0000000001691406043002885439818783197552
0.0000000001691406043002885439818783197552
0.0000000001691406043002885439818783197552
0.0000000001691406043002885439818783197552
0.0000000001691406043002885439818783197552
0.0000000001691406043002885439818783197552
0.0000000001691406043002885439818783197552
0.0000000001691406043002885439818783197552
0.0000000001691406043002885439818783197552
0.0000000001691406043002885439818783197552
0.0000000001691406043002885439818783197552
0.0000000001691406043002885439818783197552
0.0000000001691406043002885439818783197552
0.0000000001691406043002885439818783197552
0.0000000001691406043002885439818783197552
0.0000000001691406043002885439818783197552
0.0000000001691406043002885439818783197552
0.0000000001691406043002885439818783197552
0.0000000001691406043002885439818783197552
0.0000000001691406043002885439818783197552
0.0000000001691406043002885439818783197552
0.0000000001691406043002885439818783197552
0.0000000001691406043002885439818783197552
0.0000000001691406043002885439818783197552
0.0000000001691406043002885439818783197552
0.0000000001691406043002885439818783197552
0.0000000001691406043002885439818783197552
0.0000000001691406043002885439818783197552
0.0000000001691406043002885439818783197552
0.0000000001691406043002885439818783197552
0.0000000001691406043002885439818783197552
0.0000000001691406043002885439818783197552
0.0000000001691406043002885439818783197552
0.0000000001691406043002885439818783197552
0.0000000001691406043002885439818783197552
0.0000000001691406043002885439818783197552
0.0000000001691406043002885439818783197552
0.0000000001691406043002885439818783197552
0.0000000001691406043002885439818783197552
0.0000000001691406043002885439818783197552
0.0000000001691406043002885439818783197552
0.0000000001691406043002885439818783197552
0.0000000001691406043002885439818783197552
0.0000000001691406043002885439818783197552
0.0000000001695312362715029053106263745576
0.0000000001851562236865333943569567054510
0.0000000005074218267786534397600917145610
0.0000000049980468652677245700033381581306
0.0000000520972598394564556656405329704285
0.0000004457972408999921754002571105957031
0.0000031618965294910594820976257324218750
0.0000189880120160523802042007446289062500
0.0000981329576461575925350189208984375000
0.0004417379386723041534423828125000000000
0.0017475892091169953346252441406250000000
0.0061179087497293949127197265625000000000
0.0190533939749002456665039062500000000000
0.0530087426304817199707031250000000000000
0.1322140097618103027343750000000000000000
0.2964563965797424316406250000000000000000
0.5997157096862792968750000000000000000000
1.0958619117736816406250000000000000000000
1.8265365362167358398437500000000000000000
2.7307894229888916015625000000000000000000
4.0000000000000000000000000000000000000000
4.0000000000000000000000000000000000000000
3.0000000000000000000000000000000000000000
3.0000000000000000000000000000000000000000
2.0480921268463134765625000000000000000000
1.3699026107788085937500000000000000000000
0.8218965530395507812500000000000000000000
0.4497868120670318603515625000000000000000
0.2223423421382904052734375000000000000000
0.0991605222225189208984375000000000000000
0.0397565625607967376708984375000000000000
0.0142900478094816207885742187500000000000
0.0045884344726800918579101562500000000000
0.0013106942642480134963989257812500000000
0.0003313057241030037403106689453125000000
0.0000736020083422772586345672607421875000
0.0000142432963912142440676689147949218750
0.0000023737100036669289693236351013183594
0.0000003366355656453379197046160697937012
0.0000000413605469873346009990200400352478
0.0000000060361315945556270889937877655029
0.0000000026681639120340605586534366011620
0.0000000024264648068594851793022826313972
0.0000000024147459587453568019554950296879
0.0000000024144530819114606856601312756538
0.0000000024144530819114606856601312756538
0.0000000024144530819114606856601312756538
0.0000000024144530819114606856601312756538
0.0000000024144530819114606856601312756538
0.0000000024144530819114606856601312756538
0.0000000024144530819114606856601312756538
0.0000000024144530819114606856601312756538
0.0000000024144530819114606856601312756538
0.0000000024144530819114606856601312756538
0.0000000024144530819114606856601312756538
0.0000000024144530819114606856601312756538
0.0000000024144530819114606856601312756538
0.0000000024144530819114606856601312756538
0.0000000024144530819114606856601312756538
0.0000000024144530819114606856601312756538
0.0000000024144530819114606856601312756538
0.0000000024144530819114606856601312756538
0.0000000024144530819114606856601312756538
0.0000000024144530819114606856601312756538
0.0000000024144530819114606856601312756538
0.0000000024144530819114606856601312756538
0.0000000024144530819114606856601312756538
0.0000000024144530819114606856601312756538
0.0000000024144530819114606856601312756538
0.0000000024144530819114606856601312756538
0.0000000024144530819114606856601312756538
0.0000000024144530819114606856601312756538
0.0000000024144530819114606856601312756538
0.0000000024144530819114606856601312756538
0.0000000024144530819114606856601312756538
0.0000000024144530819114606856601312756538
0.0000000024144530819114606856601312756538
0.0000000024144530819114606856601312756538
0.0000000024144530819114606856601312756538
0.0000000024144530819114606856601312756538
0.0000000024144530819114606856601312756538
0.0000000024144530819114606856601312756538
0.0000000024144530819114606856601312756538
0.0000000024144530819114606856601312756538
0.0000000024144530819114606856601312756538
0.0000000024144530819114606856601312756538
0.0000000024144530819114606856601312756538
0.0000000024144530819114606856601312756538
0.0000000024144530819114606856601312756538
0.0000000024144530819114606856601312756538
0.0000000024144530819114606856601312756538
0.0000000024144530819114606856601312756538
0.0000000024144530819114606856601312756538
0.0000000024144530819114606856601312756538
0.0000000024144530819114606856601312756538
0.0000000024144530819114606856601312756538
0.0000000024144530819114606856601312756538
0.0000000024144530819114606856601312756538
0.0000000024144530819114606856601312756538
0.0000000024144530819114606856601312756538
0.0000000024148436583715238157310523092747
0.0000000024304687151754933438496664166451
0.0000000027527338186672523079323582351208
0.0000000072433588016451722069177776575089
0.0000000543425748844583722529932856559753
0.0000004480425559449940919876098632812500
0.0000031641418445360613986849784851074219
0.0000189902584679657593369483947753906250
0.0000981352059170603752136230468750000000
0.0004417401796672493219375610351562500000
0.0017475916538387537002563476562500000000
0.0061179110780358314514160156250000000000
0.0190533958375453948974609375000000000000
0.0530087463557720184326171875000000000000
0.1322140246629714965820312500000000000000
0.2964563965797424316406250000000000000000
0.5997157096862792968750000000000000000000
1.0958619117736816406250000000000000000000
1.8265365362167358398437500000000000000000
2.7307894229888916015625000000000000000000
4.0000000000000000000000000000000000000000
4.0000000000000000000000000000000000000000
3.0000000000000000000000000000000000000000
3.0000000000000000000000000000000000000000
2.0480921268463134765625000000000000000000
1.3699026107788085937500000000000000000000
0.8218965530395507812500000000000000000000
0.4497868418693542480468750000000000000000
0.2223423421382904052734375000000000000000
0.0991605371236801147460937500000000000000
0.0397565886378288269042968750000000000000
0.0142900720238685607910156250000000000000
0.0045884577557444572448730468750000000000
0.0013107180129736661911010742187500000000
0.0003313292691018432378768920898437500000
0.0000736255460651591420173645019531250000
0.0000142668450280325487256050109863281250
0.0000023972597773536108434200286865234375
0.0000003601851688017632113769650459289551
0.0000000649101608019009290728718042373657
0.0000000295857400800514369620941579341888
0.0000000262177710652622408815659582614899
0.0000000259760728482660852023400366306305
0.0000000259643542221965617500245571136475
0.0000000259640611233180607086978852748871
0.0000000259640611233180607086978852748871
0.0000000259640611233180607086978852748871
0.0000000259640611233180607086978852748871
0.0000000259640611233180607086978852748871
0.0000000259640611233180607086978852748871
0.0000000259640611233180607086978852748871
0.0000000259640611233180607086978852748871
0.0000000259640611233180607086978852748871
0.0000000259640611233180607086978852748871
0.0000000259640611233180607086978852748871
0.0000000259640611233180607086978852748871
0.0000000259640611233180607086978852748871
0.0000000259640611233180607086978852748871
0.0000000259640611233180607086978852748871
0.0000000259640611233180607086978852748871
0.0000000259640611233180607086978852748871
0.0000000259640611233180607086978852748871
0.0000000259640611233180607086978852748871
0.0000000259640611233180607086978852748871
0.0000000259640611233180607086978852748871
0.0000000259640611233180607086978852748871
0.0000000259640611233180607086978852748871
0.0000000259640611233180607086978852748871
0.0000000259640611233180607086978852748871
0.0000000259640611233180607086978852748871
0.0000000259640611233180607086978852748871
0.0000000259640611233180607086978852748871
0.0000000259640611233180607086978852748871
0.0000000259640611233180607086978852748871
0.0000000259640611233180607086978852748871
0.0000000259640611233180607086978852748871
0.0000000259640611233180607086978852748871
0.0000000259640611233180607086978852748871
0.0000000259640611233180607086978852748871
0.0000000259640611233180607086978852748871
0.0000000259640611233180607086978852748871
0.0000000259640611233180607086978852748871
0.0000000259640611233180607086978852748871
0.0000000259640611233180607086978852748871
0.0000000259640611233180607086978852748871
0.0000000259640611233180607086978852748871
0.0000000259640611233180607086978852748871
0.0000000259640611233180607086978852748871
0.0000000259640611233180607086978852748871
0.0000000259640611233180607086978852748871
0.0000000259640611233180607086978852748871
0.0000000259640611233180607086978852748871
0.0000000259640611233180607086978852748871
0.0000000259640611233180607086978852748871
0.0000000259640611233180607086978852748871
0.0000000259640611233180607086978852748871
0.0000000259640611233180607086978852748871
0.0000000259640611233180607086978852748871
0.0000000259640611233180607086978852748871
0.0000000259640611233180607086978852748871
0.0000000259644536981795681640505790710449
0.0000000259800767565820933668874204158783
0.0000000263023416380292474059388041496277
0.0000000307929681753194017801433801651001
0.0000000778921815935973427258431911468506
0.0000004715921875231288140639662742614746
0.0000031876911634753923863172531127929688
0.0000190138089237734675407409667968750000
0.0000981587436399422585964202880859375000
0.0004417636955622583627700805664062500000
0.0017476150533184409141540527343750000000
0.0061179348267614841461181640625000000000
0.0190534200519323348999023437500000000000
0.0530087724328041076660156250000000000000
0.1322140395641326904296875000000000000000
0.2964563965797424316406250000000000000000
0.5997157096862792968750000000000000000000
1.0958619117736816406250000000000000000000
1.8265367746353149414062500000000000000000
2.7307894229888916015625000000000000000000
4.0000000000000000000000000000000000000000
4.0000000000000000000000000000000000000000
3.0000000000000000000000000000000000000000
3.0000000000000000000000000000000000000000
2.0480923652648925781250000000000000000000
1.3699027299880981445312500000000000000000
0.8218967318534851074218750000000000000000
0.4497870504856109619140625000000000000000
0.2223425358533859252929687500000000000000
0.0991607382893562316894531250000000000000
0.0397567823529243469238281250000000000000
0.0142902685329318046569824218750000000000
0.0045886547304689884185791015625000000000
0.0013109146384522318840026855468750000000
0.0003315261565148830413818359375000000000
0.0000738224043743684887886047363281250000
0.0000144636960612842813134193420410156250
0.0000025941094463632907718420028686523438
0.0000005570352072936657350510358810424805
0.0000002617601353449572343379259109497070
0.0000002264357306103192968294024467468262
0.0000002230677580428164219483733177185059
0.0000002228260598258202662691473960876465
0.0000002228143500815349398180842399597168
0.0000002228140658644406357780098915100098
0.0000002228140658644406357780098915100098
0.0000002228140658644406357780098915100098
0.0000002228140658644406357780098915100098
0.0000002228140658644406357780098915100098
0.0000002228140658644406357780098915100098
0.0000002228140658644406357780098915100098
0.0000002228140658644406357780098915100098
0.0000002228140658644406357780098915100098
0.0000002228140658644406357780098915100098
0.0000002228140658644406357780098915100098
0.0000002228140658644406357780098915100098
0.0000002228140658644406357780098915100098
0.0000002228140658644406357780098915100098
0.0000002228140658644406357780098915100098
0.0000002228140658644406357780098915100098
0.0000002228140658644406357780098915100098
0.0000002228140658644406357780098915100098
0.0000002228140658644406357780098915100098
0.0000002228140658644406357780098915100098
0.0000002228140658644406357780098915100098
0.0000002228140658644406357780098915100098
0.0000002228140658644406357780098915100098
0.0000002228140658644406357780098915100098
0.0000002228140658644406357780098915100098
0.0000002228140658644406357780098915100098
0.0000002228140658644406357780098915100098
0.0000002228140658644406357780098915100098
0.0000002228140658644406357780098915100098
0.0000002228140658644406357780098915100098
0.0000002228140658644406357780098915100098
0.0000002228140658644406357780098915100098
0.0000002228140658644406357780098915100098
0.0000002228140658644406357780098915100098
0.0000002228140658644406357780098915100098
0.0000002228140658644406357780098915100098
0.0000002228140658644406357780098915100098
0.0000002228140658644406357780098915100098
0.0000002228140658644406357780098915100098
0.0000002228140658644406357780098915100098
0.0000002228140658644406357780098915100098
0.0000002228140658644406357780098915100098
0.0000002228140658644406357780098915100098
0.0000002228140658644406357780098915100098
0.0000002228140658644406357780098915100098
0.0000002228140658644406357780098915100098
0.0000002228140658644406357780098915100098
0.0000002228140658644406357780098915100098
0.0000002228140658644406357780098915100098
0.0000002228140658644406357780098915100098
0.0000002228140658644406357780098915100098
0.0000002228140658644406357780098915100098
0.0000002228140658644406357780098915100098
0.0000002228140658644406357780098915100098
0.0000002228140658644406357780098915100098
0.0000002228140658644406357780098915100098
0.0000002228144495575179462321102619171143
0.0000002228300672868499532341957092285156
0.0000002231523410500813042744994163513184
0.0000002276429711400851374492049217224121
0.0000002747421490312262903898954391479492
0.0000006684421123281936161220073699951172
0.0000033845412872324232012033462524414062
0.0000192106581380357965826988220214843750
0.0000983556019491516053676605224609375000
0.0004419605247676372528076171875000000000
0.0017478117952123284339904785156250000000
0.0061181308701634407043457031250000000000
0.0190536174923181533813476562500000000000
0.0530089661478996276855468750000000000000
0.1322142183780670166015625000000000000000
0.2964566051959991455078125000000000000000
0.5997158885002136230468750000000000000000
1.0958621501922607421875000000000000000000
1.8265367746353149414062500000000000000000
2.7307896614074707031250000000000000000000
4.0000000000000000000000000000000000000000
4.0000000000000000000000000000000000000000
3.0000000000000000000000000000000000000000
3.0000000000000000000000000000000000000000
2.0480930805206298828125000000000000000000
1.3699038028717041015625000000000000000000
0.8218978643417358398437500000000000000000
0.4497883915901184082031250000000000000000
0.2223438769578933715820312500000000000000
0.0991620868444442749023437500000000000000
0.0397581383585929870605468750000000000000
0.0142916264012455940246582031250000000000
0.0045900130644440650939941406250000000000
0.0013122728560119867324829101562500000000
0.0003328841412439942359924316406250000000
0.0000751804545870982110500335693359375000
0.0000158217444550246000289916992187500000
0.0000039521592043456621468067169189453125
0.0000019150847947457805275917053222656250
0.0000016198097227970720268785953521728516
0.0000015844852896407246589660644531250000
0.0000015811172033863840624690055847167969
0.0000015808757325430633500218391418457031
0.0000015808640227987780235707759857177734
0.0000015808636817382648587226867675781250
0.0000015808636817382648587226867675781250
0.0000015808636817382648587226867675781250
0.0000015808636817382648587226867675781250
0.0000015808636817382648587226867675781250
0.0000015808636817382648587226867675781250
0.0000015808636817382648587226867675781250
0.0000015808636817382648587226867675781250
0.0000015808636817382648587226867675781250
0.0000015808636817382648587226867675781250
0.0000015808636817382648587226867675781250
0.0000015808636817382648587226867675781250
0.0000015808636817382648587226867675781250
0.0000015808636817382648587226867675781250
0.0000015808636817382648587226867675781250
0.0000015808636817382648587226867675781250
0.0000015808636817382648587226867675781250
0.0000015808636817382648587226867675781250
0.0000015808636817382648587226867675781250
0.0000015808636817382648587226867675781250
0.0000015808636817382648587226867675781250
0.0000015808636817382648587226867675781250
0.0000015808636817382648587226867675781250
0.0000015808636817382648587226867675781250
0.0000015808636817382648587226867675781250
0.0000015808636817382648587226867675781250
0.0000015808636817382648587226867675781250
0.0000015808636817382648587226867675781250
0.0000015808636817382648587226867675781250
0.0000015808636817382648587226867675781250
0.0000015808636817382648587226867675781250
0.0000015808636817382648587226867675781250
0.0000015808636817382648587226867675781250
0.0000015808636817382648587226867675781250
0.0000015808636817382648587226867675781250
0.0000015808636817382648587226867675781250
0.0000015808636817382648587226867675781250
0.0000015808636817382648587226867675781250
0.0000015808636817382648587226867675781250
0.0000015808636817382648587226867675781250
0.0000015808636817382648587226867675781250
0.0000015808636817382648587226867675781250
0.0000015808636817382648587226867675781250
0.0000015808636817382648587226867675781250
0.0000015808636817382648587226867675781250
0.0000015808636817382648587226867675781250
0.0000015808636817382648587226867675781250
0.0000015808636817382648587226867675781250
0.0000015808636817382648587226867675781250
0.0000015808636817382648587226867675781250
0.0000015808636817382648587226867675781250
0.0000015808636817382648587226867675781250
0.0000015808636817382648587226867675781250
0.0000015808636817382648587226867675781250
0.0000015808636817382648587226867675781250
0.0000015808636817382648587226867675781250
0.0000015808640227987780235707759857177734
0.0000015808797115823836065828800201416016
0.0000015812020137673243880271911621093750
0.0000015856925301704904995858669281005859
0.0000016327918501701788045465946197509766
0.0000020264917566237272694706916809082031
0.0000047425910452147945761680603027343750
0.0000205687065317761152982711791992187500
0.0000997136448859237134456634521484375000
0.0004433185677044093608856201171875000000
0.0017491697799414396286010742187500000000
0.0061194887384772300720214843750000000000
0.0190549734979867935180664062500000000000
0.0530103258788585662841796875000000000000
0.1322155892848968505859375000000000000000
0.2964579463005065917968750000000000000000
0.5997172594070434570312500000000000000000
1.0958633422851562500000000000000000000000
1.8265377283096313476562500000000000000000
2.7307903766632080078125000000000000000000
4.0000000000000000000000000000000000000000
4.0000000000000000000000000000000000000000
3.0000000000000000000000000000000000000000
3.0000000000000000000000000000000000000000
2.0480968952178955078125000000000000000000
1.3699101209640502929687500000000000000000
0.8219054341316223144531250000000000000000
0.4497961997985839843750000000000000000000
0.2223517894744873046875000000000000000000
0.0991699993610382080078125000000000000000
0.0397660508751869201660156250000000000000
0.0142995389178395271301269531250000000000
0.0045979255810379981994628906250000000000
0.0013201858382672071456909179687500000000
0.0003407972399145364761352539062500000000
0.0000830935168778523802757263183593750000
0.0000237348049267893657088279724121093750
0.0000118652169476263225078582763671875000
0.0000098281425380264408886432647705078125
0.0000095328668976435437798500061035156250
0.0000094975421234266832470893859863281250
0.0000094941742645460180938243865966796875
0.0000094939332484500482678413391113281250
0.0000094939214250189252197742462158203125
0.0000094939214250189252197742462158203125
0.0000094939214250189252197742462158203125
0.0000094939214250189252197742462158203125
0.0000094939214250189252197742462158203125
0.0000094939214250189252197742462158203125
0.0000094939214250189252197742462158203125
0.0000094939214250189252197742462158203125
0.0000094939214250189252197742462158203125
0.0000094939214250189252197742462158203125
0.0000094939214250189252197742462158203125
0.0000094939214250189252197742462158203125
0.0000094939214250189252197742462158203125
0.0000094939214250189252197742462158203125
0.0000094939214250189252197742462158203125
0.0000094939214250189252197742462158203125
0.0000094939214250189252197742462158203125
0.0000094939214250189252197742462158203125
0.0000094939214250189252197742462158203125
0.0000094939214250189252197742462158203125
0.0000094939214250189252197742462158203125
0.0000094939214250189252197742462158203125
0.0000094939214250189252197742462158203125
0.0000094939214250189252197742462158203125
0.0000094939214250189252197742462158203125
0.0000094939214250189252197742462158203125
0.0000094939214250189252197742462158203125
0.0000094939214250189252197742462158203125
0.0000094939214250189252197742462158203125
0.0000094939214250189252197742462158203125
0.0000094939214250189252197742462158203125
0.0000094939214250189252197742462158203125
0.0000094939214250189252197742462158203125
0.0000094939214250189252197742462158203125
0.0000094939214250189252197742462158203125
0.0000094939214250189252197742462158203125
0.0000094939214250189252197742462158203125
0.0000094939214250189252197742462158203125
0.0000094939214250189252197742462158203125
0.0000094939214250189252197742462158203125
0.0000094939214250189252197742462158203125
0.0000094939214250189252197742462158203125
0.0000094939214250189252197742462158203125
0.0000094939214250189252197742462158203125
0.0000094939214250189252197742462158203125
0.0000094939214250189252197742462158203125
0.0000094939214250189252197742462158203125
0.0000094939214250189252197742462158203125
0.0000094939214250189252197742462158203125
0.0000094939214250189252197742462158203125
0.0000094939214250189252197742462158203125
0.0000094939214250189252197742462158203125
0.0000094939214250189252197742462158203125
0.0000094939214250189252197742462158203125
0.0000094939214250189252197742462158203125
0.0000094939214250189252197742462158203125
0.0000094939214250189252197742462158203125
0.0000094939223345136269927024841308593750
0.0000094939368864288553595542907714843750
0.0000094942606665426865220069885253906250
0.0000094987499323906376957893371582031250
0.0000095458481155219487845897674560546875
0.0000099395492725307121872901916503906250
0.0000126556496979901567101478576660156250
0.0000284817651845514774322509765625000000
0.0001076266999007202684879302978515625000
0.0004512316954787820577621459960937500000
0.0017570831114426255226135253906250000000
0.0061274031177163124084472656250000000000
0.0190628878772258758544921875000000000000
0.0530182346701622009277343750000000000000
0.1322235167026519775390625000000000000000
0.2964658737182617187500000000000000000000
0.5997251272201538085937500000000000000000
1.0958707332611083984375000000000000000000
1.8265441656112670898437500000000000000000
2.7307939529418945312500000000000000000000
4.0000000000000000000000000000000000000000
4.0000000000000000000000000000000000000000
3.0000000000000000000000000000000000000000
3.0000000000000000000000000000000000000000
2.0481152534484863281250000000000000000000
1.3699395656585693359375000000000000000000
0.8219414949417114257812500000000000000000
0.4498348832130432128906250000000000000000
0.2223912179470062255859375000000000000000
0.0992095544934272766113281250000000000000
0.0398056246340274810791015625000000000000
0.0143391136080026626586914062500000000000
0.0046374974772334098815917968750000000000
0.0013597582001239061355590820312500000000
0.0003803696890827268362045288085937500000
0.0001226659805979579687118530273437500000
0.0000633072777418419718742370605468750000
0.0000514376806677319109439849853515625000
0.0000494006089866161346435546875000000000
0.0000491053324367385357618331909179687500
0.0000490700113005004823207855224609375000
0.0000490666498080827295780181884765625000
0.0000490664024255238473415374755859375000
0.0000490663915115874260663986206054687500
0.0000490663915115874260663986206054687500
0.0000490663915115874260663986206054687500
0.0000490663915115874260663986206054687500
0.0000490663915115874260663986206054687500
0.0000490663915115874260663986206054687500
0.0000490663915115874260663986206054687500
0.0000490663915115874260663986206054687500
0.0000490663915115874260663986206054687500
0.0000490663915115874260663986206054687500
0.0000490663915115874260663986206054687500
0.0000490663915115874260663986206054687500
0.0000490663915115874260663986206054687500
0.0000490663915115874260663986206054687500
0.0000490663915115874260663986206054687500
0.0000490663915115874260663986206054687500
0.0000490663915115874260663986206054687500
0.0000490663915115874260663986206054687500
0.0000490663915115874260663986206054687500
0.0000490663915115874260663986206054687500
0.0000490663915115874260663986206054687500
0.0000490663915115874260663986206054687500
0.0000490663915115874260663986206054687500
0.0000490663915115874260663986206054687500
0.0000490663915115874260663986206054687500
0.0000490663915115874260663986206054687500
0.0000490663915115874260663986206054687500
0.0000490663915115874260663986206054687500
0.0000490663915115874260663986206054687500
0.0000490663915115874260663986206054687500
0.0000490663915115874260663986206054687500
0.0000490663915115874260663986206054687500
0.0000490663915115874260663986206054687500
0.0000490663915115874260663986206054687500
0.0000490663915115874260663986206054687500
0.0000490663915115874260663986206054687500
0.0000490663915115874260663986206054687500
0.0000490663915115874260663986206054687500
0.0000490663915115874260663986206054687500
0.0000490663915115874260663986206054687500
0.0000490663915115874260663986206054687500
0.0000490663915115874260663986206054687500
0.0000490663915115874260663986206054687500
0.0000490663915115874260663986206054687500
0.0000490663915115874260663986206054687500
0.0000490663915115874260663986206054687500
0.0000490663915115874260663986206054687500
0.0000490663915115874260663986206054687500
0.0000490663915115874260663986206054687500
0.0000490663915115874260663986206054687500
0.0000490663915115874260663986206054687500
0.0000490663915115874260663986206054687500
0.0000490663915115874260663986206054687500
0.0000490663915115874260663986206054687500
0.0000490663915115874260663986206054687500
0.0000490663915115874260663986206054687500
0.0000490663915115874260663986206054687500
0.0000490663915115874260663986206054687500
0.0000490664024255238473415374755859375000
0.0000490667298436164855957031250000000000
0.0000490712191094644367694854736328125000
0.0000491183127451222389936447143554687500
0.0000495120184496045112609863281250000000
0.0000522281152370851486921310424804687500
0.0000680542289046570658683776855468750000
0.0001471991708967834711074829101562500000
0.0004908040864393115043640136718750000000
0.0017966553568840026855468750000000000000
0.0061669750139117240905761718750000000000
0.0191024597734212875366210937500000000000
0.0530578196048736572265625000000000000000
0.1322630643844604492187500000000000000000
0.2965052723884582519531250000000000000000
0.5997637510299682617187500000000000000000
1.0959064960479736328125000000000000000000
1.8265727758407592773437500000000000000000
2.7308115959167480468750000000000000000000
4.0000000000000000000000000000000000000000
4.0000000000000000000000000000000000000000
3.0000000000000000000000000000000000000000
3.0000000000000000000000000000000000000000
2.0481886863708496093750000000000000000000
1.3700599670410156250000000000000000000000
0.8220928311347961425781250000000000000000
0.4500004649162292480468750000000000000000
0.2225616425275802612304687500000000000000
0.0993811637163162231445312500000000000000
0.0399774089455604553222656250000000000000
0.0145109128206968307495117187500000000000
0.0048093004152178764343261718750000000000
0.0015315607888624072074890136718750000000
0.0005521721905097365379333496093750000000
0.0002944684529211372137069702148437500000
0.0002351097355131059885025024414062500000
0.0002232401602668687701225280761718750000
0.0002212030813097953796386718750000000000
0.0002209078229498118162155151367187500000
0.0002208724908996373414993286132812500000
0.0002208691294072195887565612792968750000
0.0002208688820246607065200805664062500000
0.0002208688820246607065200805664062500000
0.0002208688820246607065200805664062500000
0.0002208688820246607065200805664062500000
0.0002208688820246607065200805664062500000
0.0002208688820246607065200805664062500000
0.0002208688820246607065200805664062500000
0.0002208688820246607065200805664062500000
0.0002208688820246607065200805664062500000
0.0002208688820246607065200805664062500000
0.0002208688820246607065200805664062500000
0.0002208688820246607065200805664062500000
0.0002208688820246607065200805664062500000
0.0002208688820246607065200805664062500000
0.0002208688820246607065200805664062500000
0.0002208688820246607065200805664062500000
0.0002208688820246607065200805664062500000
0.0002208688820246607065200805664062500000
0.0002208688820246607065200805664062500000
0.0002208688820246607065200805664062500000
0.0002208688820246607065200805664062500000
0.0002208688820246607065200805664062500000
0.0002208688820246607065200805664062500000
0.0002208688820246607065200805664062500000
0.0002208688820246607065200805664062500000
0.0002208688820246607065200805664062500000
0.0002208688820246607065200805664062500000
0.0002208688820246607065200805664062500000
0.0002208688820246607065200805664062500000
0.0002208688820246607065200805664062500000
0.0002208688820246607065200805664062500000
0.0002208688820246607065200805664062500000
0.0002208688820246607065200805664062500000
0.0002208688820246607065200805664062500000
0.0002208688820246607065200805664062500000
0.0002208688820246607065200805664062500000
0.0002208688820246607065200805664062500000
0.0002208688820246607065200805664062500000
0.0002208688820246607065200805664062500000
0.0002208688820246607065200805664062500000
0.0002208688820246607065200805664062500000
0.0002208688820246607065200805664062500000
0.0002208688820246607065200805664062500000
0.0002208688820246607065200805664062500000
0.0002208688820246607065200805664062500000
0.0002208688820246607065200805664062500000
0.0002208688820246607065200805664062500000
0.0002208688820246607065200805664062500000
0.0002208688820246607065200805664062500000
0.0002208688820246607065200805664062500000
0.0002208688820246607065200805664062500000
0.0002208688820246607065200805664062500000
0.0002208688820246607065200805664062500000
0.0002208688820246607065200805664062500000
0.0002208688820246607065200805664062500000
0.0002208688820246607065200805664062500000
0.0002208688820246607065200805664062500000
0.0002208688820246607065200805664062500000
0.0002208688820246607065200805664062500000
0.0002208688965765759348869323730468750000
0.0002208692021667957305908203125000000000
0.0002208736696047708392143249511718750000
0.0002209207741543650627136230468750000000
0.0002213144907727837562561035156250000000
0.0002240305766463279724121093750000000000
0.0002398567012278363108634948730468750000
0.0003190016723237931728363037109375000000
0.0006626065587624907493591308593750000000
0.0019684578292071819305419921875000000000
0.0063387779518961906433105468750000000000
0.0192742645740509033203125000000000000000
0.0532295890152454376220703125000000000000
0.1324346363544464111328125000000000000000
0.2966755628585815429687500000000000000000
0.5999284982681274414062500000000000000000
1.0960559844970703125000000000000000000000
1.8266899585723876953125000000000000000000
2.7308812141418457031250000000000000000000
4.0000000000000000000000000000000000000000
4.0000000000000000000000000000000000000000
3.0000000000000000000000000000000000000000
3.0000000000000000000000000000000000000000
2.0484485626220703125000000000000000000000
1.3704938888549804687500000000000000000000
0.8226476907730102539062500000000000000000
0.4506182670593261718750000000000000000000
0.2232050597667694091796875000000000000000
0.1000321954488754272460937500000000000000
0.0406300686299800872802734375000000000000
0.0151638146489858627319335937500000000000
0.0054622245952486991882324218750000000000
0.0021844862494617700576782226562500000000
0.0012050978839397430419921875000000000000
0.0009473942336626350879669189453125000000
0.0008880354580469429492950439453125000000
0.0008761658100411295890808105468750000000
0.0008741287747398018836975097656250000000
0.0008738335454836487770080566406250000000
0.0008737981552258133888244628906250000000
0.0008737947791814804077148437500000000000
0.0008737946045584976673126220703125000000
0.0008737946045584976673126220703125000000
0.0008737946045584976673126220703125000000
0.0008737946045584976673126220703125000000
0.0008737946045584976673126220703125000000
0.0008737946045584976673126220703125000000
0.0008737946045584976673126220703125000000
0.0008737946045584976673126220703125000000
0.0008737946045584976673126220703125000000
0.0008737946045584976673126220703125000000
0.0008737946045584976673126220703125000000
0.0008737946045584976673126220703125000000
0.0008737946045584976673126220703125000000
0.0008737946045584976673126220703125000000
0.0008737946045584976673126220703125000000
0.0008737946045584976673126220703125000000
0.0008737946045584976673126220703125000000
0.0008737946045584976673126220703125000000
0.0008737946045584976673126220703125000000
0.0008737946045584976673126220703125000000
0.0008737946045584976673126220703125000000
0.0008737946045584976673126220703125000000
0.0008737946045584976673126220703125000000
0.0008737946045584976673126220703125000000
0.0008737946045584976673126220703125000000
0.0008737946045584976673126220703125000000
0.0008737946045584976673126220703125000000
0.0008737946045584976673126220703125000000
0.0008737946045584976673126220703125000000
0.0008737946045584976673126220703125000000
0.0008737946045584976673126220703125000000
0.0008737946045584976673126220703125000000
0.0008737946045584976673126220703125000000
0.0008737946045584976673126220703125000000
0.0008737946045584976673126220703125000000
0.0008737946045584976673126220703125000000
0.0008737946045584976673126220703125000000
0.0008737946045584976673126220703125000000
0.0008737946045584976673126220703125000000
0.0008737946045584976673126220703125000000
0.0008737946045584976673126220703125000000
0.0008737946045584976673126220703125000000
0.0008737946045584976673126220703125000000
0.0008737946045584976673126220703125000000
0.0008737946045584976673126220703125000000
0.0008737946045584976673126220703125000000
0.0008737946045584976673126220703125000000
0.0008737946045584976673126220703125000000
0.0008737946045584976673126220703125000000
0.0008737946045584976673126220703125000000
0.0008737946045584976673126220703125000000
0.0008737946045584976673126220703125000000
0.0008737946045584976673126220703125000000
0.0008737946045584976673126220703125000000
0.0008737946045584976673126220703125000000
0.0008737946045584976673126220703125000000
0.0008737946045584976673126220703125000000
0.0008737946045584976673126220703125000000
0.0008737946045584976673126220703125000000
0.0008737946045584976673126220703125000000
0.0008737948955968022346496582031250000000
0.0008737993193790316581726074218750000000
0.0008738464675843715667724609375000000000
0.0008742401259951293468475341796875000000
0.0008769562700763344764709472656250000000
0.0008927824092097580432891845703125000000
0.0009719273075461387634277343750000000000
0.0013155322521924972534179687500000000000
0.0026213838718831539154052734375000000000
0.0069917021319270133972167968750000000000
0.0199271608144044876098632812500000000000
0.0538822114467620849609375000000000000000
0.1330853551626205444335937500000000000000
0.2973175942897796630859375000000000000000
0.6005419492721557617187500000000000000000
1.0966010093688964843750000000000000000000
1.8271089792251586914062500000000000000000
2.7311270236968994140625000000000000000000
4.0000000000000000000000000000000000000000
4.0000000000000000000000000000000000000000
3.0000000000000000000000000000000000000000
3.0000000000000000000000000000000000000000
2.0492630004882812500000000000000000000000
1.3718720674514770507812500000000000000000
0.8244401216506958007812500000000000000000
0.4526446759700775146484375000000000000000
0.2253391444683074951171875000000000000000
0.1022047176957130432128906250000000000000
0.0428129322826862335205078125000000000000
0.0173486787825822830200195312500000000000
0.0076473588123917579650878906250000000000
0.0043696449138224124908447265625000000000
0.0033902577124536037445068359375000000000
0.0031325537711381912231445312500000000000
0.0030731952283531427383422851562500000000
0.0030613257549703121185302734375000000000
0.0030592884868383407592773437500000000000
0.0030589930247515439987182617187500000000
0.0030589578673243522644042968750000000000
0.0030589546076953411102294921875000000000
0.0030589543748646974563598632812500000000
0.0030589543748646974563598632812500000000
0.0030589543748646974563598632812500000000
0.0030589543748646974563598632812500000000
0.0030589543748646974563598632812500000000
0.0030589543748646974563598632812500000000
0.0030589543748646974563598632812500000000
0.0030589543748646974563598632812500000000
0.0030589543748646974563598632812500000000
0.0030589543748646974563598632812500000000
0.0030589543748646974563598632812500000000
0.0030589543748646974563598632812500000000
0.0030589543748646974563598632812500000000
0.0030589543748646974563598632812500000000
0.0030589543748646974563598632812500000000
0.0030589543748646974563598632812500000000
0.0030589543748646974563598632812500000000
0.0030589543748646974563598632812500000000
0.0030589543748646974563598632812500000000
0.0030589543748646974563598632812500000000
0.0030589543748646974563598632812500000000
0.0030589543748646974563598632812500000000
0.0030589543748646974563598632812500000000
0.0030589543748646974563598632812500000000
0.0030589543748646974563598632812500000000
0.0030589543748646974563598632812500000000
0.0030589543748646974563598632812500000000
0.0030589543748646974563598632812500000000
0.0030589543748646974563598632812500000000
0.0030589543748646974563598632812500000000
0.0030589543748646974563598632812500000000
0.0030589543748646974563598632812500000000
0.0030589543748646974563598632812500000000
0.0030589543748646974563598632812500000000
0.0030589543748646974563598632812500000000
0.0030589543748646974563598632812500000000
0.0030589543748646974563598632812500000000
0.0030589543748646974563598632812500000000
0.0030589543748646974563598632812500000000
0.0030589543748646974563598632812500000000
0.0030589543748646974563598632812500000000
0.0030589543748646974563598632812500000000
0.0030589543748646974563598632812500000000
0.0030589543748646974563598632812500000000
0.0030589543748646974563598632812500000000
0.0030589543748646974563598632812500000000
0.0030589543748646974563598632812500000000
0.0030589543748646974563598632812500000000
0.0030589543748646974563598632812500000000
0.0030589543748646974563598632812500000000
0.0030589543748646974563598632812500000000
0.0030589543748646974563598632812500000000
0.0030589543748646974563598632812500000000
0.0030589543748646974563598632812500000000
0.0030589543748646974563598632812500000000
0.0030589543748646974563598632812500000000
0.0030589543748646974563598632812500000000
0.0030589543748646974563598632812500000000
0.0030589543748646974563598632812500000000
0.0030589543748646974563598632812500000000
0.0030589546076953411102294921875000000000
0.0030589590314775705337524414062500000000
0.0030590060632675886154174804687500000000
0.0030593997798860073089599609375000000000
0.0030621159821748733520507812500000000000
0.0030779421795159578323364257812500000000
0.0031570871360599994659423828125000000000
0.0035006920807063579559326171875000000000
0.0048065418377518653869628906250000000000
0.0091768307611346244812011718750000000000
0.0221119634807109832763671875000000000000
0.0560646541416645050048828125000000000000
0.1352557539939880371093750000000000000000
0.2994438707828521728515625000000000000000
0.6025475263595581054687500000000000000000
1.0983521938323974609375000000000000000000
1.8284292221069335937500000000000000000000
2.7318878173828125000000000000000000000000
4.0000000000000000000000000000000000000000
4.0000000000000000000000000000000000000000
3.0000000000000000000000000000000000000000
3.0000000000000000000000000000000000000000
2.0515284538269042968750000000000000000000
1.3757518529891967773437500000000000000000
0.8295624852180480957031250000000000000000
0.4585168361663818359375000000000000000000
0.2315888851881027221679687500000000000000
0.1086083203554153442382812500000000000000
0.0492660291492938995361328125000000000000
0.0238139219582080841064453125000000000000
0.0141147989779710769653320312500000000000
0.0108373630791902542114257812500000000000
0.0098579991608858108520507812500000000000
0.0096002966165542602539062500000000000000
0.0095409378409385681152343750000000000000
0.0095290690660476684570312500000000000000
0.0095270304009318351745605468750000000000
0.0095267361029982566833496093750000000000
0.0095267007127404212951660156250000000000
0.0095266969874501228332519531250000000000
0.0095266969874501228332519531250000000000
0.0095266969874501228332519531250000000000
0.0095266969874501228332519531250000000000
0.0095266969874501228332519531250000000000
0.0095266969874501228332519531250000000000
0.0095266969874501228332519531250000000000
0.0095266969874501228332519531250000000000
0.0095266969874501228332519531250000000000
0.0095266969874501228332519531250000000000
0.0095266969874501228332519531250000000000
0.0095266969874501228332519531250000000000
0.0095266969874501228332519531250000000000
0.0095266969874501228332519531250000000000
0.0095266969874501228332519531250000000000
0.0095266969874501228332519531250000000000
0.0095266969874501228332519531250000000000
0.0095266969874501228332519531250000000000
0.0095266969874501228332519531250000000000
0.0095266969874501228332519531250000000000
0.0095266969874501228332519531250000000000
0.0095266969874501228332519531250000000000
0.0095266969874501228332519531250000000000
0.0095266969874501228332519531250000000000
0.0095266969874501228332519531250000000000
0.0095266969874501228332519531250000000000
0.0095266969874501228332519531250000000000
0.0095266969874501228332519531250000000000
0.0095266969874501228332519531250000000000
0.0095266969874501228332519531250000000000
0.0095266969874501228332519531250000000000
0.0095266969874501228332519531250000000000
0.0095266969874501228332519531250000000000
0.0095266969874501228332519531250000000000
0.0095266969874501228332519531250000000000
0.0095266969874501228332519531250000000000
0.0095266969874501228332519531250000000000
0.0095266969874501228332519531250000000000
0.0095266969874501228332519531250000000000
0.0095266969874501228332519531250000000000
0.0095266969874501228332519531250000000000
0.0095266969874501228332519531250000000000
0.0095266969874501228332519531250000000000
0.0095266969874501228332519531250000000000
0.0095266969874501228332519531250000000000
0.0095266969874501228332519531250000000000
0.0095266969874501228332519531250000000000
0.0095266969874501228332519531250000000000
0.0095266969874501228332519531250000000000
0.0095266969874501228332519531250000000000
0.0095266969874501228332519531250000000000
0.0095266969874501228332519531250000000000
0.0095266969874501228332519531250000000000
0.0095266969874501228332519531250000000000
0.0095266969874501228332519531250000000000
0.0095266969874501228332519531250000000000
0.0095266969874501228332519531250000000000
0.0095266969874501228332519531250000000000
0.0095266969874501228332519531250000000000
0.0095266969874501228332519531250000000000
0.0095266969874501228332519531250000000000
0.0095266969874501228332519531250000000000
0.0095267016440629959106445312500000000000
0.0095267482101917266845703125000000000000
0.0095271421596407890319824218750000000000
0.0095298578962683677673339843750000000000
0.0095456857234239578247070312500000000000
0.0096248295158147811889648437500000000000
0.0099684325978159904479980468750000000000
0.0112742548808455467224121093750000000000
0.0156442057341337203979492187500000000000
0.0285767074674367904663085937500000000000
0.0625149458646774291992187500000000000000
0.1416479051113128662109375000000000000000
0.3056583404541015625000000000000000000000
0.6083363294601440429687500000000000000000
1.1033223867416381835937500000000000000000
1.8321062326431274414062500000000000000000
2.7339706420898437500000000000000000000000
4.0000000000000000000000000000000000000000
4.0000000000000000000000000000000000000000
3.0000000000000000000000000000000000000000
3.0000000000000000000000000000000000000000
2.0571138858795166015625000000000000000000
1.3854538202285766601562500000000000000000
0.8425465822219848632812500000000000000000
0.4735978543758392333984375000000000000000
0.2478031814098358154296875000000000000000
0.1253295242786407470703125000000000000000
0.0661738961935043334960937500000000000000
0.0407767407596111297607421875000000000000
0.0310900919139385223388671875000000000000
0.0278147608041763305664062500000000000000
0.0268356539309024810791015625000000000000
0.0265779737383127212524414062500000000000
0.0265186131000518798828125000000000000000
0.0265067424625158309936523437500000000000
0.0265047065913677215576171875000000000000
0.0265044085681438446044921875000000000000
0.0265043769031763076782226562500000000000
0.0265043731778860092163085937500000000000
0.0265043713152408599853515625000000000000
0.0265043713152408599853515625000000000000
0.0265043713152408599853515625000000000000
0.0265043713152408599853515625000000000000
0.0265043713152408599853515625000000000000
0.0265043713152408599853515625000000000000
0.0265043713152408599853515625000000000000
0.0265043713152408599853515625000000000000
0.0265043713152408599853515625000000000000
0.0265043713152408599853515625000000000000
0.0265043713152408599853515625000000000000
0.0265043713152408599853515625000000000000
0.0265043713152408599853515625000000000000
0.0265043713152408599853515625000000000000
0.0265043713152408599853515625000000000000
0.0265043713152408599853515625000000000000
0.0265043713152408599853515625000000000000
0.0265043713152408599853515625000000000000
0.0265043713152408599853515625000000000000
0.0265043713152408599853515625000000000000
0.0265043713152408599853515625000000000000
0.0265043713152408599853515625000000000000
0.0265043713152408599853515625000000000000
0.0265043713152408599853515625000000000000
0.0265043713152408599853515625000000000000
0.0265043713152408599853515625000000000000
0.0265043713152408599853515625000000000000
0.0265043713152408599853515625000000000000
0.0265043713152408599853515625000000000000
0.0265043713152408599853515625000000000000
0.0265043713152408599853515625000000000000
0.0265043713152408599853515625000000000000
0.0265043713152408599853515625000000000000
0.0265043713152408599853515625000000000000
0.0265043713152408599853515625000000000000
0.0265043713152408599853515625000000000000
0.0265043713152408599853515625000000000000
0.0265043713152408599853515625000000000000
0.0265043713152408599853515625000000000000
0.0265043713152408599853515625000000000000
0.0265043713152408599853515625000000000000
0.0265043713152408599853515625000000000000
0.0265043713152408599853515625000000000000
0.0265043713152408599853515625000000000000
0.0265043713152408599853515625000000000000
0.0265043713152408599853515625000000000000
0.0265043713152408599853515625000000000000
0.0265043713152408599853515625000000000000
0.0265043713152408599853515625000000000000
0.0265043713152408599853515625000000000000
0.0265043713152408599853515625000000000000
0.0265043713152408599853515625000000000000
0.0265043713152408599853515625000000000000
0.0265043713152408599853515625000000000000
0.0265043713152408599853515625000000000000
0.0265043713152408599853515625000000000000
0.0265043713152408599853515625000000000000
0.0265043713152408599853515625000000000000
0.0265043713152408599853515625000000000000
0.0265043713152408599853515625000000000000
0.0265043713152408599853515625000000000000
0.0265043769031763076782226562500000000000
0.0265044216066598892211914062500000000000
0.0265048183500766754150390625000000000000
0.0265075322240591049194335937500000000000
0.0265233572572469711303710937500000000000
0.0266025029122829437255859375000000000000
0.0269460827112197875976562500000000000000
0.0282515939325094223022460937500000000000
0.0326189771294593811035156250000000000000
0.0455363765358924865722656250000000000000
0.0794086679816246032714843750000000000000
0.1583203822374343872070312500000000000000
0.3217399716377258300781250000000000000000
0.6231292486190795898437500000000000000000
1.1158105134963989257812500000000000000000
1.8411697149276733398437500000000000000000
2.7389907836914062500000000000000000000000
4.0000000000000000000000000000000000000000
4.0000000000000000000000000000000000000000
3.0000000000000000000000000000000000000000
3.0000000000000000000000000000000000000000
2.0693058967590332031250000000000000000000
1.4069879055023193359375000000000000000000
0.8717886209487915039062500000000000000000
0.5079970359802246093750000000000000000000
0.2851516306400299072265625000000000000000
0.1640975028276443481445312500000000000000
0.1055171638727188110351562500000000000000
0.0803134590387344360351562500000000000000
0.0706794857978820800781250000000000000000
0.0674153715372085571289062500000000000000
0.0664380639791488647460937500000000000000
0.0661805868148803710937500000000000000000
0.0661212429404258728027343750000000000000
0.0661093741655349731445312500000000000000
0.0661073327064514160156250000000000000000
0.0661070421338081359863281250000000000000
0.0661070048809051513671875000000000000000
0.0661069974303245544433593750000000000000
0.0661069974303245544433593750000000000000
0.0661069974303245544433593750000000000000
0.0661069974303245544433593750000000000000
0.0661069974303245544433593750000000000000
0.0661069974303245544433593750000000000000
0.0661069974303245544433593750000000000000
0.0661069974303245544433593750000000000000
0.0661069974303245544433593750000000000000
0.0661069974303245544433593750000000000000
0.0661069974303245544433593750000000000000
0.0661069974303245544433593750000000000000
0.0661069974303245544433593750000000000000
0.0661069974303245544433593750000000000000
0.0661069974303245544433593750000000000000
0.0661069974303245544433593750000000000000
0.0661069974303245544433593750000000000000
0.0661069974303245544433593750000000000000
0.0661069974303245544433593750000000000000
0.0661069974303245544433593750000000000000
0.0661069974303245544433593750000000000000
0.0661069974303245544433593750000000000000
0.0661069974303245544433593750000000000000
0.0661069974303245544433593750000000000000
0.0661069974303245544433593750000000000000
0.0661069974303245544433593750000000000000
0.0661069974303245544433593750000000000000
0.0661069974303245544433593750000000000000
0.0661069974303245544433593750000000000000
0.0661069974303245544433593750000000000000
0.0661069974303245544433593750000000000000
0.0661069974303245544433593750000000000000
0.0661069974303245544433593750000000000000
0.0661069974303245544433593750000000000000
0.0661069974303245544433593750000000000000
0.0661069974303245544433593750000000000000
0.0661069974303245544433593750000000000000
0.0661069974303245544433593750000000000000
0.0661069974303245544433593750000000000000
0.0661069974303245544433593750000000000000
0.0661069974303245544433593750000000000000
0.0661069974303245544433593750000000000000
0.0661069974303245544433593750000000000000
0.0661069974303245544433593750000000000000
0.0661069974303245544433593750000000000000
0.0661069974303245544433593750000000000000
0.0661069974303245544433593750000000000000
0.0661069974303245544433593750000000000000
0.0661069974303245544433593750000000000000
0.0661069974303245544433593750000000000000
0.0661069974303245544433593750000000000000
0.0661069974303245544433593750000000000000
0.0661069974303245544433593750000000000000
0.0661069974303245544433593750000000000000
0.0661069974303245544433593750000000000000
0.0661069974303245544433593750000000000000
0.0661069974303245544433593750000000000000
0.0661069974303245544433593750000000000000
0.0661069974303245544433593750000000000000
0.0661069974303245544433593750000000000000
0.0661069974303245544433593750000000000000
0.0661069974303245544433593750000000000000
0.0661070048809051513671875000000000000000
0.0661070495843887329101562500000000000000
0.0661074444651603698730468750000000000000
0.0661101639270782470703125000000000000000
0.0661259889602661132812500000000000000000
0.0662051141262054443359375000000000000000
0.0665484368801116943359375000000000000000
0.0678517296910285949707031250000000000000
0.0722052901983261108398437500000000000000
0.0850582122802734375000000000000000000000
0.1186956614255905151367187500000000000000
0.1969169825315475463867187500000000000000
0.3586612939834594726562500000000000000000
0.6566547155380249023437500000000000000000
1.1436041593551635742187500000000000000000
1.8608729839324951171875000000000000000000
2.7495591640472412109375000000000000000000
4.0000000000000000000000000000000000000000
4.0000000000000000000000000000000000000000
3.0000000000000000000000000000000000000000
3.0000000000000000000000000000000000000000
2.0927245616912841796875000000000000000000
1.4493043422698974609375000000000000000000
0.9302726984024047851562500000000000000000
0.5777134299278259277343750000000000000000
0.3615830540657043457031250000000000000000
0.2439533919095993041992187500000000000000
0.1868627220392227172851562500000000000000
0.1622097939252853393554687500000000000000
0.1527469605207443237304687500000000000000
0.1495263427495956420898437500000000000000
0.1485577523708343505859375000000000000000
0.1483016312122344970703125000000000000000
0.1482424288988113403320312500000000000000
0.1482305526733398437500000000000000000000
0.1482285112142562866210937500000000000000
0.1482282280921936035156250000000000000000
0.1482281982898712158203125000000000000000
0.1482281833887100219726562500000000000000
0.1482281833887100219726562500000000000000
0.1482281833887100219726562500000000000000
0.1482281833887100219726562500000000000000
0.1482281833887100219726562500000000000000
0.1482281833887100219726562500000000000000
0.1482281833887100219726562500000000000000
0.1482281833887100219726562500000000000000
0.1482281833887100219726562500000000000000
0.1482281833887100219726562500000000000000
0.1482281833887100219726562500000000000000
0.1482281833887100219726562500000000000000
0.1482281833887100219726562500000000000000
0.1482281833887100219726562500000000000000
0.1482281833887100219726562500000000000000
0.1482281833887100219726562500000000000000
0.1482281833887100219726562500000000000000
0.1482281833887100219726562500000000000000
0.1482281833887100219726562500000000000000
0.1482281833887100219726562500000000000000
0.1482281833887100219726562500000000000000
0.1482281833887100219726562500000000000000
0.1482281833887100219726562500000000000000
0.1482281833887100219726562500000000000000
0.1482281833887100219726562500000000000000
0.1482281833887100219726562500000000000000
0.1482281833887100219726562500000000000000
0.1482281833887100219726562500000000000000
0.1482281833887100219726562500000000000000
0.1482281833887100219726562500000000000000
0.1482281833887100219726562500000000000000
0.1482281833887100219726562500000000000000
0.1482281833887100219726562500000000000000
0.1482281833887100219726562500000000000000
0.1482281833887100219726562500000000000000
0.1482281833887100219726562500000000000000
0.1482281833887100219726562500000000000000
0.1482281833887100219726562500000000000000
0.1482281833887100219726562500000000000000
0.1482281833887100219726562500000000000000
0.1482281833887100219726562500000000000000
0.1482281833887100219726562500000000000000
0.1482281833887100219726562500000000000000
0.1482281833887100219726562500000000000000
0.1482281833887100219726562500000000000000
0.1482281833887100219726562500000000000000
0.1482281833887100219726562500000000000000
0.1482281833887100219726562500000000000000
0.1482281833887100219726562500000000000000
0.1482281833887100219726562500000000000000
0.1482281833887100219726562500000000000000
0.1482281833887100219726562500000000000000
0.1482281833887100219726562500000000000000
0.1482281833887100219726562500000000000000
0.1482281833887100219726562500000000000000
0.1482281833887100219726562500000000000000
0.1482281833887100219726562500000000000000
0.1482281833887100219726562500000000000000
0.1482281833887100219726562500000000000000
0.1482281833887100219726562500000000000000
0.1482281833887100219726562500000000000000
0.1482281833887100219726562500000000000000
0.1482281982898712158203125000000000000000
0.1482282429933547973632812500000000000000
0.1482286304235458374023437500000000000000
0.1482313573360443115234375000000000000000
0.1482471525669097900390625000000000000000
0.1483260989189147949218750000000000000000
0.1486677527427673339843750000000000000000
0.1499601304531097412109375000000000000000
0.1542594730854034423828125000000000000000
0.1669000834226608276367187500000000000000
0.1998590677976608276367187500000000000000
0.2762647569179534912109375000000000000000
0.4338997304439544677734375000000000000000
0.7240267992019653320312500000000000000000
1.1982831954956054687500000000000000000000
1.8983907699584960937500000000000000000000
2.7686562538146972656250000000000000000000
4.0000000000000000000000000000000000000000
4.0000000000000000000000000000000000000000
3.0000000000000000000000000000000000000000
3.0000000000000000000000000000000000000000
2.1315891742706298828125000000000000000000
1.5225980281829833984375000000000000000000
1.0340248346328735351562500000000000000000
0.7033777236938476562500000000000000000000
0.5007868409156799316406250000000000000000
0.3903511464595794677734375000000000000000
0.3365680873394012451171875000000000000000
0.3132266104221343994140625000000000000000
0.3042099475860595703125000000000000000000
0.3011181950569152832031250000000000000000
0.3001805245876312255859375000000000000000
0.2999302744865417480468750000000000000000
0.2998719811439514160156250000000000000000
0.2998601794242858886718750000000000000000
0.2998581528663635253906250000000000000000
0.2998578846454620361328125000000000000000
0.2998578250408172607421875000000000000000
0.2998578250408172607421875000000000000000
0.2998578250408172607421875000000000000000
0.2998578250408172607421875000000000000000
0.2998578250408172607421875000000000000000
0.2998578250408172607421875000000000000000
0.2998578250408172607421875000000000000000
0.2998578250408172607421875000000000000000
0.2998578250408172607421875000000000000000
0.2998578250408172607421875000000000000000
0.2998578250408172607421875000000000000000
0.2998578250408172607421875000000000000000
0.2998578250408172607421875000000000000000
0.2998578250408172607421875000000000000000
0.2998578250408172607421875000000000000000
0.2998578250408172607421875000000000000000
0.2998578250408172607421875000000000000000
0.2998578250408172607421875000000000000000
0.2998578250408172607421875000000000000000
0.2998578250408172607421875000000000000000
0.2998578250408172607421875000000000000000
0.2998578250408172607421875000000000000000
0.2998578250408172607421875000000000000000
0.2998578250408172607421875000000000000000
0.2998578250408172607421875000000000000000
0.2998578250408172607421875000000000000000
0.2998578250408172607421875000000000000000
0.2998578250408172607421875000000000000000
0.2998578250408172607421875000000000000000
0.2998578250408172607421875000000000000000
0.2998578250408172607421875000000000000000
0.2998578250408172607421875000000000000000
0.2998578250408172607421875000000000000000
0.2998578250408172607421875000000000000000
0.2998578250408172607421875000000000000000
0.2998578250408172607421875000000000000000
0.2998578250408172607421875000000000000000
0.2998578250408172607421875000000000000000
0.2998578250408172607421875000000000000000
0.2998578250408172607421875000000000000000
0.2998578250408172607421875000000000000000
0.2998578250408172607421875000000000000000
0.2998578250408172607421875000000000000000
0.2998578250408172607421875000000000000000
0.2998578250408172607421875000000000000000
0.2998578250408172607421875000000000000000
0.2998578250408172607421875000000000000000
0.2998578250408172607421875000000000000000
0.2998578250408172607421875000000000000000
0.2998578250408172607421875000000000000000
0.2998578250408172607421875000000000000000
0.2998578250408172607421875000000000000000
0.2998578250408172607421875000000000000000
0.2998578250408172607421875000000000000000
0.2998578250408172607421875000000000000000
0.2998578250408172607421875000000000000000
0.2998578250408172607421875000000000000000
0.2998578250408172607421875000000000000000
0.2998578250408172607421875000000000000000
0.2998578250408172607421875000000000000000
0.2998578250408172607421875000000000000000
0.2998578250408172607421875000000000000000
0.2998578250408172607421875000000000000000
0.2998578250408172607421875000000000000000
0.2998578846454620361328125000000000000000
0.2998583018779754638671875000000000000000
0.2998610138893127441406250000000000000000
0.2998766899108886718750000000000000000000
0.2999545335769653320312500000000000000000
0.3002886474132537841796875000000000000000
0.3015418350696563720703125000000000000000
0.3056780695915222167968750000000000000000
0.3177558481693267822265625000000000000000
0.3490697741508483886718750000000000000000
0.4213630557060241699218750000000000000000
0.5701735019683837890625000000000000000000
0.8440532684326171875000000000000000000000
1.2929112911224365234375000000000000000000
1.9600057601928710937500000000000000000000
2.7965540885925292968750000000000000000000
4.0000000000000000000000000000000000000000
4.0000000000000000000000000000000000000000
3.0000000000000000000000000000000000000000
3.0000000000000000000000000000000000000000
2.1854882240295410156250000000000000000000
1.6330543756484985351562500000000000000000
1.1962361335754394531250000000000000000000
0.9038208127021789550781250000000000000000
0.7253826856613159179687500000000000000000
0.6281440258026123046875000000000000000000
0.5806601047515869140625000000000000000000
0.5599439740180969238281250000000000000000
0.5518802404403686523437500000000000000000
0.5490883588790893554687500000000000000000
0.5482314825057983398437500000000000000000
0.5479995012283325195312500000000000000000
0.5479444861412048339843750000000000000000
0.5479332208633422851562500000000000000000
0.5479312539100646972656250000000000000000
0.5479308962821960449218750000000000000000
0.5479308962821960449218750000000000000000
0.5479308962821960449218750000000000000000
0.5479308962821960449218750000000000000000
0.5479308962821960449218750000000000000000
0.5479308962821960449218750000000000000000
0.5479308962821960449218750000000000000000
0.5479308962821960449218750000000000000000
0.5479308962821960449218750000000000000000
0.5479308962821960449218750000000000000000
0.5479308962821960449218750000000000000000
0.5479308962821960449218750000000000000000
0.5479308962821960449218750000000000000000
0.5479308962821960449218750000000000000000
0.5479308962821960449218750000000000000000
0.5479308962821960449218750000000000000000
0.5479308962821960449218750000000000000000
0.5479308962821960449218750000000000000000
0.5479308962821960449218750000000000000000
0.5479308962821960449218750000000000000000
0.5479308962821960449218750000000000000000
0.5479308962821960449218750000000000000000
0.5479308962821960449218750000000000000000
0.5479308962821960449218750000000000000000
0.5479308962821960449218750000000000000000
0.5479308962821960449218750000000000000000
0.5479308962821960449218750000000000000000
0.5479308962821960449218750000000000000000
0.5479308962821960449218750000000000000000
0.5479308962821960449218750000000000000000
0.5479308962821960449218750000000000000000
0.5479308962821960449218750000000000000000
0.5479308962821960449218750000000000000000
0.5479308962821960449218750000000000000000
0.5479308962821960449218750000000000000000
0.5479308962821960449218750000000000000000
0.5479308962821960449218750000000000000000
0.5479308962821960449218750000000000000000
0.5479308962821960449218750000000000000000
0.5479308962821960449218750000000000000000
0.5479308962821960449218750000000000000000
0.5479308962821960449218750000000000000000
0.5479308962821960449218750000000000000000
0.5479308962821960449218750000000000000000
0.5479308962821960449218750000000000000000
0.5479308962821960449218750000000000000000
0.5479308962821960449218750000000000000000
0.5479308962821960449218750000000000000000
0.5479308962821960449218750000000000000000
0.5479308962821960449218750000000000000000
0.5479308962821960449218750000000000000000
0.5479308962821960449218750000000000000000
0.5479308962821960449218750000000000000000
0.5479308962821960449218750000000000000000
0.5479308962821960449218750000000000000000
0.5479308962821960449218750000000000000000
0.5479308962821960449218750000000000000000
0.5479308962821960449218750000000000000000
0.5479308962821960449218750000000000000000
0.5479308962821960449218750000000000000000
0.5479308962821960449218750000000000000000
0.5479308962821960449218750000000000000000
0.5479308962821960449218750000000000000000
0.5479308962821960449218750000000000000000
0.5479308962821960449218750000000000000000
0.5479310154914855957031250000000000000000
0.5479313731193542480468750000000000000000
0.5479340553283691406250000000000000000000
0.5479491353034973144531250000000000000000
0.5480226278305053710937500000000000000000
0.5483332276344299316406250000000000000000
0.5494822263717651367187500000000000000000
0.5532323122024536132812500000000000000000
0.5640853643417358398437500000000000000000
0.5920375585556030273437500000000000000000
0.6563149690628051757812500000000000000000
0.7885031700134277343750000000000000000000
1.0325033664703369140625000000000000000000
1.4354835748672485351562500000000000000000
2.0445351600646972656250000000000000000000
2.8246116638183593750000000000000000000000
4.0000000000000000000000000000000000000000
4.0000000000000000000000000000000000000000
3.0000000000000000000000000000000000000000
3.0000000000000000000000000000000000000000
2.2369589805603027343750000000000000000000
1.7742145061492919921875000000000000000000
1.4208796024322509765625000000000000000000
1.1903778314590454101562500000000000000000
1.0512406826019287109375000000000000000000
0.9757699966430664062500000000000000000000
0.9388920068740844726562500000000000000000
0.9227426648139953613281250000000000000000
0.9164153933525085449218750000000000000000
0.9142028093338012695312500000000000000000
0.9135149121284484863281250000000000000000
0.9133257865905761718750000000000000000000
0.9132800102233886718750000000000000000000
0.9132703542709350585937500000000000000000
0.9132685661315917968750000000000000000000
0.9132682681083679199218750000000000000000
0.9132682681083679199218750000000000000000
0.9132682681083679199218750000000000000000
0.9132682681083679199218750000000000000000
0.9132682681083679199218750000000000000000
0.9132682681083679199218750000000000000000
0.9132682681083679199218750000000000000000
0.9132682681083679199218750000000000000000
0.9132682681083679199218750000000000000000
0.9132682681083679199218750000000000000000
0.9132682681083679199218750000000000000000
0.9132682681083679199218750000000000000000
0.9132682681083679199218750000000000000000
0.9132682681083679199218750000000000000000
0.9132682681083679199218750000000000000000
0.9132682681083679199218750000000000000000
0.9132682681083679199218750000000000000000
0.9132682681083679199218750000000000000000
0.9132682681083679199218750000000000000000
0.9132682681083679199218750000000000000000
0.9132682681083679199218750000000000000000
0.9132682681083679199218750000000000000000
0.9132682681083679199218750000000000000000
0.9132682681083679199218750000000000000000
0.9132682681083679199218750000000000000000
0.9132682681083679199218750000000000000000
0.9132682681083679199218750000000000000000
0.9132682681083679199218750000000000000000
0.9132682681083679199218750000000000000000
0.9132682681083679199218750000000000000000
0.9132682681083679199218750000000000000000
0.9132682681083679199218750000000000000000
0.9132682681083679199218750000000000000000
0.9132682681083679199218750000000000000000
0.9132682681083679199218750000000000000000
0.9132682681083679199218750000000000000000
0.9132682681083679199218750000000000000000
0.9132682681083679199218750000000000000000
0.9132682681083679199218750000000000000000
0.9132682681083679199218750000000000000000
0.9132682681083679199218750000000000000000
0.9132682681083679199218750000000000000000
0.9132682681083679199218750000000000000000
0.9132682681083679199218750000000000000000
0.9132682681083679199218750000000000000000
0.9132682681083679199218750000000000000000
0.9132682681083679199218750000000000000000
0.9132682681083679199218750000000000000000
0.9132682681083679199218750000000000000000
0.9132682681083679199218750000000000000000
0.9132682681083679199218750000000000000000
0.9132682681083679199218750000000000000000
0.9132682681083679199218750000000000000000
0.9132682681083679199218750000000000000000
0.9132682681083679199218750000000000000000
0.9132682681083679199218750000000000000000
0.9132682681083679199218750000000000000000
0.9132682681083679199218750000000000000000
0.9132682681083679199218750000000000000000
0.9132682681083679199218750000000000000000
0.9132682681083679199218750000000000000000
0.9132682681083679199218750000000000000000
0.9132682681083679199218750000000000000000
0.9132682681083679199218750000000000000000
0.9132682681083679199218750000000000000000
0.9132682681083679199218750000000000000000
0.9132686853408813476562500000000000000000
0.9132710695266723632812500000000000000000
0.9132840037345886230468750000000000000000
0.9133455157279968261718750000000000000000
0.9135999679565429687500000000000000000000
0.9145269393920898437500000000000000000000
0.9175157546997070312500000000000000000000
0.9260874986648559570312500000000000000000
0.9480455517768859863281250000000000000000
0.9984366297721862792968750000000000000000
1.1022633314132690429687500000000000000000
1.2955653667449951171875000000000000000000
1.6201854944229125976562500000000000000000
2.1290576457977294921875000000000000000000
2.8120980262756347656250000000000000000000
4.0000000000000000000000000000000000000000
4.0000000000000000000000000000000000000000
3.0000000000000000000000000000000000000000
3.0000000000000000000000000000000000000000
2.2538418769836425781250000000000000000000
1.9175908565521240234375000000000000000000
1.6804239749908447265625000000000000000000
1.5349712371826171875000000000000000000000
1.4492585659027099609375000000000000000000
1.4033257961273193359375000000000000000000
1.3809792995452880859375000000000000000000
1.3711868524551391601562500000000000000000
1.3673331737518310546875000000000000000000
1.3659766912460327148437500000000000000000
1.3655507564544677734375000000000000000000
1.3654316663742065429687500000000000000000
1.3654024600982666015625000000000000000000
1.3653960227966308593750000000000000000000
1.3653948307037353515625000000000000000000
1.3653947114944458007812500000000000000000
1.3653945922851562500000000000000000000000
1.3653945922851562500000000000000000000000
1.3653945922851562500000000000000000000000
1.3653945922851562500000000000000000000000
1.3653945922851562500000000000000000000000
1.3653945922851562500000000000000000000000
1.3653945922851562500000000000000000000000
1.3653945922851562500000000000000000000000
1.3653945922851562500000000000000000000000
1.3653945922851562500000000000000000000000
1.3653945922851562500000000000000000000000
1.3653945922851562500000000000000000000000
1.3653945922851562500000000000000000000000
1.3653945922851562500000000000000000000000
1.3653945922851562500000000000000000000000
1.3653945922851562500000000000000000000000
1.3653945922851562500000000000000000000000
1.3653945922851562500000000000000000000000
1.3653945922851562500000000000000000000000
1.3653945922851562500000000000000000000000
1.3653945922851562500000000000000000000000
1.3653945922851562500000000000000000000000
1.3653945922851562500000000000000000000000
1.3653945922851562500000000000000000000000
1.3653945922851562500000000000000000000000
1.3653945922851562500000000000000000000000
1.3653945922851562500000000000000000000000
1.3653945922851562500000000000000000000000
1.3653945922851562500000000000000000000000
1.3653945922851562500000000000000000000000
1.3653945922851562500000000000000000000000
1.3653945922851562500000000000000000000000
1.3653945922851562500000000000000000000000
1.3653945922851562500000000000000000000000
1.3653945922851562500000000000000000000000
1.3653945922851562500000000000000000000000
1.3653945922851562500000000000000000000000
1.3653945922851562500000000000000000000000
1.3653945922851562500000000000000000000000
1.3653945922851562500000000000000000000000
1.3653945922851562500000000000000000000000
1.3653945922851562500000000000000000000000
1.3653945922851562500000000000000000000000
1.3653945922851562500000000000000000000000
1.3653945922851562500000000000000000000000
1.3653945922851562500000000000000000000000
1.3653945922851562500000000000000000000000
1.3653945922851562500000000000000000000000
1.3653945922851562500000000000000000000000
1.3653945922851562500000000000000000000000
1.3653945922851562500000000000000000000000
1.3653945922851562500000000000000000000000
1.3653945922851562500000000000000000000000
1.3653945922851562500000000000000000000000
1.3653945922851562500000000000000000000000
1.3653945922851562500000000000000000000000
1.3653945922851562500000000000000000000000
1.3653945922851562500000000000000000000000
1.3653945922851562500000000000000000000000
1.3653945922851562500000000000000000000000
1.3653945922851562500000000000000000000000
1.3653945922851562500000000000000000000000
1.3653945922851562500000000000000000000000
1.3653945922851562500000000000000000000000
1.3653945922851562500000000000000000000000
1.3653949499130249023437500000000000000000
1.3653966188430786132812500000000000000000
1.3654050827026367187500000000000000000000
1.3654447793960571289062500000000000000000
1.3656055927276611328125000000000000000000
1.3661834001541137695312500000000000000000
1.3680279254913330078125000000000000000000
1.3732875585556030273437500000000000000000
1.3867213726043701171875000000000000000000
1.4175989627838134765625000000000000000000
1.4817237854003906250000000000000000000000
1.6033184528350830078125000000000000000000
1.8144829273223876953125000000000000000000
2.1733620166778564453125000000000000000000
2.7046103477478027343750000000000000000000
4.0000000000000000000000000000000000000000
4.0000000000000000000000000000000000000000
2.0000000000000000000000000000000000000000
2.0000000000000000000000000000000000000000
2.0000000000000000000000000000000000000000
2.0000000000000000000000000000000000000000
2.0000000000000000000000000000000000000000
2.0000000000000000000000000000000000000000
2.0000000000000000000000000000000000000000
2.0000000000000000000000000000000000000000
2.0000000000000000000000000000000000000000
2.0000000000000000000000000000000000000000
2.0000000000000000000000000000000000000000
2.0000000000000000000000000000000000000000
2.0000000000000000000000000000000000000000
2.0000000000000000000000000000000000000000
2.0000000000000000000000000000000000000000
2.0000000000000000000000000000000000000000
2.0000000000000000000000000000000000000000
2.0000000000000000000000000000000000000000
2.0000000000000000000000000000000000000000
2.0000000000000000000000000000000000000000
2.0000000000000000000000000000000000000000
2.0000000000000000000000000000000000000000
2.0000000000000000000000000000000000000000
2.0000000000000000000000000000000000000000
2.0000000000000000000000000000000000000000
2.0000000000000000000000000000000000000000
2.0000000000000000000000000000000000000000
2.0000000000000000000000000000000000000000
2.0000000000000000000000000000000000000000
2.0000000000000000000000000000000000000000
2.0000000000000000000000000000000000000000
2.0000000000000000000000000000000000000000
2.0000000000000000000000000000000000000000
2.0000000000000000000000000000000000000000
2.0000000000000000000000000000000000000000
2.0000000000000000000000000000000000000000
2.0000000000000000000000000000000000000000
2.0000000000000000000000000000000000000000
2.0000000000000000000000000000000000000000
2.0000000000000000000000000000000000000000
2.0000000000000000000000000000000000000000
2.0000000000000000000000000000000000000000
2.0000000000000000000000000000000000000000
2.0000000000000000000000000000000000000000
2.0000000000000000000000000000000000000000
2.0000000000000000000000000000000000000000
2.0000000000000000000000000000000000000000
2.0000000000000000000000000000000000000000
2.0000000000000000000000000000000000000000
2.0000000000000000000000000000000000000000
2.0000000000000000000000000000000000000000
2.0000000000000000000000000000000000000000
2.0000000000000000000000000000000000000000
2.0000000000000000000000000000000000000000
2.0000000000000000000000000000000000000000
2.0000000000000000000000000000000000000000
2.0000000000000000000000000000000000000000
2.0000000000000000000000000000000000000000
2.0000000000000000000000000000000000000000
2.0000000000000000000000000000000000000000
2.0000000000000000000000000000000000000000
2.0000000000000000000000000000000000000000
2.0000000000000000000000000000000000000000
2.0000000000000000000000000000000000000000
2.0000000000000000000000000000000000000000
2.0000000000000000000000000000000000000000
2.0000000000000000000000000000000000000000
2.0000000000000000000000000000000000000000
2.0000000000000000000000000000000000000000
2.0000000000000000000000000000000000000000
2.0000000000000000000000000000000000000000
2.0000000000000000000000000000000000000000
2.0000000000000000000000000000000000000000
2.0000000000000000000000000000000000000000
2.0000000000000000000000000000000000000000
2.0000000000000000000000000000000000000000
2.0000000000000000000000000000000000000000
2.0000000000000000000000000000000000000000
2.0000000000000000000000000000000000000000
2.0000000000000000000000000000000000000000
2.0000000000000000000000000000000000000000
2.0000000000000000000000000000000000000000
2.0000000000000000000000000000000000000000
2.0000000000000000000000000000000000000000
2.0000000000000000000000000000000000000000
2.0000000000000000000000000000000000000000
2.0000000000000000000000000000000000000000
2.0000000000000000000000000000000000000000
2.0000000000000000000000000000000000000000
2.0000000000000000000000000000000000000000
2.0000000000000000000000000000000000000000
2.0000000000000000000000000000000000000000
2.0000000000000000000000000000000000000000
2.0000000000000000000000000000000000000000
2.0000000000000000000000000000000000000000
2.0000000000000000000000000000000000000000
2.0000000000000000000000000000000000000000
2.0000000000000000000000000000000000000000
2.0000000000000000000000000000000000000000
2.0000000000000000000000000000000000000000
2.0000000000000000000000000000000000000000
2.0000000000000000000000000000000000000000
2.0000000000000000000000000000000000000000
2.0000000000000000000000000000000000000000
2.0000000000000000000000000000000000000000
2.0000000000000000000000000000000000000000
2.0000000000000000000000000000000000000000
2.0000000000000000000000000000000000000000
2.0000000000000000000000000000000000000000
2.0000000000000000000000000000000000000000
2.0000000000000000000000000000000000000000
2.0000000000000000000000000000000000000000
2.0000000000000000000000000000000000000000
2.0000000000000000000000000000000000000000
2.0000000000000000000000000000000000000000
2.0000000000000000000000000000000000000000
2.0000000000000000000000000000000000000000
2.0000000000000000000000000000000000000000
2.0000000000000000000000000000000000000000
2.0000000000000000000000000000000000000000
2.0000000000000000000000000000000000000000
2.0000000000000000000000000000000000000000
2.0000000000000000000000000000000000000000
2.0000000000000000000000000000000000000000
2.0000000000000000000000000000000000000000
2.0000000000000000000000000000000000000000
2.0000000000000000000000000000000000000000
2.0000000000000000000000000000000000000000
2.0000000000000000000000000000000000000000
2.0000000000000000000000000000000000000000
2.0000000000000000000000000000000000000000
2.0000000000000000000000000000000000000000
2.0000000000000000000000000000000000000000
2.0000000000000000000000000000000000000000
2.0000000000000000000000000000000000000000
2.0000000000000000000000000000000000000000
2.0000000000000000000000000000000000000000
2.0000000000000000000000000000000000000000
2.0000000000000000000000000000000000000000
2.0000000000000000000000000000000000000000
2.0000000000000000000000000000000000000000
2.0000000000000000000000000000000000000000
2.0000000000000000000000000000000000000000
2.0000000000000000000000000000000000000000
2.0000000000000000000000000000000000000000
2.0000000000000000000000000000000000000000
2.0000000000000000000000000000000000000000
2.0000000000000000000000000000000000000000
2.0000000000000000000000000000000000000000
2.0000000000000000000000000000000000000000
2.0000000000000000000000000000000000000000
2.0000000000000000000000000000000000000000
2.0000000000000000000000000000000000000000
2.0000000000000000000000000000000000000000
2.0000000000000000000000000000000000000000
2.0000000000000000000000000000000000000000
2.0000000000000000000000000000000000000000
2.0000000000000000000000000000000000000000
2.0000000000000000000000000000000000000000
2.0000000000000000000000000000000000000000
2.0000000000000000000000000000000000000000
2.0000000000000000000000000000000000000000
2.0000000000000000000000000000000000000000
2.0000000000000000000000000000000000000000
2.0000000000000000000000000000000000000000
2.0000000000000000000000000000000000000000
2.0000000000000000000000000000000000000000
2.0000000000000000000000000000000000000000
2.0000000000000000000000000000000000000000
2.0000000000000000000000000000000000000000
2.0000000000000000000000000000000000000000
2.0000000000000000000000000000000000000000
2.0000000000000000000000000000000000000000
2.0000000000000000000000000000000000000000
2.0000000000000000000000000000000000000000
2.0000000000000000000000000000000000000000
2.0000000000000000000000000000000000000000
2.0000000000000000000000000000000000000000
2.0000000000000000000000000000000000000000
2.0000000000000000000000000000000000000000
2.0000000000000000000000000000000000000000
2.0000000000000000000000000000000000000000
2.0000000000000000000000000000000000000000
2.0000000000000000000000000000000000000000
2.0000000000000000000000000000000000000000
2.0000000000000000000000000000000000000000
2.0000000000000000000000000000000000000000
2.0000000000000000000000000000000000000000
2.0000000000000000000000000000000000000000
2.0000000000000000000000000000000000000000
2.0000000000000000000000000000000000000000
2.0000000000000000000000000000000000000000
2.0000000000000000000000000000000000000000
2.0000000000000000000000000000000000000000
2.0000000000000000000000000000000000000000
2.0000000000000000000000000000000000000000
2.0000000000000000000000000000000000000000
2.0000000000000000000000000000000000000000
2.0000000000000000000000000000000000000000
2.0000000000000000000000000000000000000000
