1.0000000000000000000000000000000000000000
1.0000000000000000000000000000000000000000
1.0000000000000000000000000000000000000000
1.0000000000000000000000000000000000000000
1.0000000000000000000000000000000000000000
1.0000000000000000000000000000000000000000
1.0000000000000000000000000000000000000000
1.0000000000000000000000000000000000000000
1.0000000000000000000000000000000000000000
1.0000000000000000000000000000000000000000
1.0000000000000000000000000000000000000000
1.0000000000000000000000000000000000000000
1.0000000000000000000000000000000000000000
1.0000000000000000000000000000000000000000
1.0000000000000000000000000000000000000000
1.0000000000000000000000000000000000000000
1.0000000000000000000000000000000000000000
1.0000000000000000000000000000000000000000
1.0000000000000000000000000000000000000000
1.0000000000000000000000000000000000000000
1.0000000000000000000000000000000000000000
1.0000000000000000000000000000000000000000
1.0000000000000000000000000000000000000000
1.0000000000000000000000000000000000000000
1.0000000000000000000000000000000000000000
1.0000000000000000000000000000000000000000
1.0000000000000000000000000000000000000000
1.0000000000000000000000000000000000000000
1.0000000000000000000000000000000000000000
1.0000000000000000000000000000000000000000
1.0000000000000000000000000000000000000000
1.0000000000000000000000000000000000000000
1.0000000000000000000000000000000000000000
1.0000000000000000000000000000000000000000
1.0000000000000000000000000000000000000000
1.0000000000000000000000000000000000000000
1.0000000000000000000000000000000000000000
1.0000000000000000000000000000000000000000
1.0000000000000000000000000000000000000000
1.0000000000000000000000000000000000000000
1.0000000000000000000000000000000000000000
1.0000000000000000000000000000000000000000
1.0000000000000000000000000000000000000000
1.0000000000000000000000000000000000000000
1.0000000000000000000000000000000000000000
1.0000000000000000000000000000000000000000
1.0000000000000000000000000000000000000000
1.0000000000000000000000000000000000000000
1.0000000000000000000000000000000000000000
1.0000000000000000000000000000000000000000
1.0000000000000000000000000000000000000000
1.0000000000000000000000000000000000000000
1.0000000000000000000000000000000000000000
1.0000000000000000000000000000000000000000
1.0000000000000000000000000000000000000000
1.0000000000000000000000000000000000000000
1.0000000000000000000000000000000000000000
1.0000000000000000000000000000000000000000
1.0000000000000000000000000000000000000000
1.0000000000000000000000000000000000000000
1.0000000000000000000000000000000000000000
1.0000000000000000000000000000000000000000
1.0000000000000000000000000000000000000000
1.0000000000000000000000000000000000000000
1.0000000000000000000000000000000000000000
1.0000000000000000000000000000000000000000
1.0000000000000000000000000000000000000000
1.0000000000000000000000000000000000000000
1.0000000000000000000000000000000000000000
1.0000000000000000000000000000000000000000
1.0000000000000000000000000000000000000000
1.0000000000000000000000000000000000000000
1.0000000000000000000000000000000000000000
1.0000000000000000000000000000000000000000
1.0000000000000000000000000000000000000000
1.0000000000000000000000000000000000000000
1.0000000000000000000000000000000000000000
1.0000000000000000000000000000000000000000
1.0000000000000000000000000000000000000000
1.0000000000000000000000000000000000000000
1.0000000000000000000000000000000000000000
1.0000000000000000000000000000000000000000
1.0000000000000000000000000000000000000000
1.0000000000000000000000000000000000000000
1.0000000000000000000000000000000000000000
1.0000000000000000000000000000000000000000
1.0000000000000000000000000000000000000000
1.0000000000000000000000000000000000000000
1.0000000000000000000000000000000000000000
1.0000000000000000000000000000000000000000
1.0000000000000000000000000000000000000000
1.0000000000000000000000000000000000000000
1.0000000000000000000000000000000000000000
1.0000000000000000000000000000000000000000
1.0000000000000000000000000000000000000000
1.0000000000000000000000000000000000000000
1.0000000000000000000000000000000000000000
1.0000000000000000000000000000000000000000
1.0000000000000000000000000000000000000000
1.0000000000000000000000000000000000000000
3.0000000000000000000000000000000000000000
1.7550175189971923828125000000000000000000
1.2300142049789428710937500000000000000000
0.9556595087051391601562500000000000000000
0.8091149330139160156250000000000000000000
0.7371588349342346191406250000000000000000
0.7064914107322692871093750000000000000000
0.6955857276916503906250000000000000000000
0.6924874782562255859375000000000000000000
0.6918243169784545898437500000000000000000
0.6917284727096557617187500000000000000000
0.6917213201522827148437500000000000000000
0.6917213201522827148437500000000000000000
0.6917213201522827148437500000000000000000
0.6917213201522827148437500000000000000000
0.6917213201522827148437500000000000000000
0.6917213201522827148437500000000000000000
0.6917213201522827148437500000000000000000
0.6917213201522827148437500000000000000000
0.6917213201522827148437500000000000000000
0.6917213201522827148437500000000000000000
0.6917213201522827148437500000000000000000
0.6917213201522827148437500000000000000000
0.6917213201522827148437500000000000000000
0.6917213201522827148437500000000000000000
0.6917213201522827148437500000000000000000
0.6917213201522827148437500000000000000000
0.6917213201522827148437500000000000000000
0.6917213201522827148437500000000000000000
0.6917213201522827148437500000000000000000
0.6917213201522827148437500000000000000000
0.6917213201522827148437500000000000000000
0.6917213201522827148437500000000000000000
0.6917213201522827148437500000000000000000
0.6917213201522827148437500000000000000000
0.6917213201522827148437500000000000000000
0.6917213201522827148437500000000000000000
0.6917213201522827148437500000000000000000
0.6917213201522827148437500000000000000000
0.6917213201522827148437500000000000000000
0.6917213201522827148437500000000000000000
0.6917213201522827148437500000000000000000
0.6917213201522827148437500000000000000000
0.6917213201522827148437500000000000000000
0.6917213201522827148437500000000000000000
0.6917213201522827148437500000000000000000
0.6917213201522827148437500000000000000000
0.6917213201522827148437500000000000000000
0.6917213201522827148437500000000000000000
0.6917213201522827148437500000000000000000
0.6917213201522827148437500000000000000000
0.6917213201522827148437500000000000000000
0.6917213201522827148437500000000000000000
0.6917213201522827148437500000000000000000
0.6917213201522827148437500000000000000000
0.6917213201522827148437500000000000000000
0.6917213201522827148437500000000000000000
0.6917213201522827148437500000000000000000
0.6917213201522827148437500000000000000000
0.6917213201522827148437500000000000000000
0.6917213201522827148437500000000000000000
0.6917213201522827148437500000000000000000
0.6917213201522827148437500000000000000000
0.6917213201522827148437500000000000000000
0.6917213201522827148437500000000000000000
0.6917213201522827148437500000000000000000
0.6917213201522827148437500000000000000000
0.6917213201522827148437500000000000000000
0.6917213201522827148437500000000000000000
0.6917213201522827148437500000000000000000
0.6917213201522827148437500000000000000000
0.6917213201522827148437500000000000000000
0.6917213201522827148437500000000000000000
0.6917213201522827148437500000000000000000
0.6917213201522827148437500000000000000000
0.6917213201522827148437500000000000000000
0.6917213201522827148437500000000000000000
0.6917213201522827148437500000000000000000
0.6917213201522827148437500000000000000000
0.6917213201522827148437500000000000000000
0.6917213201522827148437500000000000000000
0.6917213201522827148437500000000000000000
0.6917213201522827148437500000000000000000
0.6917213201522827148437500000000000000000
0.6917213201522827148437500000000000000000
0.6917213201522827148437500000000000000000
0.6917213201522827148437500000000000000000
0.6917213201522827148437500000000000000000
0.6917213201522827148437500000000000000000
0.6917309165000915527343750000000000000000
0.6918587684631347656250000000000000000000
0.6927460432052612304687500000000000000000
0.6968991756439208984375000000000000000000
0.7115561962127685546875000000000000000000
0.7529309391975402832031250000000000000000
0.8505703806877136230468750000000000000000
1.0512621402740478515625000000000000000000
1.4326633214950561523437500000000000000000
2.1795806884765625000000000000000000000000
4.0000000000000000000000000000000000000000
3.0000000000000000000000000000000000000000
2.0375318527221679687500000000000000000000
1.3353359699249267578125000000000000000000
0.8916500210762023925781250000000000000000
0.6372944116592407226562500000000000000000
0.5088271498680114746093750000000000000000
0.4533932209014892578125000000000000000000
0.4336012303829193115234375000000000000000
0.4279763102531433105468750000000000000000
0.4267777502536773681640625000000000000000
0.4266058504581451416015625000000000000000
0.4265932142734527587890625000000000000000
0.4265932142734527587890625000000000000000
0.4265932142734527587890625000000000000000
0.4265932142734527587890625000000000000000
0.4265932142734527587890625000000000000000
0.4265932142734527587890625000000000000000
0.4265932142734527587890625000000000000000
0.4265932142734527587890625000000000000000
0.4265932142734527587890625000000000000000
0.4265932142734527587890625000000000000000
0.4265932142734527587890625000000000000000
0.4265932142734527587890625000000000000000
0.4265932142734527587890625000000000000000
0.4265932142734527587890625000000000000000
0.4265932142734527587890625000000000000000
0.4265932142734527587890625000000000000000
0.4265932142734527587890625000000000000000
0.4265932142734527587890625000000000000000
0.4265932142734527587890625000000000000000
0.4265932142734527587890625000000000000000
0.4265932142734527587890625000000000000000
0.4265932142734527587890625000000000000000
0.4265932142734527587890625000000000000000
0.4265932142734527587890625000000000000000
0.4265932142734527587890625000000000000000
0.4265932142734527587890625000000000000000
0.4265932142734527587890625000000000000000
0.4265932142734527587890625000000000000000
0.4265932142734527587890625000000000000000
0.4265932142734527587890625000000000000000
0.4265932142734527587890625000000000000000
0.4265932142734527587890625000000000000000
0.4265932142734527587890625000000000000000
0.4265932142734527587890625000000000000000
0.4265932142734527587890625000000000000000
0.4265932142734527587890625000000000000000
0.4265932142734527587890625000000000000000
0.4265932142734527587890625000000000000000
0.4265932142734527587890625000000000000000
0.4265932142734527587890625000000000000000
0.4265932142734527587890625000000000000000
0.4265932142734527587890625000000000000000
0.4265932142734527587890625000000000000000
0.4265932142734527587890625000000000000000
0.4265932142734527587890625000000000000000
0.4265932142734527587890625000000000000000
0.4265932142734527587890625000000000000000
0.4265932142734527587890625000000000000000
0.4265932142734527587890625000000000000000
0.4265932142734527587890625000000000000000
0.4265932142734527587890625000000000000000
0.4265932142734527587890625000000000000000
0.4265932142734527587890625000000000000000
0.4265932142734527587890625000000000000000
0.4265932142734527587890625000000000000000
0.4265932142734527587890625000000000000000
0.4265932142734527587890625000000000000000
0.4265932142734527587890625000000000000000
0.4265932142734527587890625000000000000000
0.4265932142734527587890625000000000000000
0.4265932142734527587890625000000000000000
0.4265932142734527587890625000000000000000
0.4265932142734527587890625000000000000000
0.4265932142734527587890625000000000000000
0.4265932142734527587890625000000000000000
0.4265932142734527587890625000000000000000
0.4265932142734527587890625000000000000000
0.4265932142734527587890625000000000000000
0.4265932142734527587890625000000000000000
0.4265932142734527587890625000000000000000
0.4265932142734527587890625000000000000000
0.4265932142734527587890625000000000000000
0.4265932142734527587890625000000000000000
0.4265932142734527587890625000000000000000
0.4265932142734527587890625000000000000000
0.4265932142734527587890625000000000000000
0.4265932142734527587890625000000000000000
0.4265932142734527587890625000000000000000
0.4266100823879241943359375000000000000000
0.4268395006656646728515625000000000000000
0.4284417629241943359375000000000000000000
0.4359726011753082275390625000000000000000
0.4625271260738372802734375000000000000000
0.5371209383010864257812500000000000000000
0.7107409834861755371093750000000000000000
1.0567357540130615234375000000000000000000
1.6662273406982421875000000000000000000000
2.6439394950866699218750000000000000000000
4.0000000000000000000000000000000000000000
3.0000000000000000000000000000000000000000
2.0918612480163574218750000000000000000000
1.3432067632675170898437500000000000000000
0.8187838792800903320312500000000000000000
0.5018275380134582519531250000000000000000
0.3375533819198608398437500000000000000000
0.2658390402793884277343750000000000000000
0.2401247322559356689453125000000000000000
0.2328248471021652221679687500000000000000
0.2312777936458587646484375000000000000000
0.2310583889484405517578125000000000000000
0.2310425937175750732421875000000000000000
0.2310425937175750732421875000000000000000
0.2310425937175750732421875000000000000000
0.2310425937175750732421875000000000000000
0.2310425937175750732421875000000000000000
0.2310425937175750732421875000000000000000
0.2310425937175750732421875000000000000000
0.2310425937175750732421875000000000000000
0.2310425937175750732421875000000000000000
0.2310425937175750732421875000000000000000
0.2310425937175750732421875000000000000000
0.2310425937175750732421875000000000000000
0.2310425937175750732421875000000000000000
0.2310425937175750732421875000000000000000
0.2310425937175750732421875000000000000000
0.2310425937175750732421875000000000000000
0.2310425937175750732421875000000000000000
0.2310425937175750732421875000000000000000
0.2310425937175750732421875000000000000000
0.2310425937175750732421875000000000000000
0.2310425937175750732421875000000000000000
0.2310425937175750732421875000000000000000
0.2310425937175750732421875000000000000000
0.2310425937175750732421875000000000000000
0.2310425937175750732421875000000000000000
0.2310425937175750732421875000000000000000
0.2310425937175750732421875000000000000000
0.2310425937175750732421875000000000000000
0.2310425937175750732421875000000000000000
0.2310425937175750732421875000000000000000
0.2310425937175750732421875000000000000000
0.2310425937175750732421875000000000000000
0.2310425937175750732421875000000000000000
0.2310425937175750732421875000000000000000
0.2310425937175750732421875000000000000000
0.2310425937175750732421875000000000000000
0.2310425937175750732421875000000000000000
0.2310425937175750732421875000000000000000
0.2310425937175750732421875000000000000000
0.2310425937175750732421875000000000000000
0.2310425937175750732421875000000000000000
0.2310425937175750732421875000000000000000
0.2310425937175750732421875000000000000000
0.2310425937175750732421875000000000000000
0.2310425937175750732421875000000000000000
0.2310425937175750732421875000000000000000
0.2310425937175750732421875000000000000000
0.2310425937175750732421875000000000000000
0.2310425937175750732421875000000000000000
0.2310425937175750732421875000000000000000
0.2310425937175750732421875000000000000000
0.2310425937175750732421875000000000000000
0.2310425937175750732421875000000000000000
0.2310425937175750732421875000000000000000
0.2310425937175750732421875000000000000000
0.2310425937175750732421875000000000000000
0.2310425937175750732421875000000000000000
0.2310425937175750732421875000000000000000
0.2310425937175750732421875000000000000000
0.2310425937175750732421875000000000000000
0.2310425937175750732421875000000000000000
0.2310425937175750732421875000000000000000
0.2310425937175750732421875000000000000000
0.2310425937175750732421875000000000000000
0.2310425937175750732421875000000000000000
0.2310425937175750732421875000000000000000
0.2310425937175750732421875000000000000000
0.2310425937175750732421875000000000000000
0.2310425937175750732421875000000000000000
0.2310425937175750732421875000000000000000
0.2310425937175750732421875000000000000000
0.2310425937175750732421875000000000000000
0.2310425937175750732421875000000000000000
0.2310425937175750732421875000000000000000
0.2310425937175750732421875000000000000000
0.2310425937175750732421875000000000000000
0.2310425937175750732421875000000000000000
0.2310425937175750732421875000000000000000
0.2310636341571807861328125000000000000000
0.2313564121723175048828125000000000000000
0.2334223240613937377929687500000000000000
0.2431813925504684448242187500000000000000
0.2776069641113281250000000000000000000000
0.3738011419773101806640625000000000000000
0.5947374105453491210937500000000000000000
1.0226087570190429687500000000000000000000
1.7340711355209350585937500000000000000000
2.7555649280548095703125000000000000000000
4.0000000000000000000000000000000000000000
3.0000000000000000000000000000000000000000
2.0921006202697753906250000000000000000000
1.3197871446609497070312500000000000000000
0.7588448524475097656250000000000000000000
0.4108478426933288574218750000000000000000
0.2277445495128631591796875000000000000000
0.1472067534923553466796875000000000000000
0.1182658076286315917968750000000000000000
0.1100659817457199096679687500000000000000
0.1083380356431007385253906250000000000000
0.1080955713987350463867187500000000000000
0.1080784350633621215820312500000000000000
0.1080784350633621215820312500000000000000
0.1080784350633621215820312500000000000000
0.1080784350633621215820312500000000000000
0.1080784350633621215820312500000000000000
0.1080784350633621215820312500000000000000
0.1080784350633621215820312500000000000000
0.1080784350633621215820312500000000000000
0.1080784350633621215820312500000000000000
0.1080784350633621215820312500000000000000
0.1080784350633621215820312500000000000000
0.1080784350633621215820312500000000000000
0.1080784350633621215820312500000000000000
0.1080784350633621215820312500000000000000
0.1080784350633621215820312500000000000000
0.1080784350633621215820312500000000000000
0.1080784350633621215820312500000000000000
0.1080784350633621215820312500000000000000
0.1080784350633621215820312500000000000000
0.1080784350633621215820312500000000000000
0.1080784350633621215820312500000000000000
0.1080784350633621215820312500000000000000
0.1080784350633621215820312500000000000000
0.1080784350633621215820312500000000000000
0.1080784350633621215820312500000000000000
0.1080784350633621215820312500000000000000
0.1080784350633621215820312500000000000000
0.1080784350633621215820312500000000000000
0.1080784350633621215820312500000000000000
0.1080784350633621215820312500000000000000
0.1080784350633621215820312500000000000000
0.1080784350633621215820312500000000000000
0.1080784350633621215820312500000000000000
0.1080784350633621215820312500000000000000
0.1080784350633621215820312500000000000000
0.1080784350633621215820312500000000000000
0.1080784350633621215820312500000000000000
0.1080784350633621215820312500000000000000
0.1080784350633621215820312500000000000000
0.1080784350633621215820312500000000000000
0.1080784350633621215820312500000000000000
0.1080784350633621215820312500000000000000
0.1080784350633621215820312500000000000000
0.1080784350633621215820312500000000000000
0.1080784350633621215820312500000000000000
0.1080784350633621215820312500000000000000
0.1080784350633621215820312500000000000000
0.1080784350633621215820312500000000000000
0.1080784350633621215820312500000000000000
0.1080784350633621215820312500000000000000
0.1080784350633621215820312500000000000000
0.1080784350633621215820312500000000000000
0.1080784350633621215820312500000000000000
0.1080784350633621215820312500000000000000
0.1080784350633621215820312500000000000000
0.1080784350633621215820312500000000000000
0.1080784350633621215820312500000000000000
0.1080784350633621215820312500000000000000
0.1080784350633621215820312500000000000000
0.1080784350633621215820312500000000000000
0.1080784350633621215820312500000000000000
0.1080784350633621215820312500000000000000
0.1080784350633621215820312500000000000000
0.1080784350633621215820312500000000000000
0.1080784350633621215820312500000000000000
0.1080784350633621215820312500000000000000
0.1080784350633621215820312500000000000000
0.1080784350633621215820312500000000000000
0.1080784350633621215820312500000000000000
0.1080784350633621215820312500000000000000
0.1080784350633621215820312500000000000000
0.1080784350633621215820312500000000000000
0.1080784350633621215820312500000000000000
0.1080784350633621215820312500000000000000
0.1080784350633621215820312500000000000000
0.1080784350633621215820312500000000000000
0.1080784350633621215820312500000000000000
0.1080784350633621215820312500000000000000
0.1081012710928916931152343750000000000000
0.1084246486425399780273437500000000000000
0.1107303351163864135742187500000000000000
0.1216783523559570312500000000000000000000
0.1603496819734573364257812500000000000000
0.2680776715278625488281250000000000000000
0.5133326053619384765625000000000000000000
0.9802633523941040039062500000000000000000
1.7344799041748046875000000000000000000000
2.7750487327575683593750000000000000000000
4.0000000000000000000000000000000000000000
3.0000000000000000000000000000000000000000
2.0840866565704345703125000000000000000000
1.2984824180603027343750000000000000000000
0.7213487625122070312500000000000000000000
0.3597955405712127685546875000000000000000
0.1683192104101181030273437500000000000000
0.0838285610079765319824218750000000000000
0.0534564480185508728027343750000000000000
0.0448687933385372161865234375000000000000
0.0430672764778137207031250000000000000000
0.0428162887692451477050781250000000000000
0.0427987053990364074707031250000000000000
0.0427987053990364074707031250000000000000
0.0427987053990364074707031250000000000000
0.0427987053990364074707031250000000000000
0.0427987053990364074707031250000000000000
0.0427987053990364074707031250000000000000
0.0427987053990364074707031250000000000000
0.0427987053990364074707031250000000000000
0.0427987053990364074707031250000000000000
0.0427987053990364074707031250000000000000
0.0427987053990364074707031250000000000000
0.0427987053990364074707031250000000000000
0.0427987053990364074707031250000000000000
0.0427987053990364074707031250000000000000
0.0427987053990364074707031250000000000000
0.0427987053990364074707031250000000000000
0.0427987053990364074707031250000000000000
0.0427987053990364074707031250000000000000
0.0427987053990364074707031250000000000000
0.0427987053990364074707031250000000000000
0.0427987053990364074707031250000000000000
0.0427987053990364074707031250000000000000
0.0427987053990364074707031250000000000000
0.0427987053990364074707031250000000000000
0.0427987053990364074707031250000000000000
0.0427987053990364074707031250000000000000
0.0427987053990364074707031250000000000000
0.0427987053990364074707031250000000000000
0.0427987053990364074707031250000000000000
0.0427987053990364074707031250000000000000
0.0427987053990364074707031250000000000000
0.0427987053990364074707031250000000000000
0.0427987053990364074707031250000000000000
0.0427987053990364074707031250000000000000
0.0427987053990364074707031250000000000000
0.0427987053990364074707031250000000000000
0.0427987053990364074707031250000000000000
0.0427987053990364074707031250000000000000
0.0427987053990364074707031250000000000000
0.0427987053990364074707031250000000000000
0.0427987053990364074707031250000000000000
0.0427987053990364074707031250000000000000
0.0427987053990364074707031250000000000000
0.0427987053990364074707031250000000000000
0.0427987053990364074707031250000000000000
0.0427987053990364074707031250000000000000
0.0427987053990364074707031250000000000000
0.0427987053990364074707031250000000000000
0.0427987053990364074707031250000000000000
0.0427987053990364074707031250000000000000
0.0427987053990364074707031250000000000000
0.0427987053990364074707031250000000000000
0.0427987053990364074707031250000000000000
0.0427987053990364074707031250000000000000
0.0427987053990364074707031250000000000000
0.0427987053990364074707031250000000000000
0.0427987053990364074707031250000000000000
0.0427987053990364074707031250000000000000
0.0427987053990364074707031250000000000000
0.0427987053990364074707031250000000000000
0.0427987053990364074707031250000000000000
0.0427987053990364074707031250000000000000
0.0427987053990364074707031250000000000000
0.0427987053990364074707031250000000000000
0.0427987053990364074707031250000000000000
0.0427987053990364074707031250000000000000
0.0427987053990364074707031250000000000000
0.0427987053990364074707031250000000000000
0.0427987053990364074707031250000000000000
0.0427987053990364074707031250000000000000
0.0427987053990364074707031250000000000000
0.0427987053990364074707031250000000000000
0.0427987053990364074707031250000000000000
0.0427987053990364074707031250000000000000
0.0427987053990364074707031250000000000000
0.0427987053990364074707031250000000000000
0.0427987053990364074707031250000000000000
0.0427987053990364074707031250000000000000
0.0428221561014652252197265625000000000000
0.0431568250060081481933593750000000000000
0.0455594919621944427490234375000000000000
0.0570158548653125762939453125000000000000
0.0975484102964401245117187500000000000000
0.2103561908006668090820312500000000000000
0.4661541581153869628906250000000000000000
0.9494941830635070800781250000000000000000
1.7216037511825561523437500000000000000000
2.7733225822448730468750000000000000000000
4.0000000000000000000000000000000000000000
3.0000000000000000000000000000000000000000
2.0785872936248779296875000000000000000000
1.2865914106369018554687500000000000000000
0.7029381394386291503906250000000000000000
0.3362160027027130126953125000000000000000
0.1416097283363342285156250000000000000000
0.0556685253977775573730468750000000000000
0.0247865058481693267822265625000000000000
0.0160678885877132415771484375000000000000
0.0142435654997825622558593750000000000000
0.0139902140945196151733398437500000000000
0.0139725226908922195434570312500000000000
0.0139725226908922195434570312500000000000
0.0139725226908922195434570312500000000000
0.0139725226908922195434570312500000000000
0.0139725226908922195434570312500000000000
0.0139725226908922195434570312500000000000
0.0139725226908922195434570312500000000000
0.0139725226908922195434570312500000000000
0.0139725226908922195434570312500000000000
0.0139725226908922195434570312500000000000
0.0139725226908922195434570312500000000000
0.0139725226908922195434570312500000000000
0.0139725226908922195434570312500000000000
0.0139725226908922195434570312500000000000
0.0139725226908922195434570312500000000000
0.0139725226908922195434570312500000000000
0.0139725226908922195434570312500000000000
0.0139725226908922195434570312500000000000
0.0139725226908922195434570312500000000000
0.0139725226908922195434570312500000000000
0.0139725226908922195434570312500000000000
0.0139725226908922195434570312500000000000
0.0139725226908922195434570312500000000000
0.0139725226908922195434570312500000000000
0.0139725226908922195434570312500000000000
0.0139725226908922195434570312500000000000
0.0139725226908922195434570312500000000000
0.0139725226908922195434570312500000000000
0.0139725226908922195434570312500000000000
0.0139725226908922195434570312500000000000
0.0139725226908922195434570312500000000000
0.0139725226908922195434570312500000000000
0.0139725226908922195434570312500000000000
0.0139725226908922195434570312500000000000
0.0139725226908922195434570312500000000000
0.0139725226908922195434570312500000000000
0.0139725226908922195434570312500000000000
0.0139725226908922195434570312500000000000
0.0139725226908922195434570312500000000000
0.0139725226908922195434570312500000000000
0.0139725226908922195434570312500000000000
0.0139725226908922195434570312500000000000
0.0139725226908922195434570312500000000000
0.0139725226908922195434570312500000000000
0.0139725226908922195434570312500000000000
0.0139725226908922195434570312500000000000
0.0139725226908922195434570312500000000000
0.0139725226908922195434570312500000000000
0.0139725226908922195434570312500000000000
0.0139725226908922195434570312500000000000
0.0139725226908922195434570312500000000000
0.0139725226908922195434570312500000000000
0.0139725226908922195434570312500000000000
0.0139725226908922195434570312500000000000
0.0139725226908922195434570312500000000000
0.0139725226908922195434570312500000000000
0.0139725226908922195434570312500000000000
0.0139725226908922195434570312500000000000
0.0139725226908922195434570312500000000000
0.0139725226908922195434570312500000000000
0.0139725226908922195434570312500000000000
0.0139725226908922195434570312500000000000
0.0139725226908922195434570312500000000000
0.0139725226908922195434570312500000000000
0.0139725226908922195434570312500000000000
0.0139725226908922195434570312500000000000
0.0139725226908922195434570312500000000000
0.0139725226908922195434570312500000000000
0.0139725226908922195434570312500000000000
0.0139725226908922195434570312500000000000
0.0139725226908922195434570312500000000000
0.0139725226908922195434570312500000000000
0.0139725226908922195434570312500000000000
0.0139725226908922195434570312500000000000
0.0139725226908922195434570312500000000000
0.0139725226908922195434570312500000000000
0.0139725226908922195434570312500000000000
0.0139725226908922195434570312500000000000
0.0139961112290620803833007812500000000000
0.0143339168280363082885742187500000000000
0.0167665202170610427856445312500000000000
0.0283931288868188858032226562500000000000
0.0695806965231895446777343750000000000000
0.1842201650142669677734375000000000000000
0.4438635408878326416015625000000000000000
0.9332554936408996582031250000000000000000
1.7123241424560546875000000000000000000000
2.7696998119354248046875000000000000000000
4.0000000000000000000000000000000000000000
3.0000000000000000000000000000000000000000
2.0761561393737792968750000000000000000000
1.2816984653472900390625000000000000000000
0.6958068609237670898437500000000000000000
0.3274285495281219482421875000000000000000
0.1318638920783996582031250000000000000000
0.0454967841506004333496093750000000000000
0.0144734699279069900512695312500000000000
0.0057214675471186637878417968750000000000
0.0038919046055525541305541992187500000000
0.0036380712408572435379028320312500000000
0.0036203593481332063674926757812500000000
0.0036203593481332063674926757812500000000
0.0036203593481332063674926757812500000000
0.0036203593481332063674926757812500000000
0.0036203593481332063674926757812500000000
0.0036203593481332063674926757812500000000
0.0036203593481332063674926757812500000000
0.0036203593481332063674926757812500000000
0.0036203593481332063674926757812500000000
0.0036203593481332063674926757812500000000
0.0036203593481332063674926757812500000000
0.0036203593481332063674926757812500000000
0.0036203593481332063674926757812500000000
0.0036203593481332063674926757812500000000
0.0036203593481332063674926757812500000000
0.0036203593481332063674926757812500000000
0.0036203593481332063674926757812500000000
0.0036203593481332063674926757812500000000
0.0036203593481332063674926757812500000000
0.0036203593481332063674926757812500000000
0.0036203593481332063674926757812500000000
0.0036203593481332063674926757812500000000
0.0036203593481332063674926757812500000000
0.0036203593481332063674926757812500000000
0.0036203593481332063674926757812500000000
0.0036203593481332063674926757812500000000
0.0036203593481332063674926757812500000000
0.0036203593481332063674926757812500000000
0.0036203593481332063674926757812500000000
0.0036203593481332063674926757812500000000
0.0036203593481332063674926757812500000000
0.0036203593481332063674926757812500000000
0.0036203593481332063674926757812500000000
0.0036203593481332063674926757812500000000
0.0036203593481332063674926757812500000000
0.0036203593481332063674926757812500000000
0.0036203593481332063674926757812500000000
0.0036203593481332063674926757812500000000
0.0036203593481332063674926757812500000000
0.0036203593481332063674926757812500000000
0.0036203593481332063674926757812500000000
0.0036203593481332063674926757812500000000
0.0036203593481332063674926757812500000000
0.0036203593481332063674926757812500000000
0.0036203593481332063674926757812500000000
0.0036203593481332063674926757812500000000
0.0036203593481332063674926757812500000000
0.0036203593481332063674926757812500000000
0.0036203593481332063674926757812500000000
0.0036203593481332063674926757812500000000
0.0036203593481332063674926757812500000000
0.0036203593481332063674926757812500000000
0.0036203593481332063674926757812500000000
0.0036203593481332063674926757812500000000
0.0036203593481332063674926757812500000000
0.0036203593481332063674926757812500000000
0.0036203593481332063674926757812500000000
0.0036203593481332063674926757812500000000
0.0036203593481332063674926757812500000000
0.0036203593481332063674926757812500000000
0.0036203593481332063674926757812500000000
0.0036203593481332063674926757812500000000
0.0036203593481332063674926757812500000000
0.0036203593481332063674926757812500000000
0.0036203593481332063674926757812500000000
0.0036203593481332063674926757812500000000
0.0036203593481332063674926757812500000000
0.0036203593481332063674926757812500000000
0.0036203593481332063674926757812500000000
0.0036203593481332063674926757812500000000
0.0036203593481332063674926757812500000000
0.0036203593481332063674926757812500000000
0.0036203593481332063674926757812500000000
0.0036203593481332063674926757812500000000
0.0036203593481332063674926757812500000000
0.0036203593481332063674926757812500000000
0.0036203593481332063674926757812500000000
0.0036203593481332063674926757812500000000
0.0036439751274883747100830078125000000000
0.0039824205450713634490966796875000000000
0.0064218686893582344055175781250000000000
0.0180915631353855133056640625000000000000
0.0594585351645946502685546875000000000000
0.1746270209550857543945312500000000000000
0.4354224801063537597656250000000000000000
0.9267044067382812500000000000000000000000
1.7081184387207031250000000000000000000000
2.7677547931671142578125000000000000000000
4.0000000000000000000000000000000000000000
3.0000000000000000000000000000000000000000
2.0753748416900634765625000000000000000000
1.2801791429519653320312500000000000000000
0.6936717033386230468750000000000000000000
0.3248700201511383056640625000000000000000
0.1290752887725830078125000000000000000000
0.0426130220293998718261718750000000000000
0.0115608759224414825439453125000000000000
0.0028027514927089214324951171875000000000
0.0009723326074890792369842529296875000000
0.0007184291607700288295745849609375000000
0.0007007147069089114665985107421875000000
0.0007007147069089114665985107421875000000
0.0007007147069089114665985107421875000000
0.0007007147069089114665985107421875000000
0.0007007147069089114665985107421875000000
0.0007007147069089114665985107421875000000
0.0007007147069089114665985107421875000000
0.0007007147069089114665985107421875000000
0.0007007147069089114665985107421875000000
0.0007007147069089114665985107421875000000
0.0007007147069089114665985107421875000000
0.0007007147069089114665985107421875000000
0.0007007147069089114665985107421875000000
0.0007007147069089114665985107421875000000
0.0007007147069089114665985107421875000000
0.0007007147069089114665985107421875000000
0.0007007147069089114665985107421875000000
0.0007007147069089114665985107421875000000
0.0007007147069089114665985107421875000000
0.0007007147069089114665985107421875000000
0.0007007147069089114665985107421875000000
0.0007007147069089114665985107421875000000
0.0007007147069089114665985107421875000000
0.0007007147069089114665985107421875000000
0.0007007147069089114665985107421875000000
0.0007007147069089114665985107421875000000
0.0007007147069089114665985107421875000000
0.0007007147069089114665985107421875000000
0.0007007147069089114665985107421875000000
0.0007007147069089114665985107421875000000
0.0007007147069089114665985107421875000000
0.0007007147069089114665985107421875000000
0.0007007147069089114665985107421875000000
0.0007007147069089114665985107421875000000
0.0007007147069089114665985107421875000000
0.0007007147069089114665985107421875000000
0.0007007147069089114665985107421875000000
0.0007007147069089114665985107421875000000
0.0007007147069089114665985107421875000000
0.0007007147069089114665985107421875000000
0.0007007147069089114665985107421875000000
0.0007007147069089114665985107421875000000
0.0007007147069089114665985107421875000000
0.0007007147069089114665985107421875000000
0.0007007147069089114665985107421875000000
0.0007007147069089114665985107421875000000
0.0007007147069089114665985107421875000000
0.0007007147069089114665985107421875000000
0.0007007147069089114665985107421875000000
0.0007007147069089114665985107421875000000
0.0007007147069089114665985107421875000000
0.0007007147069089114665985107421875000000
0.0007007147069089114665985107421875000000
0.0007007147069089114665985107421875000000
0.0007007147069089114665985107421875000000
0.0007007147069089114665985107421875000000
0.0007007147069089114665985107421875000000
0.0007007147069089114665985107421875000000
0.0007007147069089114665985107421875000000
0.0007007147069089114665985107421875000000
0.0007007147069089114665985107421875000000
0.0007007147069089114665985107421875000000
0.0007007147069089114665985107421875000000
0.0007007147069089114665985107421875000000
0.0007007147069089114665985107421875000000
0.0007007147069089114665985107421875000000
0.0007007147069089114665985107421875000000
0.0007007147069089114665985107421875000000
0.0007007147069089114665985107421875000000
0.0007007147069089114665985107421875000000
0.0007007147069089114665985107421875000000
0.0007007147069089114665985107421875000000
0.0007007147069089114665985107421875000000
0.0007007147069089114665985107421875000000
0.0007007147069089114665985107421875000000
0.0007007147069089114665985107421875000000
0.0007007147069089114665985107421875000000
0.0007007147069089114665985107421875000000
0.0007243340369313955307006835937500000000
0.0010628721211105585098266601562500000000
0.0035034343600273132324218750000000000000
0.0151809779927134513854980468750000000000
0.0565842092037200927734375000000000000000
0.1718692183494567871093750000000000000000
0.4329363405704498291015625000000000000000
0.9246925115585327148437500000000000000000
1.7067455053329467773437500000000000000000
2.7670769691467285156250000000000000000000
4.0000000000000000000000000000000000000000
3.0000000000000000000000000000000000000000
2.0751936435699462890625000000000000000000
1.2798351049423217773437500000000000000000
0.6932015419006347656250000000000000000000
0.3243194222450256347656250000000000000000
0.1284848153591156005859375000000000000000
0.0420077070593833923339843750000000000000
0.0109515581279993057250976562500000000000
0.0021926793269813060760498046875000000000
0.0003621667565312236547470092773437500000
0.0001082564704120159149169921875000000000
0.0000905418055481277406215667724609375000
0.0000905418055481277406215667724609375000
0.0000905418055481277406215667724609375000
0.0000905418055481277406215667724609375000
0.0000905418055481277406215667724609375000
0.0000905418055481277406215667724609375000
0.0000905418055481277406215667724609375000
0.0000905418055481277406215667724609375000
0.0000905418055481277406215667724609375000
0.0000905418055481277406215667724609375000
0.0000905418055481277406215667724609375000
0.0000905418055481277406215667724609375000
0.0000905418055481277406215667724609375000
0.0000905418055481277406215667724609375000
0.0000905418055481277406215667724609375000
0.0000905418055481277406215667724609375000
0.0000905418055481277406215667724609375000
0.0000905418055481277406215667724609375000
0.0000905418055481277406215667724609375000
0.0000905418055481277406215667724609375000
0.0000905418055481277406215667724609375000
0.0000905418055481277406215667724609375000
0.0000905418055481277406215667724609375000
0.0000905418055481277406215667724609375000
0.0000905418055481277406215667724609375000
0.0000905418055481277406215667724609375000
0.0000905418055481277406215667724609375000
0.0000905418055481277406215667724609375000
0.0000905418055481277406215667724609375000
0.0000905418055481277406215667724609375000
0.0000905418055481277406215667724609375000
0.0000905418055481277406215667724609375000
0.0000905418055481277406215667724609375000
0.0000905418055481277406215667724609375000
0.0000905418055481277406215667724609375000
0.0000905418055481277406215667724609375000
0.0000905418055481277406215667724609375000
0.0000905418055481277406215667724609375000
0.0000905418055481277406215667724609375000
0.0000905418055481277406215667724609375000
0.0000905418055481277406215667724609375000
0.0000905418055481277406215667724609375000
0.0000905418055481277406215667724609375000
0.0000905418055481277406215667724609375000
0.0000905418055481277406215667724609375000
0.0000905418055481277406215667724609375000
0.0000905418055481277406215667724609375000
0.0000905418055481277406215667724609375000
0.0000905418055481277406215667724609375000
0.0000905418055481277406215667724609375000
0.0000905418055481277406215667724609375000
0.0000905418055481277406215667724609375000
0.0000905418055481277406215667724609375000
0.0000905418055481277406215667724609375000
0.0000905418055481277406215667724609375000
0.0000905418055481277406215667724609375000
0.0000905418055481277406215667724609375000
0.0000905418055481277406215667724609375000
0.0000905418055481277406215667724609375000
0.0000905418055481277406215667724609375000
0.0000905418055481277406215667724609375000
0.0000905418055481277406215667724609375000
0.0000905418055481277406215667724609375000
0.0000905418055481277406215667724609375000
0.0000905418055481277406215667724609375000
0.0000905418055481277406215667724609375000
0.0000905418055481277406215667724609375000
0.0000905418055481277406215667724609375000
0.0000905418055481277406215667724609375000
0.0000905418055481277406215667724609375000
0.0000905418055481277406215667724609375000
0.0000905418055481277406215667724609375000
0.0000905418055481277406215667724609375000
0.0000905418055481277406215667724609375000
0.0000905418055481277406215667724609375000
0.0000905418055481277406215667724609375000
0.0000905418055481277406215667724609375000
0.0000905418055481277406215667724609375000
0.0001141613829531706869602203369140625000
0.0004527084529399871826171875000000000000
0.0028933924622833728790283203125000000000
0.0145718995481729507446289062500000000000
0.0559801235795021057128906250000000000000
0.1712830960750579833984375000000000000000
0.4323967397212982177734375000000000000000
0.9242419004440307617187500000000000000000
1.7064254283905029296875000000000000000000
2.7669129371643066406250000000000000000000
4.0000000000000000000000000000000000000000
3.0000000000000000000000000000000000000000
2.0751659870147705078125000000000000000000
1.2797834873199462890625000000000000000000
0.6931327581405639648437500000000000000000
0.3242408931255340576171875000000000000000
0.1284019649028778076171875000000000000000
0.0419234670698642730712890625000000000000
0.0108669828623533248901367187500000000000
0.0021080491133034229278564453125000000000
0.0002775302855297923088073730468750000000
0.0000236195974139263853430747985839843750
0.0000059048988987342454493045806884765625
0.0000059048988987342454493045806884765625
0.0000059048988987342454493045806884765625
0.0000059048988987342454493045806884765625
0.0000059048988987342454493045806884765625
0.0000059048988987342454493045806884765625
0.0000059048988987342454493045806884765625
0.0000059048988987342454493045806884765625
0.0000059048988987342454493045806884765625
0.0000059048988987342454493045806884765625
0.0000059048988987342454493045806884765625
0.0000059048988987342454493045806884765625
0.0000059048988987342454493045806884765625
0.0000059048988987342454493045806884765625
0.0000059048988987342454493045806884765625
0.0000059048988987342454493045806884765625
0.0000059048988987342454493045806884765625
0.0000059048988987342454493045806884765625
0.0000059048988987342454493045806884765625
0.0000059048988987342454493045806884765625
0.0000059048988987342454493045806884765625
0.0000059048988987342454493045806884765625
0.0000059048988987342454493045806884765625
0.0000059048988987342454493045806884765625
0.0000059048988987342454493045806884765625
0.0000059048988987342454493045806884765625
0.0000059048988987342454493045806884765625
0.0000059048988987342454493045806884765625
0.0000059048988987342454493045806884765625
0.0000059048988987342454493045806884765625
0.0000059048988987342454493045806884765625
0.0000059048988987342454493045806884765625
0.0000059048988987342454493045806884765625
0.0000059048988987342454493045806884765625
0.0000059048988987342454493045806884765625
0.0000059048988987342454493045806884765625
0.0000059048988987342454493045806884765625
0.0000059048988987342454493045806884765625
0.0000059048988987342454493045806884765625
0.0000059048988987342454493045806884765625
0.0000059048988987342454493045806884765625
0.0000059048988987342454493045806884765625
0.0000059048988987342454493045806884765625
0.0000059048988987342454493045806884765625
0.0000059048988987342454493045806884765625
0.0000059048988987342454493045806884765625
0.0000059048988987342454493045806884765625
0.0000059048988987342454493045806884765625
0.0000059048988987342454493045806884765625
0.0000059048988987342454493045806884765625
0.0000059048988987342454493045806884765625
0.0000059048988987342454493045806884765625
0.0000059048988987342454493045806884765625
0.0000059048988987342454493045806884765625
0.0000059048988987342454493045806884765625
0.0000059048988987342454493045806884765625
0.0000059048988987342454493045806884765625
0.0000059048988987342454493045806884765625
0.0000059048988987342454493045806884765625
0.0000059048988987342454493045806884765625
0.0000059048988987342454493045806884765625
0.0000059048988987342454493045806884765625
0.0000059048988987342454493045806884765625
0.0000059048988987342454493045806884765625
0.0000059048988987342454493045806884765625
0.0000059048988987342454493045806884765625
0.0000059048988987342454493045806884765625
0.0000059048988987342454493045806884765625
0.0000059048988987342454493045806884765625
0.0000059048988987342454493045806884765625
0.0000059048988987342454493045806884765625
0.0000059048988987342454493045806884765625
0.0000059048988987342454493045806884765625
0.0000059048988987342454493045806884765625
0.0000059048988987342454493045806884765625
0.0000059048988987342454493045806884765625
0.0000059048988987342454493045806884765625
0.0000059048988987342454493045806884765625
0.0000295244935841765254735946655273437500
0.0003680720983538776636123657226562500000
0.0028087641112506389617919921875000000000
0.0144873410463333129882812500000000000000
0.0558959767222404479980468750000000000000
0.1712006628513336181640625000000000000000
0.4323192536830902099609375000000000000000
0.9241752624511718750000000000000000000000
1.7063764333724975585937500000000000000000
2.7668871879577636718750000000000000000000
4.0000000000000000000000000000000000000000
3.0000000000000000000000000000000000000000
2.0751636028289794921875000000000000000000
1.2797796726226806640625000000000000000000
0.6931277513504028320312500000000000000000
0.3242352604866027832031250000000000000000
0.1283961385488510131835937500000000000000
0.0419175773859024047851562500000000000000
0.0108610810711979866027832031250000000000
0.0021021442953497171401977539062500000000
0.0002716254093684256076812744140625000000
0.0000177146976056974381208419799804687500
0.0000000000000000000000000000000000000000
0.0000000000000000000000000000000000000000
0.0000000000000000000000000000000000000000
0.0000000000000000000000000000000000000000
0.0000000000000000000000000000000000000000
0.0000000000000000000000000000000000000000
0.0000000000000000000000000000000000000000
0.0000000000000000000000000000000000000000
0.0000000000000000000000000000000000000000
0.0000000000000000000000000000000000000000
0.0000000000000000000000000000000000000000
0.0000000000000000000000000000000000000000
0.0000000000000000000000000000000000000000
0.0000000000000000000000000000000000000000
0.0000000000000000000000000000000000000000
0.0000000000000000000000000000000000000000
0.0000000000000000000000000000000000000000
0.0000000000000000000000000000000000000000
0.0000000000000000000000000000000000000000
0.0000000000000000000000000000000000000000
0.0000000000000000000000000000000000000000
0.0000000000000000000000000000000000000000
0.0000000000000000000000000000000000000000
0.0000000000000000000000000000000000000000
0.0000000000000000000000000000000000000000
0.0000000000000000000000000000000000000000
0.0000000000000000000000000000000000000000
0.0000000000000000000000000000000000000000
0.0000000000000000000000000000000000000000
0.0000000000000000000000000000000000000000
0.0000000000000000000000000000000000000000
0.0000000000000000000000000000000000000000
0.0000000000000000000000000000000000000000
0.0000000000000000000000000000000000000000
0.0000000000000000000000000000000000000000
0.0000000000000000000000000000000000000000
0.0000000000000000000000000000000000000000
0.0000000000000000000000000000000000000000
0.0000000000000000000000000000000000000000
0.0000000000000000000000000000000000000000
0.0000000000000000000000000000000000000000
0.0000000000000000000000000000000000000000
0.0000000000000000000000000000000000000000
0.0000000000000000000000000000000000000000
0.0000000000000000000000000000000000000000
0.0000000000000000000000000000000000000000
0.0000000000000000000000000000000000000000
0.0000000000000000000000000000000000000000
0.0000000000000000000000000000000000000000
0.0000000000000000000000000000000000000000
0.0000000000000000000000000000000000000000
0.0000000000000000000000000000000000000000
0.0000000000000000000000000000000000000000
0.0000000000000000000000000000000000000000
0.0000000000000000000000000000000000000000
0.0000000000000000000000000000000000000000
0.0000000000000000000000000000000000000000
0.0000000000000000000000000000000000000000
0.0000000000000000000000000000000000000000
0.0000000000000000000000000000000000000000
0.0000000000000000000000000000000000000000
0.0000000000000000000000000000000000000000
0.0000000000000000000000000000000000000000
0.0000000000000000000000000000000000000000
0.0000000000000000000000000000000000000000
0.0000000000000000000000000000000000000000
0.0000000000000000000000000000000000000000
0.0000000000000000000000000000000000000000
0.0000000000000000000000000000000000000000
0.0000000000000000000000000000000000000000
0.0000000000000000000000000000000000000000
0.0000000000000000000000000000000000000000
0.0000000000000000000000000000000000000000
0.0000000000000000000000000000000000000000
0.0000000000000000000000000000000000000000
0.0000000000000000000000000000000000000000
0.0000000000000000000000000000000000000000
0.0000000000000000000000000000000000000000
0.0000236195955949369817972183227539062500
0.0003621671930886805057525634765625000000
0.0028028592932969331741333007812500000000
0.0144814373925328254699707031250000000000
0.0558900907635688781738281250000000000000
0.1711948364973068237304687500000000000000
0.4323136806488037109375000000000000000000
0.9241703152656555175781250000000000000000
1.7063726186752319335937500000000000000000
2.7668850421905517578125000000000000000000
4.0000000000000000000000000000000000000000
3.0000000000000000000000000000000000000000
2.0751636028289794921875000000000000000000
1.2797796726226806640625000000000000000000
0.6931277513504028320312500000000000000000
0.3242352604866027832031250000000000000000
0.1283961385488510131835937500000000000000
0.0419175773859024047851562500000000000000
0.0108610810711979866027832031250000000000
0.0021021442953497171401977539062500000000
0.0002716254093684256076812744140625000000
0.0000177146976056974381208419799804687500
0.0000000000000000000000000000000000000000
0.0000000000000000000000000000000000000000
0.0000000000000000000000000000000000000000
0.0000000000000000000000000000000000000000
0.0000000000000000000000000000000000000000
0.0000000000000000000000000000000000000000
0.0000000000000000000000000000000000000000
0.0000000000000000000000000000000000000000
0.0000000000000000000000000000000000000000
0.0000000000000000000000000000000000000000
0.0000000000000000000000000000000000000000
0.0000000000000000000000000000000000000000
0.0000000000000000000000000000000000000000
0.0000000000000000000000000000000000000000
0.0000000000000000000000000000000000000000
0.0000000000000000000000000000000000000000
0.0000000000000000000000000000000000000000
0.0000000000000000000000000000000000000000
0.0000000000000000000000000000000000000000
0.0000000000000000000000000000000000000000
0.0000000000000000000000000000000000000000
0.0000000000000000000000000000000000000000
0.0000000000000000000000000000000000000000
0.0000000000000000000000000000000000000000
0.0000000000000000000000000000000000000000
0.0000000000000000000000000000000000000000
0.0000000000000000000000000000000000000000
0.0000000000000000000000000000000000000000
0.0000000000000000000000000000000000000000
0.0000000000000000000000000000000000000000
0.0000000000000000000000000000000000000000
0.0000000000000000000000000000000000000000
0.0000000000000000000000000000000000000000
0.0000000000000000000000000000000000000000
0.0000000000000000000000000000000000000000
0.0000000000000000000000000000000000000000
0.0000000000000000000000000000000000000000
0.0000000000000000000000000000000000000000
0.0000000000000000000000000000000000000000
0.0000000000000000000000000000000000000000
0.0000000000000000000000000000000000000000
0.0000000000000000000000000000000000000000
0.0000000000000000000000000000000000000000
0.0000000000000000000000000000000000000000
0.0000000000000000000000000000000000000000
0.0000000000000000000000000000000000000000
0.0000000000000000000000000000000000000000
0.0000000000000000000000000000000000000000
0.0000000000000000000000000000000000000000
0.0000000000000000000000000000000000000000
0.0000000000000000000000000000000000000000
0.0000000000000000000000000000000000000000
0.0000000000000000000000000000000000000000
0.0000000000000000000000000000000000000000
0.0000000000000000000000000000000000000000
0.0000000000000000000000000000000000000000
0.0000000000000000000000000000000000000000
0.0000000000000000000000000000000000000000
0.0000000000000000000000000000000000000000
0.0000000000000000000000000000000000000000
0.0000000000000000000000000000000000000000
0.0000000000000000000000000000000000000000
0.0000000000000000000000000000000000000000
0.0000000000000000000000000000000000000000
0.0000000000000000000000000000000000000000
0.0000000000000000000000000000000000000000
0.0000000000000000000000000000000000000000
0.0000000000000000000000000000000000000000
0.0000000000000000000000000000000000000000
0.0000000000000000000000000000000000000000
0.0000000000000000000000000000000000000000
0.0000000000000000000000000000000000000000
0.0000000000000000000000000000000000000000
0.0000000000000000000000000000000000000000
0.0000000000000000000000000000000000000000
0.0000000000000000000000000000000000000000
0.0000000000000000000000000000000000000000
0.0000000000000000000000000000000000000000
0.0000236195955949369817972183227539062500
0.0003621671930886805057525634765625000000
0.0028028592932969331741333007812500000000
0.0144814373925328254699707031250000000000
0.0558900907635688781738281250000000000000
0.1711948364973068237304687500000000000000
0.4323136806488037109375000000000000000000
0.9241703152656555175781250000000000000000
1.7063726186752319335937500000000000000000
2.7668850421905517578125000000000000000000
4.0000000000000000000000000000000000000000
3.0000000000000000000000000000000000000000
2.0751636028289794921875000000000000000000
1.2797796726226806640625000000000000000000
0.6931277513504028320312500000000000000000
0.3242352604866027832031250000000000000000
0.1283961385488510131835937500000000000000
0.0419175773859024047851562500000000000000
0.0108610810711979866027832031250000000000
0.0021021442953497171401977539062500000000
0.0002716254093684256076812744140625000000
0.0000177146976056974381208419799804687500
0.0000000000000000000000000000000000000000
0.0000000000000000000000000000000000000000
0.0000000000000000000000000000000000000000
0.0000000000000000000000000000000000000000
0.0000000000000000000000000000000000000000
0.0000000000000000000000000000000000000000
0.0000000000000000000000000000000000000000
0.0000000000000000000000000000000000000000
0.0000000000000000000000000000000000000000
0.0000000000000000000000000000000000000000
0.0000000000000000000000000000000000000000
0.0000000000000000000000000000000000000000
0.0000000000000000000000000000000000000000
0.0000000000000000000000000000000000000000
0.0000000000000000000000000000000000000000
0.0000000000000000000000000000000000000000
0.0000000000000000000000000000000000000000
0.0000000000000000000000000000000000000000
0.0000000000000000000000000000000000000000
0.0000000000000000000000000000000000000000
0.0000000000000000000000000000000000000000
0.0000000000000000000000000000000000000000
0.0000000000000000000000000000000000000000
0.0000000000000000000000000000000000000000
0.0000000000000000000000000000000000000000
0.0000000000000000000000000000000000000000
0.0000000000000000000000000000000000000000
0.0000000000000000000000000000000000000000
0.0000000000000000000000000000000000000000
0.0000000000000000000000000000000000000000
0.0000000000000000000000000000000000000000
0.0000000000000000000000000000000000000000
0.0000000000000000000000000000000000000000
0.0000000000000000000000000000000000000000
0.0000000000000000000000000000000000000000
0.0000000000000000000000000000000000000000
0.0000000000000000000000000000000000000000
0.0000000000000000000000000000000000000000
0.0000000000000000000000000000000000000000
0.0000000000000000000000000000000000000000
0.0000000000000000000000000000000000000000
0.0000000000000000000000000000000000000000
0.0000000000000000000000000000000000000000
0.0000000000000000000000000000000000000000
0.0000000000000000000000000000000000000000
0.0000000000000000000000000000000000000000
0.0000000000000000000000000000000000000000
0.0000000000000000000000000000000000000000
0.0000000000000000000000000000000000000000
0.0000000000000000000000000000000000000000
0.0000000000000000000000000000000000000000
0.0000000000000000000000000000000000000000
0.0000000000000000000000000000000000000000
0.0000000000000000000000000000000000000000
0.0000000000000000000000000000000000000000
0.0000000000000000000000000000000000000000
0.0000000000000000000000000000000000000000
0.0000000000000000000000000000000000000000
0.0000000000000000000000000000000000000000
0.0000000000000000000000000000000000000000
0.0000000000000000000000000000000000000000
0.0000000000000000000000000000000000000000
0.0000000000000000000000000000000000000000
0.0000000000000000000000000000000000000000
0.0000000000000000000000000000000000000000
0.0000000000000000000000000000000000000000
0.0000000000000000000000000000000000000000
0.0000000000000000000000000000000000000000
0.0000000000000000000000000000000000000000
0.0000000000000000000000000000000000000000
0.0000000000000000000000000000000000000000
0.0000000000000000000000000000000000000000
0.0000000000000000000000000000000000000000
0.0000000000000000000000000000000000000000
0.0000000000000000000000000000000000000000
0.0000000000000000000000000000000000000000
0.0000000000000000000000000000000000000000
0.0000000000000000000000000000000000000000
0.0000236195955949369817972183227539062500
0.0003621671930886805057525634765625000000
0.0028028592932969331741333007812500000000
0.0144814373925328254699707031250000000000
0.0558900907635688781738281250000000000000
0.1711948364973068237304687500000000000000
0.4323136806488037109375000000000000000000
0.9241703152656555175781250000000000000000
1.7063726186752319335937500000000000000000
2.7668850421905517578125000000000000000000
4.0000000000000000000000000000000000000000
3.0000000000000000000000000000000000000000
2.0751636028289794921875000000000000000000
1.2797796726226806640625000000000000000000
0.6931277513504028320312500000000000000000
0.3242352604866027832031250000000000000000
0.1283961385488510131835937500000000000000
0.0419175773859024047851562500000000000000
0.0108610810711979866027832031250000000000
0.0021021442953497171401977539062500000000
0.0002716254093684256076812744140625000000
0.0000177146976056974381208419799804687500
0.0000000000000000000000000000000000000000
0.0000000000000000000000000000000000000000
0.0000000000000000000000000000000000000000
0.0000000000000000000000000000000000000000
0.0000000000000000000000000000000000000000
0.0000000000000000000000000000000000000000
0.0000000000000000000000000000000000000000
0.0000000000000000000000000000000000000000
0.0000000000000000000000000000000000000000
0.0000000000000000000000000000000000000000
0.0000000000000000000000000000000000000000
0.0000000000000000000000000000000000000000
0.0000000000000000000000000000000000000000
0.0000000000000000000000000000000000000000
0.0000000000000000000000000000000000000000
0.0000000000000000000000000000000000000000
0.0000000000000000000000000000000000000000
0.0000000000000000000000000000000000000000
0.0000000000000000000000000000000000000000
0.0000000000000000000000000000000000000000
0.0000000000000000000000000000000000000000
0.0000000000000000000000000000000000000000
0.0000000000000000000000000000000000000000
0.0000000000000000000000000000000000000000
0.0000000000000000000000000000000000000000
0.0000000000000000000000000000000000000000
0.0000000000000000000000000000000000000000
0.0000000000000000000000000000000000000000
0.0000000000000000000000000000000000000000
0.0000000000000000000000000000000000000000
0.0000000000000000000000000000000000000000
0.0000000000000000000000000000000000000000
0.0000000000000000000000000000000000000000
0.0000000000000000000000000000000000000000
0.0000000000000000000000000000000000000000
0.0000000000000000000000000000000000000000
0.0000000000000000000000000000000000000000
0.0000000000000000000000000000000000000000
0.0000000000000000000000000000000000000000
0.0000000000000000000000000000000000000000
0.0000000000000000000000000000000000000000
0.0000000000000000000000000000000000000000
0.0000000000000000000000000000000000000000
0.0000000000000000000000000000000000000000
0.0000000000000000000000000000000000000000
0.0000000000000000000000000000000000000000
0.0000000000000000000000000000000000000000
0.0000000000000000000000000000000000000000
0.0000000000000000000000000000000000000000
0.0000000000000000000000000000000000000000
0.0000000000000000000000000000000000000000
0.0000000000000000000000000000000000000000
0.0000000000000000000000000000000000000000
0.0000000000000000000000000000000000000000
0.0000000000000000000000000000000000000000
0.0000000000000000000000000000000000000000
0.0000000000000000000000000000000000000000
0.0000000000000000000000000000000000000000
0.0000000000000000000000000000000000000000
0.0000000000000000000000000000000000000000
0.0000000000000000000000000000000000000000
0.0000000000000000000000000000000000000000
0.0000000000000000000000000000000000000000
0.0000000000000000000000000000000000000000
0.0000000000000000000000000000000000000000
0.0000000000000000000000000000000000000000
0.0000000000000000000000000000000000000000
0.0000000000000000000000000000000000000000
0.0000000000000000000000000000000000000000
0.0000000000000000000000000000000000000000
0.0000000000000000000000000000000000000000
0.0000000000000000000000000000000000000000
0.0000000000000000000000000000000000000000
0.0000000000000000000000000000000000000000
0.0000000000000000000000000000000000000000
0.0000000000000000000000000000000000000000
0.0000000000000000000000000000000000000000
0.0000000000000000000000000000000000000000
0.0000236195955949369817972183227539062500
0.0003621671930886805057525634765625000000
0.0028028592932969331741333007812500000000
0.0144814373925328254699707031250000000000
0.0558900907635688781738281250000000000000
0.1711948364973068237304687500000000000000
0.4323136806488037109375000000000000000000
0.9241703152656555175781250000000000000000
1.7063726186752319335937500000000000000000
2.7668850421905517578125000000000000000000
4.0000000000000000000000000000000000000000
3.0000000000000000000000000000000000000000
2.0751636028289794921875000000000000000000
1.2797796726226806640625000000000000000000
0.6931277513504028320312500000000000000000
0.3242352604866027832031250000000000000000
0.1283961385488510131835937500000000000000
0.0419175773859024047851562500000000000000
0.0108610810711979866027832031250000000000
0.0021021442953497171401977539062500000000
0.0002716254093684256076812744140625000000
0.0000177146976056974381208419799804687500
0.0000000000000000000000000000000000000000
0.0000000000000000000000000000000000000000
0.0000000000000000000000000000000000000000
0.0000000000000000000000000000000000000000
0.0000000000000000000000000000000000000000
0.0000000000000000000000000000000000000000
0.0000000000000000000000000000000000000000
0.0000000000000000000000000000000000000000
0.0000000000000000000000000000000000000000
0.0000000000000000000000000000000000000000
0.0000000000000000000000000000000000000000
0.0000000000000000000000000000000000000000
0.0000000000000000000000000000000000000000
0.0000000000000000000000000000000000000000
0.0000000000000000000000000000000000000000
0.0000000000000000000000000000000000000000
0.0000000000000000000000000000000000000000
0.0000000000000000000000000000000000000000
0.0000000000000000000000000000000000000000
0.0000000000000000000000000000000000000000
0.0000000000000000000000000000000000000000
0.0000000000000000000000000000000000000000
0.0000000000000000000000000000000000000000
0.0000000000000000000000000000000000000000
0.0000000000000000000000000000000000000000
0.0000000000000000000000000000000000000000
0.0000000000000000000000000000000000000000
0.0000000000000000000000000000000000000000
0.0000000000000000000000000000000000000000
0.0000000000000000000000000000000000000000
0.0000000000000000000000000000000000000000
0.0000000000000000000000000000000000000000
0.0000000000000000000000000000000000000000
0.0000000000000000000000000000000000000000
0.0000000000000000000000000000000000000000
0.0000000000000000000000000000000000000000
0.0000000000000000000000000000000000000000
0.0000000000000000000000000000000000000000
0.0000000000000000000000000000000000000000
0.0000000000000000000000000000000000000000
0.0000000000000000000000000000000000000000
0.0000000000000000000000000000000000000000
0.0000000000000000000000000000000000000000
0.0000000000000000000000000000000000000000
0.0000000000000000000000000000000000000000
0.0000000000000000000000000000000000000000
0.0000000000000000000000000000000000000000
0.0000000000000000000000000000000000000000
0.0000000000000000000000000000000000000000
0.0000000000000000000000000000000000000000
0.0000000000000000000000000000000000000000
0.0000000000000000000000000000000000000000
0.0000000000000000000000000000000000000000
0.0000000000000000000000000000000000000000
0.0000000000000000000000000000000000000000
0.0000000000000000000000000000000000000000
0.0000000000000000000000000000000000000000
0.0000000000000000000000000000000000000000
0.0000000000000000000000000000000000000000
0.0000000000000000000000000000000000000000
0.0000000000000000000000000000000000000000
0.0000000000000000000000000000000000000000
0.0000000000000000000000000000000000000000
0.0000000000000000000000000000000000000000
0.0000000000000000000000000000000000000000
0.0000000000000000000000000000000000000000
0.0000000000000000000000000000000000000000
0.0000000000000000000000000000000000000000
0.0000000000000000000000000000000000000000
0.0000000000000000000000000000000000000000
0.0000000000000000000000000000000000000000
0.0000000000000000000000000000000000000000
0.0000000000000000000000000000000000000000
0.0000000000000000000000000000000000000000
0.0000000000000000000000000000000000000000
0.0000000000000000000000000000000000000000
0.0000000000000000000000000000000000000000
0.0000000000000000000000000000000000000000
0.0000236195955949369817972183227539062500
0.0003621671930886805057525634765625000000
0.0028028592932969331741333007812500000000
0.0144814373925328254699707031250000000000
0.0558900907635688781738281250000000000000
0.1711948364973068237304687500000000000000
0.4323136806488037109375000000000000000000
0.9241703152656555175781250000000000000000
1.7063726186752319335937500000000000000000
2.7668850421905517578125000000000000000000
4.0000000000000000000000000000000000000000
3.0000000000000000000000000000000000000000
2.0751636028289794921875000000000000000000
1.2797796726226806640625000000000000000000
0.6931277513504028320312500000000000000000
0.3242352604866027832031250000000000000000
0.1283961385488510131835937500000000000000
0.0419175773859024047851562500000000000000
0.0108610810711979866027832031250000000000
0.0021021442953497171401977539062500000000
0.0002716254093684256076812744140625000000
0.0000177146976056974381208419799804687500
0.0000000000000000000000000000000000000000
0.0000000000000000000000000000000000000000
0.0000000000000000000000000000000000000000
0.0000000000000000000000000000000000000000
0.0000000000000000000000000000000000000000
0.0000000000000000000000000000000000000000
0.0000000000000000000000000000000000000000
0.0000000000000000000000000000000000000000
0.0000000000000000000000000000000000000000
0.0000000000000000000000000000000000000000
0.0000000000000000000000000000000000000000
0.0000000000000000000000000000000000000000
0.0000000000000000000000000000000000000000
0.0000000000000000000000000000000000000000
0.0000000000000000000000000000000000000000
0.0000000000000000000000000000000000000000
0.0000000000000000000000000000000000000000
0.0000000000000000000000000000000000000000
0.0000000000000000000000000000000000000000
0.0000000000000000000000000000000000000000
0.0000000000000000000000000000000000000000
0.0000000000000000000000000000000000000000
0.0000000000000000000000000000000000000000
0.0000000000000000000000000000000000000000
0.0000000000000000000000000000000000000000
0.0000000000000000000000000000000000000000
0.0000000000000000000000000000000000000000
0.0000000000000000000000000000000000000000
0.0000000000000000000000000000000000000000
0.0000000000000000000000000000000000000000
0.0000000000000000000000000000000000000000
0.0000000000000000000000000000000000000000
0.0000000000000000000000000000000000000000
0.0000000000000000000000000000000000000000
0.0000000000000000000000000000000000000000
0.0000000000000000000000000000000000000000
0.0000000000000000000000000000000000000000
0.0000000000000000000000000000000000000000
0.0000000000000000000000000000000000000000
0.0000000000000000000000000000000000000000
0.0000000000000000000000000000000000000000
0.0000000000000000000000000000000000000000
0.0000000000000000000000000000000000000000
0.0000000000000000000000000000000000000000
0.0000000000000000000000000000000000000000
0.0000000000000000000000000000000000000000
0.0000000000000000000000000000000000000000
0.0000000000000000000000000000000000000000
0.0000000000000000000000000000000000000000
0.0000000000000000000000000000000000000000
0.0000000000000000000000000000000000000000
0.0000000000000000000000000000000000000000
0.0000000000000000000000000000000000000000
0.0000000000000000000000000000000000000000
0.0000000000000000000000000000000000000000
0.0000000000000000000000000000000000000000
0.0000000000000000000000000000000000000000
0.0000000000000000000000000000000000000000
0.0000000000000000000000000000000000000000
0.0000000000000000000000000000000000000000
0.0000000000000000000000000000000000000000
0.0000000000000000000000000000000000000000
0.0000000000000000000000000000000000000000
0.0000000000000000000000000000000000000000
0.0000000000000000000000000000000000000000
0.0000000000000000000000000000000000000000
0.0000000000000000000000000000000000000000
0.0000000000000000000000000000000000000000
0.0000000000000000000000000000000000000000
0.0000000000000000000000000000000000000000
0.0000000000000000000000000000000000000000
0.0000000000000000000000000000000000000000
0.0000000000000000000000000000000000000000
0.0000000000000000000000000000000000000000
0.0000000000000000000000000000000000000000
0.0000000000000000000000000000000000000000
0.0000000000000000000000000000000000000000
0.0000000000000000000000000000000000000000
0.0000236195955949369817972183227539062500
0.0003621671930886805057525634765625000000
0.0028028592932969331741333007812500000000
0.0144814373925328254699707031250000000000
0.0558900907635688781738281250000000000000
0.1711948364973068237304687500000000000000
0.4323136806488037109375000000000000000000
0.9241703152656555175781250000000000000000
1.7063726186752319335937500000000000000000
2.7668850421905517578125000000000000000000
4.0000000000000000000000000000000000000000
3.0000000000000000000000000000000000000000
2.0751636028289794921875000000000000000000
1.2797796726226806640625000000000000000000
0.6931277513504028320312500000000000000000
0.3242352604866027832031250000000000000000
0.1283961385488510131835937500000000000000
0.0419175773859024047851562500000000000000
0.0108610810711979866027832031250000000000
0.0021021442953497171401977539062500000000
0.0002716254093684256076812744140625000000
0.0000177146976056974381208419799804687500
0.0000000000000000000000000000000000000000
0.0000000000000000000000000000000000000000
0.0000000000000000000000000000000000000000
0.0000000000000000000000000000000000000000
0.0000000000000000000000000000000000000000
0.0000000000000000000000000000000000000000
0.0000000000000000000000000000000000000000
0.0000000000000000000000000000000000000000
0.0000000000000000000000000000000000000000
0.0000000000000000000000000000000000000000
0.0000000000000000000000000000000000000000
0.0000000000000000000000000000000000000000
0.0000000000000000000000000000000000000000
0.0000000000000000000000000000000000000000
0.0000000000000000000000000000000000000000
0.0000000000000000000000000000000000000000
0.0000000000000000000000000000000000000000
0.0000000000000000000000000000000000000000
0.0000000000000000000000000000000000000000
0.0000000000000000000000000000000000000000
0.0000000000000000000000000000000000000000
0.0000000000000000000000000000000000000000
0.0000000000000000000000000000000000000000
0.0000000000000000000000000000000000000000
0.0000000000000000000000000000000000000000
0.0000000000000000000000000000000000000000
0.0000000000000000000000000000000000000000
0.0000000000000000000000000000000000000000
0.0000000000000000000000000000000000000000
0.0000000000000000000000000000000000000000
0.0000000000000000000000000000000000000000
0.0000000000000000000000000000000000000000
0.0000000000000000000000000000000000000000
0.0000000000000000000000000000000000000000
0.0000000000000000000000000000000000000000
0.0000000000000000000000000000000000000000
0.0000000000000000000000000000000000000000
0.0000000000000000000000000000000000000000
0.0000000000000000000000000000000000000000
0.0000000000000000000000000000000000000000
0.0000000000000000000000000000000000000000
0.0000000000000000000000000000000000000000
0.0000000000000000000000000000000000000000
0.0000000000000000000000000000000000000000
0.0000000000000000000000000000000000000000
0.0000000000000000000000000000000000000000
0.0000000000000000000000000000000000000000
0.0000000000000000000000000000000000000000
0.0000000000000000000000000000000000000000
0.0000000000000000000000000000000000000000
0.0000000000000000000000000000000000000000
0.0000000000000000000000000000000000000000
0.0000000000000000000000000000000000000000
0.0000000000000000000000000000000000000000
0.0000000000000000000000000000000000000000
0.0000000000000000000000000000000000000000
0.0000000000000000000000000000000000000000
0.0000000000000000000000000000000000000000
0.0000000000000000000000000000000000000000
0.0000000000000000000000000000000000000000
0.0000000000000000000000000000000000000000
0.0000000000000000000000000000000000000000
0.0000000000000000000000000000000000000000
0.0000000000000000000000000000000000000000
0.0000000000000000000000000000000000000000
0.0000000000000000000000000000000000000000
0.0000000000000000000000000000000000000000
0.0000000000000000000000000000000000000000
0.0000000000000000000000000000000000000000
0.0000000000000000000000000000000000000000
0.0000000000000000000000000000000000000000
0.0000000000000000000000000000000000000000
0.0000000000000000000000000000000000000000
0.0000000000000000000000000000000000000000
0.0000000000000000000000000000000000000000
0.0000000000000000000000000000000000000000
0.0000000000000000000000000000000000000000
0.0000000000000000000000000000000000000000
0.0000236195955949369817972183227539062500
0.0003621671930886805057525634765625000000
0.0028028592932969331741333007812500000000
0.0144814373925328254699707031250000000000
0.0558900907635688781738281250000000000000
0.1711948364973068237304687500000000000000
0.4323136806488037109375000000000000000000
0.9241703152656555175781250000000000000000
1.7063726186752319335937500000000000000000
2.7668850421905517578125000000000000000000
4.0000000000000000000000000000000000000000
3.0000000000000000000000000000000000000000
2.0751636028289794921875000000000000000000
1.2797796726226806640625000000000000000000
0.6931277513504028320312500000000000000000
0.3242352604866027832031250000000000000000
0.1283961385488510131835937500000000000000
0.0419175773859024047851562500000000000000
0.0108610810711979866027832031250000000000
0.0021021442953497171401977539062500000000
0.0002716254093684256076812744140625000000
0.0000177146976056974381208419799804687500
0.0000000000000000000000000000000000000000
0.0000000000000000000000000000000000000000
0.0000000000000000000000000000000000000000
0.0000000000000000000000000000000000000000
0.0000000000000000000000000000000000000000
0.0000000000000000000000000000000000000000
0.0000000000000000000000000000000000000000
0.0000000000000000000000000000000000000000
0.0000000000000000000000000000000000000000
0.0000000000000000000000000000000000000000
0.0000000000000000000000000000000000000000
0.0000000000000000000000000000000000000000
0.0000000000000000000000000000000000000000
0.0000000000000000000000000000000000000000
0.0000000000000000000000000000000000000000
0.0000000000000000000000000000000000000000
0.0000000000000000000000000000000000000000
0.0000000000000000000000000000000000000000
0.0000000000000000000000000000000000000000
0.0000000000000000000000000000000000000000
0.0000000000000000000000000000000000000000
0.0000000000000000000000000000000000000000
0.0000000000000000000000000000000000000000
0.0000000000000000000000000000000000000000
0.0000000000000000000000000000000000000000
0.0000000000000000000000000000000000000000
0.0000000000000000000000000000000000000000
0.0000000000000000000000000000000000000000
0.0000000000000000000000000000000000000000
0.0000000000000000000000000000000000000000
0.0000000000000000000000000000000000000000
0.0000000000000000000000000000000000000000
0.0000000000000000000000000000000000000000
0.0000000000000000000000000000000000000000
0.0000000000000000000000000000000000000000
0.0000000000000000000000000000000000000000
0.0000000000000000000000000000000000000000
0.0000000000000000000000000000000000000000
0.0000000000000000000000000000000000000000
0.0000000000000000000000000000000000000000
0.0000000000000000000000000000000000000000
0.0000000000000000000000000000000000000000
0.0000000000000000000000000000000000000000
0.0000000000000000000000000000000000000000
0.0000000000000000000000000000000000000000
0.0000000000000000000000000000000000000000
0.0000000000000000000000000000000000000000
0.0000000000000000000000000000000000000000
0.0000000000000000000000000000000000000000
0.0000000000000000000000000000000000000000
0.0000000000000000000000000000000000000000
0.0000000000000000000000000000000000000000
0.0000000000000000000000000000000000000000
0.0000000000000000000000000000000000000000
0.0000000000000000000000000000000000000000
0.0000000000000000000000000000000000000000
0.0000000000000000000000000000000000000000
0.0000000000000000000000000000000000000000
0.0000000000000000000000000000000000000000
0.0000000000000000000000000000000000000000
0.0000000000000000000000000000000000000000
0.0000000000000000000000000000000000000000
0.0000000000000000000000000000000000000000
0.0000000000000000000000000000000000000000
0.0000000000000000000000000000000000000000
0.0000000000000000000000000000000000000000
0.0000000000000000000000000000000000000000
0.0000000000000000000000000000000000000000
0.0000000000000000000000000000000000000000
0.0000000000000000000000000000000000000000
0.0000000000000000000000000000000000000000
0.0000000000000000000000000000000000000000
0.0000000000000000000000000000000000000000
0.0000000000000000000000000000000000000000
0.0000000000000000000000000000000000000000
0.0000000000000000000000000000000000000000
0.0000000000000000000000000000000000000000
0.0000000000000000000000000000000000000000
0.0000236195955949369817972183227539062500
0.0003621671930886805057525634765625000000
0.0028028592932969331741333007812500000000
0.0144814373925328254699707031250000000000
0.0558900907635688781738281250000000000000
0.1711948364973068237304687500000000000000
0.4323136806488037109375000000000000000000
0.9241703152656555175781250000000000000000
1.7063726186752319335937500000000000000000
2.7668850421905517578125000000000000000000
4.0000000000000000000000000000000000000000
3.0000000000000000000000000000000000000000
2.0751636028289794921875000000000000000000
1.2797796726226806640625000000000000000000
0.6931277513504028320312500000000000000000
0.3242352604866027832031250000000000000000
0.1283961385488510131835937500000000000000
0.0419175773859024047851562500000000000000
0.0108610810711979866027832031250000000000
0.0021021442953497171401977539062500000000
0.0002716254093684256076812744140625000000
0.0000177146976056974381208419799804687500
0.0000000000000000000000000000000000000000
0.0000000000000000000000000000000000000000
0.0000000000000000000000000000000000000000
0.0000000000000000000000000000000000000000
0.0000000000000000000000000000000000000000
0.0000000000000000000000000000000000000000
0.0000000000000000000000000000000000000000
0.0000000000000000000000000000000000000000
0.0000000000000000000000000000000000000000
0.0000000000000000000000000000000000000000
0.0000000000000000000000000000000000000000
0.0000000000000000000000000000000000000000
0.0000000000000000000000000000000000000000
0.0000000000000000000000000000000000000000
0.0000000000000000000000000000000000000000
0.0000000000000000000000000000000000000000
0.0000000000000000000000000000000000000000
0.0000000000000000000000000000000000000000
0.0000000000000000000000000000000000000000
0.0000000000000000000000000000000000000000
0.0000000000000000000000000000000000000000
0.0000000000000000000000000000000000000000
0.0000000000000000000000000000000000000000
0.0000000000000000000000000000000000000000
0.0000000000000000000000000000000000000000
0.0000000000000000000000000000000000000000
0.0000000000000000000000000000000000000000
0.0000000000000000000000000000000000000000
0.0000000000000000000000000000000000000000
0.0000000000000000000000000000000000000000
0.0000000000000000000000000000000000000000
0.0000000000000000000000000000000000000000
0.0000000000000000000000000000000000000000
0.0000000000000000000000000000000000000000
0.0000000000000000000000000000000000000000
0.0000000000000000000000000000000000000000
0.0000000000000000000000000000000000000000
0.0000000000000000000000000000000000000000
0.0000000000000000000000000000000000000000
0.0000000000000000000000000000000000000000
0.0000000000000000000000000000000000000000
0.0000000000000000000000000000000000000000
0.0000000000000000000000000000000000000000
0.0000000000000000000000000000000000000000
0.0000000000000000000000000000000000000000
0.0000000000000000000000000000000000000000
0.0000000000000000000000000000000000000000
0.0000000000000000000000000000000000000000
0.0000000000000000000000000000000000000000
0.0000000000000000000000000000000000000000
0.0000000000000000000000000000000000000000
0.0000000000000000000000000000000000000000
0.0000000000000000000000000000000000000000
0.0000000000000000000000000000000000000000
0.0000000000000000000000000000000000000000
0.0000000000000000000000000000000000000000
0.0000000000000000000000000000000000000000
0.0000000000000000000000000000000000000000
0.0000000000000000000000000000000000000000
0.0000000000000000000000000000000000000000
0.0000000000000000000000000000000000000000
0.0000000000000000000000000000000000000000
0.0000000000000000000000000000000000000000
0.0000000000000000000000000000000000000000
0.0000000000000000000000000000000000000000
0.0000000000000000000000000000000000000000
0.0000000000000000000000000000000000000000
0.0000000000000000000000000000000000000000
0.0000000000000000000000000000000000000000
0.0000000000000000000000000000000000000000
0.0000000000000000000000000000000000000000
0.0000000000000000000000000000000000000000
0.0000000000000000000000000000000000000000
0.0000000000000000000000000000000000000000
0.0000000000000000000000000000000000000000
0.0000000000000000000000000000000000000000
0.0000000000000000000000000000000000000000
0.0000000000000000000000000000000000000000
0.0000236195955949369817972183227539062500
0.0003621671930886805057525634765625000000
0.0028028592932969331741333007812500000000
0.0144814373925328254699707031250000000000
0.0558900907635688781738281250000000000000
0.1711948364973068237304687500000000000000
0.4323136806488037109375000000000000000000
0.9241703152656555175781250000000000000000
1.7063726186752319335937500000000000000000
2.7668850421905517578125000000000000000000
4.0000000000000000000000000000000000000000
3.0000000000000000000000000000000000000000
2.0751636028289794921875000000000000000000
1.2797796726226806640625000000000000000000
0.6931277513504028320312500000000000000000
0.3242352604866027832031250000000000000000
0.1283961385488510131835937500000000000000
0.0419175773859024047851562500000000000000
0.0108610810711979866027832031250000000000
0.0021021442953497171401977539062500000000
0.0002716254093684256076812744140625000000
0.0000177146976056974381208419799804687500
0.0000000000000000000000000000000000000000
0.0000000000000000000000000000000000000000
0.0000000000000000000000000000000000000000
0.0000000000000000000000000000000000000000
0.0000000000000000000000000000000000000000
0.0000000000000000000000000000000000000000
0.0000000000000000000000000000000000000000
0.0000000000000000000000000000000000000000
0.0000000000000000000000000000000000000000
0.0000000000000000000000000000000000000000
0.0000000000000000000000000000000000000000
0.0000000000000000000000000000000000000000
0.0000000000000000000000000000000000000000
0.0000000000000000000000000000000000000000
0.0000000000000000000000000000000000000000
0.0000000000000000000000000000000000000000
0.0000000000000000000000000000000000000000
0.0000000000000000000000000000000000000000
0.0000000000000000000000000000000000000000
0.0000000000000000000000000000000000000000
0.0000000000000000000000000000000000000000
0.0000000000000000000000000000000000000000
0.0000000000000000000000000000000000000000
0.0000000000000000000000000000000000000000
0.0000000000000000000000000000000000000000
0.0000000000000000000000000000000000000000
0.0000000000000000000000000000000000000000
0.0000000000000000000000000000000000000000
0.0000000000000000000000000000000000000000
0.0000000000000000000000000000000000000000
0.0000000000000000000000000000000000000000
0.0000000000000000000000000000000000000000
0.0000000000000000000000000000000000000000
0.0000000000000000000000000000000000000000
0.0000000000000000000000000000000000000000
0.0000000000000000000000000000000000000000
0.0000000000000000000000000000000000000000
0.0000000000000000000000000000000000000000
0.0000000000000000000000000000000000000000
0.0000000000000000000000000000000000000000
0.0000000000000000000000000000000000000000
0.0000000000000000000000000000000000000000
0.0000000000000000000000000000000000000000
0.0000000000000000000000000000000000000000
0.0000000000000000000000000000000000000000
0.0000000000000000000000000000000000000000
0.0000000000000000000000000000000000000000
0.0000000000000000000000000000000000000000
0.0000000000000000000000000000000000000000
0.0000000000000000000000000000000000000000
0.0000000000000000000000000000000000000000
0.0000000000000000000000000000000000000000
0.0000000000000000000000000000000000000000
0.0000000000000000000000000000000000000000
0.0000000000000000000000000000000000000000
0.0000000000000000000000000000000000000000
0.0000000000000000000000000000000000000000
0.0000000000000000000000000000000000000000
0.0000000000000000000000000000000000000000
0.0000000000000000000000000000000000000000
0.0000000000000000000000000000000000000000
0.0000000000000000000000000000000000000000
0.0000000000000000000000000000000000000000
0.0000000000000000000000000000000000000000
0.0000000000000000000000000000000000000000
0.0000000000000000000000000000000000000000
0.0000000000000000000000000000000000000000
0.0000000000000000000000000000000000000000
0.0000000000000000000000000000000000000000
0.0000000000000000000000000000000000000000
0.0000000000000000000000000000000000000000
0.0000000000000000000000000000000000000000
0.0000000000000000000000000000000000000000
0.0000000000000000000000000000000000000000
0.0000000000000000000000000000000000000000
0.0000000000000000000000000000000000000000
0.0000000000000000000000000000000000000000
0.0000000000000000000000000000000000000000
0.0000236195955949369817972183227539062500
0.0003621671930886805057525634765625000000
0.0028028592932969331741333007812500000000
0.0144814373925328254699707031250000000000
0.0558900907635688781738281250000000000000
0.1711948364973068237304687500000000000000
0.4323136806488037109375000000000000000000
0.9241703152656555175781250000000000000000
1.7063726186752319335937500000000000000000
2.7668850421905517578125000000000000000000
4.0000000000000000000000000000000000000000
3.0000000000000000000000000000000000000000
2.0751636028289794921875000000000000000000
1.2797796726226806640625000000000000000000
0.6931277513504028320312500000000000000000
0.3242352604866027832031250000000000000000
0.1283961385488510131835937500000000000000
0.0419175773859024047851562500000000000000
0.0108610810711979866027832031250000000000
0.0021021442953497171401977539062500000000
0.0002716254093684256076812744140625000000
0.0000177146976056974381208419799804687500
0.0000000000000000000000000000000000000000
0.0000000000000000000000000000000000000000
0.0000000000000000000000000000000000000000
0.0000000000000000000000000000000000000000
0.0000000000000000000000000000000000000000
0.0000000000000000000000000000000000000000
0.0000000000000000000000000000000000000000
0.0000000000000000000000000000000000000000
0.0000000000000000000000000000000000000000
0.0000000000000000000000000000000000000000
0.0000000000000000000000000000000000000000
0.0000000000000000000000000000000000000000
0.0000000000000000000000000000000000000000
0.0000000000000000000000000000000000000000
0.0000000000000000000000000000000000000000
0.0000000000000000000000000000000000000000
0.0000000000000000000000000000000000000000
0.0000000000000000000000000000000000000000
0.0000000000000000000000000000000000000000
0.0000000000000000000000000000000000000000
0.0000000000000000000000000000000000000000
0.0000000000000000000000000000000000000000
0.0000000000000000000000000000000000000000
0.0000000000000000000000000000000000000000
0.0000000000000000000000000000000000000000
0.0000000000000000000000000000000000000000
0.0000000000000000000000000000000000000000
0.0000000000000000000000000000000000000000
0.0000000000000000000000000000000000000000
0.0000000000000000000000000000000000000000
0.0000000000000000000000000000000000000000
0.0000000000000000000000000000000000000000
0.0000000000000000000000000000000000000000
0.0000000000000000000000000000000000000000
0.0000000000000000000000000000000000000000
0.0000000000000000000000000000000000000000
0.0000000000000000000000000000000000000000
0.0000000000000000000000000000000000000000
0.0000000000000000000000000000000000000000
0.0000000000000000000000000000000000000000
0.0000000000000000000000000000000000000000
0.0000000000000000000000000000000000000000
0.0000000000000000000000000000000000000000
0.0000000000000000000000000000000000000000
0.0000000000000000000000000000000000000000
0.0000000000000000000000000000000000000000
0.0000000000000000000000000000000000000000
0.0000000000000000000000000000000000000000
0.0000000000000000000000000000000000000000
0.0000000000000000000000000000000000000000
0.0000000000000000000000000000000000000000
0.0000000000000000000000000000000000000000
0.0000000000000000000000000000000000000000
0.0000000000000000000000000000000000000000
0.0000000000000000000000000000000000000000
0.0000000000000000000000000000000000000000
0.0000000000000000000000000000000000000000
0.0000000000000000000000000000000000000000
0.0000000000000000000000000000000000000000
0.0000000000000000000000000000000000000000
0.0000000000000000000000000000000000000000
0.0000000000000000000000000000000000000000
0.0000000000000000000000000000000000000000
0.0000000000000000000000000000000000000000
0.0000000000000000000000000000000000000000
0.0000000000000000000000000000000000000000
0.0000000000000000000000000000000000000000
0.0000000000000000000000000000000000000000
0.0000000000000000000000000000000000000000
0.0000000000000000000000000000000000000000
0.0000000000000000000000000000000000000000
0.0000000000000000000000000000000000000000
0.0000000000000000000000000000000000000000
0.0000000000000000000000000000000000000000
0.0000000000000000000000000000000000000000
0.0000000000000000000000000000000000000000
0.0000000000000000000000000000000000000000
0.0000000000000000000000000000000000000000
0.0000236195955949369817972183227539062500
0.0003621671930886805057525634765625000000
0.0028028592932969331741333007812500000000
0.0144814373925328254699707031250000000000
0.0558900907635688781738281250000000000000
0.1711948364973068237304687500000000000000
0.4323136806488037109375000000000000000000
0.9241703152656555175781250000000000000000
1.7063726186752319335937500000000000000000
2.7668850421905517578125000000000000000000
4.0000000000000000000000000000000000000000
3.0000000000000000000000000000000000000000
2.0751636028289794921875000000000000000000
1.2797796726226806640625000000000000000000
0.6931277513504028320312500000000000000000
0.3242352604866027832031250000000000000000
0.1283961385488510131835937500000000000000
0.0419175773859024047851562500000000000000
0.0108610810711979866027832031250000000000
0.0021021442953497171401977539062500000000
0.0002716254093684256076812744140625000000
0.0000177146976056974381208419799804687500
0.0000000000000000000000000000000000000000
0.0000000000000000000000000000000000000000
0.0000000000000000000000000000000000000000
0.0000000000000000000000000000000000000000
0.0000000000000000000000000000000000000000
0.0000000000000000000000000000000000000000
0.0000000000000000000000000000000000000000
0.0000000000000000000000000000000000000000
0.0000000000000000000000000000000000000000
0.0000000000000000000000000000000000000000
0.0000000000000000000000000000000000000000
0.0000000000000000000000000000000000000000
0.0000000000000000000000000000000000000000
0.0000000000000000000000000000000000000000
0.0000000000000000000000000000000000000000
0.0000000000000000000000000000000000000000
0.0000000000000000000000000000000000000000
0.0000000000000000000000000000000000000000
0.0000000000000000000000000000000000000000
0.0000000000000000000000000000000000000000
0.0000000000000000000000000000000000000000
0.0000000000000000000000000000000000000000
0.0000000000000000000000000000000000000000
0.0000000000000000000000000000000000000000
0.0000000000000000000000000000000000000000
0.0000000000000000000000000000000000000000
0.0000000000000000000000000000000000000000
0.0000000000000000000000000000000000000000
0.0000000000000000000000000000000000000000
0.0000000000000000000000000000000000000000
0.0000000000000000000000000000000000000000
0.0000000000000000000000000000000000000000
0.0000000000000000000000000000000000000000
0.0000000000000000000000000000000000000000
0.0000000000000000000000000000000000000000
0.0000000000000000000000000000000000000000
0.0000000000000000000000000000000000000000
0.0000000000000000000000000000000000000000
0.0000000000000000000000000000000000000000
0.0000000000000000000000000000000000000000
0.0000000000000000000000000000000000000000
0.0000000000000000000000000000000000000000
0.0000000000000000000000000000000000000000
0.0000000000000000000000000000000000000000
0.0000000000000000000000000000000000000000
0.0000000000000000000000000000000000000000
0.0000000000000000000000000000000000000000
0.0000000000000000000000000000000000000000
0.0000000000000000000000000000000000000000
0.0000000000000000000000000000000000000000
0.0000000000000000000000000000000000000000
0.0000000000000000000000000000000000000000
0.0000000000000000000000000000000000000000
0.0000000000000000000000000000000000000000
0.0000000000000000000000000000000000000000
0.0000000000000000000000000000000000000000
0.0000000000000000000000000000000000000000
0.0000000000000000000000000000000000000000
0.0000000000000000000000000000000000000000
0.0000000000000000000000000000000000000000
0.0000000000000000000000000000000000000000
0.0000000000000000000000000000000000000000
0.0000000000000000000000000000000000000000
0.0000000000000000000000000000000000000000
0.0000000000000000000000000000000000000000
0.0000000000000000000000000000000000000000
0.0000000000000000000000000000000000000000
0.0000000000000000000000000000000000000000
0.0000000000000000000000000000000000000000
0.0000000000000000000000000000000000000000
0.0000000000000000000000000000000000000000
0.0000000000000000000000000000000000000000
0.0000000000000000000000000000000000000000
0.0000000000000000000000000000000000000000
0.0000000000000000000000000000000000000000
0.0000000000000000000000000000000000000000
0.0000000000000000000000000000000000000000
0.0000000000000000000000000000000000000000
0.0000236195955949369817972183227539062500
0.0003621671930886805057525634765625000000
0.0028028592932969331741333007812500000000
0.0144814373925328254699707031250000000000
0.0558900907635688781738281250000000000000
0.1711948364973068237304687500000000000000
0.4323136806488037109375000000000000000000
0.9241703152656555175781250000000000000000
1.7063726186752319335937500000000000000000
2.7668850421905517578125000000000000000000
4.0000000000000000000000000000000000000000
3.0000000000000000000000000000000000000000
2.0751636028289794921875000000000000000000
1.2797796726226806640625000000000000000000
0.6931277513504028320312500000000000000000
0.3242352604866027832031250000000000000000
0.1283961385488510131835937500000000000000
0.0419175773859024047851562500000000000000
0.0108610810711979866027832031250000000000
0.0021021442953497171401977539062500000000
0.0002716254093684256076812744140625000000
0.0000177146976056974381208419799804687500
0.0000000000000000000000000000000000000000
0.0000000000000000000000000000000000000000
0.0000000000000000000000000000000000000000
0.0000000000000000000000000000000000000000
0.0000000000000000000000000000000000000000
0.0000000000000000000000000000000000000000
0.0000000000000000000000000000000000000000
0.0000000000000000000000000000000000000000
0.0000000000000000000000000000000000000000
0.0000000000000000000000000000000000000000
0.0000000000000000000000000000000000000000
0.0000000000000000000000000000000000000000
0.0000000000000000000000000000000000000000
0.0000000000000000000000000000000000000000
0.0000000000000000000000000000000000000000
0.0000000000000000000000000000000000000000
0.0000000000000000000000000000000000000000
0.0000000000000000000000000000000000000000
0.0000000000000000000000000000000000000000
0.0000000000000000000000000000000000000000
0.0000000000000000000000000000000000000000
0.0000000000000000000000000000000000000000
0.0000000000000000000000000000000000000000
0.0000000000000000000000000000000000000000
0.0000000000000000000000000000000000000000
0.0000000000000000000000000000000000000000
0.0000000000000000000000000000000000000000
0.0000000000000000000000000000000000000000
0.0000000000000000000000000000000000000000
0.0000000000000000000000000000000000000000
0.0000000000000000000000000000000000000000
0.0000000000000000000000000000000000000000
0.0000000000000000000000000000000000000000
0.0000000000000000000000000000000000000000
0.0000000000000000000000000000000000000000
0.0000000000000000000000000000000000000000
0.0000000000000000000000000000000000000000
0.0000000000000000000000000000000000000000
0.0000000000000000000000000000000000000000
0.0000000000000000000000000000000000000000
0.0000000000000000000000000000000000000000
0.0000000000000000000000000000000000000000
0.0000000000000000000000000000000000000000
0.0000000000000000000000000000000000000000
0.0000000000000000000000000000000000000000
0.0000000000000000000000000000000000000000
0.0000000000000000000000000000000000000000
0.0000000000000000000000000000000000000000
0.0000000000000000000000000000000000000000
0.0000000000000000000000000000000000000000
0.0000000000000000000000000000000000000000
0.0000000000000000000000000000000000000000
0.0000000000000000000000000000000000000000
0.0000000000000000000000000000000000000000
0.0000000000000000000000000000000000000000
0.0000000000000000000000000000000000000000
0.0000000000000000000000000000000000000000
0.0000000000000000000000000000000000000000
0.0000000000000000000000000000000000000000
0.0000000000000000000000000000000000000000
0.0000000000000000000000000000000000000000
0.0000000000000000000000000000000000000000
0.0000000000000000000000000000000000000000
0.0000000000000000000000000000000000000000
0.0000000000000000000000000000000000000000
0.0000000000000000000000000000000000000000
0.0000000000000000000000000000000000000000
0.0000000000000000000000000000000000000000
0.0000000000000000000000000000000000000000
0.0000000000000000000000000000000000000000
0.0000000000000000000000000000000000000000
0.0000000000000000000000000000000000000000
0.0000000000000000000000000000000000000000
0.0000000000000000000000000000000000000000
0.0000000000000000000000000000000000000000
0.0000000000000000000000000000000000000000
0.0000000000000000000000000000000000000000
0.0000000000000000000000000000000000000000
0.0000236195955949369817972183227539062500
0.0003621671930886805057525634765625000000
0.0028028592932969331741333007812500000000
0.0144814373925328254699707031250000000000
0.0558900907635688781738281250000000000000
0.1711948364973068237304687500000000000000
0.4323136806488037109375000000000000000000
0.9241703152656555175781250000000000000000
1.7063726186752319335937500000000000000000
2.7668850421905517578125000000000000000000
4.0000000000000000000000000000000000000000
3.0000000000000000000000000000000000000000
2.0751636028289794921875000000000000000000
1.2797796726226806640625000000000000000000
0.6931277513504028320312500000000000000000
0.3242352604866027832031250000000000000000
0.1283961385488510131835937500000000000000
0.0419175773859024047851562500000000000000
0.0108610810711979866027832031250000000000
0.0021021442953497171401977539062500000000
0.0002716254093684256076812744140625000000
0.0000177146976056974381208419799804687500
0.0000000000000000000000000000000000000000
0.0000000000000000000000000000000000000000
0.0000000000000000000000000000000000000000
0.0000000000000000000000000000000000000000
0.0000000000000000000000000000000000000000
0.0000000000000000000000000000000000000000
0.0000000000000000000000000000000000000000
0.0000000000000000000000000000000000000000
0.0000000000000000000000000000000000000000
0.0000000000000000000000000000000000000000
0.0000000000000000000000000000000000000000
0.0000000000000000000000000000000000000000
0.0000000000000000000000000000000000000000
0.0000000000000000000000000000000000000000
0.0000000000000000000000000000000000000000
0.0000000000000000000000000000000000000000
0.0000000000000000000000000000000000000000
0.0000000000000000000000000000000000000000
0.0000000000000000000000000000000000000000
0.0000000000000000000000000000000000000000
0.0000000000000000000000000000000000000000
0.0000000000000000000000000000000000000000
0.0000000000000000000000000000000000000000
0.0000000000000000000000000000000000000000
0.0000000000000000000000000000000000000000
0.0000000000000000000000000000000000000000
0.0000000000000000000000000000000000000000
0.0000000000000000000000000000000000000000
0.0000000000000000000000000000000000000000
0.0000000000000000000000000000000000000000
0.0000000000000000000000000000000000000000
0.0000000000000000000000000000000000000000
0.0000000000000000000000000000000000000000
0.0000000000000000000000000000000000000000
0.0000000000000000000000000000000000000000
0.0000000000000000000000000000000000000000
0.0000000000000000000000000000000000000000
0.0000000000000000000000000000000000000000
0.0000000000000000000000000000000000000000
0.0000000000000000000000000000000000000000
0.0000000000000000000000000000000000000000
0.0000000000000000000000000000000000000000
0.0000000000000000000000000000000000000000
0.0000000000000000000000000000000000000000
0.0000000000000000000000000000000000000000
0.0000000000000000000000000000000000000000
0.0000000000000000000000000000000000000000
0.0000000000000000000000000000000000000000
0.0000000000000000000000000000000000000000
0.0000000000000000000000000000000000000000
0.0000000000000000000000000000000000000000
0.0000000000000000000000000000000000000000
0.0000000000000000000000000000000000000000
0.0000000000000000000000000000000000000000
0.0000000000000000000000000000000000000000
0.0000000000000000000000000000000000000000
0.0000000000000000000000000000000000000000
0.0000000000000000000000000000000000000000
0.0000000000000000000000000000000000000000
0.0000000000000000000000000000000000000000
0.0000000000000000000000000000000000000000
0.0000000000000000000000000000000000000000
0.0000000000000000000000000000000000000000
0.0000000000000000000000000000000000000000
0.0000000000000000000000000000000000000000
0.0000000000000000000000000000000000000000
0.0000000000000000000000000000000000000000
0.0000000000000000000000000000000000000000
0.0000000000000000000000000000000000000000
0.0000000000000000000000000000000000000000
0.0000000000000000000000000000000000000000
0.0000000000000000000000000000000000000000
0.0000000000000000000000000000000000000000
0.0000000000000000000000000000000000000000
0.0000000000000000000000000000000000000000
0.0000000000000000000000000000000000000000
0.0000000000000000000000000000000000000000
0.0000000000000000000000000000000000000000
0.0000236195955949369817972183227539062500
0.0003621671930886805057525634765625000000
0.0028028592932969331741333007812500000000
0.0144814373925328254699707031250000000000
0.0558900907635688781738281250000000000000
0.1711948364973068237304687500000000000000
0.4323136806488037109375000000000000000000
0.9241703152656555175781250000000000000000
1.7063726186752319335937500000000000000000
2.7668850421905517578125000000000000000000
4.0000000000000000000000000000000000000000
3.0000000000000000000000000000000000000000
2.0751636028289794921875000000000000000000
1.2797796726226806640625000000000000000000
0.6931277513504028320312500000000000000000
0.3242352604866027832031250000000000000000
0.1283961385488510131835937500000000000000
0.0419175773859024047851562500000000000000
0.0108610810711979866027832031250000000000
0.0021021442953497171401977539062500000000
0.0002716254093684256076812744140625000000
0.0000177146976056974381208419799804687500
0.0000000000000000000000000000000000000000
0.0000000000000000000000000000000000000000
0.0000000000000000000000000000000000000000
0.0000000000000000000000000000000000000000
0.0000000000000000000000000000000000000000
0.0000000000000000000000000000000000000000
0.0000000000000000000000000000000000000000
0.0000000000000000000000000000000000000000
0.0000000000000000000000000000000000000000
0.0000000000000000000000000000000000000000
0.0000000000000000000000000000000000000000
0.0000000000000000000000000000000000000000
0.0000000000000000000000000000000000000000
0.0000000000000000000000000000000000000000
0.0000000000000000000000000000000000000000
0.0000000000000000000000000000000000000000
0.0000000000000000000000000000000000000000
0.0000000000000000000000000000000000000000
0.0000000000000000000000000000000000000000
0.0000000000000000000000000000000000000000
0.0000000000000000000000000000000000000000
0.0000000000000000000000000000000000000000
0.0000000000000000000000000000000000000000
0.0000000000000000000000000000000000000000
0.0000000000000000000000000000000000000000
0.0000000000000000000000000000000000000000
0.0000000000000000000000000000000000000000
0.0000000000000000000000000000000000000000
0.0000000000000000000000000000000000000000
0.0000000000000000000000000000000000000000
0.0000000000000000000000000000000000000000
0.0000000000000000000000000000000000000000
0.0000000000000000000000000000000000000000
0.0000000000000000000000000000000000000000
0.0000000000000000000000000000000000000000
0.0000000000000000000000000000000000000000
0.0000000000000000000000000000000000000000
0.0000000000000000000000000000000000000000
0.0000000000000000000000000000000000000000
0.0000000000000000000000000000000000000000
0.0000000000000000000000000000000000000000
0.0000000000000000000000000000000000000000
0.0000000000000000000000000000000000000000
0.0000000000000000000000000000000000000000
0.0000000000000000000000000000000000000000
0.0000000000000000000000000000000000000000
0.0000000000000000000000000000000000000000
0.0000000000000000000000000000000000000000
0.0000000000000000000000000000000000000000
0.0000000000000000000000000000000000000000
0.0000000000000000000000000000000000000000
0.0000000000000000000000000000000000000000
0.0000000000000000000000000000000000000000
0.0000000000000000000000000000000000000000
0.0000000000000000000000000000000000000000
0.0000000000000000000000000000000000000000
0.0000000000000000000000000000000000000000
0.0000000000000000000000000000000000000000
0.0000000000000000000000000000000000000000
0.0000000000000000000000000000000000000000
0.0000000000000000000000000000000000000000
0.0000000000000000000000000000000000000000
0.0000000000000000000000000000000000000000
0.0000000000000000000000000000000000000000
0.0000000000000000000000000000000000000000
0.0000000000000000000000000000000000000000
0.0000000000000000000000000000000000000000
0.0000000000000000000000000000000000000000
0.0000000000000000000000000000000000000000
0.0000000000000000000000000000000000000000
0.0000000000000000000000000000000000000000
0.0000000000000000000000000000000000000000
0.0000000000000000000000000000000000000000
0.0000000000000000000000000000000000000000
0.0000000000000000000000000000000000000000
0.0000000000000000000000000000000000000000
0.0000000000000000000000000000000000000000
0.0000000000000000000000000000000000000000
0.0000236195955949369817972183227539062500
0.0003621671930886805057525634765625000000
0.0028028592932969331741333007812500000000
0.0144814373925328254699707031250000000000
0.0558900907635688781738281250000000000000
0.1711948364973068237304687500000000000000
0.4323136806488037109375000000000000000000
0.9241703152656555175781250000000000000000
1.7063726186752319335937500000000000000000
2.7668850421905517578125000000000000000000
4.0000000000000000000000000000000000000000
3.0000000000000000000000000000000000000000
2.0751636028289794921875000000000000000000
1.2797796726226806640625000000000000000000
0.6931277513504028320312500000000000000000
0.3242352604866027832031250000000000000000
0.1283961385488510131835937500000000000000
0.0419175773859024047851562500000000000000
0.0108610810711979866027832031250000000000
0.0021021442953497171401977539062500000000
0.0002716254093684256076812744140625000000
0.0000177146976056974381208419799804687500
0.0000000000000000000000000000000000000000
0.0000000000000000000000000000000000000000
0.0000000000000000000000000000000000000000
0.0000000000000000000000000000000000000000
0.0000000000000000000000000000000000000000
0.0000000000000000000000000000000000000000
0.0000000000000000000000000000000000000000
0.0000000000000000000000000000000000000000
0.0000000000000000000000000000000000000000
0.0000000000000000000000000000000000000000
0.0000000000000000000000000000000000000000
0.0000000000000000000000000000000000000000
0.0000000000000000000000000000000000000000
0.0000000000000000000000000000000000000000
0.0000000000000000000000000000000000000000
0.0000000000000000000000000000000000000000
0.0000000000000000000000000000000000000000
0.0000000000000000000000000000000000000000
0.0000000000000000000000000000000000000000
0.0000000000000000000000000000000000000000
0.0000000000000000000000000000000000000000
0.0000000000000000000000000000000000000000
0.0000000000000000000000000000000000000000
0.0000000000000000000000000000000000000000
0.0000000000000000000000000000000000000000
0.0000000000000000000000000000000000000000
0.0000000000000000000000000000000000000000
0.0000000000000000000000000000000000000000
0.0000000000000000000000000000000000000000
0.0000000000000000000000000000000000000000
0.0000000000000000000000000000000000000000
0.0000000000000000000000000000000000000000
0.0000000000000000000000000000000000000000
0.0000000000000000000000000000000000000000
0.0000000000000000000000000000000000000000
0.0000000000000000000000000000000000000000
0.0000000000000000000000000000000000000000
0.0000000000000000000000000000000000000000
0.0000000000000000000000000000000000000000
0.0000000000000000000000000000000000000000
0.0000000000000000000000000000000000000000
0.0000000000000000000000000000000000000000
0.0000000000000000000000000000000000000000
0.0000000000000000000000000000000000000000
0.0000000000000000000000000000000000000000
0.0000000000000000000000000000000000000000
0.0000000000000000000000000000000000000000
0.0000000000000000000000000000000000000000
0.0000000000000000000000000000000000000000
0.0000000000000000000000000000000000000000
0.0000000000000000000000000000000000000000
0.0000000000000000000000000000000000000000
0.0000000000000000000000000000000000000000
0.0000000000000000000000000000000000000000
0.0000000000000000000000000000000000000000
0.0000000000000000000000000000000000000000
0.0000000000000000000000000000000000000000
0.0000000000000000000000000000000000000000
0.0000000000000000000000000000000000000000
0.0000000000000000000000000000000000000000
0.0000000000000000000000000000000000000000
0.0000000000000000000000000000000000000000
0.0000000000000000000000000000000000000000
0.0000000000000000000000000000000000000000
0.0000000000000000000000000000000000000000
0.0000000000000000000000000000000000000000
0.0000000000000000000000000000000000000000
0.0000000000000000000000000000000000000000
0.0000000000000000000000000000000000000000
0.0000000000000000000000000000000000000000
0.0000000000000000000000000000000000000000
0.0000000000000000000000000000000000000000
0.0000000000000000000000000000000000000000
0.0000000000000000000000000000000000000000
0.0000000000000000000000000000000000000000
0.0000000000000000000000000000000000000000
0.0000000000000000000000000000000000000000
0.0000000000000000000000000000000000000000
0.0000236195955949369817972183227539062500
0.0003621671930886805057525634765625000000
0.0028028592932969331741333007812500000000
0.0144814373925328254699707031250000000000
0.0558900907635688781738281250000000000000
0.1711948364973068237304687500000000000000
0.4323136806488037109375000000000000000000
0.9241703152656555175781250000000000000000
1.7063726186752319335937500000000000000000
2.7668850421905517578125000000000000000000
4.0000000000000000000000000000000000000000
3.0000000000000000000000000000000000000000
2.0751636028289794921875000000000000000000
1.2797796726226806640625000000000000000000
0.6931277513504028320312500000000000000000
0.3242352604866027832031250000000000000000
0.1283961385488510131835937500000000000000
0.0419175773859024047851562500000000000000
0.0108610810711979866027832031250000000000
0.0021021442953497171401977539062500000000
0.0002716254093684256076812744140625000000
0.0000177146976056974381208419799804687500
0.0000000000000000000000000000000000000000
0.0000000000000000000000000000000000000000
0.0000000000000000000000000000000000000000
0.0000000000000000000000000000000000000000
0.0000000000000000000000000000000000000000
0.0000000000000000000000000000000000000000
0.0000000000000000000000000000000000000000
0.0000000000000000000000000000000000000000
0.0000000000000000000000000000000000000000
0.0000000000000000000000000000000000000000
0.0000000000000000000000000000000000000000
0.0000000000000000000000000000000000000000
0.0000000000000000000000000000000000000000
0.0000000000000000000000000000000000000000
0.0000000000000000000000000000000000000000
0.0000000000000000000000000000000000000000
0.0000000000000000000000000000000000000000
0.0000000000000000000000000000000000000000
0.0000000000000000000000000000000000000000
0.0000000000000000000000000000000000000000
0.0000000000000000000000000000000000000000
0.0000000000000000000000000000000000000000
0.0000000000000000000000000000000000000000
0.0000000000000000000000000000000000000000
0.0000000000000000000000000000000000000000
0.0000000000000000000000000000000000000000
0.0000000000000000000000000000000000000000
0.0000000000000000000000000000000000000000
0.0000000000000000000000000000000000000000
0.0000000000000000000000000000000000000000
0.0000000000000000000000000000000000000000
0.0000000000000000000000000000000000000000
0.0000000000000000000000000000000000000000
0.0000000000000000000000000000000000000000
0.0000000000000000000000000000000000000000
0.0000000000000000000000000000000000000000
0.0000000000000000000000000000000000000000
0.0000000000000000000000000000000000000000
0.0000000000000000000000000000000000000000
0.0000000000000000000000000000000000000000
0.0000000000000000000000000000000000000000
0.0000000000000000000000000000000000000000
0.0000000000000000000000000000000000000000
0.0000000000000000000000000000000000000000
0.0000000000000000000000000000000000000000
0.0000000000000000000000000000000000000000
0.0000000000000000000000000000000000000000
0.0000000000000000000000000000000000000000
0.0000000000000000000000000000000000000000
0.0000000000000000000000000000000000000000
0.0000000000000000000000000000000000000000
0.0000000000000000000000000000000000000000
0.0000000000000000000000000000000000000000
0.0000000000000000000000000000000000000000
0.0000000000000000000000000000000000000000
0.0000000000000000000000000000000000000000
0.0000000000000000000000000000000000000000
0.0000000000000000000000000000000000000000
0.0000000000000000000000000000000000000000
0.0000000000000000000000000000000000000000
0.0000000000000000000000000000000000000000
0.0000000000000000000000000000000000000000
0.0000000000000000000000000000000000000000
0.0000000000000000000000000000000000000000
0.0000000000000000000000000000000000000000
0.0000000000000000000000000000000000000000
0.0000000000000000000000000000000000000000
0.0000000000000000000000000000000000000000
0.0000000000000000000000000000000000000000
0.0000000000000000000000000000000000000000
0.0000000000000000000000000000000000000000
0.0000000000000000000000000000000000000000
0.0000000000000000000000000000000000000000
0.0000000000000000000000000000000000000000
0.0000000000000000000000000000000000000000
0.0000000000000000000000000000000000000000
0.0000000000000000000000000000000000000000
0.0000000000000000000000000000000000000000
0.0000236195955949369817972183227539062500
0.0003621671930886805057525634765625000000
0.0028028592932969331741333007812500000000
0.0144814373925328254699707031250000000000
0.0558900907635688781738281250000000000000
0.1711948364973068237304687500000000000000
0.4323136806488037109375000000000000000000
0.9241703152656555175781250000000000000000
1.7063726186752319335937500000000000000000
2.7668850421905517578125000000000000000000
4.0000000000000000000000000000000000000000
3.0000000000000000000000000000000000000000
2.0751636028289794921875000000000000000000
1.2797796726226806640625000000000000000000
0.6931277513504028320312500000000000000000
0.3242352604866027832031250000000000000000
0.1283961385488510131835937500000000000000
0.0419175773859024047851562500000000000000
0.0108610810711979866027832031250000000000
0.0021021442953497171401977539062500000000
0.0002716254093684256076812744140625000000
0.0000177146976056974381208419799804687500
0.0000000000000000000000000000000000000000
0.0000000000000000000000000000000000000000
0.0000000000000000000000000000000000000000
0.0000000000000000000000000000000000000000
0.0000000000000000000000000000000000000000
0.0000000000000000000000000000000000000000
0.0000000000000000000000000000000000000000
0.0000000000000000000000000000000000000000
0.0000000000000000000000000000000000000000
0.0000000000000000000000000000000000000000
0.0000000000000000000000000000000000000000
0.0000000000000000000000000000000000000000
0.0000000000000000000000000000000000000000
0.0000000000000000000000000000000000000000
0.0000000000000000000000000000000000000000
0.0000000000000000000000000000000000000000
0.0000000000000000000000000000000000000000
0.0000000000000000000000000000000000000000
0.0000000000000000000000000000000000000000
0.0000000000000000000000000000000000000000
0.0000000000000000000000000000000000000000
0.0000000000000000000000000000000000000000
0.0000000000000000000000000000000000000000
0.0000000000000000000000000000000000000000
0.0000000000000000000000000000000000000000
0.0000000000000000000000000000000000000000
0.0000000000000000000000000000000000000000
0.0000000000000000000000000000000000000000
0.0000000000000000000000000000000000000000
0.0000000000000000000000000000000000000000
0.0000000000000000000000000000000000000000
0.0000000000000000000000000000000000000000
0.0000000000000000000000000000000000000000
0.0000000000000000000000000000000000000000
0.0000000000000000000000000000000000000000
0.0000000000000000000000000000000000000000
0.0000000000000000000000000000000000000000
0.0000000000000000000000000000000000000000
0.0000000000000000000000000000000000000000
0.0000000000000000000000000000000000000000
0.0000000000000000000000000000000000000000
0.0000000000000000000000000000000000000000
0.0000000000000000000000000000000000000000
0.0000000000000000000000000000000000000000
0.0000000000000000000000000000000000000000
0.0000000000000000000000000000000000000000
0.0000000000000000000000000000000000000000
0.0000000000000000000000000000000000000000
0.0000000000000000000000000000000000000000
0.0000000000000000000000000000000000000000
0.0000000000000000000000000000000000000000
0.0000000000000000000000000000000000000000
0.0000000000000000000000000000000000000000
0.0000000000000000000000000000000000000000
0.0000000000000000000000000000000000000000
0.0000000000000000000000000000000000000000
0.0000000000000000000000000000000000000000
0.0000000000000000000000000000000000000000
0.0000000000000000000000000000000000000000
0.0000000000000000000000000000000000000000
0.0000000000000000000000000000000000000000
0.0000000000000000000000000000000000000000
0.0000000000000000000000000000000000000000
0.0000000000000000000000000000000000000000
0.0000000000000000000000000000000000000000
0.0000000000000000000000000000000000000000
0.0000000000000000000000000000000000000000
0.0000000000000000000000000000000000000000
0.0000000000000000000000000000000000000000
0.0000000000000000000000000000000000000000
0.0000000000000000000000000000000000000000
0.0000000000000000000000000000000000000000
0.0000000000000000000000000000000000000000
0.0000000000000000000000000000000000000000
0.0000000000000000000000000000000000000000
0.0000000000000000000000000000000000000000
0.0000000000000000000000000000000000000000
0.0000000000000000000000000000000000000000
0.0000236195955949369817972183227539062500
0.0003621671930886805057525634765625000000
0.0028028592932969331741333007812500000000
0.0144814373925328254699707031250000000000
0.0558900907635688781738281250000000000000
0.1711948364973068237304687500000000000000
0.4323136806488037109375000000000000000000
0.9241703152656555175781250000000000000000
1.7063726186752319335937500000000000000000
2.7668850421905517578125000000000000000000
4.0000000000000000000000000000000000000000
3.0000000000000000000000000000000000000000
2.0751636028289794921875000000000000000000
1.2797796726226806640625000000000000000000
0.6931277513504028320312500000000000000000
0.3242352604866027832031250000000000000000
0.1283961385488510131835937500000000000000
0.0419175773859024047851562500000000000000
0.0108610810711979866027832031250000000000
0.0021021442953497171401977539062500000000
0.0002716254093684256076812744140625000000
0.0000177146976056974381208419799804687500
0.0000000000000000000000000000000000000000
0.0000000000000000000000000000000000000000
0.0000000000000000000000000000000000000000
0.0000000000000000000000000000000000000000
0.0000000000000000000000000000000000000000
0.0000000000000000000000000000000000000000
0.0000000000000000000000000000000000000000
0.0000000000000000000000000000000000000000
0.0000000000000000000000000000000000000000
0.0000000000000000000000000000000000000000
0.0000000000000000000000000000000000000000
0.0000000000000000000000000000000000000000
0.0000000000000000000000000000000000000000
0.0000000000000000000000000000000000000000
0.0000000000000000000000000000000000000000
0.0000000000000000000000000000000000000000
0.0000000000000000000000000000000000000000
0.0000000000000000000000000000000000000000
0.0000000000000000000000000000000000000000
0.0000000000000000000000000000000000000000
0.0000000000000000000000000000000000000000
0.0000000000000000000000000000000000000000
0.0000000000000000000000000000000000000000
0.0000000000000000000000000000000000000000
0.0000000000000000000000000000000000000000
0.0000000000000000000000000000000000000000
0.0000000000000000000000000000000000000000
0.0000000000000000000000000000000000000000
0.0000000000000000000000000000000000000000
0.0000000000000000000000000000000000000000
0.0000000000000000000000000000000000000000
0.0000000000000000000000000000000000000000
0.0000000000000000000000000000000000000000
0.0000000000000000000000000000000000000000
0.0000000000000000000000000000000000000000
0.0000000000000000000000000000000000000000
0.0000000000000000000000000000000000000000
0.0000000000000000000000000000000000000000
0.0000000000000000000000000000000000000000
0.0000000000000000000000000000000000000000
0.0000000000000000000000000000000000000000
0.0000000000000000000000000000000000000000
0.0000000000000000000000000000000000000000
0.0000000000000000000000000000000000000000
0.0000000000000000000000000000000000000000
0.0000000000000000000000000000000000000000
0.0000000000000000000000000000000000000000
0.0000000000000000000000000000000000000000
0.0000000000000000000000000000000000000000
0.0000000000000000000000000000000000000000
0.0000000000000000000000000000000000000000
0.0000000000000000000000000000000000000000
0.0000000000000000000000000000000000000000
0.0000000000000000000000000000000000000000
0.0000000000000000000000000000000000000000
0.0000000000000000000000000000000000000000
0.0000000000000000000000000000000000000000
0.0000000000000000000000000000000000000000
0.0000000000000000000000000000000000000000
0.0000000000000000000000000000000000000000
0.0000000000000000000000000000000000000000
0.0000000000000000000000000000000000000000
0.0000000000000000000000000000000000000000
0.0000000000000000000000000000000000000000
0.0000000000000000000000000000000000000000
0.0000000000000000000000000000000000000000
0.0000000000000000000000000000000000000000
0.0000000000000000000000000000000000000000
0.0000000000000000000000000000000000000000
0.0000000000000000000000000000000000000000
0.0000000000000000000000000000000000000000
0.0000000000000000000000000000000000000000
0.0000000000000000000000000000000000000000
0.0000000000000000000000000000000000000000
0.0000000000000000000000000000000000000000
0.0000000000000000000000000000000000000000
0.0000000000000000000000000000000000000000
0.0000000000000000000000000000000000000000
0.0000236195955949369817972183227539062500
0.0003621671930886805057525634765625000000
0.0028028592932969331741333007812500000000
0.0144814373925328254699707031250000000000
0.0558900907635688781738281250000000000000
0.1711948364973068237304687500000000000000
0.4323136806488037109375000000000000000000
0.9241703152656555175781250000000000000000
1.7063726186752319335937500000000000000000
2.7668850421905517578125000000000000000000
4.0000000000000000000000000000000000000000
3.0000000000000000000000000000000000000000
2.0751636028289794921875000000000000000000
1.2797796726226806640625000000000000000000
0.6931277513504028320312500000000000000000
0.3242352604866027832031250000000000000000
0.1283961385488510131835937500000000000000
0.0419175773859024047851562500000000000000
0.0108610810711979866027832031250000000000
0.0021021442953497171401977539062500000000
0.0002716254093684256076812744140625000000
0.0000177146976056974381208419799804687500
0.0000000000000000000000000000000000000000
0.0000000000000000000000000000000000000000
0.0000000000000000000000000000000000000000
0.0000000000000000000000000000000000000000
0.0000000000000000000000000000000000000000
0.0000000000000000000000000000000000000000
0.0000000000000000000000000000000000000000
0.0000000000000000000000000000000000000000
0.0000000000000000000000000000000000000000
0.0000000000000000000000000000000000000000
0.0000000000000000000000000000000000000000
0.0000000000000000000000000000000000000000
0.0000000000000000000000000000000000000000
0.0000000000000000000000000000000000000000
0.0000000000000000000000000000000000000000
0.0000000000000000000000000000000000000000
0.0000000000000000000000000000000000000000
0.0000000000000000000000000000000000000000
0.0000000000000000000000000000000000000000
0.0000000000000000000000000000000000000000
0.0000000000000000000000000000000000000000
0.0000000000000000000000000000000000000000
0.0000000000000000000000000000000000000000
0.0000000000000000000000000000000000000000
0.0000000000000000000000000000000000000000
0.0000000000000000000000000000000000000000
0.0000000000000000000000000000000000000000
0.0000000000000000000000000000000000000000
0.0000000000000000000000000000000000000000
0.0000000000000000000000000000000000000000
0.0000000000000000000000000000000000000000
0.0000000000000000000000000000000000000000
0.0000000000000000000000000000000000000000
0.0000000000000000000000000000000000000000
0.0000000000000000000000000000000000000000
0.0000000000000000000000000000000000000000
0.0000000000000000000000000000000000000000
0.0000000000000000000000000000000000000000
0.0000000000000000000000000000000000000000
0.0000000000000000000000000000000000000000
0.0000000000000000000000000000000000000000
0.0000000000000000000000000000000000000000
0.0000000000000000000000000000000000000000
0.0000000000000000000000000000000000000000
0.0000000000000000000000000000000000000000
0.0000000000000000000000000000000000000000
0.0000000000000000000000000000000000000000
0.0000000000000000000000000000000000000000
0.0000000000000000000000000000000000000000
0.0000000000000000000000000000000000000000
0.0000000000000000000000000000000000000000
0.0000000000000000000000000000000000000000
0.0000000000000000000000000000000000000000
0.0000000000000000000000000000000000000000
0.0000000000000000000000000000000000000000
0.0000000000000000000000000000000000000000
0.0000000000000000000000000000000000000000
0.0000000000000000000000000000000000000000
0.0000000000000000000000000000000000000000
0.0000000000000000000000000000000000000000
0.0000000000000000000000000000000000000000
0.0000000000000000000000000000000000000000
0.0000000000000000000000000000000000000000
0.0000000000000000000000000000000000000000
0.0000000000000000000000000000000000000000
0.0000000000000000000000000000000000000000
0.0000000000000000000000000000000000000000
0.0000000000000000000000000000000000000000
0.0000000000000000000000000000000000000000
0.0000000000000000000000000000000000000000
0.0000000000000000000000000000000000000000
0.0000000000000000000000000000000000000000
0.0000000000000000000000000000000000000000
0.0000000000000000000000000000000000000000
0.0000000000000000000000000000000000000000
0.0000000000000000000000000000000000000000
0.0000000000000000000000000000000000000000
0.0000000000000000000000000000000000000000
0.0000236195955949369817972183227539062500
0.0003621671930886805057525634765625000000
0.0028028592932969331741333007812500000000
0.0144814373925328254699707031250000000000
0.0558900907635688781738281250000000000000
0.1711948364973068237304687500000000000000
0.4323136806488037109375000000000000000000
0.9241703152656555175781250000000000000000
1.7063726186752319335937500000000000000000
2.7668850421905517578125000000000000000000
4.0000000000000000000000000000000000000000
3.0000000000000000000000000000000000000000
2.0751636028289794921875000000000000000000
1.2797796726226806640625000000000000000000
0.6931277513504028320312500000000000000000
0.3242352604866027832031250000000000000000
0.1283961385488510131835937500000000000000
0.0419175773859024047851562500000000000000
0.0108610810711979866027832031250000000000
0.0021021442953497171401977539062500000000
0.0002716254093684256076812744140625000000
0.0000177146976056974381208419799804687500
0.0000000000000000000000000000000000000000
0.0000000000000000000000000000000000000000
0.0000000000000000000000000000000000000000
0.0000000000000000000000000000000000000000
0.0000000000000000000000000000000000000000
0.0000000000000000000000000000000000000000
0.0000000000000000000000000000000000000000
0.0000000000000000000000000000000000000000
0.0000000000000000000000000000000000000000
0.0000000000000000000000000000000000000000
0.0000000000000000000000000000000000000000
0.0000000000000000000000000000000000000000
0.0000000000000000000000000000000000000000
0.0000000000000000000000000000000000000000
0.0000000000000000000000000000000000000000
0.0000000000000000000000000000000000000000
0.0000000000000000000000000000000000000000
0.0000000000000000000000000000000000000000
0.0000000000000000000000000000000000000000
0.0000000000000000000000000000000000000000
0.0000000000000000000000000000000000000000
0.0000000000000000000000000000000000000000
0.0000000000000000000000000000000000000000
0.0000000000000000000000000000000000000000
0.0000000000000000000000000000000000000000
0.0000000000000000000000000000000000000000
0.0000000000000000000000000000000000000000
0.0000000000000000000000000000000000000000
0.0000000000000000000000000000000000000000
0.0000000000000000000000000000000000000000
0.0000000000000000000000000000000000000000
0.0000000000000000000000000000000000000000
0.0000000000000000000000000000000000000000
0.0000000000000000000000000000000000000000
0.0000000000000000000000000000000000000000
0.0000000000000000000000000000000000000000
0.0000000000000000000000000000000000000000
0.0000000000000000000000000000000000000000
0.0000000000000000000000000000000000000000
0.0000000000000000000000000000000000000000
0.0000000000000000000000000000000000000000
0.0000000000000000000000000000000000000000
0.0000000000000000000000000000000000000000
0.0000000000000000000000000000000000000000
0.0000000000000000000000000000000000000000
0.0000000000000000000000000000000000000000
0.0000000000000000000000000000000000000000
0.0000000000000000000000000000000000000000
0.0000000000000000000000000000000000000000
0.0000000000000000000000000000000000000000
0.0000000000000000000000000000000000000000
0.0000000000000000000000000000000000000000
0.0000000000000000000000000000000000000000
0.0000000000000000000000000000000000000000
0.0000000000000000000000000000000000000000
0.0000000000000000000000000000000000000000
0.0000000000000000000000000000000000000000
0.0000000000000000000000000000000000000000
0.0000000000000000000000000000000000000000
0.0000000000000000000000000000000000000000
0.0000000000000000000000000000000000000000
0.0000000000000000000000000000000000000000
0.0000000000000000000000000000000000000000
0.0000000000000000000000000000000000000000
0.0000000000000000000000000000000000000000
0.0000000000000000000000000000000000000000
0.0000000000000000000000000000000000000000
0.0000000000000000000000000000000000000000
0.0000000000000000000000000000000000000000
0.0000000000000000000000000000000000000000
0.0000000000000000000000000000000000000000
0.0000000000000000000000000000000000000000
0.0000000000000000000000000000000000000000
0.0000000000000000000000000000000000000000
0.0000000000000000000000000000000000000000
0.0000000000000000000000000000000000000000
0.0000000000000000000000000000000000000000
0.0000000000000000000000000000000000000000
0.0000236195955949369817972183227539062500
0.0003621671930886805057525634765625000000
0.0028028592932969331741333007812500000000
0.0144814373925328254699707031250000000000
0.0558900907635688781738281250000000000000
0.1711948364973068237304687500000000000000
0.4323136806488037109375000000000000000000
0.9241703152656555175781250000000000000000
1.7063726186752319335937500000000000000000
2.7668850421905517578125000000000000000000
4.0000000000000000000000000000000000000000
3.0000000000000000000000000000000000000000
2.0751636028289794921875000000000000000000
1.2797796726226806640625000000000000000000
0.6931277513504028320312500000000000000000
0.3242352604866027832031250000000000000000
0.1283961385488510131835937500000000000000
0.0419175773859024047851562500000000000000
0.0108610810711979866027832031250000000000
0.0021021442953497171401977539062500000000
0.0002716254093684256076812744140625000000
0.0000177146976056974381208419799804687500
0.0000000000000000000000000000000000000000
0.0000000000000000000000000000000000000000
0.0000000000000000000000000000000000000000
0.0000000000000000000000000000000000000000
0.0000000000000000000000000000000000000000
0.0000000000000000000000000000000000000000
0.0000000000000000000000000000000000000000
0.0000000000000000000000000000000000000000
0.0000000000000000000000000000000000000000
0.0000000000000000000000000000000000000000
0.0000000000000000000000000000000000000000
0.0000000000000000000000000000000000000000
0.0000000000000000000000000000000000000000
0.0000000000000000000000000000000000000000
0.0000000000000000000000000000000000000000
0.0000000000000000000000000000000000000000
0.0000000000000000000000000000000000000000
0.0000000000000000000000000000000000000000
0.0000000000000000000000000000000000000000
0.0000000000000000000000000000000000000000
0.0000000000000000000000000000000000000000
0.0000000000000000000000000000000000000000
0.0000000000000000000000000000000000000000
0.0000000000000000000000000000000000000000
0.0000000000000000000000000000000000000000
0.0000000000000000000000000000000000000000
0.0000000000000000000000000000000000000000
0.0000000000000000000000000000000000000000
0.0000000000000000000000000000000000000000
0.0000000000000000000000000000000000000000
0.0000000000000000000000000000000000000000
0.0000000000000000000000000000000000000000
0.0000000000000000000000000000000000000000
0.0000000000000000000000000000000000000000
0.0000000000000000000000000000000000000000
0.0000000000000000000000000000000000000000
0.0000000000000000000000000000000000000000
0.0000000000000000000000000000000000000000
0.0000000000000000000000000000000000000000
0.0000000000000000000000000000000000000000
0.0000000000000000000000000000000000000000
0.0000000000000000000000000000000000000000
0.0000000000000000000000000000000000000000
0.0000000000000000000000000000000000000000
0.0000000000000000000000000000000000000000
0.0000000000000000000000000000000000000000
0.0000000000000000000000000000000000000000
0.0000000000000000000000000000000000000000
0.0000000000000000000000000000000000000000
0.0000000000000000000000000000000000000000
0.0000000000000000000000000000000000000000
0.0000000000000000000000000000000000000000
0.0000000000000000000000000000000000000000
0.0000000000000000000000000000000000000000
0.0000000000000000000000000000000000000000
0.0000000000000000000000000000000000000000
0.0000000000000000000000000000000000000000
0.0000000000000000000000000000000000000000
0.0000000000000000000000000000000000000000
0.0000000000000000000000000000000000000000
0.0000000000000000000000000000000000000000
0.0000000000000000000000000000000000000000
0.0000000000000000000000000000000000000000
0.0000000000000000000000000000000000000000
0.0000000000000000000000000000000000000000
0.0000000000000000000000000000000000000000
0.0000000000000000000000000000000000000000
0.0000000000000000000000000000000000000000
0.0000000000000000000000000000000000000000
0.0000000000000000000000000000000000000000
0.0000000000000000000000000000000000000000
0.0000000000000000000000000000000000000000
0.0000000000000000000000000000000000000000
0.0000000000000000000000000000000000000000
0.0000000000000000000000000000000000000000
0.0000000000000000000000000000000000000000
0.0000000000000000000000000000000000000000
0.0000000000000000000000000000000000000000
0.0000236195955949369817972183227539062500
0.0003621671930886805057525634765625000000
0.0028028592932969331741333007812500000000
0.0144814373925328254699707031250000000000
0.0558900907635688781738281250000000000000
0.1711948364973068237304687500000000000000
0.4323136806488037109375000000000000000000
0.9241703152656555175781250000000000000000
1.7063726186752319335937500000000000000000
2.7668850421905517578125000000000000000000
4.0000000000000000000000000000000000000000
3.0000000000000000000000000000000000000000
2.0751636028289794921875000000000000000000
1.2797796726226806640625000000000000000000
0.6931277513504028320312500000000000000000
0.3242352604866027832031250000000000000000
0.1283961385488510131835937500000000000000
0.0419175773859024047851562500000000000000
0.0108610810711979866027832031250000000000
0.0021021442953497171401977539062500000000
0.0002716254093684256076812744140625000000
0.0000177146976056974381208419799804687500
0.0000000000000000000000000000000000000000
0.0000000000000000000000000000000000000000
0.0000000000000000000000000000000000000000
0.0000000000000000000000000000000000000000
0.0000000000000000000000000000000000000000
0.0000000000000000000000000000000000000000
0.0000000000000000000000000000000000000000
0.0000000000000000000000000000000000000000
0.0000000000000000000000000000000000000000
0.0000000000000000000000000000000000000000
0.0000000000000000000000000000000000000000
0.0000000000000000000000000000000000000000
0.0000000000000000000000000000000000000000
0.0000000000000000000000000000000000000000
0.0000000000000000000000000000000000000000
0.0000000000000000000000000000000000000000
0.0000000000000000000000000000000000000000
0.0000000000000000000000000000000000000000
0.0000000000000000000000000000000000000000
0.0000000000000000000000000000000000000000
0.0000000000000000000000000000000000000000
0.0000000000000000000000000000000000000000
0.0000000000000000000000000000000000000000
0.0000000000000000000000000000000000000000
0.0000000000000000000000000000000000000000
0.0000000000000000000000000000000000000000
0.0000000000000000000000000000000000000000
0.0000000000000000000000000000000000000000
0.0000000000000000000000000000000000000000
0.0000000000000000000000000000000000000000
0.0000000000000000000000000000000000000000
0.0000000000000000000000000000000000000000
0.0000000000000000000000000000000000000000
0.0000000000000000000000000000000000000000
0.0000000000000000000000000000000000000000
0.0000000000000000000000000000000000000000
0.0000000000000000000000000000000000000000
0.0000000000000000000000000000000000000000
0.0000000000000000000000000000000000000000
0.0000000000000000000000000000000000000000
0.0000000000000000000000000000000000000000
0.0000000000000000000000000000000000000000
0.0000000000000000000000000000000000000000
0.0000000000000000000000000000000000000000
0.0000000000000000000000000000000000000000
0.0000000000000000000000000000000000000000
0.0000000000000000000000000000000000000000
0.0000000000000000000000000000000000000000
0.0000000000000000000000000000000000000000
0.0000000000000000000000000000000000000000
0.0000000000000000000000000000000000000000
0.0000000000000000000000000000000000000000
0.0000000000000000000000000000000000000000
0.0000000000000000000000000000000000000000
0.0000000000000000000000000000000000000000
0.0000000000000000000000000000000000000000
0.0000000000000000000000000000000000000000
0.0000000000000000000000000000000000000000
0.0000000000000000000000000000000000000000
0.0000000000000000000000000000000000000000
0.0000000000000000000000000000000000000000
0.0000000000000000000000000000000000000000
0.0000000000000000000000000000000000000000
0.0000000000000000000000000000000000000000
0.0000000000000000000000000000000000000000
0.0000000000000000000000000000000000000000
0.0000000000000000000000000000000000000000
0.0000000000000000000000000000000000000000
0.0000000000000000000000000000000000000000
0.0000000000000000000000000000000000000000
0.0000000000000000000000000000000000000000
0.0000000000000000000000000000000000000000
0.0000000000000000000000000000000000000000
0.0000000000000000000000000000000000000000
0.0000000000000000000000000000000000000000
0.0000000000000000000000000000000000000000
0.0000000000000000000000000000000000000000
0.0000000000000000000000000000000000000000
0.0000236195955949369817972183227539062500
0.0003621671930886805057525634765625000000
0.0028028592932969331741333007812500000000
0.0144814373925328254699707031250000000000
0.0558900907635688781738281250000000000000
0.1711948364973068237304687500000000000000
0.4323136806488037109375000000000000000000
0.9241703152656555175781250000000000000000
1.7063726186752319335937500000000000000000
2.7668850421905517578125000000000000000000
4.0000000000000000000000000000000000000000
3.0000000000000000000000000000000000000000
2.0751636028289794921875000000000000000000
1.2797796726226806640625000000000000000000
0.6931277513504028320312500000000000000000
0.3242352604866027832031250000000000000000
0.1283961385488510131835937500000000000000
0.0419175773859024047851562500000000000000
0.0108610810711979866027832031250000000000
0.0021021442953497171401977539062500000000
0.0002716254093684256076812744140625000000
0.0000177146976056974381208419799804687500
0.0000000000000000000000000000000000000000
0.0000000000000000000000000000000000000000
0.0000000000000000000000000000000000000000
0.0000000000000000000000000000000000000000
0.0000000000000000000000000000000000000000
0.0000000000000000000000000000000000000000
0.0000000000000000000000000000000000000000
0.0000000000000000000000000000000000000000
0.0000000000000000000000000000000000000000
0.0000000000000000000000000000000000000000
0.0000000000000000000000000000000000000000
0.0000000000000000000000000000000000000000
0.0000000000000000000000000000000000000000
0.0000000000000000000000000000000000000000
0.0000000000000000000000000000000000000000
0.0000000000000000000000000000000000000000
0.0000000000000000000000000000000000000000
0.0000000000000000000000000000000000000000
0.0000000000000000000000000000000000000000
0.0000000000000000000000000000000000000000
0.0000000000000000000000000000000000000000
0.0000000000000000000000000000000000000000
0.0000000000000000000000000000000000000000
0.0000000000000000000000000000000000000000
0.0000000000000000000000000000000000000000
0.0000000000000000000000000000000000000000
0.0000000000000000000000000000000000000000
0.0000000000000000000000000000000000000000
0.0000000000000000000000000000000000000000
0.0000000000000000000000000000000000000000
0.0000000000000000000000000000000000000000
0.0000000000000000000000000000000000000000
0.0000000000000000000000000000000000000000
0.0000000000000000000000000000000000000000
0.0000000000000000000000000000000000000000
0.0000000000000000000000000000000000000000
0.0000000000000000000000000000000000000000
0.0000000000000000000000000000000000000000
0.0000000000000000000000000000000000000000
0.0000000000000000000000000000000000000000
0.0000000000000000000000000000000000000000
0.0000000000000000000000000000000000000000
0.0000000000000000000000000000000000000000
0.0000000000000000000000000000000000000000
0.0000000000000000000000000000000000000000
0.0000000000000000000000000000000000000000
0.0000000000000000000000000000000000000000
0.0000000000000000000000000000000000000000
0.0000000000000000000000000000000000000000
0.0000000000000000000000000000000000000000
0.0000000000000000000000000000000000000000
0.0000000000000000000000000000000000000000
0.0000000000000000000000000000000000000000
0.0000000000000000000000000000000000000000
0.0000000000000000000000000000000000000000
0.0000000000000000000000000000000000000000
0.0000000000000000000000000000000000000000
0.0000000000000000000000000000000000000000
0.0000000000000000000000000000000000000000
0.0000000000000000000000000000000000000000
0.0000000000000000000000000000000000000000
0.0000000000000000000000000000000000000000
0.0000000000000000000000000000000000000000
0.0000000000000000000000000000000000000000
0.0000000000000000000000000000000000000000
0.0000000000000000000000000000000000000000
0.0000000000000000000000000000000000000000
0.0000000000000000000000000000000000000000
0.0000000000000000000000000000000000000000
0.0000000000000000000000000000000000000000
0.0000000000000000000000000000000000000000
0.0000000000000000000000000000000000000000
0.0000000000000000000000000000000000000000
0.0000000000000000000000000000000000000000
0.0000000000000000000000000000000000000000
0.0000000000000000000000000000000000000000
0.0000000000000000000000000000000000000000
0.0000000000000000000000000000000000000000
0.0000236195955949369817972183227539062500
0.0003621671930886805057525634765625000000
0.0028028592932969331741333007812500000000
0.0144814373925328254699707031250000000000
0.0558900907635688781738281250000000000000
0.1711948364973068237304687500000000000000
0.4323136806488037109375000000000000000000
0.9241703152656555175781250000000000000000
1.7063726186752319335937500000000000000000
2.7668850421905517578125000000000000000000
4.0000000000000000000000000000000000000000
3.0000000000000000000000000000000000000000
2.0751636028289794921875000000000000000000
1.2797796726226806640625000000000000000000
0.6931277513504028320312500000000000000000
0.3242352604866027832031250000000000000000
0.1283961385488510131835937500000000000000
0.0419175773859024047851562500000000000000
0.0108610810711979866027832031250000000000
0.0021021442953497171401977539062500000000
0.0002716254093684256076812744140625000000
0.0000177146976056974381208419799804687500
0.0000000000000000000000000000000000000000
0.0000000000000000000000000000000000000000
0.0000000000000000000000000000000000000000
0.0000000000000000000000000000000000000000
0.0000000000000000000000000000000000000000
0.0000000000000000000000000000000000000000
0.0000000000000000000000000000000000000000
0.0000000000000000000000000000000000000000
0.0000000000000000000000000000000000000000
0.0000000000000000000000000000000000000000
0.0000000000000000000000000000000000000000
0.0000000000000000000000000000000000000000
0.0000000000000000000000000000000000000000
0.0000000000000000000000000000000000000000
0.0000000000000000000000000000000000000000
0.0000000000000000000000000000000000000000
0.0000000000000000000000000000000000000000
0.0000000000000000000000000000000000000000
0.0000000000000000000000000000000000000000
0.0000000000000000000000000000000000000000
0.0000000000000000000000000000000000000000
0.0000000000000000000000000000000000000000
0.0000000000000000000000000000000000000000
0.0000000000000000000000000000000000000000
0.0000000000000000000000000000000000000000
0.0000000000000000000000000000000000000000
0.0000000000000000000000000000000000000000
0.0000000000000000000000000000000000000000
0.0000000000000000000000000000000000000000
0.0000000000000000000000000000000000000000
0.0000000000000000000000000000000000000000
0.0000000000000000000000000000000000000000
0.0000000000000000000000000000000000000000
0.0000000000000000000000000000000000000000
0.0000000000000000000000000000000000000000
0.0000000000000000000000000000000000000000
0.0000000000000000000000000000000000000000
0.0000000000000000000000000000000000000000
0.0000000000000000000000000000000000000000
0.0000000000000000000000000000000000000000
0.0000000000000000000000000000000000000000
0.0000000000000000000000000000000000000000
0.0000000000000000000000000000000000000000
0.0000000000000000000000000000000000000000
0.0000000000000000000000000000000000000000
0.0000000000000000000000000000000000000000
0.0000000000000000000000000000000000000000
0.0000000000000000000000000000000000000000
0.0000000000000000000000000000000000000000
0.0000000000000000000000000000000000000000
0.0000000000000000000000000000000000000000
0.0000000000000000000000000000000000000000
0.0000000000000000000000000000000000000000
0.0000000000000000000000000000000000000000
0.0000000000000000000000000000000000000000
0.0000000000000000000000000000000000000000
0.0000000000000000000000000000000000000000
0.0000000000000000000000000000000000000000
0.0000000000000000000000000000000000000000
0.0000000000000000000000000000000000000000
0.0000000000000000000000000000000000000000
0.0000000000000000000000000000000000000000
0.0000000000000000000000000000000000000000
0.0000000000000000000000000000000000000000
0.0000000000000000000000000000000000000000
0.0000000000000000000000000000000000000000
0.0000000000000000000000000000000000000000
0.0000000000000000000000000000000000000000
0.0000000000000000000000000000000000000000
0.0000000000000000000000000000000000000000
0.0000000000000000000000000000000000000000
0.0000000000000000000000000000000000000000
0.0000000000000000000000000000000000000000
0.0000000000000000000000000000000000000000
0.0000000000000000000000000000000000000000
0.0000000000000000000000000000000000000000
0.0000000000000000000000000000000000000000
0.0000000000000000000000000000000000000000
0.0000236195955949369817972183227539062500
0.0003621671930886805057525634765625000000
0.0028028592932969331741333007812500000000
0.0144814373925328254699707031250000000000
0.0558900907635688781738281250000000000000
0.1711948364973068237304687500000000000000
0.4323136806488037109375000000000000000000
0.9241703152656555175781250000000000000000
1.7063726186752319335937500000000000000000
2.7668850421905517578125000000000000000000
4.0000000000000000000000000000000000000000
3.0000000000000000000000000000000000000000
2.0751636028289794921875000000000000000000
1.2797796726226806640625000000000000000000
0.6931277513504028320312500000000000000000
0.3242352604866027832031250000000000000000
0.1283961385488510131835937500000000000000
0.0419175773859024047851562500000000000000
0.0108610810711979866027832031250000000000
0.0021021442953497171401977539062500000000
0.0002716254093684256076812744140625000000
0.0000177146976056974381208419799804687500
0.0000000000000000000000000000000000000000
0.0000000000000000000000000000000000000000
0.0000000000000000000000000000000000000000
0.0000000000000000000000000000000000000000
0.0000000000000000000000000000000000000000
0.0000000000000000000000000000000000000000
0.0000000000000000000000000000000000000000
0.0000000000000000000000000000000000000000
0.0000000000000000000000000000000000000000
0.0000000000000000000000000000000000000000
0.0000000000000000000000000000000000000000
0.0000000000000000000000000000000000000000
0.0000000000000000000000000000000000000000
0.0000000000000000000000000000000000000000
0.0000000000000000000000000000000000000000
0.0000000000000000000000000000000000000000
0.0000000000000000000000000000000000000000
0.0000000000000000000000000000000000000000
0.0000000000000000000000000000000000000000
0.0000000000000000000000000000000000000000
0.0000000000000000000000000000000000000000
0.0000000000000000000000000000000000000000
0.0000000000000000000000000000000000000000
0.0000000000000000000000000000000000000000
0.0000000000000000000000000000000000000000
0.0000000000000000000000000000000000000000
0.0000000000000000000000000000000000000000
0.0000000000000000000000000000000000000000
0.0000000000000000000000000000000000000000
0.0000000000000000000000000000000000000000
0.0000000000000000000000000000000000000000
0.0000000000000000000000000000000000000000
0.0000000000000000000000000000000000000000
0.0000000000000000000000000000000000000000
0.0000000000000000000000000000000000000000
0.0000000000000000000000000000000000000000
0.0000000000000000000000000000000000000000
0.0000000000000000000000000000000000000000
0.0000000000000000000000000000000000000000
0.0000000000000000000000000000000000000000
0.0000000000000000000000000000000000000000
0.0000000000000000000000000000000000000000
0.0000000000000000000000000000000000000000
0.0000000000000000000000000000000000000000
0.0000000000000000000000000000000000000000
0.0000000000000000000000000000000000000000
0.0000000000000000000000000000000000000000
0.0000000000000000000000000000000000000000
0.0000000000000000000000000000000000000000
0.0000000000000000000000000000000000000000
0.0000000000000000000000000000000000000000
0.0000000000000000000000000000000000000000
0.0000000000000000000000000000000000000000
0.0000000000000000000000000000000000000000
0.0000000000000000000000000000000000000000
0.0000000000000000000000000000000000000000
0.0000000000000000000000000000000000000000
0.0000000000000000000000000000000000000000
0.0000000000000000000000000000000000000000
0.0000000000000000000000000000000000000000
0.0000000000000000000000000000000000000000
0.0000000000000000000000000000000000000000
0.0000000000000000000000000000000000000000
0.0000000000000000000000000000000000000000
0.0000000000000000000000000000000000000000
0.0000000000000000000000000000000000000000
0.0000000000000000000000000000000000000000
0.0000000000000000000000000000000000000000
0.0000000000000000000000000000000000000000
0.0000000000000000000000000000000000000000
0.0000000000000000000000000000000000000000
0.0000000000000000000000000000000000000000
0.0000000000000000000000000000000000000000
0.0000000000000000000000000000000000000000
0.0000000000000000000000000000000000000000
0.0000000000000000000000000000000000000000
0.0000000000000000000000000000000000000000
0.0000000000000000000000000000000000000000
0.0000236195955949369817972183227539062500
0.0003621671930886805057525634765625000000
0.0028028592932969331741333007812500000000
0.0144814373925328254699707031250000000000
0.0558900907635688781738281250000000000000
0.1711948364973068237304687500000000000000
0.4323136806488037109375000000000000000000
0.9241703152656555175781250000000000000000
1.7063726186752319335937500000000000000000
2.7668850421905517578125000000000000000000
4.0000000000000000000000000000000000000000
3.0000000000000000000000000000000000000000
2.0751636028289794921875000000000000000000
1.2797796726226806640625000000000000000000
0.6931277513504028320312500000000000000000
0.3242352604866027832031250000000000000000
0.1283961385488510131835937500000000000000
0.0419175773859024047851562500000000000000
0.0108610810711979866027832031250000000000
0.0021021442953497171401977539062500000000
0.0002716254093684256076812744140625000000
0.0000177146976056974381208419799804687500
0.0000000000000000000000000000000000000000
0.0000000000000000000000000000000000000000
0.0000000000000000000000000000000000000000
0.0000000000000000000000000000000000000000
0.0000000000000000000000000000000000000000
0.0000000000000000000000000000000000000000
0.0000000000000000000000000000000000000000
0.0000000000000000000000000000000000000000
0.0000000000000000000000000000000000000000
0.0000000000000000000000000000000000000000
0.0000000000000000000000000000000000000000
0.0000000000000000000000000000000000000000
0.0000000000000000000000000000000000000000
0.0000000000000000000000000000000000000000
0.0000000000000000000000000000000000000000
0.0000000000000000000000000000000000000000
0.0000000000000000000000000000000000000000
0.0000000000000000000000000000000000000000
0.0000000000000000000000000000000000000000
0.0000000000000000000000000000000000000000
0.0000000000000000000000000000000000000000
0.0000000000000000000000000000000000000000
0.0000000000000000000000000000000000000000
0.0000000000000000000000000000000000000000
0.0000000000000000000000000000000000000000
0.0000000000000000000000000000000000000000
0.0000000000000000000000000000000000000000
0.0000000000000000000000000000000000000000
0.0000000000000000000000000000000000000000
0.0000000000000000000000000000000000000000
0.0000000000000000000000000000000000000000
0.0000000000000000000000000000000000000000
0.0000000000000000000000000000000000000000
0.0000000000000000000000000000000000000000
0.0000000000000000000000000000000000000000
0.0000000000000000000000000000000000000000
0.0000000000000000000000000000000000000000
0.0000000000000000000000000000000000000000
0.0000000000000000000000000000000000000000
0.0000000000000000000000000000000000000000
0.0000000000000000000000000000000000000000
0.0000000000000000000000000000000000000000
0.0000000000000000000000000000000000000000
0.0000000000000000000000000000000000000000
0.0000000000000000000000000000000000000000
0.0000000000000000000000000000000000000000
0.0000000000000000000000000000000000000000
0.0000000000000000000000000000000000000000
0.0000000000000000000000000000000000000000
0.0000000000000000000000000000000000000000
0.0000000000000000000000000000000000000000
0.0000000000000000000000000000000000000000
0.0000000000000000000000000000000000000000
0.0000000000000000000000000000000000000000
0.0000000000000000000000000000000000000000
0.0000000000000000000000000000000000000000
0.0000000000000000000000000000000000000000
0.0000000000000000000000000000000000000000
0.0000000000000000000000000000000000000000
0.0000000000000000000000000000000000000000
0.0000000000000000000000000000000000000000
0.0000000000000000000000000000000000000000
0.0000000000000000000000000000000000000000
0.0000000000000000000000000000000000000000
0.0000000000000000000000000000000000000000
0.0000000000000000000000000000000000000000
0.0000000000000000000000000000000000000000
0.0000000000000000000000000000000000000000
0.0000000000000000000000000000000000000000
0.0000000000000000000000000000000000000000
0.0000000000000000000000000000000000000000
0.0000000000000000000000000000000000000000
0.0000000000000000000000000000000000000000
0.0000000000000000000000000000000000000000
0.0000000000000000000000000000000000000000
0.0000000000000000000000000000000000000000
0.0000000000000000000000000000000000000000
0.0000000000000000000000000000000000000000
0.0000236195955949369817972183227539062500
0.0003621671930886805057525634765625000000
0.0028028592932969331741333007812500000000
0.0144814373925328254699707031250000000000
0.0558900907635688781738281250000000000000
0.1711948364973068237304687500000000000000
0.4323136806488037109375000000000000000000
0.9241703152656555175781250000000000000000
1.7063726186752319335937500000000000000000
2.7668850421905517578125000000000000000000
4.0000000000000000000000000000000000000000
3.0000000000000000000000000000000000000000
2.0751636028289794921875000000000000000000
1.2797796726226806640625000000000000000000
0.6931277513504028320312500000000000000000
0.3242352604866027832031250000000000000000
0.1283961385488510131835937500000000000000
0.0419175773859024047851562500000000000000
0.0108610810711979866027832031250000000000
0.0021021442953497171401977539062500000000
0.0002716254093684256076812744140625000000
0.0000177146976056974381208419799804687500
0.0000000000000000000000000000000000000000
0.0000000000000000000000000000000000000000
0.0000000000000000000000000000000000000000
0.0000000000000000000000000000000000000000
0.0000000000000000000000000000000000000000
0.0000000000000000000000000000000000000000
0.0000000000000000000000000000000000000000
0.0000000000000000000000000000000000000000
0.0000000000000000000000000000000000000000
0.0000000000000000000000000000000000000000
0.0000000000000000000000000000000000000000
0.0000000000000000000000000000000000000000
0.0000000000000000000000000000000000000000
0.0000000000000000000000000000000000000000
0.0000000000000000000000000000000000000000
0.0000000000000000000000000000000000000000
0.0000000000000000000000000000000000000000
0.0000000000000000000000000000000000000000
0.0000000000000000000000000000000000000000
0.0000000000000000000000000000000000000000
0.0000000000000000000000000000000000000000
0.0000000000000000000000000000000000000000
0.0000000000000000000000000000000000000000
0.0000000000000000000000000000000000000000
0.0000000000000000000000000000000000000000
0.0000000000000000000000000000000000000000
0.0000000000000000000000000000000000000000
0.0000000000000000000000000000000000000000
0.0000000000000000000000000000000000000000
0.0000000000000000000000000000000000000000
0.0000000000000000000000000000000000000000
0.0000000000000000000000000000000000000000
0.0000000000000000000000000000000000000000
0.0000000000000000000000000000000000000000
0.0000000000000000000000000000000000000000
0.0000000000000000000000000000000000000000
0.0000000000000000000000000000000000000000
0.0000000000000000000000000000000000000000
0.0000000000000000000000000000000000000000
0.0000000000000000000000000000000000000000
0.0000000000000000000000000000000000000000
0.0000000000000000000000000000000000000000
0.0000000000000000000000000000000000000000
0.0000000000000000000000000000000000000000
0.0000000000000000000000000000000000000000
0.0000000000000000000000000000000000000000
0.0000000000000000000000000000000000000000
0.0000000000000000000000000000000000000000
0.0000000000000000000000000000000000000000
0.0000000000000000000000000000000000000000
0.0000000000000000000000000000000000000000
0.0000000000000000000000000000000000000000
0.0000000000000000000000000000000000000000
0.0000000000000000000000000000000000000000
0.0000000000000000000000000000000000000000
0.0000000000000000000000000000000000000000
0.0000000000000000000000000000000000000000
0.0000000000000000000000000000000000000000
0.0000000000000000000000000000000000000000
0.0000000000000000000000000000000000000000
0.0000000000000000000000000000000000000000
0.0000000000000000000000000000000000000000
0.0000000000000000000000000000000000000000
0.0000000000000000000000000000000000000000
0.0000000000000000000000000000000000000000
0.0000000000000000000000000000000000000000
0.0000000000000000000000000000000000000000
0.0000000000000000000000000000000000000000
0.0000000000000000000000000000000000000000
0.0000000000000000000000000000000000000000
0.0000000000000000000000000000000000000000
0.0000000000000000000000000000000000000000
0.0000000000000000000000000000000000000000
0.0000000000000000000000000000000000000000
0.0000000000000000000000000000000000000000
0.0000000000000000000000000000000000000000
0.0000000000000000000000000000000000000000
0.0000000000000000000000000000000000000000
0.0000236195955949369817972183227539062500
0.0003621671930886805057525634765625000000
0.0028028592932969331741333007812500000000
0.0144814373925328254699707031250000000000
0.0558900907635688781738281250000000000000
0.1711948364973068237304687500000000000000
0.4323136806488037109375000000000000000000
0.9241703152656555175781250000000000000000
1.7063726186752319335937500000000000000000
2.7668850421905517578125000000000000000000
4.0000000000000000000000000000000000000000
3.0000000000000000000000000000000000000000
2.0751636028289794921875000000000000000000
1.2797796726226806640625000000000000000000
0.6931277513504028320312500000000000000000
0.3242352604866027832031250000000000000000
0.1283961385488510131835937500000000000000
0.0419175773859024047851562500000000000000
0.0108610810711979866027832031250000000000
0.0021021442953497171401977539062500000000
0.0002716254093684256076812744140625000000
0.0000177146976056974381208419799804687500
0.0000000000000000000000000000000000000000
0.0000000000000000000000000000000000000000
0.0000000000000000000000000000000000000000
0.0000000000000000000000000000000000000000
0.0000000000000000000000000000000000000000
0.0000000000000000000000000000000000000000
0.0000000000000000000000000000000000000000
0.0000000000000000000000000000000000000000
0.0000000000000000000000000000000000000000
0.0000000000000000000000000000000000000000
0.0000000000000000000000000000000000000000
0.0000000000000000000000000000000000000000
0.0000000000000000000000000000000000000000
0.0000000000000000000000000000000000000000
0.0000000000000000000000000000000000000000
0.0000000000000000000000000000000000000000
0.0000000000000000000000000000000000000000
0.0000000000000000000000000000000000000000
0.0000000000000000000000000000000000000000
0.0000000000000000000000000000000000000000
0.0000000000000000000000000000000000000000
0.0000000000000000000000000000000000000000
0.0000000000000000000000000000000000000000
0.0000000000000000000000000000000000000000
0.0000000000000000000000000000000000000000
0.0000000000000000000000000000000000000000
0.0000000000000000000000000000000000000000
0.0000000000000000000000000000000000000000
0.0000000000000000000000000000000000000000
0.0000000000000000000000000000000000000000
0.0000000000000000000000000000000000000000
0.0000000000000000000000000000000000000000
0.0000000000000000000000000000000000000000
0.0000000000000000000000000000000000000000
0.0000000000000000000000000000000000000000
0.0000000000000000000000000000000000000000
0.0000000000000000000000000000000000000000
0.0000000000000000000000000000000000000000
0.0000000000000000000000000000000000000000
0.0000000000000000000000000000000000000000
0.0000000000000000000000000000000000000000
0.0000000000000000000000000000000000000000
0.0000000000000000000000000000000000000000
0.0000000000000000000000000000000000000000
0.0000000000000000000000000000000000000000
0.0000000000000000000000000000000000000000
0.0000000000000000000000000000000000000000
0.0000000000000000000000000000000000000000
0.0000000000000000000000000000000000000000
0.0000000000000000000000000000000000000000
0.0000000000000000000000000000000000000000
0.0000000000000000000000000000000000000000
0.0000000000000000000000000000000000000000
0.0000000000000000000000000000000000000000
0.0000000000000000000000000000000000000000
0.0000000000000000000000000000000000000000
0.0000000000000000000000000000000000000000
0.0000000000000000000000000000000000000000
0.0000000000000000000000000000000000000000
0.0000000000000000000000000000000000000000
0.0000000000000000000000000000000000000000
0.0000000000000000000000000000000000000000
0.0000000000000000000000000000000000000000
0.0000000000000000000000000000000000000000
0.0000000000000000000000000000000000000000
0.0000000000000000000000000000000000000000
0.0000000000000000000000000000000000000000
0.0000000000000000000000000000000000000000
0.0000000000000000000000000000000000000000
0.0000000000000000000000000000000000000000
0.0000000000000000000000000000000000000000
0.0000000000000000000000000000000000000000
0.0000000000000000000000000000000000000000
0.0000000000000000000000000000000000000000
0.0000000000000000000000000000000000000000
0.0000000000000000000000000000000000000000
0.0000000000000000000000000000000000000000
0.0000000000000000000000000000000000000000
0.0000236195955949369817972183227539062500
0.0003621671930886805057525634765625000000
0.0028028592932969331741333007812500000000
0.0144814373925328254699707031250000000000
0.0558900907635688781738281250000000000000
0.1711948364973068237304687500000000000000
0.4323136806488037109375000000000000000000
0.9241703152656555175781250000000000000000
1.7063726186752319335937500000000000000000
2.7668850421905517578125000000000000000000
4.0000000000000000000000000000000000000000
3.0000000000000000000000000000000000000000
2.0751636028289794921875000000000000000000
1.2797796726226806640625000000000000000000
0.6931277513504028320312500000000000000000
0.3242352604866027832031250000000000000000
0.1283961385488510131835937500000000000000
0.0419175773859024047851562500000000000000
0.0108610810711979866027832031250000000000
0.0021021442953497171401977539062500000000
0.0002716254093684256076812744140625000000
0.0000177146976056974381208419799804687500
0.0000000000000000000000000000000000000000
0.0000000000000000000000000000000000000000
0.0000000000000000000000000000000000000000
0.0000000000000000000000000000000000000000
0.0000000000000000000000000000000000000000
0.0000000000000000000000000000000000000000
0.0000000000000000000000000000000000000000
0.0000000000000000000000000000000000000000
0.0000000000000000000000000000000000000000
0.0000000000000000000000000000000000000000
0.0000000000000000000000000000000000000000
0.0000000000000000000000000000000000000000
0.0000000000000000000000000000000000000000
0.0000000000000000000000000000000000000000
0.0000000000000000000000000000000000000000
0.0000000000000000000000000000000000000000
0.0000000000000000000000000000000000000000
0.0000000000000000000000000000000000000000
0.0000000000000000000000000000000000000000
0.0000000000000000000000000000000000000000
0.0000000000000000000000000000000000000000
0.0000000000000000000000000000000000000000
0.0000000000000000000000000000000000000000
0.0000000000000000000000000000000000000000
0.0000000000000000000000000000000000000000
0.0000000000000000000000000000000000000000
0.0000000000000000000000000000000000000000
0.0000000000000000000000000000000000000000
0.0000000000000000000000000000000000000000
0.0000000000000000000000000000000000000000
0.0000000000000000000000000000000000000000
0.0000000000000000000000000000000000000000
0.0000000000000000000000000000000000000000
0.0000000000000000000000000000000000000000
0.0000000000000000000000000000000000000000
0.0000000000000000000000000000000000000000
0.0000000000000000000000000000000000000000
0.0000000000000000000000000000000000000000
0.0000000000000000000000000000000000000000
0.0000000000000000000000000000000000000000
0.0000000000000000000000000000000000000000
0.0000000000000000000000000000000000000000
0.0000000000000000000000000000000000000000
0.0000000000000000000000000000000000000000
0.0000000000000000000000000000000000000000
0.0000000000000000000000000000000000000000
0.0000000000000000000000000000000000000000
0.0000000000000000000000000000000000000000
0.0000000000000000000000000000000000000000
0.0000000000000000000000000000000000000000
0.0000000000000000000000000000000000000000
0.0000000000000000000000000000000000000000
0.0000000000000000000000000000000000000000
0.0000000000000000000000000000000000000000
0.0000000000000000000000000000000000000000
0.0000000000000000000000000000000000000000
0.0000000000000000000000000000000000000000
0.0000000000000000000000000000000000000000
0.0000000000000000000000000000000000000000
0.0000000000000000000000000000000000000000
0.0000000000000000000000000000000000000000
0.0000000000000000000000000000000000000000
0.0000000000000000000000000000000000000000
0.0000000000000000000000000000000000000000
0.0000000000000000000000000000000000000000
0.0000000000000000000000000000000000000000
0.0000000000000000000000000000000000000000
0.0000000000000000000000000000000000000000
0.0000000000000000000000000000000000000000
0.0000000000000000000000000000000000000000
0.0000000000000000000000000000000000000000
0.0000000000000000000000000000000000000000
0.0000000000000000000000000000000000000000
0.0000000000000000000000000000000000000000
0.0000000000000000000000000000000000000000
0.0000000000000000000000000000000000000000
0.0000000000000000000000000000000000000000
0.0000000000000000000000000000000000000000
0.0000236195955949369817972183227539062500
0.0003621671930886805057525634765625000000
0.0028028592932969331741333007812500000000
0.0144814373925328254699707031250000000000
0.0558900907635688781738281250000000000000
0.1711948364973068237304687500000000000000
0.4323136806488037109375000000000000000000
0.9241703152656555175781250000000000000000
1.7063726186752319335937500000000000000000
2.7668850421905517578125000000000000000000
4.0000000000000000000000000000000000000000
3.0000000000000000000000000000000000000000
2.0751636028289794921875000000000000000000
1.2797796726226806640625000000000000000000
0.6931277513504028320312500000000000000000
0.3242352604866027832031250000000000000000
0.1283961385488510131835937500000000000000
0.0419175773859024047851562500000000000000
0.0108610810711979866027832031250000000000
0.0021021442953497171401977539062500000000
0.0002716254093684256076812744140625000000
0.0000177146976056974381208419799804687500
0.0000000000000000000000000000000000000000
0.0000000000000000000000000000000000000000
0.0000000000000000000000000000000000000000
0.0000000000000000000000000000000000000000
0.0000000000000000000000000000000000000000
0.0000000000000000000000000000000000000000
0.0000000000000000000000000000000000000000
0.0000000000000000000000000000000000000000
0.0000000000000000000000000000000000000000
0.0000000000000000000000000000000000000000
0.0000000000000000000000000000000000000000
0.0000000000000000000000000000000000000000
0.0000000000000000000000000000000000000000
0.0000000000000000000000000000000000000000
0.0000000000000000000000000000000000000000
0.0000000000000000000000000000000000000000
0.0000000000000000000000000000000000000000
0.0000000000000000000000000000000000000000
0.0000000000000000000000000000000000000000
0.0000000000000000000000000000000000000000
0.0000000000000000000000000000000000000000
0.0000000000000000000000000000000000000000
0.0000000000000000000000000000000000000000
0.0000000000000000000000000000000000000000
0.0000000000000000000000000000000000000000
0.0000000000000000000000000000000000000000
0.0000000000000000000000000000000000000000
0.0000000000000000000000000000000000000000
0.0000000000000000000000000000000000000000
0.0000000000000000000000000000000000000000
0.0000000000000000000000000000000000000000
0.0000000000000000000000000000000000000000
0.0000000000000000000000000000000000000000
0.0000000000000000000000000000000000000000
0.0000000000000000000000000000000000000000
0.0000000000000000000000000000000000000000
0.0000000000000000000000000000000000000000
0.0000000000000000000000000000000000000000
0.0000000000000000000000000000000000000000
0.0000000000000000000000000000000000000000
0.0000000000000000000000000000000000000000
0.0000000000000000000000000000000000000000
0.0000000000000000000000000000000000000000
0.0000000000000000000000000000000000000000
0.0000000000000000000000000000000000000000
0.0000000000000000000000000000000000000000
0.0000000000000000000000000000000000000000
0.0000000000000000000000000000000000000000
0.0000000000000000000000000000000000000000
0.0000000000000000000000000000000000000000
0.0000000000000000000000000000000000000000
0.0000000000000000000000000000000000000000
0.0000000000000000000000000000000000000000
0.0000000000000000000000000000000000000000
0.0000000000000000000000000000000000000000
0.0000000000000000000000000000000000000000
0.0000000000000000000000000000000000000000
0.0000000000000000000000000000000000000000
0.0000000000000000000000000000000000000000
0.0000000000000000000000000000000000000000
0.0000000000000000000000000000000000000000
0.0000000000000000000000000000000000000000
0.0000000000000000000000000000000000000000
0.0000000000000000000000000000000000000000
0.0000000000000000000000000000000000000000
0.0000000000000000000000000000000000000000
0.0000000000000000000000000000000000000000
0.0000000000000000000000000000000000000000
0.0000000000000000000000000000000000000000
0.0000000000000000000000000000000000000000
0.0000000000000000000000000000000000000000
0.0000000000000000000000000000000000000000
0.0000000000000000000000000000000000000000
0.0000000000000000000000000000000000000000
0.0000000000000000000000000000000000000000
0.0000000000000000000000000000000000000000
0.0000000000000000000000000000000000000000
0.0000000000000000000000000000000000000000
0.0000236195955949369817972183227539062500
0.0003621671930886805057525634765625000000
0.0028028592932969331741333007812500000000
0.0144814373925328254699707031250000000000
0.0558900907635688781738281250000000000000
0.1711948364973068237304687500000000000000
0.4323136806488037109375000000000000000000
0.9241703152656555175781250000000000000000
1.7063726186752319335937500000000000000000
2.7668850421905517578125000000000000000000
4.0000000000000000000000000000000000000000
3.0000000000000000000000000000000000000000
2.0751636028289794921875000000000000000000
1.2797796726226806640625000000000000000000
0.6931277513504028320312500000000000000000
0.3242352604866027832031250000000000000000
0.1283961385488510131835937500000000000000
0.0419175773859024047851562500000000000000
0.0108610810711979866027832031250000000000
0.0021021442953497171401977539062500000000
0.0002716254093684256076812744140625000000
0.0000177146976056974381208419799804687500
0.0000000000000000000000000000000000000000
0.0000000000000000000000000000000000000000
0.0000000000000000000000000000000000000000
0.0000000000000000000000000000000000000000
0.0000000000000000000000000000000000000000
0.0000000000000000000000000000000000000000
0.0000000000000000000000000000000000000000
0.0000000000000000000000000000000000000000
0.0000000000000000000000000000000000000000
0.0000000000000000000000000000000000000000
0.0000000000000000000000000000000000000000
0.0000000000000000000000000000000000000000
0.0000000000000000000000000000000000000000
0.0000000000000000000000000000000000000000
0.0000000000000000000000000000000000000000
0.0000000000000000000000000000000000000000
0.0000000000000000000000000000000000000000
0.0000000000000000000000000000000000000000
0.0000000000000000000000000000000000000000
0.0000000000000000000000000000000000000000
0.0000000000000000000000000000000000000000
0.0000000000000000000000000000000000000000
0.0000000000000000000000000000000000000000
0.0000000000000000000000000000000000000000
0.0000000000000000000000000000000000000000
0.0000000000000000000000000000000000000000
0.0000000000000000000000000000000000000000
0.0000000000000000000000000000000000000000
0.0000000000000000000000000000000000000000
0.0000000000000000000000000000000000000000
0.0000000000000000000000000000000000000000
0.0000000000000000000000000000000000000000
0.0000000000000000000000000000000000000000
0.0000000000000000000000000000000000000000
0.0000000000000000000000000000000000000000
0.0000000000000000000000000000000000000000
0.0000000000000000000000000000000000000000
0.0000000000000000000000000000000000000000
0.0000000000000000000000000000000000000000
0.0000000000000000000000000000000000000000
0.0000000000000000000000000000000000000000
0.0000000000000000000000000000000000000000
0.0000000000000000000000000000000000000000
0.0000000000000000000000000000000000000000
0.0000000000000000000000000000000000000000
0.0000000000000000000000000000000000000000
0.0000000000000000000000000000000000000000
0.0000000000000000000000000000000000000000
0.0000000000000000000000000000000000000000
0.0000000000000000000000000000000000000000
0.0000000000000000000000000000000000000000
0.0000000000000000000000000000000000000000
0.0000000000000000000000000000000000000000
0.0000000000000000000000000000000000000000
0.0000000000000000000000000000000000000000
0.0000000000000000000000000000000000000000
0.0000000000000000000000000000000000000000
0.0000000000000000000000000000000000000000
0.0000000000000000000000000000000000000000
0.0000000000000000000000000000000000000000
0.0000000000000000000000000000000000000000
0.0000000000000000000000000000000000000000
0.0000000000000000000000000000000000000000
0.0000000000000000000000000000000000000000
0.0000000000000000000000000000000000000000
0.0000000000000000000000000000000000000000
0.0000000000000000000000000000000000000000
0.0000000000000000000000000000000000000000
0.0000000000000000000000000000000000000000
0.0000000000000000000000000000000000000000
0.0000000000000000000000000000000000000000
0.0000000000000000000000000000000000000000
0.0000000000000000000000000000000000000000
0.0000000000000000000000000000000000000000
0.0000000000000000000000000000000000000000
0.0000000000000000000000000000000000000000
0.0000000000000000000000000000000000000000
0.0000000000000000000000000000000000000000
0.0000236195955949369817972183227539062500
0.0003621671930886805057525634765625000000
0.0028028592932969331741333007812500000000
0.0144814373925328254699707031250000000000
0.0558900907635688781738281250000000000000
0.1711948364973068237304687500000000000000
0.4323136806488037109375000000000000000000
0.9241703152656555175781250000000000000000
1.7063726186752319335937500000000000000000
2.7668850421905517578125000000000000000000
4.0000000000000000000000000000000000000000
3.0000000000000000000000000000000000000000
2.0751636028289794921875000000000000000000
1.2797796726226806640625000000000000000000
0.6931277513504028320312500000000000000000
0.3242352604866027832031250000000000000000
0.1283961385488510131835937500000000000000
0.0419175773859024047851562500000000000000
0.0108610810711979866027832031250000000000
0.0021021442953497171401977539062500000000
0.0002716254093684256076812744140625000000
0.0000177146976056974381208419799804687500
0.0000000000000000000000000000000000000000
0.0000000000000000000000000000000000000000
0.0000000000000000000000000000000000000000
0.0000000000000000000000000000000000000000
0.0000000000000000000000000000000000000000
0.0000000000000000000000000000000000000000
0.0000000000000000000000000000000000000000
0.0000000000000000000000000000000000000000
0.0000000000000000000000000000000000000000
0.0000000000000000000000000000000000000000
0.0000000000000000000000000000000000000000
0.0000000000000000000000000000000000000000
0.0000000000000000000000000000000000000000
0.0000000000000000000000000000000000000000
0.0000000000000000000000000000000000000000
0.0000000000000000000000000000000000000000
0.0000000000000000000000000000000000000000
0.0000000000000000000000000000000000000000
0.0000000000000000000000000000000000000000
0.0000000000000000000000000000000000000000
0.0000000000000000000000000000000000000000
0.0000000000000000000000000000000000000000
0.0000000000000000000000000000000000000000
0.0000000000000000000000000000000000000000
0.0000000000000000000000000000000000000000
0.0000000000000000000000000000000000000000
0.0000000000000000000000000000000000000000
0.0000000000000000000000000000000000000000
0.0000000000000000000000000000000000000000
0.0000000000000000000000000000000000000000
0.0000000000000000000000000000000000000000
0.0000000000000000000000000000000000000000
0.0000000000000000000000000000000000000000
0.0000000000000000000000000000000000000000
0.0000000000000000000000000000000000000000
0.0000000000000000000000000000000000000000
0.0000000000000000000000000000000000000000
0.0000000000000000000000000000000000000000
0.0000000000000000000000000000000000000000
0.0000000000000000000000000000000000000000
0.0000000000000000000000000000000000000000
0.0000000000000000000000000000000000000000
0.0000000000000000000000000000000000000000
0.0000000000000000000000000000000000000000
0.0000000000000000000000000000000000000000
0.0000000000000000000000000000000000000000
0.0000000000000000000000000000000000000000
0.0000000000000000000000000000000000000000
0.0000000000000000000000000000000000000000
0.0000000000000000000000000000000000000000
0.0000000000000000000000000000000000000000
0.0000000000000000000000000000000000000000
0.0000000000000000000000000000000000000000
0.0000000000000000000000000000000000000000
0.0000000000000000000000000000000000000000
0.0000000000000000000000000000000000000000
0.0000000000000000000000000000000000000000
0.0000000000000000000000000000000000000000
0.0000000000000000000000000000000000000000
0.0000000000000000000000000000000000000000
0.0000000000000000000000000000000000000000
0.0000000000000000000000000000000000000000
0.0000000000000000000000000000000000000000
0.0000000000000000000000000000000000000000
0.0000000000000000000000000000000000000000
0.0000000000000000000000000000000000000000
0.0000000000000000000000000000000000000000
0.0000000000000000000000000000000000000000
0.0000000000000000000000000000000000000000
0.0000000000000000000000000000000000000000
0.0000000000000000000000000000000000000000
0.0000000000000000000000000000000000000000
0.0000000000000000000000000000000000000000
0.0000000000000000000000000000000000000000
0.0000000000000000000000000000000000000000
0.0000000000000000000000000000000000000000
0.0000000000000000000000000000000000000000
0.0000000000000000000000000000000000000000
0.0000236195955949369817972183227539062500
0.0003621671930886805057525634765625000000
0.0028028592932969331741333007812500000000
0.0144814373925328254699707031250000000000
0.0558900907635688781738281250000000000000
0.1711948364973068237304687500000000000000
0.4323136806488037109375000000000000000000
0.9241703152656555175781250000000000000000
1.7063726186752319335937500000000000000000
2.7668850421905517578125000000000000000000
4.0000000000000000000000000000000000000000
3.0000000000000000000000000000000000000000
2.0751636028289794921875000000000000000000
1.2797796726226806640625000000000000000000
0.6931277513504028320312500000000000000000
0.3242352604866027832031250000000000000000
0.1283961385488510131835937500000000000000
0.0419175773859024047851562500000000000000
0.0108610810711979866027832031250000000000
0.0021021442953497171401977539062500000000
0.0002716254093684256076812744140625000000
0.0000177146976056974381208419799804687500
0.0000000000000000000000000000000000000000
0.0000000000000000000000000000000000000000
0.0000000000000000000000000000000000000000
0.0000000000000000000000000000000000000000
0.0000000000000000000000000000000000000000
0.0000000000000000000000000000000000000000
0.0000000000000000000000000000000000000000
0.0000000000000000000000000000000000000000
0.0000000000000000000000000000000000000000
0.0000000000000000000000000000000000000000
0.0000000000000000000000000000000000000000
0.0000000000000000000000000000000000000000
0.0000000000000000000000000000000000000000
0.0000000000000000000000000000000000000000
0.0000000000000000000000000000000000000000
0.0000000000000000000000000000000000000000
0.0000000000000000000000000000000000000000
0.0000000000000000000000000000000000000000
0.0000000000000000000000000000000000000000
0.0000000000000000000000000000000000000000
0.0000000000000000000000000000000000000000
0.0000000000000000000000000000000000000000
0.0000000000000000000000000000000000000000
0.0000000000000000000000000000000000000000
0.0000000000000000000000000000000000000000
0.0000000000000000000000000000000000000000
0.0000000000000000000000000000000000000000
0.0000000000000000000000000000000000000000
0.0000000000000000000000000000000000000000
0.0000000000000000000000000000000000000000
0.0000000000000000000000000000000000000000
0.0000000000000000000000000000000000000000
0.0000000000000000000000000000000000000000
0.0000000000000000000000000000000000000000
0.0000000000000000000000000000000000000000
0.0000000000000000000000000000000000000000
0.0000000000000000000000000000000000000000
0.0000000000000000000000000000000000000000
0.0000000000000000000000000000000000000000
0.0000000000000000000000000000000000000000
0.0000000000000000000000000000000000000000
0.0000000000000000000000000000000000000000
0.0000000000000000000000000000000000000000
0.0000000000000000000000000000000000000000
0.0000000000000000000000000000000000000000
0.0000000000000000000000000000000000000000
0.0000000000000000000000000000000000000000
0.0000000000000000000000000000000000000000
0.0000000000000000000000000000000000000000
0.0000000000000000000000000000000000000000
0.0000000000000000000000000000000000000000
0.0000000000000000000000000000000000000000
0.0000000000000000000000000000000000000000
0.0000000000000000000000000000000000000000
0.0000000000000000000000000000000000000000
0.0000000000000000000000000000000000000000
0.0000000000000000000000000000000000000000
0.0000000000000000000000000000000000000000
0.0000000000000000000000000000000000000000
0.0000000000000000000000000000000000000000
0.0000000000000000000000000000000000000000
0.0000000000000000000000000000000000000000
0.0000000000000000000000000000000000000000
0.0000000000000000000000000000000000000000
0.0000000000000000000000000000000000000000
0.0000000000000000000000000000000000000000
0.0000000000000000000000000000000000000000
0.0000000000000000000000000000000000000000
0.0000000000000000000000000000000000000000
0.0000000000000000000000000000000000000000
0.0000000000000000000000000000000000000000
0.0000000000000000000000000000000000000000
0.0000000000000000000000000000000000000000
0.0000000000000000000000000000000000000000
0.0000000000000000000000000000000000000000
0.0000000000000000000000000000000000000000
0.0000000000000000000000000000000000000000
0.0000000000000000000000000000000000000000
0.0000236195955949369817972183227539062500
0.0003621671930886805057525634765625000000
0.0028028592932969331741333007812500000000
0.0144814373925328254699707031250000000000
0.0558900907635688781738281250000000000000
0.1711948364973068237304687500000000000000
0.4323136806488037109375000000000000000000
0.9241703152656555175781250000000000000000
1.7063726186752319335937500000000000000000
2.7668850421905517578125000000000000000000
4.0000000000000000000000000000000000000000
3.0000000000000000000000000000000000000000
2.0751636028289794921875000000000000000000
1.2797796726226806640625000000000000000000
0.6931277513504028320312500000000000000000
0.3242352604866027832031250000000000000000
0.1283961385488510131835937500000000000000
0.0419175773859024047851562500000000000000
0.0108610810711979866027832031250000000000
0.0021021442953497171401977539062500000000
0.0002716254093684256076812744140625000000
0.0000177146976056974381208419799804687500
0.0000000000000000000000000000000000000000
0.0000000000000000000000000000000000000000
0.0000000000000000000000000000000000000000
0.0000000000000000000000000000000000000000
0.0000000000000000000000000000000000000000
0.0000000000000000000000000000000000000000
0.0000000000000000000000000000000000000000
0.0000000000000000000000000000000000000000
0.0000000000000000000000000000000000000000
0.0000000000000000000000000000000000000000
0.0000000000000000000000000000000000000000
0.0000000000000000000000000000000000000000
0.0000000000000000000000000000000000000000
0.0000000000000000000000000000000000000000
0.0000000000000000000000000000000000000000
0.0000000000000000000000000000000000000000
0.0000000000000000000000000000000000000000
0.0000000000000000000000000000000000000000
0.0000000000000000000000000000000000000000
0.0000000000000000000000000000000000000000
0.0000000000000000000000000000000000000000
0.0000000000000000000000000000000000000000
0.0000000000000000000000000000000000000000
0.0000000000000000000000000000000000000000
0.0000000000000000000000000000000000000000
0.0000000000000000000000000000000000000000
0.0000000000000000000000000000000000000000
0.0000000000000000000000000000000000000000
0.0000000000000000000000000000000000000000
0.0000000000000000000000000000000000000000
0.0000000000000000000000000000000000000000
0.0000000000000000000000000000000000000000
0.0000000000000000000000000000000000000000
0.0000000000000000000000000000000000000000
0.0000000000000000000000000000000000000000
0.0000000000000000000000000000000000000000
0.0000000000000000000000000000000000000000
0.0000000000000000000000000000000000000000
0.0000000000000000000000000000000000000000
0.0000000000000000000000000000000000000000
0.0000000000000000000000000000000000000000
0.0000000000000000000000000000000000000000
0.0000000000000000000000000000000000000000
0.0000000000000000000000000000000000000000
0.0000000000000000000000000000000000000000
0.0000000000000000000000000000000000000000
0.0000000000000000000000000000000000000000
0.0000000000000000000000000000000000000000
0.0000000000000000000000000000000000000000
0.0000000000000000000000000000000000000000
0.0000000000000000000000000000000000000000
0.0000000000000000000000000000000000000000
0.0000000000000000000000000000000000000000
0.0000000000000000000000000000000000000000
0.0000000000000000000000000000000000000000
0.0000000000000000000000000000000000000000
0.0000000000000000000000000000000000000000
0.0000000000000000000000000000000000000000
0.0000000000000000000000000000000000000000
0.0000000000000000000000000000000000000000
0.0000000000000000000000000000000000000000
0.0000000000000000000000000000000000000000
0.0000000000000000000000000000000000000000
0.0000000000000000000000000000000000000000
0.0000000000000000000000000000000000000000
0.0000000000000000000000000000000000000000
0.0000000000000000000000000000000000000000
0.0000000000000000000000000000000000000000
0.0000000000000000000000000000000000000000
0.0000000000000000000000000000000000000000
0.0000000000000000000000000000000000000000
0.0000000000000000000000000000000000000000
0.0000000000000000000000000000000000000000
0.0000000000000000000000000000000000000000
0.0000000000000000000000000000000000000000
0.0000000000000000000000000000000000000000
0.0000000000000000000000000000000000000000
0.0000000000000000000000000000000000000000
0.0000236195955949369817972183227539062500
0.0003621671930886805057525634765625000000
0.0028028592932969331741333007812500000000
0.0144814373925328254699707031250000000000
0.0558900907635688781738281250000000000000
0.1711948364973068237304687500000000000000
0.4323136806488037109375000000000000000000
0.9241703152656555175781250000000000000000
1.7063726186752319335937500000000000000000
2.7668850421905517578125000000000000000000
4.0000000000000000000000000000000000000000
3.0000000000000000000000000000000000000000
2.0751636028289794921875000000000000000000
1.2797796726226806640625000000000000000000
0.6931277513504028320312500000000000000000
0.3242352604866027832031250000000000000000
0.1283961385488510131835937500000000000000
0.0419175773859024047851562500000000000000
0.0108610810711979866027832031250000000000
0.0021021442953497171401977539062500000000
0.0002716254093684256076812744140625000000
0.0000177146976056974381208419799804687500
0.0000000000000000000000000000000000000000
0.0000000000000000000000000000000000000000
0.0000000000000000000000000000000000000000
0.0000000000000000000000000000000000000000
0.0000000000000000000000000000000000000000
0.0000000000000000000000000000000000000000
0.0000000000000000000000000000000000000000
0.0000000000000000000000000000000000000000
0.0000000000000000000000000000000000000000
0.0000000000000000000000000000000000000000
0.0000000000000000000000000000000000000000
0.0000000000000000000000000000000000000000
0.0000000000000000000000000000000000000000
0.0000000000000000000000000000000000000000
0.0000000000000000000000000000000000000000
0.0000000000000000000000000000000000000000
0.0000000000000000000000000000000000000000
0.0000000000000000000000000000000000000000
0.0000000000000000000000000000000000000000
0.0000000000000000000000000000000000000000
0.0000000000000000000000000000000000000000
0.0000000000000000000000000000000000000000
0.0000000000000000000000000000000000000000
0.0000000000000000000000000000000000000000
0.0000000000000000000000000000000000000000
0.0000000000000000000000000000000000000000
0.0000000000000000000000000000000000000000
0.0000000000000000000000000000000000000000
0.0000000000000000000000000000000000000000
0.0000000000000000000000000000000000000000
0.0000000000000000000000000000000000000000
0.0000000000000000000000000000000000000000
0.0000000000000000000000000000000000000000
0.0000000000000000000000000000000000000000
0.0000000000000000000000000000000000000000
0.0000000000000000000000000000000000000000
0.0000000000000000000000000000000000000000
0.0000000000000000000000000000000000000000
0.0000000000000000000000000000000000000000
0.0000000000000000000000000000000000000000
0.0000000000000000000000000000000000000000
0.0000000000000000000000000000000000000000
0.0000000000000000000000000000000000000000
0.0000000000000000000000000000000000000000
0.0000000000000000000000000000000000000000
0.0000000000000000000000000000000000000000
0.0000000000000000000000000000000000000000
0.0000000000000000000000000000000000000000
0.0000000000000000000000000000000000000000
0.0000000000000000000000000000000000000000
0.0000000000000000000000000000000000000000
0.0000000000000000000000000000000000000000
0.0000000000000000000000000000000000000000
0.0000000000000000000000000000000000000000
0.0000000000000000000000000000000000000000
0.0000000000000000000000000000000000000000
0.0000000000000000000000000000000000000000
0.0000000000000000000000000000000000000000
0.0000000000000000000000000000000000000000
0.0000000000000000000000000000000000000000
0.0000000000000000000000000000000000000000
0.0000000000000000000000000000000000000000
0.0000000000000000000000000000000000000000
0.0000000000000000000000000000000000000000
0.0000000000000000000000000000000000000000
0.0000000000000000000000000000000000000000
0.0000000000000000000000000000000000000000
0.0000000000000000000000000000000000000000
0.0000000000000000000000000000000000000000
0.0000000000000000000000000000000000000000
0.0000000000000000000000000000000000000000
0.0000000000000000000000000000000000000000
0.0000000000000000000000000000000000000000
0.0000000000000000000000000000000000000000
0.0000000000000000000000000000000000000000
0.0000000000000000000000000000000000000000
0.0000000000000000000000000000000000000000
0.0000000000000000000000000000000000000000
0.0000236195955949369817972183227539062500
0.0003621671930886805057525634765625000000
0.0028028592932969331741333007812500000000
0.0144814373925328254699707031250000000000
0.0558900907635688781738281250000000000000
0.1711948364973068237304687500000000000000
0.4323136806488037109375000000000000000000
0.9241703152656555175781250000000000000000
1.7063726186752319335937500000000000000000
2.7668850421905517578125000000000000000000
4.0000000000000000000000000000000000000000
3.0000000000000000000000000000000000000000
2.0751636028289794921875000000000000000000
1.2797796726226806640625000000000000000000
0.6931277513504028320312500000000000000000
0.3242352604866027832031250000000000000000
0.1283961385488510131835937500000000000000
0.0419175773859024047851562500000000000000
0.0108610810711979866027832031250000000000
0.0021021442953497171401977539062500000000
0.0002716254093684256076812744140625000000
0.0000177146976056974381208419799804687500
0.0000000000000000000000000000000000000000
0.0000000000000000000000000000000000000000
0.0000000000000000000000000000000000000000
0.0000000000000000000000000000000000000000
0.0000000000000000000000000000000000000000
0.0000000000000000000000000000000000000000
0.0000000000000000000000000000000000000000
0.0000000000000000000000000000000000000000
0.0000000000000000000000000000000000000000
0.0000000000000000000000000000000000000000
0.0000000000000000000000000000000000000000
0.0000000000000000000000000000000000000000
0.0000000000000000000000000000000000000000
0.0000000000000000000000000000000000000000
0.0000000000000000000000000000000000000000
0.0000000000000000000000000000000000000000
0.0000000000000000000000000000000000000000
0.0000000000000000000000000000000000000000
0.0000000000000000000000000000000000000000
0.0000000000000000000000000000000000000000
0.0000000000000000000000000000000000000000
0.0000000000000000000000000000000000000000
0.0000000000000000000000000000000000000000
0.0000000000000000000000000000000000000000
0.0000000000000000000000000000000000000000
0.0000000000000000000000000000000000000000
0.0000000000000000000000000000000000000000
0.0000000000000000000000000000000000000000
0.0000000000000000000000000000000000000000
0.0000000000000000000000000000000000000000
0.0000000000000000000000000000000000000000
0.0000000000000000000000000000000000000000
0.0000000000000000000000000000000000000000
0.0000000000000000000000000000000000000000
0.0000000000000000000000000000000000000000
0.0000000000000000000000000000000000000000
0.0000000000000000000000000000000000000000
0.0000000000000000000000000000000000000000
0.0000000000000000000000000000000000000000
0.0000000000000000000000000000000000000000
0.0000000000000000000000000000000000000000
0.0000000000000000000000000000000000000000
0.0000000000000000000000000000000000000000
0.0000000000000000000000000000000000000000
0.0000000000000000000000000000000000000000
0.0000000000000000000000000000000000000000
0.0000000000000000000000000000000000000000
0.0000000000000000000000000000000000000000
0.0000000000000000000000000000000000000000
0.0000000000000000000000000000000000000000
0.0000000000000000000000000000000000000000
0.0000000000000000000000000000000000000000
0.0000000000000000000000000000000000000000
0.0000000000000000000000000000000000000000
0.0000000000000000000000000000000000000000
0.0000000000000000000000000000000000000000
0.0000000000000000000000000000000000000000
0.0000000000000000000000000000000000000000
0.0000000000000000000000000000000000000000
0.0000000000000000000000000000000000000000
0.0000000000000000000000000000000000000000
0.0000000000000000000000000000000000000000
0.0000000000000000000000000000000000000000
0.0000000000000000000000000000000000000000
0.0000000000000000000000000000000000000000
0.0000000000000000000000000000000000000000
0.0000000000000000000000000000000000000000
0.0000000000000000000000000000000000000000
0.0000000000000000000000000000000000000000
0.0000000000000000000000000000000000000000
0.0000000000000000000000000000000000000000
0.0000000000000000000000000000000000000000
0.0000000000000000000000000000000000000000
0.0000000000000000000000000000000000000000
0.0000000000000000000000000000000000000000
0.0000000000000000000000000000000000000000
0.0000000000000000000000000000000000000000
0.0000000000000000000000000000000000000000
0.0000236195955949369817972183227539062500
0.0003621671930886805057525634765625000000
0.0028028592932969331741333007812500000000
0.0144814373925328254699707031250000000000
0.0558900907635688781738281250000000000000
0.1711948364973068237304687500000000000000
0.4323136806488037109375000000000000000000
0.9241703152656555175781250000000000000000
1.7063726186752319335937500000000000000000
2.7668850421905517578125000000000000000000
4.0000000000000000000000000000000000000000
3.0000000000000000000000000000000000000000
2.0751636028289794921875000000000000000000
1.2797796726226806640625000000000000000000
0.6931277513504028320312500000000000000000
0.3242352604866027832031250000000000000000
0.1283961385488510131835937500000000000000
0.0419175773859024047851562500000000000000
0.0108610810711979866027832031250000000000
0.0021021442953497171401977539062500000000
0.0002716254093684256076812744140625000000
0.0000177146976056974381208419799804687500
0.0000000000000000000000000000000000000000
0.0000000000000000000000000000000000000000
0.0000000000000000000000000000000000000000
0.0000000000000000000000000000000000000000
0.0000000000000000000000000000000000000000
0.0000000000000000000000000000000000000000
0.0000000000000000000000000000000000000000
0.0000000000000000000000000000000000000000
0.0000000000000000000000000000000000000000
0.0000000000000000000000000000000000000000
0.0000000000000000000000000000000000000000
0.0000000000000000000000000000000000000000
0.0000000000000000000000000000000000000000
0.0000000000000000000000000000000000000000
0.0000000000000000000000000000000000000000
0.0000000000000000000000000000000000000000
0.0000000000000000000000000000000000000000
0.0000000000000000000000000000000000000000
0.0000000000000000000000000000000000000000
0.0000000000000000000000000000000000000000
0.0000000000000000000000000000000000000000
0.0000000000000000000000000000000000000000
0.0000000000000000000000000000000000000000
0.0000000000000000000000000000000000000000
0.0000000000000000000000000000000000000000
0.0000000000000000000000000000000000000000
0.0000000000000000000000000000000000000000
0.0000000000000000000000000000000000000000
0.0000000000000000000000000000000000000000
0.0000000000000000000000000000000000000000
0.0000000000000000000000000000000000000000
0.0000000000000000000000000000000000000000
0.0000000000000000000000000000000000000000
0.0000000000000000000000000000000000000000
0.0000000000000000000000000000000000000000
0.0000000000000000000000000000000000000000
0.0000000000000000000000000000000000000000
0.0000000000000000000000000000000000000000
0.0000000000000000000000000000000000000000
0.0000000000000000000000000000000000000000
0.0000000000000000000000000000000000000000
0.0000000000000000000000000000000000000000
0.0000000000000000000000000000000000000000
0.0000000000000000000000000000000000000000
0.0000000000000000000000000000000000000000
0.0000000000000000000000000000000000000000
0.0000000000000000000000000000000000000000
0.0000000000000000000000000000000000000000
0.0000000000000000000000000000000000000000
0.0000000000000000000000000000000000000000
0.0000000000000000000000000000000000000000
0.0000000000000000000000000000000000000000
0.0000000000000000000000000000000000000000
0.0000000000000000000000000000000000000000
0.0000000000000000000000000000000000000000
0.0000000000000000000000000000000000000000
0.0000000000000000000000000000000000000000
0.0000000000000000000000000000000000000000
0.0000000000000000000000000000000000000000
0.0000000000000000000000000000000000000000
0.0000000000000000000000000000000000000000
0.0000000000000000000000000000000000000000
0.0000000000000000000000000000000000000000
0.0000000000000000000000000000000000000000
0.0000000000000000000000000000000000000000
0.0000000000000000000000000000000000000000
0.0000000000000000000000000000000000000000
0.0000000000000000000000000000000000000000
0.0000000000000000000000000000000000000000
0.0000000000000000000000000000000000000000
0.0000000000000000000000000000000000000000
0.0000000000000000000000000000000000000000
0.0000000000000000000000000000000000000000
0.0000000000000000000000000000000000000000
0.0000000000000000000000000000000000000000
0.0000000000000000000000000000000000000000
0.0000000000000000000000000000000000000000
0.0000000000000000000000000000000000000000
0.0000236195955949369817972183227539062500
0.0003621671930886805057525634765625000000
0.0028028592932969331741333007812500000000
0.0144814373925328254699707031250000000000
0.0558900907635688781738281250000000000000
0.1711948364973068237304687500000000000000
0.4323136806488037109375000000000000000000
0.9241703152656555175781250000000000000000
1.7063726186752319335937500000000000000000
2.7668850421905517578125000000000000000000
4.0000000000000000000000000000000000000000
3.0000000000000000000000000000000000000000
2.0751636028289794921875000000000000000000
1.2797796726226806640625000000000000000000
0.6931277513504028320312500000000000000000
0.3242352604866027832031250000000000000000
0.1283961385488510131835937500000000000000
0.0419175773859024047851562500000000000000
0.0108610810711979866027832031250000000000
0.0021021442953497171401977539062500000000
0.0002716254093684256076812744140625000000
0.0000177146976056974381208419799804687500
0.0000000000000000000000000000000000000000
0.0000000000000000000000000000000000000000
0.0000000000000000000000000000000000000000
0.0000000000000000000000000000000000000000
0.0000000000000000000000000000000000000000
0.0000000000000000000000000000000000000000
0.0000000000000000000000000000000000000000
0.0000000000000000000000000000000000000000
0.0000000000000000000000000000000000000000
0.0000000000000000000000000000000000000000
0.0000000000000000000000000000000000000000
0.0000000000000000000000000000000000000000
0.0000000000000000000000000000000000000000
0.0000000000000000000000000000000000000000
0.0000000000000000000000000000000000000000
0.0000000000000000000000000000000000000000
0.0000000000000000000000000000000000000000
0.0000000000000000000000000000000000000000
0.0000000000000000000000000000000000000000
0.0000000000000000000000000000000000000000
0.0000000000000000000000000000000000000000
0.0000000000000000000000000000000000000000
0.0000000000000000000000000000000000000000
0.0000000000000000000000000000000000000000
0.0000000000000000000000000000000000000000
0.0000000000000000000000000000000000000000
0.0000000000000000000000000000000000000000
0.0000000000000000000000000000000000000000
0.0000000000000000000000000000000000000000
0.0000000000000000000000000000000000000000
0.0000000000000000000000000000000000000000
0.0000000000000000000000000000000000000000
0.0000000000000000000000000000000000000000
0.0000000000000000000000000000000000000000
0.0000000000000000000000000000000000000000
0.0000000000000000000000000000000000000000
0.0000000000000000000000000000000000000000
0.0000000000000000000000000000000000000000
0.0000000000000000000000000000000000000000
0.0000000000000000000000000000000000000000
0.0000000000000000000000000000000000000000
0.0000000000000000000000000000000000000000
0.0000000000000000000000000000000000000000
0.0000000000000000000000000000000000000000
0.0000000000000000000000000000000000000000
0.0000000000000000000000000000000000000000
0.0000000000000000000000000000000000000000
0.0000000000000000000000000000000000000000
0.0000000000000000000000000000000000000000
0.0000000000000000000000000000000000000000
0.0000000000000000000000000000000000000000
0.0000000000000000000000000000000000000000
0.0000000000000000000000000000000000000000
0.0000000000000000000000000000000000000000
0.0000000000000000000000000000000000000000
0.0000000000000000000000000000000000000000
0.0000000000000000000000000000000000000000
0.0000000000000000000000000000000000000000
0.0000000000000000000000000000000000000000
0.0000000000000000000000000000000000000000
0.0000000000000000000000000000000000000000
0.0000000000000000000000000000000000000000
0.0000000000000000000000000000000000000000
0.0000000000000000000000000000000000000000
0.0000000000000000000000000000000000000000
0.0000000000000000000000000000000000000000
0.0000000000000000000000000000000000000000
0.0000000000000000000000000000000000000000
0.0000000000000000000000000000000000000000
0.0000000000000000000000000000000000000000
0.0000000000000000000000000000000000000000
0.0000000000000000000000000000000000000000
0.0000000000000000000000000000000000000000
0.0000000000000000000000000000000000000000
0.0000000000000000000000000000000000000000
0.0000000000000000000000000000000000000000
0.0000000000000000000000000000000000000000
0.0000000000000000000000000000000000000000
0.0000236195955949369817972183227539062500
0.0003621671930886805057525634765625000000
0.0028028592932969331741333007812500000000
0.0144814373925328254699707031250000000000
0.0558900907635688781738281250000000000000
0.1711948364973068237304687500000000000000
0.4323136806488037109375000000000000000000
0.9241703152656555175781250000000000000000
1.7063726186752319335937500000000000000000
2.7668850421905517578125000000000000000000
4.0000000000000000000000000000000000000000
3.0000000000000000000000000000000000000000
2.0751636028289794921875000000000000000000
1.2797796726226806640625000000000000000000
0.6931277513504028320312500000000000000000
0.3242352604866027832031250000000000000000
0.1283961385488510131835937500000000000000
0.0419175773859024047851562500000000000000
0.0108610810711979866027832031250000000000
0.0021021442953497171401977539062500000000
0.0002716254093684256076812744140625000000
0.0000177146976056974381208419799804687500
0.0000000000000000000000000000000000000000
0.0000000000000000000000000000000000000000
0.0000000000000000000000000000000000000000
0.0000000000000000000000000000000000000000
0.0000000000000000000000000000000000000000
0.0000000000000000000000000000000000000000
0.0000000000000000000000000000000000000000
0.0000000000000000000000000000000000000000
0.0000000000000000000000000000000000000000
0.0000000000000000000000000000000000000000
0.0000000000000000000000000000000000000000
0.0000000000000000000000000000000000000000
0.0000000000000000000000000000000000000000
0.0000000000000000000000000000000000000000
0.0000000000000000000000000000000000000000
0.0000000000000000000000000000000000000000
0.0000000000000000000000000000000000000000
0.0000000000000000000000000000000000000000
0.0000000000000000000000000000000000000000
0.0000000000000000000000000000000000000000
0.0000000000000000000000000000000000000000
0.0000000000000000000000000000000000000000
0.0000000000000000000000000000000000000000
0.0000000000000000000000000000000000000000
0.0000000000000000000000000000000000000000
0.0000000000000000000000000000000000000000
0.0000000000000000000000000000000000000000
0.0000000000000000000000000000000000000000
0.0000000000000000000000000000000000000000
0.0000000000000000000000000000000000000000
0.0000000000000000000000000000000000000000
0.0000000000000000000000000000000000000000
0.0000000000000000000000000000000000000000
0.0000000000000000000000000000000000000000
0.0000000000000000000000000000000000000000
0.0000000000000000000000000000000000000000
0.0000000000000000000000000000000000000000
0.0000000000000000000000000000000000000000
0.0000000000000000000000000000000000000000
0.0000000000000000000000000000000000000000
0.0000000000000000000000000000000000000000
0.0000000000000000000000000000000000000000
0.0000000000000000000000000000000000000000
0.0000000000000000000000000000000000000000
0.0000000000000000000000000000000000000000
0.0000000000000000000000000000000000000000
0.0000000000000000000000000000000000000000
0.0000000000000000000000000000000000000000
0.0000000000000000000000000000000000000000
0.0000000000000000000000000000000000000000
0.0000000000000000000000000000000000000000
0.0000000000000000000000000000000000000000
0.0000000000000000000000000000000000000000
0.0000000000000000000000000000000000000000
0.0000000000000000000000000000000000000000
0.0000000000000000000000000000000000000000
0.0000000000000000000000000000000000000000
0.0000000000000000000000000000000000000000
0.0000000000000000000000000000000000000000
0.0000000000000000000000000000000000000000
0.0000000000000000000000000000000000000000
0.0000000000000000000000000000000000000000
0.0000000000000000000000000000000000000000
0.0000000000000000000000000000000000000000
0.0000000000000000000000000000000000000000
0.0000000000000000000000000000000000000000
0.0000000000000000000000000000000000000000
0.0000000000000000000000000000000000000000
0.0000000000000000000000000000000000000000
0.0000000000000000000000000000000000000000
0.0000000000000000000000000000000000000000
0.0000000000000000000000000000000000000000
0.0000000000000000000000000000000000000000
0.0000000000000000000000000000000000000000
0.0000000000000000000000000000000000000000
0.0000000000000000000000000000000000000000
0.0000000000000000000000000000000000000000
0.0000000000000000000000000000000000000000
0.0000236195955949369817972183227539062500
0.0003621671930886805057525634765625000000
0.0028028592932969331741333007812500000000
0.0144814373925328254699707031250000000000
0.0558900907635688781738281250000000000000
0.1711948364973068237304687500000000000000
0.4323136806488037109375000000000000000000
0.9241703152656555175781250000000000000000
1.7063726186752319335937500000000000000000
2.7668850421905517578125000000000000000000
4.0000000000000000000000000000000000000000
3.0000000000000000000000000000000000000000
2.0751636028289794921875000000000000000000
1.2797796726226806640625000000000000000000
0.6931277513504028320312500000000000000000
0.3242352604866027832031250000000000000000
0.1283961385488510131835937500000000000000
0.0419175773859024047851562500000000000000
0.0108610810711979866027832031250000000000
0.0021021442953497171401977539062500000000
0.0002716254093684256076812744140625000000
0.0000177146976056974381208419799804687500
0.0000000000000000000000000000000000000000
0.0000000000000000000000000000000000000000
0.0000000000000000000000000000000000000000
0.0000000000000000000000000000000000000000
0.0000000000000000000000000000000000000000
0.0000000000000000000000000000000000000000
0.0000000000000000000000000000000000000000
0.0000000000000000000000000000000000000000
0.0000000000000000000000000000000000000000
0.0000000000000000000000000000000000000000
0.0000000000000000000000000000000000000000
0.0000000000000000000000000000000000000000
0.0000000000000000000000000000000000000000
0.0000000000000000000000000000000000000000
0.0000000000000000000000000000000000000000
0.0000000000000000000000000000000000000000
0.0000000000000000000000000000000000000000
0.0000000000000000000000000000000000000000
0.0000000000000000000000000000000000000000
0.0000000000000000000000000000000000000000
0.0000000000000000000000000000000000000000
0.0000000000000000000000000000000000000000
0.0000000000000000000000000000000000000000
0.0000000000000000000000000000000000000000
0.0000000000000000000000000000000000000000
0.0000000000000000000000000000000000000000
0.0000000000000000000000000000000000000000
0.0000000000000000000000000000000000000000
0.0000000000000000000000000000000000000000
0.0000000000000000000000000000000000000000
0.0000000000000000000000000000000000000000
0.0000000000000000000000000000000000000000
0.0000000000000000000000000000000000000000
0.0000000000000000000000000000000000000000
0.0000000000000000000000000000000000000000
0.0000000000000000000000000000000000000000
0.0000000000000000000000000000000000000000
0.0000000000000000000000000000000000000000
0.0000000000000000000000000000000000000000
0.0000000000000000000000000000000000000000
0.0000000000000000000000000000000000000000
0.0000000000000000000000000000000000000000
0.0000000000000000000000000000000000000000
0.0000000000000000000000000000000000000000
0.0000000000000000000000000000000000000000
0.0000000000000000000000000000000000000000
0.0000000000000000000000000000000000000000
0.0000000000000000000000000000000000000000
0.0000000000000000000000000000000000000000
0.0000000000000000000000000000000000000000
0.0000000000000000000000000000000000000000
0.0000000000000000000000000000000000000000
0.0000000000000000000000000000000000000000
0.0000000000000000000000000000000000000000
0.0000000000000000000000000000000000000000
0.0000000000000000000000000000000000000000
0.0000000000000000000000000000000000000000
0.0000000000000000000000000000000000000000
0.0000000000000000000000000000000000000000
0.0000000000000000000000000000000000000000
0.0000000000000000000000000000000000000000
0.0000000000000000000000000000000000000000
0.0000000000000000000000000000000000000000
0.0000000000000000000000000000000000000000
0.0000000000000000000000000000000000000000
0.0000000000000000000000000000000000000000
0.0000000000000000000000000000000000000000
0.0000000000000000000000000000000000000000
0.0000000000000000000000000000000000000000
0.0000000000000000000000000000000000000000
0.0000000000000000000000000000000000000000
0.0000000000000000000000000000000000000000
0.0000000000000000000000000000000000000000
0.0000000000000000000000000000000000000000
0.0000000000000000000000000000000000000000
0.0000000000000000000000000000000000000000
0.0000000000000000000000000000000000000000
0.0000000000000000000000000000000000000000
0.0000236195955949369817972183227539062500
0.0003621671930886805057525634765625000000
0.0028028592932969331741333007812500000000
0.0144814373925328254699707031250000000000
0.0558900907635688781738281250000000000000
0.1711948364973068237304687500000000000000
0.4323136806488037109375000000000000000000
0.9241703152656555175781250000000000000000
1.7063726186752319335937500000000000000000
2.7668850421905517578125000000000000000000
4.0000000000000000000000000000000000000000
3.0000000000000000000000000000000000000000
2.0751636028289794921875000000000000000000
1.2797796726226806640625000000000000000000
0.6931277513504028320312500000000000000000
0.3242352604866027832031250000000000000000
0.1283961385488510131835937500000000000000
0.0419175773859024047851562500000000000000
0.0108610810711979866027832031250000000000
0.0021021442953497171401977539062500000000
0.0002716254093684256076812744140625000000
0.0000177146976056974381208419799804687500
0.0000000000000000000000000000000000000000
0.0000000000000000000000000000000000000000
0.0000000000000000000000000000000000000000
0.0000000000000000000000000000000000000000
0.0000000000000000000000000000000000000000
0.0000000000000000000000000000000000000000
0.0000000000000000000000000000000000000000
0.0000000000000000000000000000000000000000
0.0000000000000000000000000000000000000000
0.0000000000000000000000000000000000000000
0.0000000000000000000000000000000000000000
0.0000000000000000000000000000000000000000
0.0000000000000000000000000000000000000000
0.0000000000000000000000000000000000000000
0.0000000000000000000000000000000000000000
0.0000000000000000000000000000000000000000
0.0000000000000000000000000000000000000000
0.0000000000000000000000000000000000000000
0.0000000000000000000000000000000000000000
0.0000000000000000000000000000000000000000
0.0000000000000000000000000000000000000000
0.0000000000000000000000000000000000000000
0.0000000000000000000000000000000000000000
0.0000000000000000000000000000000000000000
0.0000000000000000000000000000000000000000
0.0000000000000000000000000000000000000000
0.0000000000000000000000000000000000000000
0.0000000000000000000000000000000000000000
0.0000000000000000000000000000000000000000
0.0000000000000000000000000000000000000000
0.0000000000000000000000000000000000000000
0.0000000000000000000000000000000000000000
0.0000000000000000000000000000000000000000
0.0000000000000000000000000000000000000000
0.0000000000000000000000000000000000000000
0.0000000000000000000000000000000000000000
0.0000000000000000000000000000000000000000
0.0000000000000000000000000000000000000000
0.0000000000000000000000000000000000000000
0.0000000000000000000000000000000000000000
0.0000000000000000000000000000000000000000
0.0000000000000000000000000000000000000000
0.0000000000000000000000000000000000000000
0.0000000000000000000000000000000000000000
0.0000000000000000000000000000000000000000
0.0000000000000000000000000000000000000000
0.0000000000000000000000000000000000000000
0.0000000000000000000000000000000000000000
0.0000000000000000000000000000000000000000
0.0000000000000000000000000000000000000000
0.0000000000000000000000000000000000000000
0.0000000000000000000000000000000000000000
0.0000000000000000000000000000000000000000
0.0000000000000000000000000000000000000000
0.0000000000000000000000000000000000000000
0.0000000000000000000000000000000000000000
0.0000000000000000000000000000000000000000
0.0000000000000000000000000000000000000000
0.0000000000000000000000000000000000000000
0.0000000000000000000000000000000000000000
0.0000000000000000000000000000000000000000
0.0000000000000000000000000000000000000000
0.0000000000000000000000000000000000000000
0.0000000000000000000000000000000000000000
0.0000000000000000000000000000000000000000
0.0000000000000000000000000000000000000000
0.0000000000000000000000000000000000000000
0.0000000000000000000000000000000000000000
0.0000000000000000000000000000000000000000
0.0000000000000000000000000000000000000000
0.0000000000000000000000000000000000000000
0.0000000000000000000000000000000000000000
0.0000000000000000000000000000000000000000
0.0000000000000000000000000000000000000000
0.0000000000000000000000000000000000000000
0.0000000000000000000000000000000000000000
0.0000000000000000000000000000000000000000
0.0000000000000000000000000000000000000000
0.0000236195955949369817972183227539062500
0.0003621671930886805057525634765625000000
0.0028028592932969331741333007812500000000
0.0144814373925328254699707031250000000000
0.0558900907635688781738281250000000000000
0.1711948364973068237304687500000000000000
0.4323136806488037109375000000000000000000
0.9241703152656555175781250000000000000000
1.7063726186752319335937500000000000000000
2.7668850421905517578125000000000000000000
4.0000000000000000000000000000000000000000
3.0000000000000000000000000000000000000000
2.0751636028289794921875000000000000000000
1.2797796726226806640625000000000000000000
0.6931277513504028320312500000000000000000
0.3242352604866027832031250000000000000000
0.1283961385488510131835937500000000000000
0.0419175773859024047851562500000000000000
0.0108610810711979866027832031250000000000
0.0021021442953497171401977539062500000000
0.0002716254093684256076812744140625000000
0.0000177146976056974381208419799804687500
0.0000000000000000000000000000000000000000
0.0000000000000000000000000000000000000000
0.0000000000000000000000000000000000000000
0.0000000000000000000000000000000000000000
0.0000000000000000000000000000000000000000
0.0000000000000000000000000000000000000000
0.0000000000000000000000000000000000000000
0.0000000000000000000000000000000000000000
0.0000000000000000000000000000000000000000
0.0000000000000000000000000000000000000000
0.0000000000000000000000000000000000000000
0.0000000000000000000000000000000000000000
0.0000000000000000000000000000000000000000
0.0000000000000000000000000000000000000000
0.0000000000000000000000000000000000000000
0.0000000000000000000000000000000000000000
0.0000000000000000000000000000000000000000
0.0000000000000000000000000000000000000000
0.0000000000000000000000000000000000000000
0.0000000000000000000000000000000000000000
0.0000000000000000000000000000000000000000
0.0000000000000000000000000000000000000000
0.0000000000000000000000000000000000000000
0.0000000000000000000000000000000000000000
0.0000000000000000000000000000000000000000
0.0000000000000000000000000000000000000000
0.0000000000000000000000000000000000000000
0.0000000000000000000000000000000000000000
0.0000000000000000000000000000000000000000
0.0000000000000000000000000000000000000000
0.0000000000000000000000000000000000000000
0.0000000000000000000000000000000000000000
0.0000000000000000000000000000000000000000
0.0000000000000000000000000000000000000000
0.0000000000000000000000000000000000000000
0.0000000000000000000000000000000000000000
0.0000000000000000000000000000000000000000
0.0000000000000000000000000000000000000000
0.0000000000000000000000000000000000000000
0.0000000000000000000000000000000000000000
0.0000000000000000000000000000000000000000
0.0000000000000000000000000000000000000000
0.0000000000000000000000000000000000000000
0.0000000000000000000000000000000000000000
0.0000000000000000000000000000000000000000
0.0000000000000000000000000000000000000000
0.0000000000000000000000000000000000000000
0.0000000000000000000000000000000000000000
0.0000000000000000000000000000000000000000
0.0000000000000000000000000000000000000000
0.0000000000000000000000000000000000000000
0.0000000000000000000000000000000000000000
0.0000000000000000000000000000000000000000
0.0000000000000000000000000000000000000000
0.0000000000000000000000000000000000000000
0.0000000000000000000000000000000000000000
0.0000000000000000000000000000000000000000
0.0000000000000000000000000000000000000000
0.0000000000000000000000000000000000000000
0.0000000000000000000000000000000000000000
0.0000000000000000000000000000000000000000
0.0000000000000000000000000000000000000000
0.0000000000000000000000000000000000000000
0.0000000000000000000000000000000000000000
0.0000000000000000000000000000000000000000
0.0000000000000000000000000000000000000000
0.0000000000000000000000000000000000000000
0.0000000000000000000000000000000000000000
0.0000000000000000000000000000000000000000
0.0000000000000000000000000000000000000000
0.0000000000000000000000000000000000000000
0.0000000000000000000000000000000000000000
0.0000000000000000000000000000000000000000
0.0000000000000000000000000000000000000000
0.0000000000000000000000000000000000000000
0.0000000000000000000000000000000000000000
0.0000000000000000000000000000000000000000
0.0000000000000000000000000000000000000000
0.0000236195955949369817972183227539062500
0.0003621671930886805057525634765625000000
0.0028028592932969331741333007812500000000
0.0144814373925328254699707031250000000000
0.0558900907635688781738281250000000000000
0.1711948364973068237304687500000000000000
0.4323136806488037109375000000000000000000
0.9241703152656555175781250000000000000000
1.7063726186752319335937500000000000000000
2.7668850421905517578125000000000000000000
4.0000000000000000000000000000000000000000
3.0000000000000000000000000000000000000000
2.0751636028289794921875000000000000000000
1.2797796726226806640625000000000000000000
0.6931277513504028320312500000000000000000
0.3242352604866027832031250000000000000000
0.1283961385488510131835937500000000000000
0.0419175773859024047851562500000000000000
0.0108610810711979866027832031250000000000
0.0021021442953497171401977539062500000000
0.0002716254093684256076812744140625000000
0.0000177146976056974381208419799804687500
0.0000000000000000000000000000000000000000
0.0000000000000000000000000000000000000000
0.0000000000000000000000000000000000000000
0.0000000000000000000000000000000000000000
0.0000000000000000000000000000000000000000
0.0000000000000000000000000000000000000000
0.0000000000000000000000000000000000000000
0.0000000000000000000000000000000000000000
0.0000000000000000000000000000000000000000
0.0000000000000000000000000000000000000000
0.0000000000000000000000000000000000000000
0.0000000000000000000000000000000000000000
0.0000000000000000000000000000000000000000
0.0000000000000000000000000000000000000000
0.0000000000000000000000000000000000000000
0.0000000000000000000000000000000000000000
0.0000000000000000000000000000000000000000
0.0000000000000000000000000000000000000000
0.0000000000000000000000000000000000000000
0.0000000000000000000000000000000000000000
0.0000000000000000000000000000000000000000
0.0000000000000000000000000000000000000000
0.0000000000000000000000000000000000000000
0.0000000000000000000000000000000000000000
0.0000000000000000000000000000000000000000
0.0000000000000000000000000000000000000000
0.0000000000000000000000000000000000000000
0.0000000000000000000000000000000000000000
0.0000000000000000000000000000000000000000
0.0000000000000000000000000000000000000000
0.0000000000000000000000000000000000000000
0.0000000000000000000000000000000000000000
0.0000000000000000000000000000000000000000
0.0000000000000000000000000000000000000000
0.0000000000000000000000000000000000000000
0.0000000000000000000000000000000000000000
0.0000000000000000000000000000000000000000
0.0000000000000000000000000000000000000000
0.0000000000000000000000000000000000000000
0.0000000000000000000000000000000000000000
0.0000000000000000000000000000000000000000
0.0000000000000000000000000000000000000000
0.0000000000000000000000000000000000000000
0.0000000000000000000000000000000000000000
0.0000000000000000000000000000000000000000
0.0000000000000000000000000000000000000000
0.0000000000000000000000000000000000000000
0.0000000000000000000000000000000000000000
0.0000000000000000000000000000000000000000
0.0000000000000000000000000000000000000000
0.0000000000000000000000000000000000000000
0.0000000000000000000000000000000000000000
0.0000000000000000000000000000000000000000
0.0000000000000000000000000000000000000000
0.0000000000000000000000000000000000000000
0.0000000000000000000000000000000000000000
0.0000000000000000000000000000000000000000
0.0000000000000000000000000000000000000000
0.0000000000000000000000000000000000000000
0.0000000000000000000000000000000000000000
0.0000000000000000000000000000000000000000
0.0000000000000000000000000000000000000000
0.0000000000000000000000000000000000000000
0.0000000000000000000000000000000000000000
0.0000000000000000000000000000000000000000
0.0000000000000000000000000000000000000000
0.0000000000000000000000000000000000000000
0.0000000000000000000000000000000000000000
0.0000000000000000000000000000000000000000
0.0000000000000000000000000000000000000000
0.0000000000000000000000000000000000000000
0.0000000000000000000000000000000000000000
0.0000000000000000000000000000000000000000
0.0000000000000000000000000000000000000000
0.0000000000000000000000000000000000000000
0.0000000000000000000000000000000000000000
0.0000000000000000000000000000000000000000
0.0000000000000000000000000000000000000000
0.0000236195955949369817972183227539062500
0.0003621671930886805057525634765625000000
0.0028028592932969331741333007812500000000
0.0144814373925328254699707031250000000000
0.0558900907635688781738281250000000000000
0.1711948364973068237304687500000000000000
0.4323136806488037109375000000000000000000
0.9241703152656555175781250000000000000000
1.7063726186752319335937500000000000000000
2.7668850421905517578125000000000000000000
4.0000000000000000000000000000000000000000
3.0000000000000000000000000000000000000000
2.0751636028289794921875000000000000000000
1.2797796726226806640625000000000000000000
0.6931277513504028320312500000000000000000
0.3242352604866027832031250000000000000000
0.1283961385488510131835937500000000000000
0.0419175773859024047851562500000000000000
0.0108610810711979866027832031250000000000
0.0021021442953497171401977539062500000000
0.0002716254093684256076812744140625000000
0.0000177146976056974381208419799804687500
0.0000000000000000000000000000000000000000
0.0000000000000000000000000000000000000000
0.0000000000000000000000000000000000000000
0.0000000000000000000000000000000000000000
0.0000000000000000000000000000000000000000
0.0000000000000000000000000000000000000000
0.0000000000000000000000000000000000000000
0.0000000000000000000000000000000000000000
0.0000000000000000000000000000000000000000
0.0000000000000000000000000000000000000000
0.0000000000000000000000000000000000000000
0.0000000000000000000000000000000000000000
0.0000000000000000000000000000000000000000
0.0000000000000000000000000000000000000000
0.0000000000000000000000000000000000000000
0.0000000000000000000000000000000000000000
0.0000000000000000000000000000000000000000
0.0000000000000000000000000000000000000000
0.0000000000000000000000000000000000000000
0.0000000000000000000000000000000000000000
0.0000000000000000000000000000000000000000
0.0000000000000000000000000000000000000000
0.0000000000000000000000000000000000000000
0.0000000000000000000000000000000000000000
0.0000000000000000000000000000000000000000
0.0000000000000000000000000000000000000000
0.0000000000000000000000000000000000000000
0.0000000000000000000000000000000000000000
0.0000000000000000000000000000000000000000
0.0000000000000000000000000000000000000000
0.0000000000000000000000000000000000000000
0.0000000000000000000000000000000000000000
0.0000000000000000000000000000000000000000
0.0000000000000000000000000000000000000000
0.0000000000000000000000000000000000000000
0.0000000000000000000000000000000000000000
0.0000000000000000000000000000000000000000
0.0000000000000000000000000000000000000000
0.0000000000000000000000000000000000000000
0.0000000000000000000000000000000000000000
0.0000000000000000000000000000000000000000
0.0000000000000000000000000000000000000000
0.0000000000000000000000000000000000000000
0.0000000000000000000000000000000000000000
0.0000000000000000000000000000000000000000
0.0000000000000000000000000000000000000000
0.0000000000000000000000000000000000000000
0.0000000000000000000000000000000000000000
0.0000000000000000000000000000000000000000
0.0000000000000000000000000000000000000000
0.0000000000000000000000000000000000000000
0.0000000000000000000000000000000000000000
0.0000000000000000000000000000000000000000
0.0000000000000000000000000000000000000000
0.0000000000000000000000000000000000000000
0.0000000000000000000000000000000000000000
0.0000000000000000000000000000000000000000
0.0000000000000000000000000000000000000000
0.0000000000000000000000000000000000000000
0.0000000000000000000000000000000000000000
0.0000000000000000000000000000000000000000
0.0000000000000000000000000000000000000000
0.0000000000000000000000000000000000000000
0.0000000000000000000000000000000000000000
0.0000000000000000000000000000000000000000
0.0000000000000000000000000000000000000000
0.0000000000000000000000000000000000000000
0.0000000000000000000000000000000000000000
0.0000000000000000000000000000000000000000
0.0000000000000000000000000000000000000000
0.0000000000000000000000000000000000000000
0.0000000000000000000000000000000000000000
0.0000000000000000000000000000000000000000
0.0000000000000000000000000000000000000000
0.0000000000000000000000000000000000000000
0.0000000000000000000000000000000000000000
0.0000000000000000000000000000000000000000
0.0000000000000000000000000000000000000000
0.0000236195955949369817972183227539062500
0.0003621671930886805057525634765625000000
0.0028028592932969331741333007812500000000
0.0144814373925328254699707031250000000000
0.0558900907635688781738281250000000000000
0.1711948364973068237304687500000000000000
0.4323136806488037109375000000000000000000
0.9241703152656555175781250000000000000000
1.7063726186752319335937500000000000000000
2.7668850421905517578125000000000000000000
4.0000000000000000000000000000000000000000
3.0000000000000000000000000000000000000000
2.0751636028289794921875000000000000000000
1.2797796726226806640625000000000000000000
0.6931277513504028320312500000000000000000
0.3242352604866027832031250000000000000000
0.1283961385488510131835937500000000000000
0.0419175773859024047851562500000000000000
0.0108610810711979866027832031250000000000
0.0021021442953497171401977539062500000000
0.0002716254093684256076812744140625000000
0.0000177146976056974381208419799804687500
0.0000000000000000000000000000000000000000
0.0000000000000000000000000000000000000000
0.0000000000000000000000000000000000000000
0.0000000000000000000000000000000000000000
0.0000000000000000000000000000000000000000
0.0000000000000000000000000000000000000000
0.0000000000000000000000000000000000000000
0.0000000000000000000000000000000000000000
0.0000000000000000000000000000000000000000
0.0000000000000000000000000000000000000000
0.0000000000000000000000000000000000000000
0.0000000000000000000000000000000000000000
0.0000000000000000000000000000000000000000
0.0000000000000000000000000000000000000000
0.0000000000000000000000000000000000000000
0.0000000000000000000000000000000000000000
0.0000000000000000000000000000000000000000
0.0000000000000000000000000000000000000000
0.0000000000000000000000000000000000000000
0.0000000000000000000000000000000000000000
0.0000000000000000000000000000000000000000
0.0000000000000000000000000000000000000000
0.0000000000000000000000000000000000000000
0.0000000000000000000000000000000000000000
0.0000000000000000000000000000000000000000
0.0000000000000000000000000000000000000000
0.0000000000000000000000000000000000000000
0.0000000000000000000000000000000000000000
0.0000000000000000000000000000000000000000
0.0000000000000000000000000000000000000000
0.0000000000000000000000000000000000000000
0.0000000000000000000000000000000000000000
0.0000000000000000000000000000000000000000
0.0000000000000000000000000000000000000000
0.0000000000000000000000000000000000000000
0.0000000000000000000000000000000000000000
0.0000000000000000000000000000000000000000
0.0000000000000000000000000000000000000000
0.0000000000000000000000000000000000000000
0.0000000000000000000000000000000000000000
0.0000000000000000000000000000000000000000
0.0000000000000000000000000000000000000000
0.0000000000000000000000000000000000000000
0.0000000000000000000000000000000000000000
0.0000000000000000000000000000000000000000
0.0000000000000000000000000000000000000000
0.0000000000000000000000000000000000000000
0.0000000000000000000000000000000000000000
0.0000000000000000000000000000000000000000
0.0000000000000000000000000000000000000000
0.0000000000000000000000000000000000000000
0.0000000000000000000000000000000000000000
0.0000000000000000000000000000000000000000
0.0000000000000000000000000000000000000000
0.0000000000000000000000000000000000000000
0.0000000000000000000000000000000000000000
0.0000000000000000000000000000000000000000
0.0000000000000000000000000000000000000000
0.0000000000000000000000000000000000000000
0.0000000000000000000000000000000000000000
0.0000000000000000000000000000000000000000
0.0000000000000000000000000000000000000000
0.0000000000000000000000000000000000000000
0.0000000000000000000000000000000000000000
0.0000000000000000000000000000000000000000
0.0000000000000000000000000000000000000000
0.0000000000000000000000000000000000000000
0.0000000000000000000000000000000000000000
0.0000000000000000000000000000000000000000
0.0000000000000000000000000000000000000000
0.0000000000000000000000000000000000000000
0.0000000000000000000000000000000000000000
0.0000000000000000000000000000000000000000
0.0000000000000000000000000000000000000000
0.0000000000000000000000000000000000000000
0.0000000000000000000000000000000000000000
0.0000000000000000000000000000000000000000
0.0000000000000000000000000000000000000000
0.0000236195955949369817972183227539062500
0.0003621671930886805057525634765625000000
0.0028028592932969331741333007812500000000
0.0144814373925328254699707031250000000000
0.0558900907635688781738281250000000000000
0.1711948364973068237304687500000000000000
0.4323136806488037109375000000000000000000
0.9241703152656555175781250000000000000000
1.7063726186752319335937500000000000000000
2.7668850421905517578125000000000000000000
4.0000000000000000000000000000000000000000
3.0000000000000000000000000000000000000000
2.0751636028289794921875000000000000000000
1.2797796726226806640625000000000000000000
0.6931277513504028320312500000000000000000
0.3242352604866027832031250000000000000000
0.1283961385488510131835937500000000000000
0.0419175773859024047851562500000000000000
0.0108610810711979866027832031250000000000
0.0021021442953497171401977539062500000000
0.0002716254093684256076812744140625000000
0.0000177146976056974381208419799804687500
0.0000000000000000000000000000000000000000
0.0000000000000000000000000000000000000000
0.0000000000000000000000000000000000000000
0.0000000000000000000000000000000000000000
0.0000000000000000000000000000000000000000
0.0000000000000000000000000000000000000000
0.0000000000000000000000000000000000000000
0.0000000000000000000000000000000000000000
0.0000000000000000000000000000000000000000
0.0000000000000000000000000000000000000000
0.0000000000000000000000000000000000000000
0.0000000000000000000000000000000000000000
0.0000000000000000000000000000000000000000
0.0000000000000000000000000000000000000000
0.0000000000000000000000000000000000000000
0.0000000000000000000000000000000000000000
0.0000000000000000000000000000000000000000
0.0000000000000000000000000000000000000000
0.0000000000000000000000000000000000000000
0.0000000000000000000000000000000000000000
0.0000000000000000000000000000000000000000
0.0000000000000000000000000000000000000000
0.0000000000000000000000000000000000000000
0.0000000000000000000000000000000000000000
0.0000000000000000000000000000000000000000
0.0000000000000000000000000000000000000000
0.0000000000000000000000000000000000000000
0.0000000000000000000000000000000000000000
0.0000000000000000000000000000000000000000
0.0000000000000000000000000000000000000000
0.0000000000000000000000000000000000000000
0.0000000000000000000000000000000000000000
0.0000000000000000000000000000000000000000
0.0000000000000000000000000000000000000000
0.0000000000000000000000000000000000000000
0.0000000000000000000000000000000000000000
0.0000000000000000000000000000000000000000
0.0000000000000000000000000000000000000000
0.0000000000000000000000000000000000000000
0.0000000000000000000000000000000000000000
0.0000000000000000000000000000000000000000
0.0000000000000000000000000000000000000000
0.0000000000000000000000000000000000000000
0.0000000000000000000000000000000000000000
0.0000000000000000000000000000000000000000
0.0000000000000000000000000000000000000000
0.0000000000000000000000000000000000000000
0.0000000000000000000000000000000000000000
0.0000000000000000000000000000000000000000
0.0000000000000000000000000000000000000000
0.0000000000000000000000000000000000000000
0.0000000000000000000000000000000000000000
0.0000000000000000000000000000000000000000
0.0000000000000000000000000000000000000000
0.0000000000000000000000000000000000000000
0.0000000000000000000000000000000000000000
0.0000000000000000000000000000000000000000
0.0000000000000000000000000000000000000000
0.0000000000000000000000000000000000000000
0.0000000000000000000000000000000000000000
0.0000000000000000000000000000000000000000
0.0000000000000000000000000000000000000000
0.0000000000000000000000000000000000000000
0.0000000000000000000000000000000000000000
0.0000000000000000000000000000000000000000
0.0000000000000000000000000000000000000000
0.0000000000000000000000000000000000000000
0.0000000000000000000000000000000000000000
0.0000000000000000000000000000000000000000
0.0000000000000000000000000000000000000000
0.0000000000000000000000000000000000000000
0.0000000000000000000000000000000000000000
0.0000000000000000000000000000000000000000
0.0000000000000000000000000000000000000000
0.0000000000000000000000000000000000000000
0.0000000000000000000000000000000000000000
0.0000000000000000000000000000000000000000
0.0000000000000000000000000000000000000000
0.0000236195955949369817972183227539062500
0.0003621671930886805057525634765625000000
0.0028028592932969331741333007812500000000
0.0144814373925328254699707031250000000000
0.0558900907635688781738281250000000000000
0.1711948364973068237304687500000000000000
0.4323136806488037109375000000000000000000
0.9241703152656555175781250000000000000000
1.7063726186752319335937500000000000000000
2.7668850421905517578125000000000000000000
4.0000000000000000000000000000000000000000
3.0000000000000000000000000000000000000000
2.0751636028289794921875000000000000000000
1.2797796726226806640625000000000000000000
0.6931277513504028320312500000000000000000
0.3242352604866027832031250000000000000000
0.1283961385488510131835937500000000000000
0.0419175773859024047851562500000000000000
0.0108610810711979866027832031250000000000
0.0021021442953497171401977539062500000000
0.0002716254093684256076812744140625000000
0.0000177146976056974381208419799804687500
0.0000000000000000000000000000000000000000
0.0000000000000000000000000000000000000000
0.0000000000000000000000000000000000000000
0.0000000000000000000000000000000000000000
0.0000000000000000000000000000000000000000
0.0000000000000000000000000000000000000000
0.0000000000000000000000000000000000000000
0.0000000000000000000000000000000000000000
0.0000000000000000000000000000000000000000
0.0000000000000000000000000000000000000000
0.0000000000000000000000000000000000000000
0.0000000000000000000000000000000000000000
0.0000000000000000000000000000000000000000
0.0000000000000000000000000000000000000000
0.0000000000000000000000000000000000000000
0.0000000000000000000000000000000000000000
0.0000000000000000000000000000000000000000
0.0000000000000000000000000000000000000000
0.0000000000000000000000000000000000000000
0.0000000000000000000000000000000000000000
0.0000000000000000000000000000000000000000
0.0000000000000000000000000000000000000000
0.0000000000000000000000000000000000000000
0.0000000000000000000000000000000000000000
0.0000000000000000000000000000000000000000
0.0000000000000000000000000000000000000000
0.0000000000000000000000000000000000000000
0.0000000000000000000000000000000000000000
0.0000000000000000000000000000000000000000
0.0000000000000000000000000000000000000000
0.0000000000000000000000000000000000000000
0.0000000000000000000000000000000000000000
0.0000000000000000000000000000000000000000
0.0000000000000000000000000000000000000000
0.0000000000000000000000000000000000000000
0.0000000000000000000000000000000000000000
0.0000000000000000000000000000000000000000
0.0000000000000000000000000000000000000000
0.0000000000000000000000000000000000000000
0.0000000000000000000000000000000000000000
0.0000000000000000000000000000000000000000
0.0000000000000000000000000000000000000000
0.0000000000000000000000000000000000000000
0.0000000000000000000000000000000000000000
0.0000000000000000000000000000000000000000
0.0000000000000000000000000000000000000000
0.0000000000000000000000000000000000000000
0.0000000000000000000000000000000000000000
0.0000000000000000000000000000000000000000
0.0000000000000000000000000000000000000000
0.0000000000000000000000000000000000000000
0.0000000000000000000000000000000000000000
0.0000000000000000000000000000000000000000
0.0000000000000000000000000000000000000000
0.0000000000000000000000000000000000000000
0.0000000000000000000000000000000000000000
0.0000000000000000000000000000000000000000
0.0000000000000000000000000000000000000000
0.0000000000000000000000000000000000000000
0.0000000000000000000000000000000000000000
0.0000000000000000000000000000000000000000
0.0000000000000000000000000000000000000000
0.0000000000000000000000000000000000000000
0.0000000000000000000000000000000000000000
0.0000000000000000000000000000000000000000
0.0000000000000000000000000000000000000000
0.0000000000000000000000000000000000000000
0.0000000000000000000000000000000000000000
0.0000000000000000000000000000000000000000
0.0000000000000000000000000000000000000000
0.0000000000000000000000000000000000000000
0.0000000000000000000000000000000000000000
0.0000000000000000000000000000000000000000
0.0000000000000000000000000000000000000000
0.0000000000000000000000000000000000000000
0.0000000000000000000000000000000000000000
0.0000000000000000000000000000000000000000
0.0000000000000000000000000000000000000000
0.0000236195955949369817972183227539062500
0.0003621671930886805057525634765625000000
0.0028028592932969331741333007812500000000
0.0144814373925328254699707031250000000000
0.0558900907635688781738281250000000000000
0.1711948364973068237304687500000000000000
0.4323136806488037109375000000000000000000
0.9241703152656555175781250000000000000000
1.7063726186752319335937500000000000000000
2.7668850421905517578125000000000000000000
4.0000000000000000000000000000000000000000
3.0000000000000000000000000000000000000000
2.0751636028289794921875000000000000000000
1.2797796726226806640625000000000000000000
0.6931277513504028320312500000000000000000
0.3242352604866027832031250000000000000000
0.1283961385488510131835937500000000000000
0.0419175773859024047851562500000000000000
0.0108610810711979866027832031250000000000
0.0021021442953497171401977539062500000000
0.0002716254093684256076812744140625000000
0.0000177146976056974381208419799804687500
0.0000000000000000000000000000000000000000
0.0000000000000000000000000000000000000000
0.0000000000000000000000000000000000000000
0.0000000000000000000000000000000000000000
0.0000000000000000000000000000000000000000
0.0000000000000000000000000000000000000000
0.0000000000000000000000000000000000000000
0.0000000000000000000000000000000000000000
0.0000000000000000000000000000000000000000
0.0000000000000000000000000000000000000000
0.0000000000000000000000000000000000000000
0.0000000000000000000000000000000000000000
0.0000000000000000000000000000000000000000
0.0000000000000000000000000000000000000000
0.0000000000000000000000000000000000000000
0.0000000000000000000000000000000000000000
0.0000000000000000000000000000000000000000
0.0000000000000000000000000000000000000000
0.0000000000000000000000000000000000000000
0.0000000000000000000000000000000000000000
0.0000000000000000000000000000000000000000
0.0000000000000000000000000000000000000000
0.0000000000000000000000000000000000000000
0.0000000000000000000000000000000000000000
0.0000000000000000000000000000000000000000
0.0000000000000000000000000000000000000000
0.0000000000000000000000000000000000000000
0.0000000000000000000000000000000000000000
0.0000000000000000000000000000000000000000
0.0000000000000000000000000000000000000000
0.0000000000000000000000000000000000000000
0.0000000000000000000000000000000000000000
0.0000000000000000000000000000000000000000
0.0000000000000000000000000000000000000000
0.0000000000000000000000000000000000000000
0.0000000000000000000000000000000000000000
0.0000000000000000000000000000000000000000
0.0000000000000000000000000000000000000000
0.0000000000000000000000000000000000000000
0.0000000000000000000000000000000000000000
0.0000000000000000000000000000000000000000
0.0000000000000000000000000000000000000000
0.0000000000000000000000000000000000000000
0.0000000000000000000000000000000000000000
0.0000000000000000000000000000000000000000
0.0000000000000000000000000000000000000000
0.0000000000000000000000000000000000000000
0.0000000000000000000000000000000000000000
0.0000000000000000000000000000000000000000
0.0000000000000000000000000000000000000000
0.0000000000000000000000000000000000000000
0.0000000000000000000000000000000000000000
0.0000000000000000000000000000000000000000
0.0000000000000000000000000000000000000000
0.0000000000000000000000000000000000000000
0.0000000000000000000000000000000000000000
0.0000000000000000000000000000000000000000
0.0000000000000000000000000000000000000000
0.0000000000000000000000000000000000000000
0.0000000000000000000000000000000000000000
0.0000000000000000000000000000000000000000
0.0000000000000000000000000000000000000000
0.0000000000000000000000000000000000000000
0.0000000000000000000000000000000000000000
0.0000000000000000000000000000000000000000
0.0000000000000000000000000000000000000000
0.0000000000000000000000000000000000000000
0.0000000000000000000000000000000000000000
0.0000000000000000000000000000000000000000
0.0000000000000000000000000000000000000000
0.0000000000000000000000000000000000000000
0.0000000000000000000000000000000000000000
0.0000000000000000000000000000000000000000
0.0000000000000000000000000000000000000000
0.0000000000000000000000000000000000000000
0.0000000000000000000000000000000000000000
0.0000000000000000000000000000000000000000
0.0000000000000000000000000000000000000000
0.0000236195955949369817972183227539062500
0.0003621671930886805057525634765625000000
0.0028028592932969331741333007812500000000
0.0144814373925328254699707031250000000000
0.0558900907635688781738281250000000000000
0.1711948364973068237304687500000000000000
0.4323136806488037109375000000000000000000
0.9241703152656555175781250000000000000000
1.7063726186752319335937500000000000000000
2.7668850421905517578125000000000000000000
4.0000000000000000000000000000000000000000
3.0000000000000000000000000000000000000000
2.0751636028289794921875000000000000000000
1.2797796726226806640625000000000000000000
0.6931277513504028320312500000000000000000
0.3242352604866027832031250000000000000000
0.1283961385488510131835937500000000000000
0.0419175773859024047851562500000000000000
0.0108610810711979866027832031250000000000
0.0021021442953497171401977539062500000000
0.0002716254093684256076812744140625000000
0.0000177146976056974381208419799804687500
0.0000000000000000000000000000000000000000
0.0000000000000000000000000000000000000000
0.0000000000000000000000000000000000000000
0.0000000000000000000000000000000000000000
0.0000000000000000000000000000000000000000
0.0000000000000000000000000000000000000000
0.0000000000000000000000000000000000000000
0.0000000000000000000000000000000000000000
0.0000000000000000000000000000000000000000
0.0000000000000000000000000000000000000000
0.0000000000000000000000000000000000000000
0.0000000000000000000000000000000000000000
0.0000000000000000000000000000000000000000
0.0000000000000000000000000000000000000000
0.0000000000000000000000000000000000000000
0.0000000000000000000000000000000000000000
0.0000000000000000000000000000000000000000
0.0000000000000000000000000000000000000000
0.0000000000000000000000000000000000000000
0.0000000000000000000000000000000000000000
0.0000000000000000000000000000000000000000
0.0000000000000000000000000000000000000000
0.0000000000000000000000000000000000000000
0.0000000000000000000000000000000000000000
0.0000000000000000000000000000000000000000
0.0000000000000000000000000000000000000000
0.0000000000000000000000000000000000000000
0.0000000000000000000000000000000000000000
0.0000000000000000000000000000000000000000
0.0000000000000000000000000000000000000000
0.0000000000000000000000000000000000000000
0.0000000000000000000000000000000000000000
0.0000000000000000000000000000000000000000
0.0000000000000000000000000000000000000000
0.0000000000000000000000000000000000000000
0.0000000000000000000000000000000000000000
0.0000000000000000000000000000000000000000
0.0000000000000000000000000000000000000000
0.0000000000000000000000000000000000000000
0.0000000000000000000000000000000000000000
0.0000000000000000000000000000000000000000
0.0000000000000000000000000000000000000000
0.0000000000000000000000000000000000000000
0.0000000000000000000000000000000000000000
0.0000000000000000000000000000000000000000
0.0000000000000000000000000000000000000000
0.0000000000000000000000000000000000000000
0.0000000000000000000000000000000000000000
0.0000000000000000000000000000000000000000
0.0000000000000000000000000000000000000000
0.0000000000000000000000000000000000000000
0.0000000000000000000000000000000000000000
0.0000000000000000000000000000000000000000
0.0000000000000000000000000000000000000000
0.0000000000000000000000000000000000000000
0.0000000000000000000000000000000000000000
0.0000000000000000000000000000000000000000
0.0000000000000000000000000000000000000000
0.0000000000000000000000000000000000000000
0.0000000000000000000000000000000000000000
0.0000000000000000000000000000000000000000
0.0000000000000000000000000000000000000000
0.0000000000000000000000000000000000000000
0.0000000000000000000000000000000000000000
0.0000000000000000000000000000000000000000
0.0000000000000000000000000000000000000000
0.0000000000000000000000000000000000000000
0.0000000000000000000000000000000000000000
0.0000000000000000000000000000000000000000
0.0000000000000000000000000000000000000000
0.0000000000000000000000000000000000000000
0.0000000000000000000000000000000000000000
0.0000000000000000000000000000000000000000
0.0000000000000000000000000000000000000000
0.0000000000000000000000000000000000000000
0.0000000000000000000000000000000000000000
0.0000000000000000000000000000000000000000
0.0000000000000000000000000000000000000000
0.0000236195955949369817972183227539062500
0.0003621671930886805057525634765625000000
0.0028028592932969331741333007812500000000
0.0144814373925328254699707031250000000000
0.0558900907635688781738281250000000000000
0.1711948364973068237304687500000000000000
0.4323136806488037109375000000000000000000
0.9241703152656555175781250000000000000000
1.7063726186752319335937500000000000000000
2.7668850421905517578125000000000000000000
4.0000000000000000000000000000000000000000
3.0000000000000000000000000000000000000000
2.0751636028289794921875000000000000000000
1.2797796726226806640625000000000000000000
0.6931277513504028320312500000000000000000
0.3242352604866027832031250000000000000000
0.1283961385488510131835937500000000000000
0.0419175773859024047851562500000000000000
0.0108610810711979866027832031250000000000
0.0021021442953497171401977539062500000000
0.0002716254093684256076812744140625000000
0.0000177146976056974381208419799804687500
0.0000000000000000000000000000000000000000
0.0000000000000000000000000000000000000000
0.0000000000000000000000000000000000000000
0.0000000000000000000000000000000000000000
0.0000000000000000000000000000000000000000
0.0000000000000000000000000000000000000000
0.0000000000000000000000000000000000000000
0.0000000000000000000000000000000000000000
0.0000000000000000000000000000000000000000
0.0000000000000000000000000000000000000000
0.0000000000000000000000000000000000000000
0.0000000000000000000000000000000000000000
0.0000000000000000000000000000000000000000
0.0000000000000000000000000000000000000000
0.0000000000000000000000000000000000000000
0.0000000000000000000000000000000000000000
0.0000000000000000000000000000000000000000
0.0000000000000000000000000000000000000000
0.0000000000000000000000000000000000000000
0.0000000000000000000000000000000000000000
0.0000000000000000000000000000000000000000
0.0000000000000000000000000000000000000000
0.0000000000000000000000000000000000000000
0.0000000000000000000000000000000000000000
0.0000000000000000000000000000000000000000
0.0000000000000000000000000000000000000000
0.0000000000000000000000000000000000000000
0.0000000000000000000000000000000000000000
0.0000000000000000000000000000000000000000
0.0000000000000000000000000000000000000000
0.0000000000000000000000000000000000000000
0.0000000000000000000000000000000000000000
0.0000000000000000000000000000000000000000
0.0000000000000000000000000000000000000000
0.0000000000000000000000000000000000000000
0.0000000000000000000000000000000000000000
0.0000000000000000000000000000000000000000
0.0000000000000000000000000000000000000000
0.0000000000000000000000000000000000000000
0.0000000000000000000000000000000000000000
0.0000000000000000000000000000000000000000
0.0000000000000000000000000000000000000000
0.0000000000000000000000000000000000000000
0.0000000000000000000000000000000000000000
0.0000000000000000000000000000000000000000
0.0000000000000000000000000000000000000000
0.0000000000000000000000000000000000000000
0.0000000000000000000000000000000000000000
0.0000000000000000000000000000000000000000
0.0000000000000000000000000000000000000000
0.0000000000000000000000000000000000000000
0.0000000000000000000000000000000000000000
0.0000000000000000000000000000000000000000
0.0000000000000000000000000000000000000000
0.0000000000000000000000000000000000000000
0.0000000000000000000000000000000000000000
0.0000000000000000000000000000000000000000
0.0000000000000000000000000000000000000000
0.0000000000000000000000000000000000000000
0.0000000000000000000000000000000000000000
0.0000000000000000000000000000000000000000
0.0000000000000000000000000000000000000000
0.0000000000000000000000000000000000000000
0.0000000000000000000000000000000000000000
0.0000000000000000000000000000000000000000
0.0000000000000000000000000000000000000000
0.0000000000000000000000000000000000000000
0.0000000000000000000000000000000000000000
0.0000000000000000000000000000000000000000
0.0000000000000000000000000000000000000000
0.0000000000000000000000000000000000000000
0.0000000000000000000000000000000000000000
0.0000000000000000000000000000000000000000
0.0000000000000000000000000000000000000000
0.0000000000000000000000000000000000000000
0.0000000000000000000000000000000000000000
0.0000000000000000000000000000000000000000
0.0000000000000000000000000000000000000000
0.0000236195955949369817972183227539062500
0.0003621671930886805057525634765625000000
0.0028028592932969331741333007812500000000
0.0144814373925328254699707031250000000000
0.0558900907635688781738281250000000000000
0.1711948364973068237304687500000000000000
0.4323136806488037109375000000000000000000
0.9241703152656555175781250000000000000000
1.7063726186752319335937500000000000000000
2.7668850421905517578125000000000000000000
4.0000000000000000000000000000000000000000
3.0000000000000000000000000000000000000000
2.0751636028289794921875000000000000000000
1.2797796726226806640625000000000000000000
0.6931277513504028320312500000000000000000
0.3242352604866027832031250000000000000000
0.1283961385488510131835937500000000000000
0.0419175773859024047851562500000000000000
0.0108610810711979866027832031250000000000
0.0021021442953497171401977539062500000000
0.0002716254093684256076812744140625000000
0.0000177146976056974381208419799804687500
0.0000000000000000000000000000000000000000
0.0000000000000000000000000000000000000000
0.0000000000000000000000000000000000000000
0.0000000000000000000000000000000000000000
0.0000000000000000000000000000000000000000
0.0000000000000000000000000000000000000000
0.0000000000000000000000000000000000000000
0.0000000000000000000000000000000000000000
0.0000000000000000000000000000000000000000
0.0000000000000000000000000000000000000000
0.0000000000000000000000000000000000000000
0.0000000000000000000000000000000000000000
0.0000000000000000000000000000000000000000
0.0000000000000000000000000000000000000000
0.0000000000000000000000000000000000000000
0.0000000000000000000000000000000000000000
0.0000000000000000000000000000000000000000
0.0000000000000000000000000000000000000000
0.0000000000000000000000000000000000000000
0.0000000000000000000000000000000000000000
0.0000000000000000000000000000000000000000
0.0000000000000000000000000000000000000000
0.0000000000000000000000000000000000000000
0.0000000000000000000000000000000000000000
0.0000000000000000000000000000000000000000
0.0000000000000000000000000000000000000000
0.0000000000000000000000000000000000000000
0.0000000000000000000000000000000000000000
0.0000000000000000000000000000000000000000
0.0000000000000000000000000000000000000000
0.0000000000000000000000000000000000000000
0.0000000000000000000000000000000000000000
0.0000000000000000000000000000000000000000
0.0000000000000000000000000000000000000000
0.0000000000000000000000000000000000000000
0.0000000000000000000000000000000000000000
0.0000000000000000000000000000000000000000
0.0000000000000000000000000000000000000000
0.0000000000000000000000000000000000000000
0.0000000000000000000000000000000000000000
0.0000000000000000000000000000000000000000
0.0000000000000000000000000000000000000000
0.0000000000000000000000000000000000000000
0.0000000000000000000000000000000000000000
0.0000000000000000000000000000000000000000
0.0000000000000000000000000000000000000000
0.0000000000000000000000000000000000000000
0.0000000000000000000000000000000000000000
0.0000000000000000000000000000000000000000
0.0000000000000000000000000000000000000000
0.0000000000000000000000000000000000000000
0.0000000000000000000000000000000000000000
0.0000000000000000000000000000000000000000
0.0000000000000000000000000000000000000000
0.0000000000000000000000000000000000000000
0.0000000000000000000000000000000000000000
0.0000000000000000000000000000000000000000
0.0000000000000000000000000000000000000000
0.0000000000000000000000000000000000000000
0.0000000000000000000000000000000000000000
0.0000000000000000000000000000000000000000
0.0000000000000000000000000000000000000000
0.0000000000000000000000000000000000000000
0.0000000000000000000000000000000000000000
0.0000000000000000000000000000000000000000
0.0000000000000000000000000000000000000000
0.0000000000000000000000000000000000000000
0.0000000000000000000000000000000000000000
0.0000000000000000000000000000000000000000
0.0000000000000000000000000000000000000000
0.0000000000000000000000000000000000000000
0.0000000000000000000000000000000000000000
0.0000000000000000000000000000000000000000
0.0000000000000000000000000000000000000000
0.0000000000000000000000000000000000000000
0.0000000000000000000000000000000000000000
0.0000000000000000000000000000000000000000
0.0000000000000000000000000000000000000000
0.0000236195955949369817972183227539062500
0.0003621671930886805057525634765625000000
0.0028028592932969331741333007812500000000
0.0144814373925328254699707031250000000000
0.0558900907635688781738281250000000000000
0.1711948364973068237304687500000000000000
0.4323136806488037109375000000000000000000
0.9241703152656555175781250000000000000000
1.7063726186752319335937500000000000000000
2.7668850421905517578125000000000000000000
4.0000000000000000000000000000000000000000
3.0000000000000000000000000000000000000000
2.0751636028289794921875000000000000000000
1.2797796726226806640625000000000000000000
0.6931277513504028320312500000000000000000
0.3242352604866027832031250000000000000000
0.1283961385488510131835937500000000000000
0.0419175773859024047851562500000000000000
0.0108610810711979866027832031250000000000
0.0021021442953497171401977539062500000000
0.0002716254093684256076812744140625000000
0.0000177146976056974381208419799804687500
0.0000000000000000000000000000000000000000
0.0000000000000000000000000000000000000000
0.0000000000000000000000000000000000000000
0.0000000000000000000000000000000000000000
0.0000000000000000000000000000000000000000
0.0000000000000000000000000000000000000000
0.0000000000000000000000000000000000000000
0.0000000000000000000000000000000000000000
0.0000000000000000000000000000000000000000
0.0000000000000000000000000000000000000000
0.0000000000000000000000000000000000000000
0.0000000000000000000000000000000000000000
0.0000000000000000000000000000000000000000
0.0000000000000000000000000000000000000000
0.0000000000000000000000000000000000000000
0.0000000000000000000000000000000000000000
0.0000000000000000000000000000000000000000
0.0000000000000000000000000000000000000000
0.0000000000000000000000000000000000000000
0.0000000000000000000000000000000000000000
0.0000000000000000000000000000000000000000
0.0000000000000000000000000000000000000000
0.0000000000000000000000000000000000000000
0.0000000000000000000000000000000000000000
0.0000000000000000000000000000000000000000
0.0000000000000000000000000000000000000000
0.0000000000000000000000000000000000000000
0.0000000000000000000000000000000000000000
0.0000000000000000000000000000000000000000
0.0000000000000000000000000000000000000000
0.0000000000000000000000000000000000000000
0.0000000000000000000000000000000000000000
0.0000000000000000000000000000000000000000
0.0000000000000000000000000000000000000000
0.0000000000000000000000000000000000000000
0.0000000000000000000000000000000000000000
0.0000000000000000000000000000000000000000
0.0000000000000000000000000000000000000000
0.0000000000000000000000000000000000000000
0.0000000000000000000000000000000000000000
0.0000000000000000000000000000000000000000
0.0000000000000000000000000000000000000000
0.0000000000000000000000000000000000000000
0.0000000000000000000000000000000000000000
0.0000000000000000000000000000000000000000
0.0000000000000000000000000000000000000000
0.0000000000000000000000000000000000000000
0.0000000000000000000000000000000000000000
0.0000000000000000000000000000000000000000
0.0000000000000000000000000000000000000000
0.0000000000000000000000000000000000000000
0.0000000000000000000000000000000000000000
0.0000000000000000000000000000000000000000
0.0000000000000000000000000000000000000000
0.0000000000000000000000000000000000000000
0.0000000000000000000000000000000000000000
0.0000000000000000000000000000000000000000
0.0000000000000000000000000000000000000000
0.0000000000000000000000000000000000000000
0.0000000000000000000000000000000000000000
0.0000000000000000000000000000000000000000
0.0000000000000000000000000000000000000000
0.0000000000000000000000000000000000000000
0.0000000000000000000000000000000000000000
0.0000000000000000000000000000000000000000
0.0000000000000000000000000000000000000000
0.0000000000000000000000000000000000000000
0.0000000000000000000000000000000000000000
0.0000000000000000000000000000000000000000
0.0000000000000000000000000000000000000000
0.0000000000000000000000000000000000000000
0.0000000000000000000000000000000000000000
0.0000000000000000000000000000000000000000
0.0000000000000000000000000000000000000000
0.0000000000000000000000000000000000000000
0.0000000000000000000000000000000000000000
0.0000000000000000000000000000000000000000
0.0000000000000000000000000000000000000000
0.0000236195955949369817972183227539062500
0.0003621671930886805057525634765625000000
0.0028028592932969331741333007812500000000
0.0144814373925328254699707031250000000000
0.0558900907635688781738281250000000000000
0.1711948364973068237304687500000000000000
0.4323136806488037109375000000000000000000
0.9241703152656555175781250000000000000000
1.7063726186752319335937500000000000000000
2.7668850421905517578125000000000000000000
4.0000000000000000000000000000000000000000
3.0000000000000000000000000000000000000000
2.0751636028289794921875000000000000000000
1.2797796726226806640625000000000000000000
0.6931277513504028320312500000000000000000
0.3242352604866027832031250000000000000000
0.1283961385488510131835937500000000000000
0.0419175773859024047851562500000000000000
0.0108610810711979866027832031250000000000
0.0021021442953497171401977539062500000000
0.0002716254093684256076812744140625000000
0.0000177146976056974381208419799804687500
0.0000000000000000000000000000000000000000
0.0000000000000000000000000000000000000000
0.0000000000000000000000000000000000000000
0.0000000000000000000000000000000000000000
0.0000000000000000000000000000000000000000
0.0000000000000000000000000000000000000000
0.0000000000000000000000000000000000000000
0.0000000000000000000000000000000000000000
0.0000000000000000000000000000000000000000
0.0000000000000000000000000000000000000000
0.0000000000000000000000000000000000000000
0.0000000000000000000000000000000000000000
0.0000000000000000000000000000000000000000
0.0000000000000000000000000000000000000000
0.0000000000000000000000000000000000000000
0.0000000000000000000000000000000000000000
0.0000000000000000000000000000000000000000
0.0000000000000000000000000000000000000000
0.0000000000000000000000000000000000000000
0.0000000000000000000000000000000000000000
0.0000000000000000000000000000000000000000
0.0000000000000000000000000000000000000000
0.0000000000000000000000000000000000000000
0.0000000000000000000000000000000000000000
0.0000000000000000000000000000000000000000
0.0000000000000000000000000000000000000000
0.0000000000000000000000000000000000000000
0.0000000000000000000000000000000000000000
0.0000000000000000000000000000000000000000
0.0000000000000000000000000000000000000000
0.0000000000000000000000000000000000000000
0.0000000000000000000000000000000000000000
0.0000000000000000000000000000000000000000
0.0000000000000000000000000000000000000000
0.0000000000000000000000000000000000000000
0.0000000000000000000000000000000000000000
0.0000000000000000000000000000000000000000
0.0000000000000000000000000000000000000000
0.0000000000000000000000000000000000000000
0.0000000000000000000000000000000000000000
0.0000000000000000000000000000000000000000
0.0000000000000000000000000000000000000000
0.0000000000000000000000000000000000000000
0.0000000000000000000000000000000000000000
0.0000000000000000000000000000000000000000
0.0000000000000000000000000000000000000000
0.0000000000000000000000000000000000000000
0.0000000000000000000000000000000000000000
0.0000000000000000000000000000000000000000
0.0000000000000000000000000000000000000000
0.0000000000000000000000000000000000000000
0.0000000000000000000000000000000000000000
0.0000000000000000000000000000000000000000
0.0000000000000000000000000000000000000000
0.0000000000000000000000000000000000000000
0.0000000000000000000000000000000000000000
0.0000000000000000000000000000000000000000
0.0000000000000000000000000000000000000000
0.0000000000000000000000000000000000000000
0.0000000000000000000000000000000000000000
0.0000000000000000000000000000000000000000
0.0000000000000000000000000000000000000000
0.0000000000000000000000000000000000000000
0.0000000000000000000000000000000000000000
0.0000000000000000000000000000000000000000
0.0000000000000000000000000000000000000000
0.0000000000000000000000000000000000000000
0.0000000000000000000000000000000000000000
0.0000000000000000000000000000000000000000
0.0000000000000000000000000000000000000000
0.0000000000000000000000000000000000000000
0.0000000000000000000000000000000000000000
0.0000000000000000000000000000000000000000
0.0000000000000000000000000000000000000000
0.0000000000000000000000000000000000000000
0.0000000000000000000000000000000000000000
0.0000000000000000000000000000000000000000
0.0000000000000000000000000000000000000000
0.0000236195955949369817972183227539062500
0.0003621671930886805057525634765625000000
0.0028028592932969331741333007812500000000
0.0144814373925328254699707031250000000000
0.0558900907635688781738281250000000000000
0.1711948364973068237304687500000000000000
0.4323136806488037109375000000000000000000
0.9241703152656555175781250000000000000000
1.7063726186752319335937500000000000000000
2.7668850421905517578125000000000000000000
4.0000000000000000000000000000000000000000
3.0000000000000000000000000000000000000000
2.0751636028289794921875000000000000000000
1.2797796726226806640625000000000000000000
0.6931277513504028320312500000000000000000
0.3242352604866027832031250000000000000000
0.1283961385488510131835937500000000000000
0.0419175773859024047851562500000000000000
0.0108610810711979866027832031250000000000
0.0021021442953497171401977539062500000000
0.0002716254093684256076812744140625000000
0.0000177146976056974381208419799804687500
0.0000000000000000000000000000000000000000
0.0000000000000000000000000000000000000000
0.0000000000000000000000000000000000000000
0.0000000000000000000000000000000000000000
0.0000000000000000000000000000000000000000
0.0000000000000000000000000000000000000000
0.0000000000000000000000000000000000000000
0.0000000000000000000000000000000000000000
0.0000000000000000000000000000000000000000
0.0000000000000000000000000000000000000000
0.0000000000000000000000000000000000000000
0.0000000000000000000000000000000000000000
0.0000000000000000000000000000000000000000
0.0000000000000000000000000000000000000000
0.0000000000000000000000000000000000000000
0.0000000000000000000000000000000000000000
0.0000000000000000000000000000000000000000
0.0000000000000000000000000000000000000000
0.0000000000000000000000000000000000000000
0.0000000000000000000000000000000000000000
0.0000000000000000000000000000000000000000
0.0000000000000000000000000000000000000000
0.0000000000000000000000000000000000000000
0.0000000000000000000000000000000000000000
0.0000000000000000000000000000000000000000
0.0000000000000000000000000000000000000000
0.0000000000000000000000000000000000000000
0.0000000000000000000000000000000000000000
0.0000000000000000000000000000000000000000
0.0000000000000000000000000000000000000000
0.0000000000000000000000000000000000000000
0.0000000000000000000000000000000000000000
0.0000000000000000000000000000000000000000
0.0000000000000000000000000000000000000000
0.0000000000000000000000000000000000000000
0.0000000000000000000000000000000000000000
0.0000000000000000000000000000000000000000
0.0000000000000000000000000000000000000000
0.0000000000000000000000000000000000000000
0.0000000000000000000000000000000000000000
0.0000000000000000000000000000000000000000
0.0000000000000000000000000000000000000000
0.0000000000000000000000000000000000000000
0.0000000000000000000000000000000000000000
0.0000000000000000000000000000000000000000
0.0000000000000000000000000000000000000000
0.0000000000000000000000000000000000000000
0.0000000000000000000000000000000000000000
0.0000000000000000000000000000000000000000
0.0000000000000000000000000000000000000000
0.0000000000000000000000000000000000000000
0.0000000000000000000000000000000000000000
0.0000000000000000000000000000000000000000
0.0000000000000000000000000000000000000000
0.0000000000000000000000000000000000000000
0.0000000000000000000000000000000000000000
0.0000000000000000000000000000000000000000
0.0000000000000000000000000000000000000000
0.0000000000000000000000000000000000000000
0.0000000000000000000000000000000000000000
0.0000000000000000000000000000000000000000
0.0000000000000000000000000000000000000000
0.0000000000000000000000000000000000000000
0.0000000000000000000000000000000000000000
0.0000000000000000000000000000000000000000
0.0000000000000000000000000000000000000000
0.0000000000000000000000000000000000000000
0.0000000000000000000000000000000000000000
0.0000000000000000000000000000000000000000
0.0000000000000000000000000000000000000000
0.0000000000000000000000000000000000000000
0.0000000000000000000000000000000000000000
0.0000000000000000000000000000000000000000
0.0000000000000000000000000000000000000000
0.0000000000000000000000000000000000000000
0.0000000000000000000000000000000000000000
0.0000000000000000000000000000000000000000
0.0000000000000000000000000000000000000000
0.0000236195955949369817972183227539062500
0.0003621671930886805057525634765625000000
0.0028028592932969331741333007812500000000
0.0144814373925328254699707031250000000000
0.0558900907635688781738281250000000000000
0.1711948364973068237304687500000000000000
0.4323136806488037109375000000000000000000
0.9241703152656555175781250000000000000000
1.7063726186752319335937500000000000000000
2.7668850421905517578125000000000000000000
4.0000000000000000000000000000000000000000
3.0000000000000000000000000000000000000000
2.0751636028289794921875000000000000000000
1.2797796726226806640625000000000000000000
0.6931277513504028320312500000000000000000
0.3242352604866027832031250000000000000000
0.1283961385488510131835937500000000000000
0.0419175773859024047851562500000000000000
0.0108610810711979866027832031250000000000
0.0021021442953497171401977539062500000000
0.0002716254093684256076812744140625000000
0.0000177146976056974381208419799804687500
0.0000000000000000000000000000000000000000
0.0000000000000000000000000000000000000000
0.0000000000000000000000000000000000000000
0.0000000000000000000000000000000000000000
0.0000000000000000000000000000000000000000
0.0000000000000000000000000000000000000000
0.0000000000000000000000000000000000000000
0.0000000000000000000000000000000000000000
0.0000000000000000000000000000000000000000
0.0000000000000000000000000000000000000000
0.0000000000000000000000000000000000000000
0.0000000000000000000000000000000000000000
0.0000000000000000000000000000000000000000
0.0000000000000000000000000000000000000000
0.0000000000000000000000000000000000000000
0.0000000000000000000000000000000000000000
0.0000000000000000000000000000000000000000
0.0000000000000000000000000000000000000000
0.0000000000000000000000000000000000000000
0.0000000000000000000000000000000000000000
0.0000000000000000000000000000000000000000
0.0000000000000000000000000000000000000000
0.0000000000000000000000000000000000000000
0.0000000000000000000000000000000000000000
0.0000000000000000000000000000000000000000
0.0000000000000000000000000000000000000000
0.0000000000000000000000000000000000000000
0.0000000000000000000000000000000000000000
0.0000000000000000000000000000000000000000
0.0000000000000000000000000000000000000000
0.0000000000000000000000000000000000000000
0.0000000000000000000000000000000000000000
0.0000000000000000000000000000000000000000
0.0000000000000000000000000000000000000000
0.0000000000000000000000000000000000000000
0.0000000000000000000000000000000000000000
0.0000000000000000000000000000000000000000
0.0000000000000000000000000000000000000000
0.0000000000000000000000000000000000000000
0.0000000000000000000000000000000000000000
0.0000000000000000000000000000000000000000
0.0000000000000000000000000000000000000000
0.0000000000000000000000000000000000000000
0.0000000000000000000000000000000000000000
0.0000000000000000000000000000000000000000
0.0000000000000000000000000000000000000000
0.0000000000000000000000000000000000000000
0.0000000000000000000000000000000000000000
0.0000000000000000000000000000000000000000
0.0000000000000000000000000000000000000000
0.0000000000000000000000000000000000000000
0.0000000000000000000000000000000000000000
0.0000000000000000000000000000000000000000
0.0000000000000000000000000000000000000000
0.0000000000000000000000000000000000000000
0.0000000000000000000000000000000000000000
0.0000000000000000000000000000000000000000
0.0000000000000000000000000000000000000000
0.0000000000000000000000000000000000000000
0.0000000000000000000000000000000000000000
0.0000000000000000000000000000000000000000
0.0000000000000000000000000000000000000000
0.0000000000000000000000000000000000000000
0.0000000000000000000000000000000000000000
0.0000000000000000000000000000000000000000
0.0000000000000000000000000000000000000000
0.0000000000000000000000000000000000000000
0.0000000000000000000000000000000000000000
0.0000000000000000000000000000000000000000
0.0000000000000000000000000000000000000000
0.0000000000000000000000000000000000000000
0.0000000000000000000000000000000000000000
0.0000000000000000000000000000000000000000
0.0000000000000000000000000000000000000000
0.0000000000000000000000000000000000000000
0.0000000000000000000000000000000000000000
0.0000000000000000000000000000000000000000
0.0000000000000000000000000000000000000000
0.0000236195955949369817972183227539062500
0.0003621671930886805057525634765625000000
0.0028028592932969331741333007812500000000
0.0144814373925328254699707031250000000000
0.0558900907635688781738281250000000000000
0.1711948364973068237304687500000000000000
0.4323136806488037109375000000000000000000
0.9241703152656555175781250000000000000000
1.7063726186752319335937500000000000000000
2.7668850421905517578125000000000000000000
4.0000000000000000000000000000000000000000
3.0000000000000000000000000000000000000000
2.0751636028289794921875000000000000000000
1.2797796726226806640625000000000000000000
0.6931277513504028320312500000000000000000
0.3242352604866027832031250000000000000000
0.1283961385488510131835937500000000000000
0.0419175773859024047851562500000000000000
0.0108610810711979866027832031250000000000
0.0021021442953497171401977539062500000000
0.0002716254093684256076812744140625000000
0.0000177146976056974381208419799804687500
0.0000000000000000000000000000000000000000
0.0000000000000000000000000000000000000000
0.0000000000000000000000000000000000000000
0.0000000000000000000000000000000000000000
0.0000000000000000000000000000000000000000
0.0000000000000000000000000000000000000000
0.0000000000000000000000000000000000000000
0.0000000000000000000000000000000000000000
0.0000000000000000000000000000000000000000
0.0000000000000000000000000000000000000000
0.0000000000000000000000000000000000000000
0.0000000000000000000000000000000000000000
0.0000000000000000000000000000000000000000
0.0000000000000000000000000000000000000000
0.0000000000000000000000000000000000000000
0.0000000000000000000000000000000000000000
0.0000000000000000000000000000000000000000
0.0000000000000000000000000000000000000000
0.0000000000000000000000000000000000000000
0.0000000000000000000000000000000000000000
0.0000000000000000000000000000000000000000
0.0000000000000000000000000000000000000000
0.0000000000000000000000000000000000000000
0.0000000000000000000000000000000000000000
0.0000000000000000000000000000000000000000
0.0000000000000000000000000000000000000000
0.0000000000000000000000000000000000000000
0.0000000000000000000000000000000000000000
0.0000000000000000000000000000000000000000
0.0000000000000000000000000000000000000000
0.0000000000000000000000000000000000000000
0.0000000000000000000000000000000000000000
0.0000000000000000000000000000000000000000
0.0000000000000000000000000000000000000000
0.0000000000000000000000000000000000000000
0.0000000000000000000000000000000000000000
0.0000000000000000000000000000000000000000
0.0000000000000000000000000000000000000000
0.0000000000000000000000000000000000000000
0.0000000000000000000000000000000000000000
0.0000000000000000000000000000000000000000
0.0000000000000000000000000000000000000000
0.0000000000000000000000000000000000000000
0.0000000000000000000000000000000000000000
0.0000000000000000000000000000000000000000
0.0000000000000000000000000000000000000000
0.0000000000000000000000000000000000000000
0.0000000000000000000000000000000000000000
0.0000000000000000000000000000000000000000
0.0000000000000000000000000000000000000000
0.0000000000000000000000000000000000000000
0.0000000000000000000000000000000000000000
0.0000000000000000000000000000000000000000
0.0000000000000000000000000000000000000000
0.0000000000000000000000000000000000000000
0.0000000000000000000000000000000000000000
0.0000000000000000000000000000000000000000
0.0000000000000000000000000000000000000000
0.0000000000000000000000000000000000000000
0.0000000000000000000000000000000000000000
0.0000000000000000000000000000000000000000
0.0000000000000000000000000000000000000000
0.0000000000000000000000000000000000000000
0.0000000000000000000000000000000000000000
0.0000000000000000000000000000000000000000
0.0000000000000000000000000000000000000000
0.0000000000000000000000000000000000000000
0.0000000000000000000000000000000000000000
0.0000000000000000000000000000000000000000
0.0000000000000000000000000000000000000000
0.0000000000000000000000000000000000000000
0.0000000000000000000000000000000000000000
0.0000000000000000000000000000000000000000
0.0000000000000000000000000000000000000000
0.0000000000000000000000000000000000000000
0.0000000000000000000000000000000000000000
0.0000000000000000000000000000000000000000
0.0000000000000000000000000000000000000000
0.0000236195955949369817972183227539062500
0.0003621671930886805057525634765625000000
0.0028028592932969331741333007812500000000
0.0144814373925328254699707031250000000000
0.0558900907635688781738281250000000000000
0.1711948364973068237304687500000000000000
0.4323136806488037109375000000000000000000
0.9241703152656555175781250000000000000000
1.7063726186752319335937500000000000000000
2.7668850421905517578125000000000000000000
4.0000000000000000000000000000000000000000
3.0000000000000000000000000000000000000000
2.0751636028289794921875000000000000000000
1.2797796726226806640625000000000000000000
0.6931277513504028320312500000000000000000
0.3242352604866027832031250000000000000000
0.1283961385488510131835937500000000000000
0.0419175773859024047851562500000000000000
0.0108610810711979866027832031250000000000
0.0021021442953497171401977539062500000000
0.0002716254093684256076812744140625000000
0.0000177146976056974381208419799804687500
0.0000000000000000000000000000000000000000
0.0000000000000000000000000000000000000000
0.0000000000000000000000000000000000000000
0.0000000000000000000000000000000000000000
0.0000000000000000000000000000000000000000
0.0000000000000000000000000000000000000000
0.0000000000000000000000000000000000000000
0.0000000000000000000000000000000000000000
0.0000000000000000000000000000000000000000
0.0000000000000000000000000000000000000000
0.0000000000000000000000000000000000000000
0.0000000000000000000000000000000000000000
0.0000000000000000000000000000000000000000
0.0000000000000000000000000000000000000000
0.0000000000000000000000000000000000000000
0.0000000000000000000000000000000000000000
0.0000000000000000000000000000000000000000
0.0000000000000000000000000000000000000000
0.0000000000000000000000000000000000000000
0.0000000000000000000000000000000000000000
0.0000000000000000000000000000000000000000
0.0000000000000000000000000000000000000000
0.0000000000000000000000000000000000000000
0.0000000000000000000000000000000000000000
0.0000000000000000000000000000000000000000
0.0000000000000000000000000000000000000000
0.0000000000000000000000000000000000000000
0.0000000000000000000000000000000000000000
0.0000000000000000000000000000000000000000
0.0000000000000000000000000000000000000000
0.0000000000000000000000000000000000000000
0.0000000000000000000000000000000000000000
0.0000000000000000000000000000000000000000
0.0000000000000000000000000000000000000000
0.0000000000000000000000000000000000000000
0.0000000000000000000000000000000000000000
0.0000000000000000000000000000000000000000
0.0000000000000000000000000000000000000000
0.0000000000000000000000000000000000000000
0.0000000000000000000000000000000000000000
0.0000000000000000000000000000000000000000
0.0000000000000000000000000000000000000000
0.0000000000000000000000000000000000000000
0.0000000000000000000000000000000000000000
0.0000000000000000000000000000000000000000
0.0000000000000000000000000000000000000000
0.0000000000000000000000000000000000000000
0.0000000000000000000000000000000000000000
0.0000000000000000000000000000000000000000
0.0000000000000000000000000000000000000000
0.0000000000000000000000000000000000000000
0.0000000000000000000000000000000000000000
0.0000000000000000000000000000000000000000
0.0000000000000000000000000000000000000000
0.0000000000000000000000000000000000000000
0.0000000000000000000000000000000000000000
0.0000000000000000000000000000000000000000
0.0000000000000000000000000000000000000000
0.0000000000000000000000000000000000000000
0.0000000000000000000000000000000000000000
0.0000000000000000000000000000000000000000
0.0000000000000000000000000000000000000000
0.0000000000000000000000000000000000000000
0.0000000000000000000000000000000000000000
0.0000000000000000000000000000000000000000
0.0000000000000000000000000000000000000000
0.0000000000000000000000000000000000000000
0.0000000000000000000000000000000000000000
0.0000000000000000000000000000000000000000
0.0000000000000000000000000000000000000000
0.0000000000000000000000000000000000000000
0.0000000000000000000000000000000000000000
0.0000000000000000000000000000000000000000
0.0000000000000000000000000000000000000000
0.0000000000000000000000000000000000000000
0.0000000000000000000000000000000000000000
0.0000000000000000000000000000000000000000
0.0000000000000000000000000000000000000000
0.0000236195955949369817972183227539062500
0.0003621671930886805057525634765625000000
0.0028028592932969331741333007812500000000
0.0144814373925328254699707031250000000000
0.0558900907635688781738281250000000000000
0.1711948364973068237304687500000000000000
0.4323136806488037109375000000000000000000
0.9241703152656555175781250000000000000000
1.7063726186752319335937500000000000000000
2.7668850421905517578125000000000000000000
4.0000000000000000000000000000000000000000
3.0000000000000000000000000000000000000000
2.0751636028289794921875000000000000000000
1.2797796726226806640625000000000000000000
0.6931277513504028320312500000000000000000
0.3242352604866027832031250000000000000000
0.1283961385488510131835937500000000000000
0.0419175773859024047851562500000000000000
0.0108610810711979866027832031250000000000
0.0021021442953497171401977539062500000000
0.0002716254093684256076812744140625000000
0.0000177146976056974381208419799804687500
0.0000000000000000000000000000000000000000
0.0000000000000000000000000000000000000000
0.0000000000000000000000000000000000000000
0.0000000000000000000000000000000000000000
0.0000000000000000000000000000000000000000
0.0000000000000000000000000000000000000000
0.0000000000000000000000000000000000000000
0.0000000000000000000000000000000000000000
0.0000000000000000000000000000000000000000
0.0000000000000000000000000000000000000000
0.0000000000000000000000000000000000000000
0.0000000000000000000000000000000000000000
0.0000000000000000000000000000000000000000
0.0000000000000000000000000000000000000000
0.0000000000000000000000000000000000000000
0.0000000000000000000000000000000000000000
0.0000000000000000000000000000000000000000
0.0000000000000000000000000000000000000000
0.0000000000000000000000000000000000000000
0.0000000000000000000000000000000000000000
0.0000000000000000000000000000000000000000
0.0000000000000000000000000000000000000000
0.0000000000000000000000000000000000000000
0.0000000000000000000000000000000000000000
0.0000000000000000000000000000000000000000
0.0000000000000000000000000000000000000000
0.0000000000000000000000000000000000000000
0.0000000000000000000000000000000000000000
0.0000000000000000000000000000000000000000
0.0000000000000000000000000000000000000000
0.0000000000000000000000000000000000000000
0.0000000000000000000000000000000000000000
0.0000000000000000000000000000000000000000
0.0000000000000000000000000000000000000000
0.0000000000000000000000000000000000000000
0.0000000000000000000000000000000000000000
0.0000000000000000000000000000000000000000
0.0000000000000000000000000000000000000000
0.0000000000000000000000000000000000000000
0.0000000000000000000000000000000000000000
0.0000000000000000000000000000000000000000
0.0000000000000000000000000000000000000000
0.0000000000000000000000000000000000000000
0.0000000000000000000000000000000000000000
0.0000000000000000000000000000000000000000
0.0000000000000000000000000000000000000000
0.0000000000000000000000000000000000000000
0.0000000000000000000000000000000000000000
0.0000000000000000000000000000000000000000
0.0000000000000000000000000000000000000000
0.0000000000000000000000000000000000000000
0.0000000000000000000000000000000000000000
0.0000000000000000000000000000000000000000
0.0000000000000000000000000000000000000000
0.0000000000000000000000000000000000000000
0.0000000000000000000000000000000000000000
0.0000000000000000000000000000000000000000
0.0000000000000000000000000000000000000000
0.0000000000000000000000000000000000000000
0.0000000000000000000000000000000000000000
0.0000000000000000000000000000000000000000
0.0000000000000000000000000000000000000000
0.0000000000000000000000000000000000000000
0.0000000000000000000000000000000000000000
0.0000000000000000000000000000000000000000
0.0000000000000000000000000000000000000000
0.0000000000000000000000000000000000000000
0.0000000000000000000000000000000000000000
0.0000000000000000000000000000000000000000
0.0000000000000000000000000000000000000000
0.0000000000000000000000000000000000000000
0.0000000000000000000000000000000000000000
0.0000000000000000000000000000000000000000
0.0000000000000000000000000000000000000000
0.0000000000000000000000000000000000000000
0.0000000000000000000000000000000000000000
0.0000000000000000000000000000000000000000
0.0000000000000000000000000000000000000000
0.0000236195955949369817972183227539062500
0.0003621671930886805057525634765625000000
0.0028028592932969331741333007812500000000
0.0144814373925328254699707031250000000000
0.0558900907635688781738281250000000000000
0.1711948364973068237304687500000000000000
0.4323136806488037109375000000000000000000
0.9241703152656555175781250000000000000000
1.7063726186752319335937500000000000000000
2.7668850421905517578125000000000000000000
4.0000000000000000000000000000000000000000
3.0000000000000000000000000000000000000000
2.0751636028289794921875000000000000000000
1.2797796726226806640625000000000000000000
0.6931277513504028320312500000000000000000
0.3242352604866027832031250000000000000000
0.1283961385488510131835937500000000000000
0.0419175773859024047851562500000000000000
0.0108610810711979866027832031250000000000
0.0021021442953497171401977539062500000000
0.0002716254093684256076812744140625000000
0.0000177146976056974381208419799804687500
0.0000000000000000000000000000000000000000
0.0000000000000000000000000000000000000000
0.0000000000000000000000000000000000000000
0.0000000000000000000000000000000000000000
0.0000000000000000000000000000000000000000
0.0000000000000000000000000000000000000000
0.0000000000000000000000000000000000000000
0.0000000000000000000000000000000000000000
0.0000000000000000000000000000000000000000
0.0000000000000000000000000000000000000000
0.0000000000000000000000000000000000000000
0.0000000000000000000000000000000000000000
0.0000000000000000000000000000000000000000
0.0000000000000000000000000000000000000000
0.0000000000000000000000000000000000000000
0.0000000000000000000000000000000000000000
0.0000000000000000000000000000000000000000
0.0000000000000000000000000000000000000000
0.0000000000000000000000000000000000000000
0.0000000000000000000000000000000000000000
0.0000000000000000000000000000000000000000
0.0000000000000000000000000000000000000000
0.0000000000000000000000000000000000000000
0.0000000000000000000000000000000000000000
0.0000000000000000000000000000000000000000
0.0000000000000000000000000000000000000000
0.0000000000000000000000000000000000000000
0.0000000000000000000000000000000000000000
0.0000000000000000000000000000000000000000
0.0000000000000000000000000000000000000000
0.0000000000000000000000000000000000000000
0.0000000000000000000000000000000000000000
0.0000000000000000000000000000000000000000
0.0000000000000000000000000000000000000000
0.0000000000000000000000000000000000000000
0.0000000000000000000000000000000000000000
0.0000000000000000000000000000000000000000
0.0000000000000000000000000000000000000000
0.0000000000000000000000000000000000000000
0.0000000000000000000000000000000000000000
0.0000000000000000000000000000000000000000
0.0000000000000000000000000000000000000000
0.0000000000000000000000000000000000000000
0.0000000000000000000000000000000000000000
0.0000000000000000000000000000000000000000
0.0000000000000000000000000000000000000000
0.0000000000000000000000000000000000000000
0.0000000000000000000000000000000000000000
0.0000000000000000000000000000000000000000
0.0000000000000000000000000000000000000000
0.0000000000000000000000000000000000000000
0.0000000000000000000000000000000000000000
0.0000000000000000000000000000000000000000
0.0000000000000000000000000000000000000000
0.0000000000000000000000000000000000000000
0.0000000000000000000000000000000000000000
0.0000000000000000000000000000000000000000
0.0000000000000000000000000000000000000000
0.0000000000000000000000000000000000000000
0.0000000000000000000000000000000000000000
0.0000000000000000000000000000000000000000
0.0000000000000000000000000000000000000000
0.0000000000000000000000000000000000000000
0.0000000000000000000000000000000000000000
0.0000000000000000000000000000000000000000
0.0000000000000000000000000000000000000000
0.0000000000000000000000000000000000000000
0.0000000000000000000000000000000000000000
0.0000000000000000000000000000000000000000
0.0000000000000000000000000000000000000000
0.0000000000000000000000000000000000000000
0.0000000000000000000000000000000000000000
0.0000000000000000000000000000000000000000
0.0000000000000000000000000000000000000000
0.0000000000000000000000000000000000000000
0.0000000000000000000000000000000000000000
0.0000000000000000000000000000000000000000
0.0000000000000000000000000000000000000000
0.0000236195955949369817972183227539062500
0.0003621671930886805057525634765625000000
0.0028028592932969331741333007812500000000
0.0144814373925328254699707031250000000000
0.0558900907635688781738281250000000000000
0.1711948364973068237304687500000000000000
0.4323136806488037109375000000000000000000
0.9241703152656555175781250000000000000000
1.7063726186752319335937500000000000000000
2.7668850421905517578125000000000000000000
4.0000000000000000000000000000000000000000
3.0000000000000000000000000000000000000000
2.0751636028289794921875000000000000000000
1.2797796726226806640625000000000000000000
0.6931277513504028320312500000000000000000
0.3242352604866027832031250000000000000000
0.1283961385488510131835937500000000000000
0.0419175773859024047851562500000000000000
0.0108610810711979866027832031250000000000
0.0021021442953497171401977539062500000000
0.0002716254093684256076812744140625000000
0.0000177146976056974381208419799804687500
0.0000000000000000000000000000000000000000
0.0000000000000000000000000000000000000000
0.0000000000000000000000000000000000000000
0.0000000000000000000000000000000000000000
0.0000000000000000000000000000000000000000
0.0000000000000000000000000000000000000000
0.0000000000000000000000000000000000000000
0.0000000000000000000000000000000000000000
0.0000000000000000000000000000000000000000
0.0000000000000000000000000000000000000000
0.0000000000000000000000000000000000000000
0.0000000000000000000000000000000000000000
0.0000000000000000000000000000000000000000
0.0000000000000000000000000000000000000000
0.0000000000000000000000000000000000000000
0.0000000000000000000000000000000000000000
0.0000000000000000000000000000000000000000
0.0000000000000000000000000000000000000000
0.0000000000000000000000000000000000000000
0.0000000000000000000000000000000000000000
0.0000000000000000000000000000000000000000
0.0000000000000000000000000000000000000000
0.0000000000000000000000000000000000000000
0.0000000000000000000000000000000000000000
0.0000000000000000000000000000000000000000
0.0000000000000000000000000000000000000000
0.0000000000000000000000000000000000000000
0.0000000000000000000000000000000000000000
0.0000000000000000000000000000000000000000
0.0000000000000000000000000000000000000000
0.0000000000000000000000000000000000000000
0.0000000000000000000000000000000000000000
0.0000000000000000000000000000000000000000
0.0000000000000000000000000000000000000000
0.0000000000000000000000000000000000000000
0.0000000000000000000000000000000000000000
0.0000000000000000000000000000000000000000
0.0000000000000000000000000000000000000000
0.0000000000000000000000000000000000000000
0.0000000000000000000000000000000000000000
0.0000000000000000000000000000000000000000
0.0000000000000000000000000000000000000000
0.0000000000000000000000000000000000000000
0.0000000000000000000000000000000000000000
0.0000000000000000000000000000000000000000
0.0000000000000000000000000000000000000000
0.0000000000000000000000000000000000000000
0.0000000000000000000000000000000000000000
0.0000000000000000000000000000000000000000
0.0000000000000000000000000000000000000000
0.0000000000000000000000000000000000000000
0.0000000000000000000000000000000000000000
0.0000000000000000000000000000000000000000
0.0000000000000000000000000000000000000000
0.0000000000000000000000000000000000000000
0.0000000000000000000000000000000000000000
0.0000000000000000000000000000000000000000
0.0000000000000000000000000000000000000000
0.0000000000000000000000000000000000000000
0.0000000000000000000000000000000000000000
0.0000000000000000000000000000000000000000
0.0000000000000000000000000000000000000000
0.0000000000000000000000000000000000000000
0.0000000000000000000000000000000000000000
0.0000000000000000000000000000000000000000
0.0000000000000000000000000000000000000000
0.0000000000000000000000000000000000000000
0.0000000000000000000000000000000000000000
0.0000000000000000000000000000000000000000
0.0000000000000000000000000000000000000000
0.0000000000000000000000000000000000000000
0.0000000000000000000000000000000000000000
0.0000000000000000000000000000000000000000
0.0000000000000000000000000000000000000000
0.0000000000000000000000000000000000000000
0.0000000000000000000000000000000000000000
0.0000000000000000000000000000000000000000
0.0000000000000000000000000000000000000000
0.0000236195955949369817972183227539062500
0.0003621671930886805057525634765625000000
0.0028028592932969331741333007812500000000
0.0144814373925328254699707031250000000000
0.0558900907635688781738281250000000000000
0.1711948364973068237304687500000000000000
0.4323136806488037109375000000000000000000
0.9241703152656555175781250000000000000000
1.7063726186752319335937500000000000000000
2.7668850421905517578125000000000000000000
4.0000000000000000000000000000000000000000
3.0000000000000000000000000000000000000000
2.0751636028289794921875000000000000000000
1.2797796726226806640625000000000000000000
0.6931277513504028320312500000000000000000
0.3242352604866027832031250000000000000000
0.1283961385488510131835937500000000000000
0.0419175773859024047851562500000000000000
0.0108610810711979866027832031250000000000
0.0021021442953497171401977539062500000000
0.0002716254093684256076812744140625000000
0.0000177146976056974381208419799804687500
0.0000000000000000000000000000000000000000
0.0000000000000000000000000000000000000000
0.0000000000000000000000000000000000000000
0.0000000000000000000000000000000000000000
0.0000000000000000000000000000000000000000
0.0000000000000000000000000000000000000000
0.0000000000000000000000000000000000000000
0.0000000000000000000000000000000000000000
0.0000000000000000000000000000000000000000
0.0000000000000000000000000000000000000000
0.0000000000000000000000000000000000000000
0.0000000000000000000000000000000000000000
0.0000000000000000000000000000000000000000
0.0000000000000000000000000000000000000000
0.0000000000000000000000000000000000000000
0.0000000000000000000000000000000000000000
0.0000000000000000000000000000000000000000
0.0000000000000000000000000000000000000000
0.0000000000000000000000000000000000000000
0.0000000000000000000000000000000000000000
0.0000000000000000000000000000000000000000
0.0000000000000000000000000000000000000000
0.0000000000000000000000000000000000000000
0.0000000000000000000000000000000000000000
0.0000000000000000000000000000000000000000
0.0000000000000000000000000000000000000000
0.0000000000000000000000000000000000000000
0.0000000000000000000000000000000000000000
0.0000000000000000000000000000000000000000
0.0000000000000000000000000000000000000000
0.0000000000000000000000000000000000000000
0.0000000000000000000000000000000000000000
0.0000000000000000000000000000000000000000
0.0000000000000000000000000000000000000000
0.0000000000000000000000000000000000000000
0.0000000000000000000000000000000000000000
0.0000000000000000000000000000000000000000
0.0000000000000000000000000000000000000000
0.0000000000000000000000000000000000000000
0.0000000000000000000000000000000000000000
0.0000000000000000000000000000000000000000
0.0000000000000000000000000000000000000000
0.0000000000000000000000000000000000000000
0.0000000000000000000000000000000000000000
0.0000000000000000000000000000000000000000
0.0000000000000000000000000000000000000000
0.0000000000000000000000000000000000000000
0.0000000000000000000000000000000000000000
0.0000000000000000000000000000000000000000
0.0000000000000000000000000000000000000000
0.0000000000000000000000000000000000000000
0.0000000000000000000000000000000000000000
0.0000000000000000000000000000000000000000
0.0000000000000000000000000000000000000000
0.0000000000000000000000000000000000000000
0.0000000000000000000000000000000000000000
0.0000000000000000000000000000000000000000
0.0000000000000000000000000000000000000000
0.0000000000000000000000000000000000000000
0.0000000000000000000000000000000000000000
0.0000000000000000000000000000000000000000
0.0000000000000000000000000000000000000000
0.0000000000000000000000000000000000000000
0.0000000000000000000000000000000000000000
0.0000000000000000000000000000000000000000
0.0000000000000000000000000000000000000000
0.0000000000000000000000000000000000000000
0.0000000000000000000000000000000000000000
0.0000000000000000000000000000000000000000
0.0000000000000000000000000000000000000000
0.0000000000000000000000000000000000000000
0.0000000000000000000000000000000000000000
0.0000000000000000000000000000000000000000
0.0000000000000000000000000000000000000000
0.0000000000000000000000000000000000000000
0.0000000000000000000000000000000000000000
0.0000000000000000000000000000000000000000
0.0000000000000000000000000000000000000000
0.0000236195955949369817972183227539062500
0.0003621671930886805057525634765625000000
0.0028028592932969331741333007812500000000
0.0144814373925328254699707031250000000000
0.0558900907635688781738281250000000000000
0.1711948364973068237304687500000000000000
0.4323136806488037109375000000000000000000
0.9241703152656555175781250000000000000000
1.7063726186752319335937500000000000000000
2.7668850421905517578125000000000000000000
4.0000000000000000000000000000000000000000
3.0000000000000000000000000000000000000000
2.0751636028289794921875000000000000000000
1.2797796726226806640625000000000000000000
0.6931277513504028320312500000000000000000
0.3242352604866027832031250000000000000000
0.1283961385488510131835937500000000000000
0.0419175773859024047851562500000000000000
0.0108610810711979866027832031250000000000
0.0021021442953497171401977539062500000000
0.0002716254093684256076812744140625000000
0.0000177146976056974381208419799804687500
0.0000000000000000000000000000000000000000
0.0000000000000000000000000000000000000000
0.0000000000000000000000000000000000000000
0.0000000000000000000000000000000000000000
0.0000000000000000000000000000000000000000
0.0000000000000000000000000000000000000000
0.0000000000000000000000000000000000000000
0.0000000000000000000000000000000000000000
0.0000000000000000000000000000000000000000
0.0000000000000000000000000000000000000000
0.0000000000000000000000000000000000000000
0.0000000000000000000000000000000000000000
0.0000000000000000000000000000000000000000
0.0000000000000000000000000000000000000000
0.0000000000000000000000000000000000000000
0.0000000000000000000000000000000000000000
0.0000000000000000000000000000000000000000
0.0000000000000000000000000000000000000000
0.0000000000000000000000000000000000000000
0.0000000000000000000000000000000000000000
0.0000000000000000000000000000000000000000
0.0000000000000000000000000000000000000000
0.0000000000000000000000000000000000000000
0.0000000000000000000000000000000000000000
0.0000000000000000000000000000000000000000
0.0000000000000000000000000000000000000000
0.0000000000000000000000000000000000000000
0.0000000000000000000000000000000000000000
0.0000000000000000000000000000000000000000
0.0000000000000000000000000000000000000000
0.0000000000000000000000000000000000000000
0.0000000000000000000000000000000000000000
0.0000000000000000000000000000000000000000
0.0000000000000000000000000000000000000000
0.0000000000000000000000000000000000000000
0.0000000000000000000000000000000000000000
0.0000000000000000000000000000000000000000
0.0000000000000000000000000000000000000000
0.0000000000000000000000000000000000000000
0.0000000000000000000000000000000000000000
0.0000000000000000000000000000000000000000
0.0000000000000000000000000000000000000000
0.0000000000000000000000000000000000000000
0.0000000000000000000000000000000000000000
0.0000000000000000000000000000000000000000
0.0000000000000000000000000000000000000000
0.0000000000000000000000000000000000000000
0.0000000000000000000000000000000000000000
0.0000000000000000000000000000000000000000
0.0000000000000000000000000000000000000000
0.0000000000000000000000000000000000000000
0.0000000000000000000000000000000000000000
0.0000000000000000000000000000000000000000
0.0000000000000000000000000000000000000000
0.0000000000000000000000000000000000000000
0.0000000000000000000000000000000000000000
0.0000000000000000000000000000000000000000
0.0000000000000000000000000000000000000000
0.0000000000000000000000000000000000000000
0.0000000000000000000000000000000000000000
0.0000000000000000000000000000000000000000
0.0000000000000000000000000000000000000000
0.0000000000000000000000000000000000000000
0.0000000000000000000000000000000000000000
0.0000000000000000000000000000000000000000
0.0000000000000000000000000000000000000000
0.0000000000000000000000000000000000000000
0.0000000000000000000000000000000000000000
0.0000000000000000000000000000000000000000
0.0000000000000000000000000000000000000000
0.0000000000000000000000000000000000000000
0.0000000000000000000000000000000000000000
0.0000000000000000000000000000000000000000
0.0000000000000000000000000000000000000000
0.0000000000000000000000000000000000000000
0.0000000000000000000000000000000000000000
0.0000000000000000000000000000000000000000
0.0000000000000000000000000000000000000000
0.0000236195955949369817972183227539062500
0.0003621671930886805057525634765625000000
0.0028028592932969331741333007812500000000
0.0144814373925328254699707031250000000000
0.0558900907635688781738281250000000000000
0.1711948364973068237304687500000000000000
0.4323136806488037109375000000000000000000
0.9241703152656555175781250000000000000000
1.7063726186752319335937500000000000000000
2.7668850421905517578125000000000000000000
4.0000000000000000000000000000000000000000
3.0000000000000000000000000000000000000000
2.0751636028289794921875000000000000000000
1.2797796726226806640625000000000000000000
0.6931277513504028320312500000000000000000
0.3242352604866027832031250000000000000000
0.1283961385488510131835937500000000000000
0.0419175773859024047851562500000000000000
0.0108610810711979866027832031250000000000
0.0021021442953497171401977539062500000000
0.0002716254093684256076812744140625000000
0.0000177146976056974381208419799804687500
0.0000000000000000000000000000000000000000
0.0000000000000000000000000000000000000000
0.0000000000000000000000000000000000000000
0.0000000000000000000000000000000000000000
0.0000000000000000000000000000000000000000
0.0000000000000000000000000000000000000000
0.0000000000000000000000000000000000000000
0.0000000000000000000000000000000000000000
0.0000000000000000000000000000000000000000
0.0000000000000000000000000000000000000000
0.0000000000000000000000000000000000000000
0.0000000000000000000000000000000000000000
0.0000000000000000000000000000000000000000
0.0000000000000000000000000000000000000000
0.0000000000000000000000000000000000000000
0.0000000000000000000000000000000000000000
0.0000000000000000000000000000000000000000
0.0000000000000000000000000000000000000000
0.0000000000000000000000000000000000000000
0.0000000000000000000000000000000000000000
0.0000000000000000000000000000000000000000
0.0000000000000000000000000000000000000000
0.0000000000000000000000000000000000000000
0.0000000000000000000000000000000000000000
0.0000000000000000000000000000000000000000
0.0000000000000000000000000000000000000000
0.0000000000000000000000000000000000000000
0.0000000000000000000000000000000000000000
0.0000000000000000000000000000000000000000
0.0000000000000000000000000000000000000000
0.0000000000000000000000000000000000000000
0.0000000000000000000000000000000000000000
0.0000000000000000000000000000000000000000
0.0000000000000000000000000000000000000000
0.0000000000000000000000000000000000000000
0.0000000000000000000000000000000000000000
0.0000000000000000000000000000000000000000
0.0000000000000000000000000000000000000000
0.0000000000000000000000000000000000000000
0.0000000000000000000000000000000000000000
0.0000000000000000000000000000000000000000
0.0000000000000000000000000000000000000000
0.0000000000000000000000000000000000000000
0.0000000000000000000000000000000000000000
0.0000000000000000000000000000000000000000
0.0000000000000000000000000000000000000000
0.0000000000000000000000000000000000000000
0.0000000000000000000000000000000000000000
0.0000000000000000000000000000000000000000
0.0000000000000000000000000000000000000000
0.0000000000000000000000000000000000000000
0.0000000000000000000000000000000000000000
0.0000000000000000000000000000000000000000
0.0000000000000000000000000000000000000000
0.0000000000000000000000000000000000000000
0.0000000000000000000000000000000000000000
0.0000000000000000000000000000000000000000
0.0000000000000000000000000000000000000000
0.0000000000000000000000000000000000000000
0.0000000000000000000000000000000000000000
0.0000000000000000000000000000000000000000
0.0000000000000000000000000000000000000000
0.0000000000000000000000000000000000000000
0.0000000000000000000000000000000000000000
0.0000000000000000000000000000000000000000
0.0000000000000000000000000000000000000000
0.0000000000000000000000000000000000000000
0.0000000000000000000000000000000000000000
0.0000000000000000000000000000000000000000
0.0000000000000000000000000000000000000000
0.0000000000000000000000000000000000000000
0.0000000000000000000000000000000000000000
0.0000000000000000000000000000000000000000
0.0000000000000000000000000000000000000000
0.0000000000000000000000000000000000000000
0.0000000000000000000000000000000000000000
0.0000000000000000000000000000000000000000
0.0000000000000000000000000000000000000000
0.0000236195955949369817972183227539062500
0.0003621671930886805057525634765625000000
0.0028028592932969331741333007812500000000
0.0144814373925328254699707031250000000000
0.0558900907635688781738281250000000000000
0.1711948364973068237304687500000000000000
0.4323136806488037109375000000000000000000
0.9241703152656555175781250000000000000000
1.7063726186752319335937500000000000000000
2.7668850421905517578125000000000000000000
4.0000000000000000000000000000000000000000
3.0000000000000000000000000000000000000000
2.0751636028289794921875000000000000000000
1.2797796726226806640625000000000000000000
0.6931277513504028320312500000000000000000
0.3242352604866027832031250000000000000000
0.1283961385488510131835937500000000000000
0.0419175773859024047851562500000000000000
0.0108610810711979866027832031250000000000
0.0021021442953497171401977539062500000000
0.0002716254093684256076812744140625000000
0.0000177146976056974381208419799804687500
0.0000000000000000000000000000000000000000
0.0000000000000000000000000000000000000000
0.0000000000000000000000000000000000000000
0.0000000000000000000000000000000000000000
0.0000000000000000000000000000000000000000
0.0000000000000000000000000000000000000000
0.0000000000000000000000000000000000000000
0.0000000000000000000000000000000000000000
0.0000000000000000000000000000000000000000
0.0000000000000000000000000000000000000000
0.0000000000000000000000000000000000000000
0.0000000000000000000000000000000000000000
0.0000000000000000000000000000000000000000
0.0000000000000000000000000000000000000000
0.0000000000000000000000000000000000000000
0.0000000000000000000000000000000000000000
0.0000000000000000000000000000000000000000
0.0000000000000000000000000000000000000000
0.0000000000000000000000000000000000000000
0.0000000000000000000000000000000000000000
0.0000000000000000000000000000000000000000
0.0000000000000000000000000000000000000000
0.0000000000000000000000000000000000000000
0.0000000000000000000000000000000000000000
0.0000000000000000000000000000000000000000
0.0000000000000000000000000000000000000000
0.0000000000000000000000000000000000000000
0.0000000000000000000000000000000000000000
0.0000000000000000000000000000000000000000
0.0000000000000000000000000000000000000000
0.0000000000000000000000000000000000000000
0.0000000000000000000000000000000000000000
0.0000000000000000000000000000000000000000
0.0000000000000000000000000000000000000000
0.0000000000000000000000000000000000000000
0.0000000000000000000000000000000000000000
0.0000000000000000000000000000000000000000
0.0000000000000000000000000000000000000000
0.0000000000000000000000000000000000000000
0.0000000000000000000000000000000000000000
0.0000000000000000000000000000000000000000
0.0000000000000000000000000000000000000000
0.0000000000000000000000000000000000000000
0.0000000000000000000000000000000000000000
0.0000000000000000000000000000000000000000
0.0000000000000000000000000000000000000000
0.0000000000000000000000000000000000000000
0.0000000000000000000000000000000000000000
0.0000000000000000000000000000000000000000
0.0000000000000000000000000000000000000000
0.0000000000000000000000000000000000000000
0.0000000000000000000000000000000000000000
0.0000000000000000000000000000000000000000
0.0000000000000000000000000000000000000000
0.0000000000000000000000000000000000000000
0.0000000000000000000000000000000000000000
0.0000000000000000000000000000000000000000
0.0000000000000000000000000000000000000000
0.0000000000000000000000000000000000000000
0.0000000000000000000000000000000000000000
0.0000000000000000000000000000000000000000
0.0000000000000000000000000000000000000000
0.0000000000000000000000000000000000000000
0.0000000000000000000000000000000000000000
0.0000000000000000000000000000000000000000
0.0000000000000000000000000000000000000000
0.0000000000000000000000000000000000000000
0.0000000000000000000000000000000000000000
0.0000000000000000000000000000000000000000
0.0000000000000000000000000000000000000000
0.0000000000000000000000000000000000000000
0.0000000000000000000000000000000000000000
0.0000000000000000000000000000000000000000
0.0000000000000000000000000000000000000000
0.0000000000000000000000000000000000000000
0.0000000000000000000000000000000000000000
0.0000000000000000000000000000000000000000
0.0000000000000000000000000000000000000000
0.0000236195955949369817972183227539062500
0.0003621671930886805057525634765625000000
0.0028028592932969331741333007812500000000
0.0144814373925328254699707031250000000000
0.0558900907635688781738281250000000000000
0.1711948364973068237304687500000000000000
0.4323136806488037109375000000000000000000
0.9241703152656555175781250000000000000000
1.7063726186752319335937500000000000000000
2.7668850421905517578125000000000000000000
4.0000000000000000000000000000000000000000
3.0000000000000000000000000000000000000000
2.0751636028289794921875000000000000000000
1.2797796726226806640625000000000000000000
0.6931277513504028320312500000000000000000
0.3242352604866027832031250000000000000000
0.1283961385488510131835937500000000000000
0.0419175773859024047851562500000000000000
0.0108610810711979866027832031250000000000
0.0021021442953497171401977539062500000000
0.0002716254093684256076812744140625000000
0.0000177146976056974381208419799804687500
0.0000000000000000000000000000000000000000
0.0000000000000000000000000000000000000000
0.0000000000000000000000000000000000000000
0.0000000000000000000000000000000000000000
0.0000000000000000000000000000000000000000
0.0000000000000000000000000000000000000000
0.0000000000000000000000000000000000000000
0.0000000000000000000000000000000000000000
0.0000000000000000000000000000000000000000
0.0000000000000000000000000000000000000000
0.0000000000000000000000000000000000000000
0.0000000000000000000000000000000000000000
0.0000000000000000000000000000000000000000
0.0000000000000000000000000000000000000000
0.0000000000000000000000000000000000000000
0.0000000000000000000000000000000000000000
0.0000000000000000000000000000000000000000
0.0000000000000000000000000000000000000000
0.0000000000000000000000000000000000000000
0.0000000000000000000000000000000000000000
0.0000000000000000000000000000000000000000
0.0000000000000000000000000000000000000000
0.0000000000000000000000000000000000000000
0.0000000000000000000000000000000000000000
0.0000000000000000000000000000000000000000
0.0000000000000000000000000000000000000000
0.0000000000000000000000000000000000000000
0.0000000000000000000000000000000000000000
0.0000000000000000000000000000000000000000
0.0000000000000000000000000000000000000000
0.0000000000000000000000000000000000000000
0.0000000000000000000000000000000000000000
0.0000000000000000000000000000000000000000
0.0000000000000000000000000000000000000000
0.0000000000000000000000000000000000000000
0.0000000000000000000000000000000000000000
0.0000000000000000000000000000000000000000
0.0000000000000000000000000000000000000000
0.0000000000000000000000000000000000000000
0.0000000000000000000000000000000000000000
0.0000000000000000000000000000000000000000
0.0000000000000000000000000000000000000000
0.0000000000000000000000000000000000000000
0.0000000000000000000000000000000000000000
0.0000000000000000000000000000000000000000
0.0000000000000000000000000000000000000000
0.0000000000000000000000000000000000000000
0.0000000000000000000000000000000000000000
0.0000000000000000000000000000000000000000
0.0000000000000000000000000000000000000000
0.0000000000000000000000000000000000000000
0.0000000000000000000000000000000000000000
0.0000000000000000000000000000000000000000
0.0000000000000000000000000000000000000000
0.0000000000000000000000000000000000000000
0.0000000000000000000000000000000000000000
0.0000000000000000000000000000000000000000
0.0000000000000000000000000000000000000000
0.0000000000000000000000000000000000000000
0.0000000000000000000000000000000000000000
0.0000000000000000000000000000000000000000
0.0000000000000000000000000000000000000000
0.0000000000000000000000000000000000000000
0.0000000000000000000000000000000000000000
0.0000000000000000000000000000000000000000
0.0000000000000000000000000000000000000000
0.0000000000000000000000000000000000000000
0.0000000000000000000000000000000000000000
0.0000000000000000000000000000000000000000
0.0000000000000000000000000000000000000000
0.0000000000000000000000000000000000000000
0.0000000000000000000000000000000000000000
0.0000000000000000000000000000000000000000
0.0000000000000000000000000000000000000000
0.0000000000000000000000000000000000000000
0.0000000000000000000000000000000000000000
0.0000000000000000000000000000000000000000
0.0000000000000000000000000000000000000000
0.0000236195955949369817972183227539062500
0.0003621671930886805057525634765625000000
0.0028028592932969331741333007812500000000
0.0144814373925328254699707031250000000000
0.0558900907635688781738281250000000000000
0.1711948364973068237304687500000000000000
0.4323136806488037109375000000000000000000
0.9241703152656555175781250000000000000000
1.7063726186752319335937500000000000000000
2.7668850421905517578125000000000000000000
4.0000000000000000000000000000000000000000
3.0000000000000000000000000000000000000000
2.0751636028289794921875000000000000000000
1.2797796726226806640625000000000000000000
0.6931277513504028320312500000000000000000
0.3242352604866027832031250000000000000000
0.1283961385488510131835937500000000000000
0.0419175773859024047851562500000000000000
0.0108610810711979866027832031250000000000
0.0021021442953497171401977539062500000000
0.0002716254093684256076812744140625000000
0.0000177146976056974381208419799804687500
0.0000000000000000000000000000000000000000
0.0000000000000000000000000000000000000000
0.0000000000000000000000000000000000000000
0.0000000000000000000000000000000000000000
0.0000000000000000000000000000000000000000
0.0000000000000000000000000000000000000000
0.0000000000000000000000000000000000000000
0.0000000000000000000000000000000000000000
0.0000000000000000000000000000000000000000
0.0000000000000000000000000000000000000000
0.0000000000000000000000000000000000000000
0.0000000000000000000000000000000000000000
0.0000000000000000000000000000000000000000
0.0000000000000000000000000000000000000000
0.0000000000000000000000000000000000000000
0.0000000000000000000000000000000000000000
0.0000000000000000000000000000000000000000
0.0000000000000000000000000000000000000000
0.0000000000000000000000000000000000000000
0.0000000000000000000000000000000000000000
0.0000000000000000000000000000000000000000
0.0000000000000000000000000000000000000000
0.0000000000000000000000000000000000000000
0.0000000000000000000000000000000000000000
0.0000000000000000000000000000000000000000
0.0000000000000000000000000000000000000000
0.0000000000000000000000000000000000000000
0.0000000000000000000000000000000000000000
0.0000000000000000000000000000000000000000
0.0000000000000000000000000000000000000000
0.0000000000000000000000000000000000000000
0.0000000000000000000000000000000000000000
0.0000000000000000000000000000000000000000
0.0000000000000000000000000000000000000000
0.0000000000000000000000000000000000000000
0.0000000000000000000000000000000000000000
0.0000000000000000000000000000000000000000
0.0000000000000000000000000000000000000000
0.0000000000000000000000000000000000000000
0.0000000000000000000000000000000000000000
0.0000000000000000000000000000000000000000
0.0000000000000000000000000000000000000000
0.0000000000000000000000000000000000000000
0.0000000000000000000000000000000000000000
0.0000000000000000000000000000000000000000
0.0000000000000000000000000000000000000000
0.0000000000000000000000000000000000000000
0.0000000000000000000000000000000000000000
0.0000000000000000000000000000000000000000
0.0000000000000000000000000000000000000000
0.0000000000000000000000000000000000000000
0.0000000000000000000000000000000000000000
0.0000000000000000000000000000000000000000
0.0000000000000000000000000000000000000000
0.0000000000000000000000000000000000000000
0.0000000000000000000000000000000000000000
0.0000000000000000000000000000000000000000
0.0000000000000000000000000000000000000000
0.0000000000000000000000000000000000000000
0.0000000000000000000000000000000000000000
0.0000000000000000000000000000000000000000
0.0000000000000000000000000000000000000000
0.0000000000000000000000000000000000000000
0.0000000000000000000000000000000000000000
0.0000000000000000000000000000000000000000
0.0000000000000000000000000000000000000000
0.0000000000000000000000000000000000000000
0.0000000000000000000000000000000000000000
0.0000000000000000000000000000000000000000
0.0000000000000000000000000000000000000000
0.0000000000000000000000000000000000000000
0.0000000000000000000000000000000000000000
0.0000000000000000000000000000000000000000
0.0000000000000000000000000000000000000000
0.0000000000000000000000000000000000000000
0.0000000000000000000000000000000000000000
0.0000000000000000000000000000000000000000
0.0000000000000000000000000000000000000000
0.0000236195955949369817972183227539062500
0.0003621671930886805057525634765625000000
0.0028028592932969331741333007812500000000
0.0144814373925328254699707031250000000000
0.0558900907635688781738281250000000000000
0.1711948364973068237304687500000000000000
0.4323136806488037109375000000000000000000
0.9241703152656555175781250000000000000000
1.7063726186752319335937500000000000000000
2.7668850421905517578125000000000000000000
4.0000000000000000000000000000000000000000
3.0000000000000000000000000000000000000000
2.0751636028289794921875000000000000000000
1.2797796726226806640625000000000000000000
0.6931277513504028320312500000000000000000
0.3242352604866027832031250000000000000000
0.1283961385488510131835937500000000000000
0.0419175773859024047851562500000000000000
0.0108610810711979866027832031250000000000
0.0021021442953497171401977539062500000000
0.0002716254093684256076812744140625000000
0.0000177146976056974381208419799804687500
0.0000000000000000000000000000000000000000
0.0000000000000000000000000000000000000000
0.0000000000000000000000000000000000000000
0.0000000000000000000000000000000000000000
0.0000000000000000000000000000000000000000
0.0000000000000000000000000000000000000000
0.0000000000000000000000000000000000000000
0.0000000000000000000000000000000000000000
0.0000000000000000000000000000000000000000
0.0000000000000000000000000000000000000000
0.0000000000000000000000000000000000000000
0.0000000000000000000000000000000000000000
0.0000000000000000000000000000000000000000
0.0000000000000000000000000000000000000000
0.0000000000000000000000000000000000000000
0.0000000000000000000000000000000000000000
0.0000000000000000000000000000000000000000
0.0000000000000000000000000000000000000000
0.0000000000000000000000000000000000000000
0.0000000000000000000000000000000000000000
0.0000000000000000000000000000000000000000
0.0000000000000000000000000000000000000000
0.0000000000000000000000000000000000000000
0.0000000000000000000000000000000000000000
0.0000000000000000000000000000000000000000
0.0000000000000000000000000000000000000000
0.0000000000000000000000000000000000000000
0.0000000000000000000000000000000000000000
0.0000000000000000000000000000000000000000
0.0000000000000000000000000000000000000000
0.0000000000000000000000000000000000000000
0.0000000000000000000000000000000000000000
0.0000000000000000000000000000000000000000
0.0000000000000000000000000000000000000000
0.0000000000000000000000000000000000000000
0.0000000000000000000000000000000000000000
0.0000000000000000000000000000000000000000
0.0000000000000000000000000000000000000000
0.0000000000000000000000000000000000000000
0.0000000000000000000000000000000000000000
0.0000000000000000000000000000000000000000
0.0000000000000000000000000000000000000000
0.0000000000000000000000000000000000000000
0.0000000000000000000000000000000000000000
0.0000000000000000000000000000000000000000
0.0000000000000000000000000000000000000000
0.0000000000000000000000000000000000000000
0.0000000000000000000000000000000000000000
0.0000000000000000000000000000000000000000
0.0000000000000000000000000000000000000000
0.0000000000000000000000000000000000000000
0.0000000000000000000000000000000000000000
0.0000000000000000000000000000000000000000
0.0000000000000000000000000000000000000000
0.0000000000000000000000000000000000000000
0.0000000000000000000000000000000000000000
0.0000000000000000000000000000000000000000
0.0000000000000000000000000000000000000000
0.0000000000000000000000000000000000000000
0.0000000000000000000000000000000000000000
0.0000000000000000000000000000000000000000
0.0000000000000000000000000000000000000000
0.0000000000000000000000000000000000000000
0.0000000000000000000000000000000000000000
0.0000000000000000000000000000000000000000
0.0000000000000000000000000000000000000000
0.0000000000000000000000000000000000000000
0.0000000000000000000000000000000000000000
0.0000000000000000000000000000000000000000
0.0000000000000000000000000000000000000000
0.0000000000000000000000000000000000000000
0.0000000000000000000000000000000000000000
0.0000000000000000000000000000000000000000
0.0000000000000000000000000000000000000000
0.0000000000000000000000000000000000000000
0.0000000000000000000000000000000000000000
0.0000000000000000000000000000000000000000
0.0000000000000000000000000000000000000000
0.0000236195955949369817972183227539062500
0.0003621671930886805057525634765625000000
0.0028028592932969331741333007812500000000
0.0144814373925328254699707031250000000000
0.0558900907635688781738281250000000000000
0.1711948364973068237304687500000000000000
0.4323136806488037109375000000000000000000
0.9241703152656555175781250000000000000000
1.7063726186752319335937500000000000000000
2.7668850421905517578125000000000000000000
4.0000000000000000000000000000000000000000
3.0000000000000000000000000000000000000000
2.0751636028289794921875000000000000000000
1.2797796726226806640625000000000000000000
0.6931277513504028320312500000000000000000
0.3242352604866027832031250000000000000000
0.1283961385488510131835937500000000000000
0.0419175773859024047851562500000000000000
0.0108610810711979866027832031250000000000
0.0021021442953497171401977539062500000000
0.0002716254093684256076812744140625000000
0.0000177146976056974381208419799804687500
0.0000000000000000000000000000000000000000
0.0000000000000000000000000000000000000000
0.0000000000000000000000000000000000000000
0.0000000000000000000000000000000000000000
0.0000000000000000000000000000000000000000
0.0000000000000000000000000000000000000000
0.0000000000000000000000000000000000000000
0.0000000000000000000000000000000000000000
0.0000000000000000000000000000000000000000
0.0000000000000000000000000000000000000000
0.0000000000000000000000000000000000000000
0.0000000000000000000000000000000000000000
0.0000000000000000000000000000000000000000
0.0000000000000000000000000000000000000000
0.0000000000000000000000000000000000000000
0.0000000000000000000000000000000000000000
0.0000000000000000000000000000000000000000
0.0000000000000000000000000000000000000000
0.0000000000000000000000000000000000000000
0.0000000000000000000000000000000000000000
0.0000000000000000000000000000000000000000
0.0000000000000000000000000000000000000000
0.0000000000000000000000000000000000000000
0.0000000000000000000000000000000000000000
0.0000000000000000000000000000000000000000
0.0000000000000000000000000000000000000000
0.0000000000000000000000000000000000000000
0.0000000000000000000000000000000000000000
0.0000000000000000000000000000000000000000
0.0000000000000000000000000000000000000000
0.0000000000000000000000000000000000000000
0.0000000000000000000000000000000000000000
0.0000000000000000000000000000000000000000
0.0000000000000000000000000000000000000000
0.0000000000000000000000000000000000000000
0.0000000000000000000000000000000000000000
0.0000000000000000000000000000000000000000
0.0000000000000000000000000000000000000000
0.0000000000000000000000000000000000000000
0.0000000000000000000000000000000000000000
0.0000000000000000000000000000000000000000
0.0000000000000000000000000000000000000000
0.0000000000000000000000000000000000000000
0.0000000000000000000000000000000000000000
0.0000000000000000000000000000000000000000
0.0000000000000000000000000000000000000000
0.0000000000000000000000000000000000000000
0.0000000000000000000000000000000000000000
0.0000000000000000000000000000000000000000
0.0000000000000000000000000000000000000000
0.0000000000000000000000000000000000000000
0.0000000000000000000000000000000000000000
0.0000000000000000000000000000000000000000
0.0000000000000000000000000000000000000000
0.0000000000000000000000000000000000000000
0.0000000000000000000000000000000000000000
0.0000000000000000000000000000000000000000
0.0000000000000000000000000000000000000000
0.0000000000000000000000000000000000000000
0.0000000000000000000000000000000000000000
0.0000000000000000000000000000000000000000
0.0000000000000000000000000000000000000000
0.0000000000000000000000000000000000000000
0.0000000000000000000000000000000000000000
0.0000000000000000000000000000000000000000
0.0000000000000000000000000000000000000000
0.0000000000000000000000000000000000000000
0.0000000000000000000000000000000000000000
0.0000000000000000000000000000000000000000
0.0000000000000000000000000000000000000000
0.0000000000000000000000000000000000000000
0.0000000000000000000000000000000000000000
0.0000000000000000000000000000000000000000
0.0000000000000000000000000000000000000000
0.0000000000000000000000000000000000000000
0.0000000000000000000000000000000000000000
0.0000000000000000000000000000000000000000
0.0000000000000000000000000000000000000000
0.0000236195955949369817972183227539062500
0.0003621671930886805057525634765625000000
0.0028028592932969331741333007812500000000
0.0144814373925328254699707031250000000000
0.0558900907635688781738281250000000000000
0.1711948364973068237304687500000000000000
0.4323136806488037109375000000000000000000
0.9241703152656555175781250000000000000000
1.7063726186752319335937500000000000000000
2.7668850421905517578125000000000000000000
4.0000000000000000000000000000000000000000
3.0000000000000000000000000000000000000000
2.0751636028289794921875000000000000000000
1.2797796726226806640625000000000000000000
0.6931277513504028320312500000000000000000
0.3242352604866027832031250000000000000000
0.1283961385488510131835937500000000000000
0.0419175773859024047851562500000000000000
0.0108610810711979866027832031250000000000
0.0021021442953497171401977539062500000000
0.0002716254093684256076812744140625000000
0.0000177146976056974381208419799804687500
0.0000000000000000000000000000000000000000
0.0000000000000000000000000000000000000000
0.0000000000000000000000000000000000000000
0.0000000000000000000000000000000000000000
0.0000000000000000000000000000000000000000
0.0000000000000000000000000000000000000000
0.0000000000000000000000000000000000000000
0.0000000000000000000000000000000000000000
0.0000000000000000000000000000000000000000
0.0000000000000000000000000000000000000000
0.0000000000000000000000000000000000000000
0.0000000000000000000000000000000000000000
0.0000000000000000000000000000000000000000
0.0000000000000000000000000000000000000000
0.0000000000000000000000000000000000000000
0.0000000000000000000000000000000000000000
0.0000000000000000000000000000000000000000
0.0000000000000000000000000000000000000000
0.0000000000000000000000000000000000000000
0.0000000000000000000000000000000000000000
0.0000000000000000000000000000000000000000
0.0000000000000000000000000000000000000000
0.0000000000000000000000000000000000000000
0.0000000000000000000000000000000000000000
0.0000000000000000000000000000000000000000
0.0000000000000000000000000000000000000000
0.0000000000000000000000000000000000000000
0.0000000000000000000000000000000000000000
0.0000000000000000000000000000000000000000
0.0000000000000000000000000000000000000000
0.0000000000000000000000000000000000000000
0.0000000000000000000000000000000000000000
0.0000000000000000000000000000000000000000
0.0000000000000000000000000000000000000000
0.0000000000000000000000000000000000000000
0.0000000000000000000000000000000000000000
0.0000000000000000000000000000000000000000
0.0000000000000000000000000000000000000000
0.0000000000000000000000000000000000000000
0.0000000000000000000000000000000000000000
0.0000000000000000000000000000000000000000
0.0000000000000000000000000000000000000000
0.0000000000000000000000000000000000000000
0.0000000000000000000000000000000000000000
0.0000000000000000000000000000000000000000
0.0000000000000000000000000000000000000000
0.0000000000000000000000000000000000000000
0.0000000000000000000000000000000000000000
0.0000000000000000000000000000000000000000
0.0000000000000000000000000000000000000000
0.0000000000000000000000000000000000000000
0.0000000000000000000000000000000000000000
0.0000000000000000000000000000000000000000
0.0000000000000000000000000000000000000000
0.0000000000000000000000000000000000000000
0.0000000000000000000000000000000000000000
0.0000000000000000000000000000000000000000
0.0000000000000000000000000000000000000000
0.0000000000000000000000000000000000000000
0.0000000000000000000000000000000000000000
0.0000000000000000000000000000000000000000
0.0000000000000000000000000000000000000000
0.0000000000000000000000000000000000000000
0.0000000000000000000000000000000000000000
0.0000000000000000000000000000000000000000
0.0000000000000000000000000000000000000000
0.0000000000000000000000000000000000000000
0.0000000000000000000000000000000000000000
0.0000000000000000000000000000000000000000
0.0000000000000000000000000000000000000000
0.0000000000000000000000000000000000000000
0.0000000000000000000000000000000000000000
0.0000000000000000000000000000000000000000
0.0000000000000000000000000000000000000000
0.0000000000000000000000000000000000000000
0.0000000000000000000000000000000000000000
0.0000000000000000000000000000000000000000
0.0000000000000000000000000000000000000000
0.0000236195955949369817972183227539062500
0.0003621671930886805057525634765625000000
0.0028028592932969331741333007812500000000
0.0144814373925328254699707031250000000000
0.0558900907635688781738281250000000000000
0.1711948364973068237304687500000000000000
0.4323136806488037109375000000000000000000
0.9241703152656555175781250000000000000000
1.7063726186752319335937500000000000000000
2.7668850421905517578125000000000000000000
4.0000000000000000000000000000000000000000
3.0000000000000000000000000000000000000000
2.0751636028289794921875000000000000000000
1.2797796726226806640625000000000000000000
0.6931277513504028320312500000000000000000
0.3242352604866027832031250000000000000000
0.1283961385488510131835937500000000000000
0.0419175773859024047851562500000000000000
0.0108610810711979866027832031250000000000
0.0021021442953497171401977539062500000000
0.0002716254093684256076812744140625000000
0.0000177146976056974381208419799804687500
0.0000000000000000000000000000000000000000
0.0000000000000000000000000000000000000000
0.0000000000000000000000000000000000000000
0.0000000000000000000000000000000000000000
0.0000000000000000000000000000000000000000
0.0000000000000000000000000000000000000000
0.0000000000000000000000000000000000000000
0.0000000000000000000000000000000000000000
0.0000000000000000000000000000000000000000
0.0000000000000000000000000000000000000000
0.0000000000000000000000000000000000000000
0.0000000000000000000000000000000000000000
0.0000000000000000000000000000000000000000
0.0000000000000000000000000000000000000000
0.0000000000000000000000000000000000000000
0.0000000000000000000000000000000000000000
0.0000000000000000000000000000000000000000
0.0000000000000000000000000000000000000000
0.0000000000000000000000000000000000000000
0.0000000000000000000000000000000000000000
0.0000000000000000000000000000000000000000
0.0000000000000000000000000000000000000000
0.0000000000000000000000000000000000000000
0.0000000000000000000000000000000000000000
0.0000000000000000000000000000000000000000
0.0000000000000000000000000000000000000000
0.0000000000000000000000000000000000000000
0.0000000000000000000000000000000000000000
0.0000000000000000000000000000000000000000
0.0000000000000000000000000000000000000000
0.0000000000000000000000000000000000000000
0.0000000000000000000000000000000000000000
0.0000000000000000000000000000000000000000
0.0000000000000000000000000000000000000000
0.0000000000000000000000000000000000000000
0.0000000000000000000000000000000000000000
0.0000000000000000000000000000000000000000
0.0000000000000000000000000000000000000000
0.0000000000000000000000000000000000000000
0.0000000000000000000000000000000000000000
0.0000000000000000000000000000000000000000
0.0000000000000000000000000000000000000000
0.0000000000000000000000000000000000000000
0.0000000000000000000000000000000000000000
0.0000000000000000000000000000000000000000
0.0000000000000000000000000000000000000000
0.0000000000000000000000000000000000000000
0.0000000000000000000000000000000000000000
0.0000000000000000000000000000000000000000
0.0000000000000000000000000000000000000000
0.0000000000000000000000000000000000000000
0.0000000000000000000000000000000000000000
0.0000000000000000000000000000000000000000
0.0000000000000000000000000000000000000000
0.0000000000000000000000000000000000000000
0.0000000000000000000000000000000000000000
0.0000000000000000000000000000000000000000
0.0000000000000000000000000000000000000000
0.0000000000000000000000000000000000000000
0.0000000000000000000000000000000000000000
0.0000000000000000000000000000000000000000
0.0000000000000000000000000000000000000000
0.0000000000000000000000000000000000000000
0.0000000000000000000000000000000000000000
0.0000000000000000000000000000000000000000
0.0000000000000000000000000000000000000000
0.0000000000000000000000000000000000000000
0.0000000000000000000000000000000000000000
0.0000000000000000000000000000000000000000
0.0000000000000000000000000000000000000000
0.0000000000000000000000000000000000000000
0.0000000000000000000000000000000000000000
0.0000000000000000000000000000000000000000
0.0000000000000000000000000000000000000000
0.0000000000000000000000000000000000000000
0.0000000000000000000000000000000000000000
0.0000000000000000000000000000000000000000
0.0000000000000000000000000000000000000000
0.0000236195955949369817972183227539062500
0.0003621671930886805057525634765625000000
0.0028028592932969331741333007812500000000
0.0144814373925328254699707031250000000000
0.0558900907635688781738281250000000000000
0.1711948364973068237304687500000000000000
0.4323136806488037109375000000000000000000
0.9241703152656555175781250000000000000000
1.7063726186752319335937500000000000000000
2.7668850421905517578125000000000000000000
4.0000000000000000000000000000000000000000
3.0000000000000000000000000000000000000000
2.0751636028289794921875000000000000000000
1.2797796726226806640625000000000000000000
0.6931277513504028320312500000000000000000
0.3242352604866027832031250000000000000000
0.1283961385488510131835937500000000000000
0.0419175773859024047851562500000000000000
0.0108610810711979866027832031250000000000
0.0021021442953497171401977539062500000000
0.0002716254093684256076812744140625000000
0.0000177146976056974381208419799804687500
0.0000000000000000000000000000000000000000
0.0000000000000000000000000000000000000000
0.0000000000000000000000000000000000000000
0.0000000000000000000000000000000000000000
0.0000000000000000000000000000000000000000
0.0000000000000000000000000000000000000000
0.0000000000000000000000000000000000000000
0.0000000000000000000000000000000000000000
0.0000000000000000000000000000000000000000
0.0000000000000000000000000000000000000000
0.0000000000000000000000000000000000000000
0.0000000000000000000000000000000000000000
0.0000000000000000000000000000000000000000
0.0000000000000000000000000000000000000000
0.0000000000000000000000000000000000000000
0.0000000000000000000000000000000000000000
0.0000000000000000000000000000000000000000
0.0000000000000000000000000000000000000000
0.0000000000000000000000000000000000000000
0.0000000000000000000000000000000000000000
0.0000000000000000000000000000000000000000
0.0000000000000000000000000000000000000000
0.0000000000000000000000000000000000000000
0.0000000000000000000000000000000000000000
0.0000000000000000000000000000000000000000
0.0000000000000000000000000000000000000000
0.0000000000000000000000000000000000000000
0.0000000000000000000000000000000000000000
0.0000000000000000000000000000000000000000
0.0000000000000000000000000000000000000000
0.0000000000000000000000000000000000000000
0.0000000000000000000000000000000000000000
0.0000000000000000000000000000000000000000
0.0000000000000000000000000000000000000000
0.0000000000000000000000000000000000000000
0.0000000000000000000000000000000000000000
0.0000000000000000000000000000000000000000
0.0000000000000000000000000000000000000000
0.0000000000000000000000000000000000000000
0.0000000000000000000000000000000000000000
0.0000000000000000000000000000000000000000
0.0000000000000000000000000000000000000000
0.0000000000000000000000000000000000000000
0.0000000000000000000000000000000000000000
0.0000000000000000000000000000000000000000
0.0000000000000000000000000000000000000000
0.0000000000000000000000000000000000000000
0.0000000000000000000000000000000000000000
0.0000000000000000000000000000000000000000
0.0000000000000000000000000000000000000000
0.0000000000000000000000000000000000000000
0.0000000000000000000000000000000000000000
0.0000000000000000000000000000000000000000
0.0000000000000000000000000000000000000000
0.0000000000000000000000000000000000000000
0.0000000000000000000000000000000000000000
0.0000000000000000000000000000000000000000
0.0000000000000000000000000000000000000000
0.0000000000000000000000000000000000000000
0.0000000000000000000000000000000000000000
0.0000000000000000000000000000000000000000
0.0000000000000000000000000000000000000000
0.0000000000000000000000000000000000000000
0.0000000000000000000000000000000000000000
0.0000000000000000000000000000000000000000
0.0000000000000000000000000000000000000000
0.0000000000000000000000000000000000000000
0.0000000000000000000000000000000000000000
0.0000000000000000000000000000000000000000
0.0000000000000000000000000000000000000000
0.0000000000000000000000000000000000000000
0.0000000000000000000000000000000000000000
0.0000000000000000000000000000000000000000
0.0000000000000000000000000000000000000000
0.0000000000000000000000000000000000000000
0.0000000000000000000000000000000000000000
0.0000000000000000000000000000000000000000
0.0000000000000000000000000000000000000000
0.0000236195955949369817972183227539062500
0.0003621671930886805057525634765625000000
0.0028028592932969331741333007812500000000
0.0144814373925328254699707031250000000000
0.0558900907635688781738281250000000000000
0.1711948364973068237304687500000000000000
0.4323136806488037109375000000000000000000
0.9241703152656555175781250000000000000000
1.7063726186752319335937500000000000000000
2.7668850421905517578125000000000000000000
4.0000000000000000000000000000000000000000
3.0000000000000000000000000000000000000000
2.0751636028289794921875000000000000000000
1.2797796726226806640625000000000000000000
0.6931277513504028320312500000000000000000
0.3242352604866027832031250000000000000000
0.1283961385488510131835937500000000000000
0.0419175773859024047851562500000000000000
0.0108610810711979866027832031250000000000
0.0021021442953497171401977539062500000000
0.0002716254093684256076812744140625000000
0.0000177146976056974381208419799804687500
0.0000000000000000000000000000000000000000
0.0000000000000000000000000000000000000000
0.0000000000000000000000000000000000000000
0.0000000000000000000000000000000000000000
0.0000000000000000000000000000000000000000
0.0000000000000000000000000000000000000000
0.0000000000000000000000000000000000000000
0.0000000000000000000000000000000000000000
0.0000000000000000000000000000000000000000
0.0000000000000000000000000000000000000000
0.0000000000000000000000000000000000000000
0.0000000000000000000000000000000000000000
0.0000000000000000000000000000000000000000
0.0000000000000000000000000000000000000000
0.0000000000000000000000000000000000000000
0.0000000000000000000000000000000000000000
0.0000000000000000000000000000000000000000
0.0000000000000000000000000000000000000000
0.0000000000000000000000000000000000000000
0.0000000000000000000000000000000000000000
0.0000000000000000000000000000000000000000
0.0000000000000000000000000000000000000000
0.0000000000000000000000000000000000000000
0.0000000000000000000000000000000000000000
0.0000000000000000000000000000000000000000
0.0000000000000000000000000000000000000000
0.0000000000000000000000000000000000000000
0.0000000000000000000000000000000000000000
0.0000000000000000000000000000000000000000
0.0000000000000000000000000000000000000000
0.0000000000000000000000000000000000000000
0.0000000000000000000000000000000000000000
0.0000000000000000000000000000000000000000
0.0000000000000000000000000000000000000000
0.0000000000000000000000000000000000000000
0.0000000000000000000000000000000000000000
0.0000000000000000000000000000000000000000
0.0000000000000000000000000000000000000000
0.0000000000000000000000000000000000000000
0.0000000000000000000000000000000000000000
0.0000000000000000000000000000000000000000
0.0000000000000000000000000000000000000000
0.0000000000000000000000000000000000000000
0.0000000000000000000000000000000000000000
0.0000000000000000000000000000000000000000
0.0000000000000000000000000000000000000000
0.0000000000000000000000000000000000000000
0.0000000000000000000000000000000000000000
0.0000000000000000000000000000000000000000
0.0000000000000000000000000000000000000000
0.0000000000000000000000000000000000000000
0.0000000000000000000000000000000000000000
0.0000000000000000000000000000000000000000
0.0000000000000000000000000000000000000000
0.0000000000000000000000000000000000000000
0.0000000000000000000000000000000000000000
0.0000000000000000000000000000000000000000
0.0000000000000000000000000000000000000000
0.0000000000000000000000000000000000000000
0.0000000000000000000000000000000000000000
0.0000000000000000000000000000000000000000
0.0000000000000000000000000000000000000000
0.0000000000000000000000000000000000000000
0.0000000000000000000000000000000000000000
0.0000000000000000000000000000000000000000
0.0000000000000000000000000000000000000000
0.0000000000000000000000000000000000000000
0.0000000000000000000000000000000000000000
0.0000000000000000000000000000000000000000
0.0000000000000000000000000000000000000000
0.0000000000000000000000000000000000000000
0.0000000000000000000000000000000000000000
0.0000000000000000000000000000000000000000
0.0000000000000000000000000000000000000000
0.0000000000000000000000000000000000000000
0.0000000000000000000000000000000000000000
0.0000000000000000000000000000000000000000
0.0000000000000000000000000000000000000000
0.0000236195955949369817972183227539062500
0.0003621671930886805057525634765625000000
0.0028028592932969331741333007812500000000
0.0144814373925328254699707031250000000000
0.0558900907635688781738281250000000000000
0.1711948364973068237304687500000000000000
0.4323136806488037109375000000000000000000
0.9241703152656555175781250000000000000000
1.7063726186752319335937500000000000000000
2.7668850421905517578125000000000000000000
4.0000000000000000000000000000000000000000
3.0000000000000000000000000000000000000000
2.0751636028289794921875000000000000000000
1.2797796726226806640625000000000000000000
0.6931277513504028320312500000000000000000
0.3242352604866027832031250000000000000000
0.1283961385488510131835937500000000000000
0.0419175773859024047851562500000000000000
0.0108610810711979866027832031250000000000
0.0021021442953497171401977539062500000000
0.0002716254093684256076812744140625000000
0.0000177146976056974381208419799804687500
0.0000000000000000000000000000000000000000
0.0000000000000000000000000000000000000000
0.0000000000000000000000000000000000000000
0.0000000000000000000000000000000000000000
0.0000000000000000000000000000000000000000
0.0000000000000000000000000000000000000000
0.0000000000000000000000000000000000000000
0.0000000000000000000000000000000000000000
0.0000000000000000000000000000000000000000
0.0000000000000000000000000000000000000000
0.0000000000000000000000000000000000000000
0.0000000000000000000000000000000000000000
0.0000000000000000000000000000000000000000
0.0000000000000000000000000000000000000000
0.0000000000000000000000000000000000000000
0.0000000000000000000000000000000000000000
0.0000000000000000000000000000000000000000
0.0000000000000000000000000000000000000000
0.0000000000000000000000000000000000000000
0.0000000000000000000000000000000000000000
0.0000000000000000000000000000000000000000
0.0000000000000000000000000000000000000000
0.0000000000000000000000000000000000000000
0.0000000000000000000000000000000000000000
0.0000000000000000000000000000000000000000
0.0000000000000000000000000000000000000000
0.0000000000000000000000000000000000000000
0.0000000000000000000000000000000000000000
0.0000000000000000000000000000000000000000
0.0000000000000000000000000000000000000000
0.0000000000000000000000000000000000000000
0.0000000000000000000000000000000000000000
0.0000000000000000000000000000000000000000
0.0000000000000000000000000000000000000000
0.0000000000000000000000000000000000000000
0.0000000000000000000000000000000000000000
0.0000000000000000000000000000000000000000
0.0000000000000000000000000000000000000000
0.0000000000000000000000000000000000000000
0.0000000000000000000000000000000000000000
0.0000000000000000000000000000000000000000
0.0000000000000000000000000000000000000000
0.0000000000000000000000000000000000000000
0.0000000000000000000000000000000000000000
0.0000000000000000000000000000000000000000
0.0000000000000000000000000000000000000000
0.0000000000000000000000000000000000000000
0.0000000000000000000000000000000000000000
0.0000000000000000000000000000000000000000
0.0000000000000000000000000000000000000000
0.0000000000000000000000000000000000000000
0.0000000000000000000000000000000000000000
0.0000000000000000000000000000000000000000
0.0000000000000000000000000000000000000000
0.0000000000000000000000000000000000000000
0.0000000000000000000000000000000000000000
0.0000000000000000000000000000000000000000
0.0000000000000000000000000000000000000000
0.0000000000000000000000000000000000000000
0.0000000000000000000000000000000000000000
0.0000000000000000000000000000000000000000
0.0000000000000000000000000000000000000000
0.0000000000000000000000000000000000000000
0.0000000000000000000000000000000000000000
0.0000000000000000000000000000000000000000
0.0000000000000000000000000000000000000000
0.0000000000000000000000000000000000000000
0.0000000000000000000000000000000000000000
0.0000000000000000000000000000000000000000
0.0000000000000000000000000000000000000000
0.0000000000000000000000000000000000000000
0.0000000000000000000000000000000000000000
0.0000000000000000000000000000000000000000
0.0000000000000000000000000000000000000000
0.0000000000000000000000000000000000000000
0.0000000000000000000000000000000000000000
0.0000000000000000000000000000000000000000
0.0000000000000000000000000000000000000000
0.0000236195955949369817972183227539062500
0.0003621671930886805057525634765625000000
0.0028028592932969331741333007812500000000
0.0144814373925328254699707031250000000000
0.0558900907635688781738281250000000000000
0.1711948364973068237304687500000000000000
0.4323136806488037109375000000000000000000
0.9241703152656555175781250000000000000000
1.7063726186752319335937500000000000000000
2.7668850421905517578125000000000000000000
4.0000000000000000000000000000000000000000
3.0000000000000000000000000000000000000000
2.0751636028289794921875000000000000000000
1.2797796726226806640625000000000000000000
0.6931277513504028320312500000000000000000
0.3242352604866027832031250000000000000000
0.1283961385488510131835937500000000000000
0.0419175773859024047851562500000000000000
0.0108610810711979866027832031250000000000
0.0021021442953497171401977539062500000000
0.0002716254093684256076812744140625000000
0.0000177146976056974381208419799804687500
0.0000000000000000000000000000000000000000
0.0000000000000000000000000000000000000000
0.0000000000000000000000000000000000000000
0.0000000000000000000000000000000000000000
0.0000000000000000000000000000000000000000
0.0000000000000000000000000000000000000000
0.0000000000000000000000000000000000000000
0.0000000000000000000000000000000000000000
0.0000000000000000000000000000000000000000
0.0000000000000000000000000000000000000000
0.0000000000000000000000000000000000000000
0.0000000000000000000000000000000000000000
0.0000000000000000000000000000000000000000
0.0000000000000000000000000000000000000000
0.0000000000000000000000000000000000000000
0.0000000000000000000000000000000000000000
0.0000000000000000000000000000000000000000
0.0000000000000000000000000000000000000000
0.0000000000000000000000000000000000000000
0.0000000000000000000000000000000000000000
0.0000000000000000000000000000000000000000
0.0000000000000000000000000000000000000000
0.0000000000000000000000000000000000000000
0.0000000000000000000000000000000000000000
0.0000000000000000000000000000000000000000
0.0000000000000000000000000000000000000000
0.0000000000000000000000000000000000000000
0.0000000000000000000000000000000000000000
0.0000000000000000000000000000000000000000
0.0000000000000000000000000000000000000000
0.0000000000000000000000000000000000000000
0.0000000000000000000000000000000000000000
0.0000000000000000000000000000000000000000
0.0000000000000000000000000000000000000000
0.0000000000000000000000000000000000000000
0.0000000000000000000000000000000000000000
0.0000000000000000000000000000000000000000
0.0000000000000000000000000000000000000000
0.0000000000000000000000000000000000000000
0.0000000000000000000000000000000000000000
0.0000000000000000000000000000000000000000
0.0000000000000000000000000000000000000000
0.0000000000000000000000000000000000000000
0.0000000000000000000000000000000000000000
0.0000000000000000000000000000000000000000
0.0000000000000000000000000000000000000000
0.0000000000000000000000000000000000000000
0.0000000000000000000000000000000000000000
0.0000000000000000000000000000000000000000
0.0000000000000000000000000000000000000000
0.0000000000000000000000000000000000000000
0.0000000000000000000000000000000000000000
0.0000000000000000000000000000000000000000
0.0000000000000000000000000000000000000000
0.0000000000000000000000000000000000000000
0.0000000000000000000000000000000000000000
0.0000000000000000000000000000000000000000
0.0000000000000000000000000000000000000000
0.0000000000000000000000000000000000000000
0.0000000000000000000000000000000000000000
0.0000000000000000000000000000000000000000
0.0000000000000000000000000000000000000000
0.0000000000000000000000000000000000000000
0.0000000000000000000000000000000000000000
0.0000000000000000000000000000000000000000
0.0000000000000000000000000000000000000000
0.0000000000000000000000000000000000000000
0.0000000000000000000000000000000000000000
0.0000000000000000000000000000000000000000
0.0000000000000000000000000000000000000000
0.0000000000000000000000000000000000000000
0.0000000000000000000000000000000000000000
0.0000000000000000000000000000000000000000
0.0000000000000000000000000000000000000000
0.0000000000000000000000000000000000000000
0.0000000000000000000000000000000000000000
0.0000000000000000000000000000000000000000
0.0000000000000000000000000000000000000000
0.0000236195955949369817972183227539062500
0.0003621671930886805057525634765625000000
0.0028028592932969331741333007812500000000
0.0144814373925328254699707031250000000000
0.0558900907635688781738281250000000000000
0.1711948364973068237304687500000000000000
0.4323136806488037109375000000000000000000
0.9241703152656555175781250000000000000000
1.7063726186752319335937500000000000000000
2.7668850421905517578125000000000000000000
4.0000000000000000000000000000000000000000
3.0000000000000000000000000000000000000000
2.0751636028289794921875000000000000000000
1.2797796726226806640625000000000000000000
0.6931277513504028320312500000000000000000
0.3242352604866027832031250000000000000000
0.1283961385488510131835937500000000000000
0.0419175773859024047851562500000000000000
0.0108610810711979866027832031250000000000
0.0021021442953497171401977539062500000000
0.0002716254093684256076812744140625000000
0.0000177146976056974381208419799804687500
0.0000000000000000000000000000000000000000
0.0000000000000000000000000000000000000000
0.0000000000000000000000000000000000000000
0.0000000000000000000000000000000000000000
0.0000000000000000000000000000000000000000
0.0000000000000000000000000000000000000000
0.0000000000000000000000000000000000000000
0.0000000000000000000000000000000000000000
0.0000000000000000000000000000000000000000
0.0000000000000000000000000000000000000000
0.0000000000000000000000000000000000000000
0.0000000000000000000000000000000000000000
0.0000000000000000000000000000000000000000
0.0000000000000000000000000000000000000000
0.0000000000000000000000000000000000000000
0.0000000000000000000000000000000000000000
0.0000000000000000000000000000000000000000
0.0000000000000000000000000000000000000000
0.0000000000000000000000000000000000000000
0.0000000000000000000000000000000000000000
0.0000000000000000000000000000000000000000
0.0000000000000000000000000000000000000000
0.0000000000000000000000000000000000000000
0.0000000000000000000000000000000000000000
0.0000000000000000000000000000000000000000
0.0000000000000000000000000000000000000000
0.0000000000000000000000000000000000000000
0.0000000000000000000000000000000000000000
0.0000000000000000000000000000000000000000
0.0000000000000000000000000000000000000000
0.0000000000000000000000000000000000000000
0.0000000000000000000000000000000000000000
0.0000000000000000000000000000000000000000
0.0000000000000000000000000000000000000000
0.0000000000000000000000000000000000000000
0.0000000000000000000000000000000000000000
0.0000000000000000000000000000000000000000
0.0000000000000000000000000000000000000000
0.0000000000000000000000000000000000000000
0.0000000000000000000000000000000000000000
0.0000000000000000000000000000000000000000
0.0000000000000000000000000000000000000000
0.0000000000000000000000000000000000000000
0.0000000000000000000000000000000000000000
0.0000000000000000000000000000000000000000
0.0000000000000000000000000000000000000000
0.0000000000000000000000000000000000000000
0.0000000000000000000000000000000000000000
0.0000000000000000000000000000000000000000
0.0000000000000000000000000000000000000000
0.0000000000000000000000000000000000000000
0.0000000000000000000000000000000000000000
0.0000000000000000000000000000000000000000
0.0000000000000000000000000000000000000000
0.0000000000000000000000000000000000000000
0.0000000000000000000000000000000000000000
0.0000000000000000000000000000000000000000
0.0000000000000000000000000000000000000000
0.0000000000000000000000000000000000000000
0.0000000000000000000000000000000000000000
0.0000000000000000000000000000000000000000
0.0000000000000000000000000000000000000000
0.0000000000000000000000000000000000000000
0.0000000000000000000000000000000000000000
0.0000000000000000000000000000000000000000
0.0000000000000000000000000000000000000000
0.0000000000000000000000000000000000000000
0.0000000000000000000000000000000000000000
0.0000000000000000000000000000000000000000
0.0000000000000000000000000000000000000000
0.0000000000000000000000000000000000000000
0.0000000000000000000000000000000000000000
0.0000000000000000000000000000000000000000
0.0000000000000000000000000000000000000000
0.0000000000000000000000000000000000000000
0.0000000000000000000000000000000000000000
0.0000000000000000000000000000000000000000
0.0000000000000000000000000000000000000000
0.0000236195955949369817972183227539062500
0.0003621671930886805057525634765625000000
0.0028028592932969331741333007812500000000
0.0144814373925328254699707031250000000000
0.0558900907635688781738281250000000000000
0.1711948364973068237304687500000000000000
0.4323136806488037109375000000000000000000
0.9241703152656555175781250000000000000000
1.7063726186752319335937500000000000000000
2.7668850421905517578125000000000000000000
4.0000000000000000000000000000000000000000
3.0000000000000000000000000000000000000000
2.0751636028289794921875000000000000000000
1.2797796726226806640625000000000000000000
0.6931277513504028320312500000000000000000
0.3242352604866027832031250000000000000000
0.1283961385488510131835937500000000000000
0.0419175773859024047851562500000000000000
0.0108610810711979866027832031250000000000
0.0021021442953497171401977539062500000000
0.0002716254093684256076812744140625000000
0.0000177146976056974381208419799804687500
0.0000000000000000000000000000000000000000
0.0000000000000000000000000000000000000000
0.0000000000000000000000000000000000000000
0.0000000000000000000000000000000000000000
0.0000000000000000000000000000000000000000
0.0000000000000000000000000000000000000000
0.0000000000000000000000000000000000000000
0.0000000000000000000000000000000000000000
0.0000000000000000000000000000000000000000
0.0000000000000000000000000000000000000000
0.0000000000000000000000000000000000000000
0.0000000000000000000000000000000000000000
0.0000000000000000000000000000000000000000
0.0000000000000000000000000000000000000000
0.0000000000000000000000000000000000000000
0.0000000000000000000000000000000000000000
0.0000000000000000000000000000000000000000
0.0000000000000000000000000000000000000000
0.0000000000000000000000000000000000000000
0.0000000000000000000000000000000000000000
0.0000000000000000000000000000000000000000
0.0000000000000000000000000000000000000000
0.0000000000000000000000000000000000000000
0.0000000000000000000000000000000000000000
0.0000000000000000000000000000000000000000
0.0000000000000000000000000000000000000000
0.0000000000000000000000000000000000000000
0.0000000000000000000000000000000000000000
0.0000000000000000000000000000000000000000
0.0000000000000000000000000000000000000000
0.0000000000000000000000000000000000000000
0.0000000000000000000000000000000000000000
0.0000000000000000000000000000000000000000
0.0000000000000000000000000000000000000000
0.0000000000000000000000000000000000000000
0.0000000000000000000000000000000000000000
0.0000000000000000000000000000000000000000
0.0000000000000000000000000000000000000000
0.0000000000000000000000000000000000000000
0.0000000000000000000000000000000000000000
0.0000000000000000000000000000000000000000
0.0000000000000000000000000000000000000000
0.0000000000000000000000000000000000000000
0.0000000000000000000000000000000000000000
0.0000000000000000000000000000000000000000
0.0000000000000000000000000000000000000000
0.0000000000000000000000000000000000000000
0.0000000000000000000000000000000000000000
0.0000000000000000000000000000000000000000
0.0000000000000000000000000000000000000000
0.0000000000000000000000000000000000000000
0.0000000000000000000000000000000000000000
0.0000000000000000000000000000000000000000
0.0000000000000000000000000000000000000000
0.0000000000000000000000000000000000000000
0.0000000000000000000000000000000000000000
0.0000000000000000000000000000000000000000
0.0000000000000000000000000000000000000000
0.0000000000000000000000000000000000000000
0.0000000000000000000000000000000000000000
0.0000000000000000000000000000000000000000
0.0000000000000000000000000000000000000000
0.0000000000000000000000000000000000000000
0.0000000000000000000000000000000000000000
0.0000000000000000000000000000000000000000
0.0000000000000000000000000000000000000000
0.0000000000000000000000000000000000000000
0.0000000000000000000000000000000000000000
0.0000000000000000000000000000000000000000
0.0000000000000000000000000000000000000000
0.0000000000000000000000000000000000000000
0.0000000000000000000000000000000000000000
0.0000000000000000000000000000000000000000
0.0000000000000000000000000000000000000000
0.0000000000000000000000000000000000000000
0.0000000000000000000000000000000000000000
0.0000000000000000000000000000000000000000
0.0000000000000000000000000000000000000000
0.0000236195955949369817972183227539062500
0.0003621671930886805057525634765625000000
0.0028028592932969331741333007812500000000
0.0144814373925328254699707031250000000000
0.0558900907635688781738281250000000000000
0.1711948364973068237304687500000000000000
0.4323136806488037109375000000000000000000
0.9241703152656555175781250000000000000000
1.7063726186752319335937500000000000000000
2.7668850421905517578125000000000000000000
4.0000000000000000000000000000000000000000
3.0000000000000000000000000000000000000000
2.0751636028289794921875000000000000000000
1.2797796726226806640625000000000000000000
0.6931277513504028320312500000000000000000
0.3242352604866027832031250000000000000000
0.1283961385488510131835937500000000000000
0.0419175773859024047851562500000000000000
0.0108610810711979866027832031250000000000
0.0021021442953497171401977539062500000000
0.0002716254093684256076812744140625000000
0.0000177146976056974381208419799804687500
0.0000000000000000000000000000000000000000
0.0000000000000000000000000000000000000000
0.0000000000000000000000000000000000000000
0.0000000000000000000000000000000000000000
0.0000000000000000000000000000000000000000
0.0000000000000000000000000000000000000000
0.0000000000000000000000000000000000000000
0.0000000000000000000000000000000000000000
0.0000000000000000000000000000000000000000
0.0000000000000000000000000000000000000000
0.0000000000000000000000000000000000000000
0.0000000000000000000000000000000000000000
0.0000000000000000000000000000000000000000
0.0000000000000000000000000000000000000000
0.0000000000000000000000000000000000000000
0.0000000000000000000000000000000000000000
0.0000000000000000000000000000000000000000
0.0000000000000000000000000000000000000000
0.0000000000000000000000000000000000000000
0.0000000000000000000000000000000000000000
0.0000000000000000000000000000000000000000
0.0000000000000000000000000000000000000000
0.0000000000000000000000000000000000000000
0.0000000000000000000000000000000000000000
0.0000000000000000000000000000000000000000
0.0000000000000000000000000000000000000000
0.0000000000000000000000000000000000000000
0.0000000000000000000000000000000000000000
0.0000000000000000000000000000000000000000
0.0000000000000000000000000000000000000000
0.0000000000000000000000000000000000000000
0.0000000000000000000000000000000000000000
0.0000000000000000000000000000000000000000
0.0000000000000000000000000000000000000000
0.0000000000000000000000000000000000000000
0.0000000000000000000000000000000000000000
0.0000000000000000000000000000000000000000
0.0000000000000000000000000000000000000000
0.0000000000000000000000000000000000000000
0.0000000000000000000000000000000000000000
0.0000000000000000000000000000000000000000
0.0000000000000000000000000000000000000000
0.0000000000000000000000000000000000000000
0.0000000000000000000000000000000000000000
0.0000000000000000000000000000000000000000
0.0000000000000000000000000000000000000000
0.0000000000000000000000000000000000000000
0.0000000000000000000000000000000000000000
0.0000000000000000000000000000000000000000
0.0000000000000000000000000000000000000000
0.0000000000000000000000000000000000000000
0.0000000000000000000000000000000000000000
0.0000000000000000000000000000000000000000
0.0000000000000000000000000000000000000000
0.0000000000000000000000000000000000000000
0.0000000000000000000000000000000000000000
0.0000000000000000000000000000000000000000
0.0000000000000000000000000000000000000000
0.0000000000000000000000000000000000000000
0.0000000000000000000000000000000000000000
0.0000000000000000000000000000000000000000
0.0000000000000000000000000000000000000000
0.0000000000000000000000000000000000000000
0.0000000000000000000000000000000000000000
0.0000000000000000000000000000000000000000
0.0000000000000000000000000000000000000000
0.0000000000000000000000000000000000000000
0.0000000000000000000000000000000000000000
0.0000000000000000000000000000000000000000
0.0000000000000000000000000000000000000000
0.0000000000000000000000000000000000000000
0.0000000000000000000000000000000000000000
0.0000000000000000000000000000000000000000
0.0000000000000000000000000000000000000000
0.0000000000000000000000000000000000000000
0.0000000000000000000000000000000000000000
0.0000000000000000000000000000000000000000
0.0000000000000000000000000000000000000000
0.0000236195955949369817972183227539062500
0.0003621671930886805057525634765625000000
0.0028028592932969331741333007812500000000
0.0144814373925328254699707031250000000000
0.0558900907635688781738281250000000000000
0.1711948364973068237304687500000000000000
0.4323136806488037109375000000000000000000
0.9241703152656555175781250000000000000000
1.7063726186752319335937500000000000000000
2.7668850421905517578125000000000000000000
4.0000000000000000000000000000000000000000
3.0000000000000000000000000000000000000000
2.0751683712005615234375000000000000000000
1.2797877788543701171875000000000000000000
0.6931381225585937500000000000000000000000
0.3242466747760772705078125000000000000000
0.1284078508615493774414062500000000000000
0.0419293642044067382812500000000000000000
0.0108728874474763870239257812500000000000
0.0021139536984264850616455078125000000000
0.0002834351616911590099334716796875000000
0.0000295244972221553325653076171875000000
0.0000118097977974684908986091613769531250
0.0000118097977974684908986091613769531250
0.0000118097977974684908986091613769531250
0.0000118097977974684908986091613769531250
0.0000118097977974684908986091613769531250
0.0000118097977974684908986091613769531250
0.0000118097977974684908986091613769531250
0.0000118097977974684908986091613769531250
0.0000118097977974684908986091613769531250
0.0000118097977974684908986091613769531250
0.0000118097977974684908986091613769531250
0.0000118097977974684908986091613769531250
0.0000118097977974684908986091613769531250
0.0000118097977974684908986091613769531250
0.0000118097977974684908986091613769531250
0.0000118097977974684908986091613769531250
0.0000118097977974684908986091613769531250
0.0000118097977974684908986091613769531250
0.0000118097977974684908986091613769531250
0.0000118097977974684908986091613769531250
0.0000118097977974684908986091613769531250
0.0000118097977974684908986091613769531250
0.0000118097977974684908986091613769531250
0.0000118097977974684908986091613769531250
0.0000118097977974684908986091613769531250
0.0000118097977974684908986091613769531250
0.0000118097977974684908986091613769531250
0.0000118097977974684908986091613769531250
0.0000118097977974684908986091613769531250
0.0000118097977974684908986091613769531250
0.0000118097977974684908986091613769531250
0.0000118097977974684908986091613769531250
0.0000118097977974684908986091613769531250
0.0000118097977974684908986091613769531250
0.0000118097977974684908986091613769531250
0.0000118097977974684908986091613769531250
0.0000118097977974684908986091613769531250
0.0000118097977974684908986091613769531250
0.0000118097977974684908986091613769531250
0.0000118097977974684908986091613769531250
0.0000118097977974684908986091613769531250
0.0000118097977974684908986091613769531250
0.0000118097977974684908986091613769531250
0.0000118097977974684908986091613769531250
0.0000118097977974684908986091613769531250
0.0000118097977974684908986091613769531250
0.0000118097977974684908986091613769531250
0.0000118097977974684908986091613769531250
0.0000118097977974684908986091613769531250
0.0000118097977974684908986091613769531250
0.0000118097977974684908986091613769531250
0.0000118097977974684908986091613769531250
0.0000118097977974684908986091613769531250
0.0000118097977974684908986091613769531250
0.0000118097977974684908986091613769531250
0.0000118097977974684908986091613769531250
0.0000118097977974684908986091613769531250
0.0000118097977974684908986091613769531250
0.0000118097977974684908986091613769531250
0.0000118097977974684908986091613769531250
0.0000118097977974684908986091613769531250
0.0000118097977974684908986091613769531250
0.0000118097977974684908986091613769531250
0.0000118097977974684908986091613769531250
0.0000118097977974684908986091613769531250
0.0000118097977974684908986091613769531250
0.0000118097977974684908986091613769531250
0.0000118097977974684908986091613769531250
0.0000118097977974684908986091613769531250
0.0000118097977974684908986091613769531250
0.0000118097977974684908986091613769531250
0.0000118097977974684908986091613769531250
0.0000118097977974684908986091613769531250
0.0000118097977974684908986091613769531250
0.0000118097977974684908986091613769531250
0.0000118097977974684908986091613769531250
0.0000118097977974684908986091613769531250
0.0000118097977974684908986091613769531250
0.0000354293952113948762416839599609375000
0.0003739769745152443647384643554687500000
0.0028146686963737010955810546875000000000
0.0144932447001338005065917968750000000000
0.0559018775820732116699218750000000000000
0.1712065488100051879882812500000000000000
0.4323250353336334228515625000000000000000
0.9241806268692016601562500000000000000000
1.7063810825347900390625000000000000000000
2.7668893337249755859375000000000000000000
4.0000000000000000000000000000000000000000
3.0000000000000000000000000000000000000000
2.0752294063568115234375000000000000000000
1.2798986434936523437500000000000000000000
0.6932816505432128906250000000000000000000
0.3244068920612335205078125000000000000000
0.1285746693611145019531250000000000000000
0.0420981422066688537597656250000000000000
0.0110420873388648033142089843750000000000
0.0022832204122096300125122070312500000000
0.0004527085402514785528182983398437500000
0.0001987982832361012697219848632812500000
0.0001810835965443402528762817382812500000
0.0001810835965443402528762817382812500000
0.0001810835965443402528762817382812500000
0.0001810835965443402528762817382812500000
0.0001810835965443402528762817382812500000
0.0001810835965443402528762817382812500000
0.0001810835965443402528762817382812500000
0.0001810835965443402528762817382812500000
0.0001810835965443402528762817382812500000
0.0001810835965443402528762817382812500000
0.0001810835965443402528762817382812500000
0.0001810835965443402528762817382812500000
0.0001810835965443402528762817382812500000
0.0001810835965443402528762817382812500000
0.0001810835965443402528762817382812500000
0.0001810835965443402528762817382812500000
0.0001810835965443402528762817382812500000
0.0001810835965443402528762817382812500000
0.0001810835965443402528762817382812500000
0.0001810835965443402528762817382812500000
0.0001810835965443402528762817382812500000
0.0001810835965443402528762817382812500000
0.0001810835965443402528762817382812500000
0.0001810835965443402528762817382812500000
0.0001810835965443402528762817382812500000
0.0001810835965443402528762817382812500000
0.0001810835965443402528762817382812500000
0.0001810835965443402528762817382812500000
0.0001810835965443402528762817382812500000
0.0001810835965443402528762817382812500000
0.0001810835965443402528762817382812500000
0.0001810835965443402528762817382812500000
0.0001810835965443402528762817382812500000
0.0001810835965443402528762817382812500000
0.0001810835965443402528762817382812500000
0.0001810835965443402528762817382812500000
0.0001810835965443402528762817382812500000
0.0001810835965443402528762817382812500000
0.0001810835965443402528762817382812500000
0.0001810835965443402528762817382812500000
0.0001810835965443402528762817382812500000
0.0001810835965443402528762817382812500000
0.0001810835965443402528762817382812500000
0.0001810835965443402528762817382812500000
0.0001810835965443402528762817382812500000
0.0001810835965443402528762817382812500000
0.0001810835965443402528762817382812500000
0.0001810835965443402528762817382812500000
0.0001810835965443402528762817382812500000
0.0001810835965443402528762817382812500000
0.0001810835965443402528762817382812500000
0.0001810835965443402528762817382812500000
0.0001810835965443402528762817382812500000
0.0001810835965443402528762817382812500000
0.0001810835965443402528762817382812500000
0.0001810835965443402528762817382812500000
0.0001810835965443402528762817382812500000
0.0001810835965443402528762817382812500000
0.0001810835965443402528762817382812500000
0.0001810835965443402528762817382812500000
0.0001810835965443402528762817382812500000
0.0001810835965443402528762817382812500000
0.0001810835965443402528762817382812500000
0.0001810835965443402528762817382812500000
0.0001810835965443402528762817382812500000
0.0001810835965443402528762817382812500000
0.0001810835965443402528762817382812500000
0.0001810835965443402528762817382812500000
0.0001810835965443402528762817382812500000
0.0001810835965443402528762817382812500000
0.0001810835965443402528762817382812500000
0.0001810835965443402528762817382812500000
0.0001810835965443402528762817382812500000
0.0001810835965443402528762817382812500000
0.0001810835965443402528762817382812500000
0.0001810835965443402528762817382812500000
0.0001810835965443402528762817382812500000
0.0001810835965443402528762817382812500000
0.0002047031593974679708480834960937500000
0.0005432501784525811672210693359375000000
0.0029839337803423404693603515625000000000
0.0146624296903610229492187500000000000000
0.0560705587267875671386718750000000000000
0.1713729649782180786132812500000000000000
0.4324842095375061035156250000000000000000
0.9243221282958984375000000000000000000000
1.7064892053604125976562500000000000000000
2.7669486999511718750000000000000000000000
4.0000000000000000000000000000000000000000
3.0000000000000000000000000000000000000000
2.0756430625915527343750000000000000000000
1.2806577682495117187500000000000000000000
0.6942805051803588867187500000000000000000
0.3255409598350524902343750000000000000000
0.1297687292098999023437500000000000000000
0.0433124639093875885009765625000000000000
0.0122614381834864616394042968750000000000
0.0035034560132771730422973632812500000000
0.0016730470815673470497131347656250000000
0.0014191438676789402961730957031250000000
0.0014014294138178229331970214843750000000
0.0014014294138178229331970214843750000000
0.0014014294138178229331970214843750000000
0.0014014294138178229331970214843750000000
0.0014014294138178229331970214843750000000
0.0014014294138178229331970214843750000000
0.0014014294138178229331970214843750000000
0.0014014294138178229331970214843750000000
0.0014014294138178229331970214843750000000
0.0014014294138178229331970214843750000000
0.0014014294138178229331970214843750000000
0.0014014294138178229331970214843750000000
0.0014014294138178229331970214843750000000
0.0014014294138178229331970214843750000000
0.0014014294138178229331970214843750000000
0.0014014294138178229331970214843750000000
0.0014014294138178229331970214843750000000
0.0014014294138178229331970214843750000000
0.0014014294138178229331970214843750000000
0.0014014294138178229331970214843750000000
0.0014014294138178229331970214843750000000
0.0014014294138178229331970214843750000000
0.0014014294138178229331970214843750000000
0.0014014294138178229331970214843750000000
0.0014014294138178229331970214843750000000
0.0014014294138178229331970214843750000000
0.0014014294138178229331970214843750000000
0.0014014294138178229331970214843750000000
0.0014014294138178229331970214843750000000
0.0014014294138178229331970214843750000000
0.0014014294138178229331970214843750000000
0.0014014294138178229331970214843750000000
0.0014014294138178229331970214843750000000
0.0014014294138178229331970214843750000000
0.0014014294138178229331970214843750000000
0.0014014294138178229331970214843750000000
0.0014014294138178229331970214843750000000
0.0014014294138178229331970214843750000000
0.0014014294138178229331970214843750000000
0.0014014294138178229331970214843750000000
0.0014014294138178229331970214843750000000
0.0014014294138178229331970214843750000000
0.0014014294138178229331970214843750000000
0.0014014294138178229331970214843750000000
0.0014014294138178229331970214843750000000
0.0014014294138178229331970214843750000000
0.0014014294138178229331970214843750000000
0.0014014294138178229331970214843750000000
0.0014014294138178229331970214843750000000
0.0014014294138178229331970214843750000000
0.0014014294138178229331970214843750000000
0.0014014294138178229331970214843750000000
0.0014014294138178229331970214843750000000
0.0014014294138178229331970214843750000000
0.0014014294138178229331970214843750000000
0.0014014294138178229331970214843750000000
0.0014014294138178229331970214843750000000
0.0014014294138178229331970214843750000000
0.0014014294138178229331970214843750000000
0.0014014294138178229331970214843750000000
0.0014014294138178229331970214843750000000
0.0014014294138178229331970214843750000000
0.0014014294138178229331970214843750000000
0.0014014294138178229331970214843750000000
0.0014014294138178229331970214843750000000
0.0014014294138178229331970214843750000000
0.0014014294138178229331970214843750000000
0.0014014294138178229331970214843750000000
0.0014014294138178229331970214843750000000
0.0014014294138178229331970214843750000000
0.0014014294138178229331970214843750000000
0.0014014294138178229331970214843750000000
0.0014014294138178229331970214843750000000
0.0014014294138178229331970214843750000000
0.0014014294138178229331970214843750000000
0.0014014294138178229331970214843750000000
0.0014014294138178229331970214843750000000
0.0014014294138178229331970214843750000000
0.0014250486856326460838317871093750000000
0.0017635865369811654090881347656250000000
0.0042041381821036338806152343750000000000
0.0158815421164035797119140625000000000000
0.0572836510837078094482421875000000000000
0.1725626736879348754882812500000000000000
0.4336072802543640136718750000000000000000
0.9253015518188476562500000000000000000000
1.7072244882583618164062500000000000000000
2.7673449516296386718750000000000000000000
4.0000000000000000000000000000000000000000
3.0000000000000000000000000000000000000000
2.0775165557861328125000000000000000000000
1.2841370105743408203125000000000000000000
0.6989205479621887207031250000000000000000
0.3308753371238708496093750000000000000000
0.1354384124279022216796875000000000000000
0.0491082854568958282470703125000000000000
0.0180926658213138580322265625000000000000
0.0093417363241314888000488281250000000000
0.0075122611597180366516113281250000000000
0.0072584315203130245208740234375000000000
0.0072407200932502746582031250000000000000
0.0072407200932502746582031250000000000000
0.0072407200932502746582031250000000000000
0.0072407200932502746582031250000000000000
0.0072407200932502746582031250000000000000
0.0072407200932502746582031250000000000000
0.0072407200932502746582031250000000000000
0.0072407200932502746582031250000000000000
0.0072407200932502746582031250000000000000
0.0072407200932502746582031250000000000000
0.0072407200932502746582031250000000000000
0.0072407200932502746582031250000000000000
0.0072407200932502746582031250000000000000
0.0072407200932502746582031250000000000000
0.0072407200932502746582031250000000000000
0.0072407200932502746582031250000000000000
0.0072407200932502746582031250000000000000
0.0072407200932502746582031250000000000000
0.0072407200932502746582031250000000000000
0.0072407200932502746582031250000000000000
0.0072407200932502746582031250000000000000
0.0072407200932502746582031250000000000000
0.0072407200932502746582031250000000000000
0.0072407200932502746582031250000000000000
0.0072407200932502746582031250000000000000
0.0072407200932502746582031250000000000000
0.0072407200932502746582031250000000000000
0.0072407200932502746582031250000000000000
0.0072407200932502746582031250000000000000
0.0072407200932502746582031250000000000000
0.0072407200932502746582031250000000000000
0.0072407200932502746582031250000000000000
0.0072407200932502746582031250000000000000
0.0072407200932502746582031250000000000000
0.0072407200932502746582031250000000000000
0.0072407200932502746582031250000000000000
0.0072407200932502746582031250000000000000
0.0072407200932502746582031250000000000000
0.0072407200932502746582031250000000000000
0.0072407200932502746582031250000000000000
0.0072407200932502746582031250000000000000
0.0072407200932502746582031250000000000000
0.0072407200932502746582031250000000000000
0.0072407200932502746582031250000000000000
0.0072407200932502746582031250000000000000
0.0072407200932502746582031250000000000000
0.0072407200932502746582031250000000000000
0.0072407200932502746582031250000000000000
0.0072407200932502746582031250000000000000
0.0072407200932502746582031250000000000000
0.0072407200932502746582031250000000000000
0.0072407200932502746582031250000000000000
0.0072407200932502746582031250000000000000
0.0072407200932502746582031250000000000000
0.0072407200932502746582031250000000000000
0.0072407200932502746582031250000000000000
0.0072407200932502746582031250000000000000
0.0072407200932502746582031250000000000000
0.0072407200932502746582031250000000000000
0.0072407200932502746582031250000000000000
0.0072407200932502746582031250000000000000
0.0072407200932502746582031250000000000000
0.0072407200932502746582031250000000000000
0.0072407200932502746582031250000000000000
0.0072407200932502746582031250000000000000
0.0072407200932502746582031250000000000000
0.0072407200932502746582031250000000000000
0.0072407200932502746582031250000000000000
0.0072407200932502746582031250000000000000
0.0072407200932502746582031250000000000000
0.0072407200932502746582031250000000000000
0.0072407200932502746582031250000000000000
0.0072407200932502746582031250000000000000
0.0072407200932502746582031250000000000000
0.0072407200932502746582031250000000000000
0.0072407200932502746582031250000000000000
0.0072407200932502746582031250000000000000
0.0072407200932502746582031250000000000000
0.0072643356397747993469238281250000000000
0.0076027773320674896240234375000000000000
0.0100421365350484848022460937500000000000
0.0217107553035020828247070312500000000000
0.0630700364708900451660156250000000000000
0.1782015413045883178710937500000000000000
0.4388692378997802734375000000000000000000
0.9298182725906372070312500000000000000000
1.7105569839477539062500000000000000000000
2.7691149711608886718750000000000000000000
4.0000000000000000000000000000000000000000
3.0000000000000000000000000000000000000000
2.0838363170623779296875000000000000000000
1.2959835529327392578125000000000000000000
0.7149236798286437988281250000000000000000
0.3494893908500671386718750000000000000000
0.1553881615400314331054687500000000000000
0.0696005225181579589843750000000000000000
0.0387531481683254241943359375000000000000
0.0300398953258991241455078125000000000000
0.0282160695642232894897460937500000000000
0.0279627405107021331787109375000000000000
0.0279450472444295883178710937500000000000
0.0279450472444295883178710937500000000000
0.0279450472444295883178710937500000000000
0.0279450472444295883178710937500000000000
0.0279450472444295883178710937500000000000
0.0279450472444295883178710937500000000000
0.0279450472444295883178710937500000000000
0.0279450472444295883178710937500000000000
0.0279450472444295883178710937500000000000
0.0279450472444295883178710937500000000000
0.0279450472444295883178710937500000000000
0.0279450472444295883178710937500000000000
0.0279450472444295883178710937500000000000
0.0279450472444295883178710937500000000000
0.0279450472444295883178710937500000000000
0.0279450472444295883178710937500000000000
0.0279450472444295883178710937500000000000
0.0279450472444295883178710937500000000000
0.0279450472444295883178710937500000000000
0.0279450472444295883178710937500000000000
0.0279450472444295883178710937500000000000
0.0279450472444295883178710937500000000000
0.0279450472444295883178710937500000000000
0.0279450472444295883178710937500000000000
0.0279450472444295883178710937500000000000
0.0279450472444295883178710937500000000000
0.0279450472444295883178710937500000000000
0.0279450472444295883178710937500000000000
0.0279450472444295883178710937500000000000
0.0279450472444295883178710937500000000000
0.0279450472444295883178710937500000000000
0.0279450472444295883178710937500000000000
0.0279450472444295883178710937500000000000
0.0279450472444295883178710937500000000000
0.0279450472444295883178710937500000000000
0.0279450472444295883178710937500000000000
0.0279450472444295883178710937500000000000
0.0279450472444295883178710937500000000000
0.0279450472444295883178710937500000000000
0.0279450472444295883178710937500000000000
0.0279450472444295883178710937500000000000
0.0279450472444295883178710937500000000000
0.0279450472444295883178710937500000000000
0.0279450472444295883178710937500000000000
0.0279450472444295883178710937500000000000
0.0279450472444295883178710937500000000000
0.0279450472444295883178710937500000000000
0.0279450472444295883178710937500000000000
0.0279450472444295883178710937500000000000
0.0279450472444295883178710937500000000000
0.0279450472444295883178710937500000000000
0.0279450472444295883178710937500000000000
0.0279450472444295883178710937500000000000
0.0279450472444295883178710937500000000000
0.0279450472444295883178710937500000000000
0.0279450472444295883178710937500000000000
0.0279450472444295883178710937500000000000
0.0279450472444295883178710937500000000000
0.0279450472444295883178710937500000000000
0.0279450472444295883178710937500000000000
0.0279450472444295883178710937500000000000
0.0279450472444295883178710937500000000000
0.0279450472444295883178710937500000000000
0.0279450472444295883178710937500000000000
0.0279450472444295883178710937500000000000
0.0279450472444295883178710937500000000000
0.0279450472444295883178710937500000000000
0.0279450472444295883178710937500000000000
0.0279450472444295883178710937500000000000
0.0279450472444295883178710937500000000000
0.0279450472444295883178710937500000000000
0.0279450472444295883178710937500000000000
0.0279450472444295883178710937500000000000
0.0279450472444295883178710937500000000000
0.0279450472444295883178710937500000000000
0.0279450472444295883178710937500000000000
0.0279450472444295883178710937500000000000
0.0279450472444295883178710937500000000000
0.0279686395078897476196289062500000000000
0.0283064246177673339843750000000000000000
0.0307385269552469253540039062500000000000
0.0423597693443298339843750000000000000000
0.0835126936435699462890625000000000000000
0.1979986131191253662109375000000000000000
0.4571369588375091552734375000000000000000
0.9452411532402038574218750000000000000000
1.7217165231704711914062500000000000000000
2.7749490737915039062500000000000000000000
4.0000000000000000000000000000000000000000
3.0000000000000000000000000000000000000000
2.1004652976989746093750000000000000000000
1.3276002407073974609375000000000000000000
0.7582609653472900390625000000000000000000
0.4005150794982910156250000000000000000000
0.2105275094509124755859375000000000000000
0.1264975816011428833007812500000000000000
0.0962347090244293212890625000000000000000
0.0876654908061027526855468750000000000000
0.0858659073710441589355468750000000000000
0.0856150239706039428710937500000000000000
0.0855974406003952026367187500000000000000
0.0855974406003952026367187500000000000000
0.0855974406003952026367187500000000000000
0.0855974406003952026367187500000000000000
0.0855974406003952026367187500000000000000
0.0855974406003952026367187500000000000000
0.0855974406003952026367187500000000000000
0.0855974406003952026367187500000000000000
0.0855974406003952026367187500000000000000
0.0855974406003952026367187500000000000000
0.0855974406003952026367187500000000000000
0.0855974406003952026367187500000000000000
0.0855974406003952026367187500000000000000
0.0855974406003952026367187500000000000000
0.0855974406003952026367187500000000000000
0.0855974406003952026367187500000000000000
0.0855974406003952026367187500000000000000
0.0855974406003952026367187500000000000000
0.0855974406003952026367187500000000000000
0.0855974406003952026367187500000000000000
0.0855974406003952026367187500000000000000
0.0855974406003952026367187500000000000000
0.0855974406003952026367187500000000000000
0.0855974406003952026367187500000000000000
0.0855974406003952026367187500000000000000
0.0855974406003952026367187500000000000000
0.0855974406003952026367187500000000000000
0.0855974406003952026367187500000000000000
0.0855974406003952026367187500000000000000
0.0855974406003952026367187500000000000000
0.0855974406003952026367187500000000000000
0.0855974406003952026367187500000000000000
0.0855974406003952026367187500000000000000
0.0855974406003952026367187500000000000000
0.0855974406003952026367187500000000000000
0.0855974406003952026367187500000000000000
0.0855974406003952026367187500000000000000
0.0855974406003952026367187500000000000000
0.0855974406003952026367187500000000000000
0.0855974406003952026367187500000000000000
0.0855974406003952026367187500000000000000
0.0855974406003952026367187500000000000000
0.0855974406003952026367187500000000000000
0.0855974406003952026367187500000000000000
0.0855974406003952026367187500000000000000
0.0855974406003952026367187500000000000000
0.0855974406003952026367187500000000000000
0.0855974406003952026367187500000000000000
0.0855974406003952026367187500000000000000
0.0855974406003952026367187500000000000000
0.0855974406003952026367187500000000000000
0.0855974406003952026367187500000000000000
0.0855974406003952026367187500000000000000
0.0855974406003952026367187500000000000000
0.0855974406003952026367187500000000000000
0.0855974406003952026367187500000000000000
0.0855974406003952026367187500000000000000
0.0855974406003952026367187500000000000000
0.0855974406003952026367187500000000000000
0.0855974406003952026367187500000000000000
0.0855974406003952026367187500000000000000
0.0855974406003952026367187500000000000000
0.0855974406003952026367187500000000000000
0.0855974406003952026367187500000000000000
0.0855974406003952026367187500000000000000
0.0855974406003952026367187500000000000000
0.0855974406003952026367187500000000000000
0.0855974406003952026367187500000000000000
0.0855974406003952026367187500000000000000
0.0855974406003952026367187500000000000000
0.0855974406003952026367187500000000000000
0.0855974406003952026367187500000000000000
0.0855974406003952026367187500000000000000
0.0855974406003952026367187500000000000000
0.0855974406003952026367187500000000000000
0.0855974406003952026367187500000000000000
0.0855974406003952026367187500000000000000
0.0855974406003952026367187500000000000000
0.0856208801269531250000000000000000000000
0.0859554558992385864257812500000000000000
0.0883561894297599792480468750000000000000
0.0997941046953201293945312500000000000000
0.1402174383401870727539062500000000000000
0.2525644898414611816406250000000000000000
0.5068737268447875976562500000000000000000
0.9864065051078796386718750000000000000000
1.7507219314575195312500000000000000000000
2.7897014617919921875000000000000000000000
4.0000000000000000000000000000000000000000
3.0000000000000000000000000000000000000000
2.1353564262390136718750000000000000000000
1.3954955339431762695312500000000000000000
0.8534339666366577148437500000000000000000
0.5142413377761840820312500000000000000000
0.3344896435737609863281250000000000000000
0.2549847662448883056640625000000000000000
0.2262939512729644775390625000000000000000
0.2181389629840850830078125000000000000000
0.2164161652326583862304687500000000000000
0.2161740064620971679687500000000000000000
0.2161568701267242431640625000000000000000
0.2161568701267242431640625000000000000000
0.2161568701267242431640625000000000000000
0.2161568701267242431640625000000000000000
0.2161568701267242431640625000000000000000
0.2161568701267242431640625000000000000000
0.2161568701267242431640625000000000000000
0.2161568701267242431640625000000000000000
0.2161568701267242431640625000000000000000
0.2161568701267242431640625000000000000000
0.2161568701267242431640625000000000000000
0.2161568701267242431640625000000000000000
0.2161568701267242431640625000000000000000
0.2161568701267242431640625000000000000000
0.2161568701267242431640625000000000000000
0.2161568701267242431640625000000000000000
0.2161568701267242431640625000000000000000
0.2161568701267242431640625000000000000000
0.2161568701267242431640625000000000000000
0.2161568701267242431640625000000000000000
0.2161568701267242431640625000000000000000
0.2161568701267242431640625000000000000000
0.2161568701267242431640625000000000000000
0.2161568701267242431640625000000000000000
0.2161568701267242431640625000000000000000
0.2161568701267242431640625000000000000000
0.2161568701267242431640625000000000000000
0.2161568701267242431640625000000000000000
0.2161568701267242431640625000000000000000
0.2161568701267242431640625000000000000000
0.2161568701267242431640625000000000000000
0.2161568701267242431640625000000000000000
0.2161568701267242431640625000000000000000
0.2161568701267242431640625000000000000000
0.2161568701267242431640625000000000000000
0.2161568701267242431640625000000000000000
0.2161568701267242431640625000000000000000
0.2161568701267242431640625000000000000000
0.2161568701267242431640625000000000000000
0.2161568701267242431640625000000000000000
0.2161568701267242431640625000000000000000
0.2161568701267242431640625000000000000000
0.2161568701267242431640625000000000000000
0.2161568701267242431640625000000000000000
0.2161568701267242431640625000000000000000
0.2161568701267242431640625000000000000000
0.2161568701267242431640625000000000000000
0.2161568701267242431640625000000000000000
0.2161568701267242431640625000000000000000
0.2161568701267242431640625000000000000000
0.2161568701267242431640625000000000000000
0.2161568701267242431640625000000000000000
0.2161568701267242431640625000000000000000
0.2161568701267242431640625000000000000000
0.2161568701267242431640625000000000000000
0.2161568701267242431640625000000000000000
0.2161568701267242431640625000000000000000
0.2161568701267242431640625000000000000000
0.2161568701267242431640625000000000000000
0.2161568701267242431640625000000000000000
0.2161568701267242431640625000000000000000
0.2161568701267242431640625000000000000000
0.2161568701267242431640625000000000000000
0.2161568701267242431640625000000000000000
0.2161568701267242431640625000000000000000
0.2161568701267242431640625000000000000000
0.2161568701267242431640625000000000000000
0.2161568701267242431640625000000000000000
0.2161568701267242431640625000000000000000
0.2161568701267242431640625000000000000000
0.2161568701267242431640625000000000000000
0.2161568701267242431640625000000000000000
0.2161568701267242431640625000000000000000
0.2161568701267242431640625000000000000000
0.2161568701267242431640625000000000000000
0.2161568701267242431640625000000000000000
0.2161568701267242431640625000000000000000
0.2161568701267242431640625000000000000000
0.2161797285079956054687500000000000000000
0.2165028154850006103515625000000000000000
0.2188032865524291992187500000000000000000
0.2297064960002899169921875000000000000000
0.2681276500225067138671875000000000000000
0.3748227953910827636718750000000000000000
0.6167261600494384765625000000000000000000
1.0748527050018310546875000000000000000000
1.8101882934570312500000000000000000000000
2.8183047771453857421875000000000000000000
4.0000000000000000000000000000000000000000
3.0000000000000000000000000000000000000000
2.1926116943359375000000000000000000000000
1.5138205289840698242187500000000000000000
1.0260932445526123046875000000000000000000
0.7249253988265991210937500000000000000000
0.5663633346557617187500000000000000000000
0.4963741302490234375000000000000000000000
0.4710794389247894287109375000000000000000
0.4638570845127105712890625000000000000000
0.4623197913169860839843750000000000000000
0.4621009826660156250000000000000000000000
0.4620851576328277587890625000000000000000
0.4620851576328277587890625000000000000000
0.4620851576328277587890625000000000000000
0.4620851576328277587890625000000000000000
0.4620851576328277587890625000000000000000
0.4620851576328277587890625000000000000000
0.4620851576328277587890625000000000000000
0.4620851576328277587890625000000000000000
0.4620851576328277587890625000000000000000
0.4620851576328277587890625000000000000000
0.4620851576328277587890625000000000000000
0.4620851576328277587890625000000000000000
0.4620851576328277587890625000000000000000
0.4620851576328277587890625000000000000000
0.4620851576328277587890625000000000000000
0.4620851576328277587890625000000000000000
0.4620851576328277587890625000000000000000
0.4620851576328277587890625000000000000000
0.4620851576328277587890625000000000000000
0.4620851576328277587890625000000000000000
0.4620851576328277587890625000000000000000
0.4620851576328277587890625000000000000000
0.4620851576328277587890625000000000000000
0.4620851576328277587890625000000000000000
0.4620851576328277587890625000000000000000
0.4620851576328277587890625000000000000000
0.4620851576328277587890625000000000000000
0.4620851576328277587890625000000000000000
0.4620851576328277587890625000000000000000
0.4620851576328277587890625000000000000000
0.4620851576328277587890625000000000000000
0.4620851576328277587890625000000000000000
0.4620851576328277587890625000000000000000
0.4620851576328277587890625000000000000000
0.4620851576328277587890625000000000000000
0.4620851576328277587890625000000000000000
0.4620851576328277587890625000000000000000
0.4620851576328277587890625000000000000000
0.4620851576328277587890625000000000000000
0.4620851576328277587890625000000000000000
0.4620851576328277587890625000000000000000
0.4620851576328277587890625000000000000000
0.4620851576328277587890625000000000000000
0.4620851576328277587890625000000000000000
0.4620851576328277587890625000000000000000
0.4620851576328277587890625000000000000000
0.4620851576328277587890625000000000000000
0.4620851576328277587890625000000000000000
0.4620851576328277587890625000000000000000
0.4620851576328277587890625000000000000000
0.4620851576328277587890625000000000000000
0.4620851576328277587890625000000000000000
0.4620851576328277587890625000000000000000
0.4620851576328277587890625000000000000000
0.4620851576328277587890625000000000000000
0.4620851576328277587890625000000000000000
0.4620851576328277587890625000000000000000
0.4620851576328277587890625000000000000000
0.4620851576328277587890625000000000000000
0.4620851576328277587890625000000000000000
0.4620851576328277587890625000000000000000
0.4620851576328277587890625000000000000000
0.4620851576328277587890625000000000000000
0.4620851576328277587890625000000000000000
0.4620851576328277587890625000000000000000
0.4620851576328277587890625000000000000000
0.4620851576328277587890625000000000000000
0.4620851576328277587890625000000000000000
0.4620851576328277587890625000000000000000
0.4620851576328277587890625000000000000000
0.4620851576328277587890625000000000000000
0.4620851576328277587890625000000000000000
0.4620851576328277587890625000000000000000
0.4620851576328277587890625000000000000000
0.4620851576328277587890625000000000000000
0.4620851576328277587890625000000000000000
0.4620851576328277587890625000000000000000
0.4620851576328277587890625000000000000000
0.4621062278747558593750000000000000000000
0.4623983502388000488281250000000000000000
0.4644545912742614746093750000000000000000
0.4741361141204833984375000000000000000000
0.5081420540809631347656250000000000000000
0.6026110649108886718750000000000000000000
0.8178353309631347656250000000000000000000
1.2299181222915649414062500000000000000000
1.9046850204467773437500000000000000000000
2.8563153743743896484375000000000000000000
4.0000000000000000000000000000000000000000
3.0000000000000000000000000000000000000000
2.2558398246765136718750000000000000000000
1.6779979467391967773437500000000000000000
1.2880421876907348632812500000000000000000
1.0542492866516113281250000000000000000000
0.9327727556228637695312500000000000000000
0.8793845176696777343750000000000000000000
0.8600883483886718750000000000000000000000
0.8545564413070678710937500000000000000000
0.8533700108528137207031250000000000000000
0.8531990051269531250000000000000000000000
0.8531864285469055175781250000000000000000
0.8531864285469055175781250000000000000000
0.8531864285469055175781250000000000000000
0.8531864285469055175781250000000000000000
0.8531864285469055175781250000000000000000
0.8531864285469055175781250000000000000000
0.8531864285469055175781250000000000000000
0.8531864285469055175781250000000000000000
0.8531864285469055175781250000000000000000
0.8531864285469055175781250000000000000000
0.8531864285469055175781250000000000000000
0.8531864285469055175781250000000000000000
0.8531864285469055175781250000000000000000
0.8531864285469055175781250000000000000000
0.8531864285469055175781250000000000000000
0.8531864285469055175781250000000000000000
0.8531864285469055175781250000000000000000
0.8531864285469055175781250000000000000000
0.8531864285469055175781250000000000000000
0.8531864285469055175781250000000000000000
0.8531864285469055175781250000000000000000
0.8531864285469055175781250000000000000000
0.8531864285469055175781250000000000000000
0.8531864285469055175781250000000000000000
0.8531864285469055175781250000000000000000
0.8531864285469055175781250000000000000000
0.8531864285469055175781250000000000000000
0.8531864285469055175781250000000000000000
0.8531864285469055175781250000000000000000
0.8531864285469055175781250000000000000000
0.8531864285469055175781250000000000000000
0.8531864285469055175781250000000000000000
0.8531864285469055175781250000000000000000
0.8531864285469055175781250000000000000000
0.8531864285469055175781250000000000000000
0.8531864285469055175781250000000000000000
0.8531864285469055175781250000000000000000
0.8531864285469055175781250000000000000000
0.8531864285469055175781250000000000000000
0.8531864285469055175781250000000000000000
0.8531864285469055175781250000000000000000
0.8531864285469055175781250000000000000000
0.8531864285469055175781250000000000000000
0.8531864285469055175781250000000000000000
0.8531864285469055175781250000000000000000
0.8531864285469055175781250000000000000000
0.8531864285469055175781250000000000000000
0.8531864285469055175781250000000000000000
0.8531864285469055175781250000000000000000
0.8531864285469055175781250000000000000000
0.8531864285469055175781250000000000000000
0.8531864285469055175781250000000000000000
0.8531864285469055175781250000000000000000
0.8531864285469055175781250000000000000000
0.8531864285469055175781250000000000000000
0.8531864285469055175781250000000000000000
0.8531864285469055175781250000000000000000
0.8531864285469055175781250000000000000000
0.8531864285469055175781250000000000000000
0.8531864285469055175781250000000000000000
0.8531864285469055175781250000000000000000
0.8531864285469055175781250000000000000000
0.8531864285469055175781250000000000000000
0.8531864285469055175781250000000000000000
0.8531864285469055175781250000000000000000
0.8531864285469055175781250000000000000000
0.8531864285469055175781250000000000000000
0.8531864285469055175781250000000000000000
0.8531864285469055175781250000000000000000
0.8531864285469055175781250000000000000000
0.8531864285469055175781250000000000000000
0.8531864285469055175781250000000000000000
0.8531864285469055175781250000000000000000
0.8531864285469055175781250000000000000000
0.8531864285469055175781250000000000000000
0.8531864285469055175781250000000000000000
0.8531864285469055175781250000000000000000
0.8531864285469055175781250000000000000000
0.8532031774520874023437500000000000000000
0.8534318804740905761718750000000000000000
0.8550218343734741210937500000000000000000
0.8624597787857055664062500000000000000000
0.8885185122489929199218750000000000000000
0.9610666036605834960937500000000000000000
1.1276957988739013671875000000000000000000
1.4531280994415283203125000000000000000000
2.0088891983032226562500000000000000000000
2.8622479438781738281250000000000000000000
4.0000000000000000000000000000000000000000
3.0000000000000000000000000000000000000000
2.2363452911376953125000000000000000000000
1.8520810604095458984375000000000000000000
1.6245110034942626953125000000000000000000
1.4938637018203735351562500000000000000000
1.4270013570785522460937500000000000000000
1.3977885246276855468750000000000000000000
1.3872314691543579101562500000000000000000
1.3841992616653442382812500000000000000000
1.3835448026657104492187500000000000000000
1.3834497928619384765625000000000000000000
1.3834425210952758789062500000000000000000
1.3834425210952758789062500000000000000000
1.3834425210952758789062500000000000000000
1.3834425210952758789062500000000000000000
1.3834425210952758789062500000000000000000
1.3834425210952758789062500000000000000000
1.3834425210952758789062500000000000000000
1.3834425210952758789062500000000000000000
1.3834425210952758789062500000000000000000
1.3834425210952758789062500000000000000000
1.3834425210952758789062500000000000000000
1.3834425210952758789062500000000000000000
1.3834425210952758789062500000000000000000
1.3834425210952758789062500000000000000000
1.3834425210952758789062500000000000000000
1.3834425210952758789062500000000000000000
1.3834425210952758789062500000000000000000
1.3834425210952758789062500000000000000000
1.3834425210952758789062500000000000000000
1.3834425210952758789062500000000000000000
1.3834425210952758789062500000000000000000
1.3834425210952758789062500000000000000000
1.3834425210952758789062500000000000000000
1.3834425210952758789062500000000000000000
1.3834425210952758789062500000000000000000
1.3834425210952758789062500000000000000000
1.3834425210952758789062500000000000000000
1.3834425210952758789062500000000000000000
1.3834425210952758789062500000000000000000
1.3834425210952758789062500000000000000000
1.3834425210952758789062500000000000000000
1.3834425210952758789062500000000000000000
1.3834425210952758789062500000000000000000
1.3834425210952758789062500000000000000000
1.3834425210952758789062500000000000000000
1.3834425210952758789062500000000000000000
1.3834425210952758789062500000000000000000
1.3834425210952758789062500000000000000000
1.3834425210952758789062500000000000000000
1.3834425210952758789062500000000000000000
1.3834425210952758789062500000000000000000
1.3834425210952758789062500000000000000000
1.3834425210952758789062500000000000000000
1.3834425210952758789062500000000000000000
1.3834425210952758789062500000000000000000
1.3834425210952758789062500000000000000000
1.3834425210952758789062500000000000000000
1.3834425210952758789062500000000000000000
1.3834425210952758789062500000000000000000
1.3834425210952758789062500000000000000000
1.3834425210952758789062500000000000000000
1.3834425210952758789062500000000000000000
1.3834425210952758789062500000000000000000
1.3834425210952758789062500000000000000000
1.3834425210952758789062500000000000000000
1.3834425210952758789062500000000000000000
1.3834425210952758789062500000000000000000
1.3834425210952758789062500000000000000000
1.3834425210952758789062500000000000000000
1.3834425210952758789062500000000000000000
1.3834425210952758789062500000000000000000
1.3834425210952758789062500000000000000000
1.3834425210952758789062500000000000000000
1.3834425210952758789062500000000000000000
1.3834425210952758789062500000000000000000
1.3834425210952758789062500000000000000000
1.3834425210952758789062500000000000000000
1.3834425210952758789062500000000000000000
1.3834425210952758789062500000000000000000
1.3834425210952758789062500000000000000000
1.3834425210952758789062500000000000000000
1.3834425210952758789062500000000000000000
1.3834425210952758789062500000000000000000
1.3834425210952758789062500000000000000000
1.3834425210952758789062500000000000000000
1.3834425210952758789062500000000000000000
1.3834425210952758789062500000000000000000
1.3834425210952758789062500000000000000000
1.3834521770477294921875000000000000000000
1.3835794925689697265625000000000000000000
1.3844578266143798828125000000000000000000
1.3885447978973388671875000000000000000000
1.4028533697128295898437500000000000000000
1.4427734613418579101562500000000000000000
1.5353190898895263671875000000000000000000
1.7201135158538818359375000000000000000000
2.0547301769256591796875000000000000000000
2.6609084606170654296875000000000000000000
4.0000000000000000000000000000000000000000
2.0000000000000000000000000000000000000000
2.0000000000000000000000000000000000000000
2.0000000000000000000000000000000000000000
2.0000000000000000000000000000000000000000
2.0000000000000000000000000000000000000000
2.0000000000000000000000000000000000000000
2.0000000000000000000000000000000000000000
2.0000000000000000000000000000000000000000
2.0000000000000000000000000000000000000000
2.0000000000000000000000000000000000000000
2.0000000000000000000000000000000000000000
2.0000000000000000000000000000000000000000
2.0000000000000000000000000000000000000000
2.0000000000000000000000000000000000000000
2.0000000000000000000000000000000000000000
2.0000000000000000000000000000000000000000
2.0000000000000000000000000000000000000000
2.0000000000000000000000000000000000000000
2.0000000000000000000000000000000000000000
2.0000000000000000000000000000000000000000
2.0000000000000000000000000000000000000000
2.0000000000000000000000000000000000000000
2.0000000000000000000000000000000000000000
2.0000000000000000000000000000000000000000
2.0000000000000000000000000000000000000000
2.0000000000000000000000000000000000000000
2.0000000000000000000000000000000000000000
2.0000000000000000000000000000000000000000
2.0000000000000000000000000000000000000000
2.0000000000000000000000000000000000000000
2.0000000000000000000000000000000000000000
2.0000000000000000000000000000000000000000
2.0000000000000000000000000000000000000000
2.0000000000000000000000000000000000000000
2.0000000000000000000000000000000000000000
2.0000000000000000000000000000000000000000
2.0000000000000000000000000000000000000000
2.0000000000000000000000000000000000000000
2.0000000000000000000000000000000000000000
2.0000000000000000000000000000000000000000
2.0000000000000000000000000000000000000000
2.0000000000000000000000000000000000000000
2.0000000000000000000000000000000000000000
2.0000000000000000000000000000000000000000
2.0000000000000000000000000000000000000000
2.0000000000000000000000000000000000000000
2.0000000000000000000000000000000000000000
2.0000000000000000000000000000000000000000
2.0000000000000000000000000000000000000000
2.0000000000000000000000000000000000000000
2.0000000000000000000000000000000000000000
2.0000000000000000000000000000000000000000
2.0000000000000000000000000000000000000000
2.0000000000000000000000000000000000000000
2.0000000000000000000000000000000000000000
2.0000000000000000000000000000000000000000
2.0000000000000000000000000000000000000000
2.0000000000000000000000000000000000000000
2.0000000000000000000000000000000000000000
2.0000000000000000000000000000000000000000
2.0000000000000000000000000000000000000000
2.0000000000000000000000000000000000000000
2.0000000000000000000000000000000000000000
2.0000000000000000000000000000000000000000
2.0000000000000000000000000000000000000000
2.0000000000000000000000000000000000000000
2.0000000000000000000000000000000000000000
2.0000000000000000000000000000000000000000
2.0000000000000000000000000000000000000000
2.0000000000000000000000000000000000000000
2.0000000000000000000000000000000000000000
2.0000000000000000000000000000000000000000
2.0000000000000000000000000000000000000000
2.0000000000000000000000000000000000000000
2.0000000000000000000000000000000000000000
2.0000000000000000000000000000000000000000
2.0000000000000000000000000000000000000000
2.0000000000000000000000000000000000000000
2.0000000000000000000000000000000000000000
2.0000000000000000000000000000000000000000
2.0000000000000000000000000000000000000000
2.0000000000000000000000000000000000000000
2.0000000000000000000000000000000000000000
2.0000000000000000000000000000000000000000
2.0000000000000000000000000000000000000000
2.0000000000000000000000000000000000000000
2.0000000000000000000000000000000000000000
2.0000000000000000000000000000000000000000
2.0000000000000000000000000000000000000000
2.0000000000000000000000000000000000000000
2.0000000000000000000000000000000000000000
2.0000000000000000000000000000000000000000
2.0000000000000000000000000000000000000000
2.0000000000000000000000000000000000000000
2.0000000000000000000000000000000000000000
2.0000000000000000000000000000000000000000
2.0000000000000000000000000000000000000000
2.0000000000000000000000000000000000000000
2.0000000000000000000000000000000000000000
2.0000000000000000000000000000000000000000
