1.0000000000000000000000000000000000000000
1.0000000000000000000000000000000000000000
1.0000000000000000000000000000000000000000
1.0000000000000000000000000000000000000000
1.0000000000000000000000000000000000000000
1.0000000000000000000000000000000000000000
1.0000000000000000000000000000000000000000
1.0000000000000000000000000000000000000000
1.0000000000000000000000000000000000000000
1.0000000000000000000000000000000000000000
1.0000000000000000000000000000000000000000
1.0000000000000000000000000000000000000000
1.0000000000000000000000000000000000000000
1.0000000000000000000000000000000000000000
1.0000000000000000000000000000000000000000
1.0000000000000000000000000000000000000000
1.0000000000000000000000000000000000000000
1.0000000000000000000000000000000000000000
1.0000000000000000000000000000000000000000
1.0000000000000000000000000000000000000000
1.0000000000000000000000000000000000000000
1.0000000000000000000000000000000000000000
1.0000000000000000000000000000000000000000
1.0000000000000000000000000000000000000000
1.0000000000000000000000000000000000000000
1.0000000000000000000000000000000000000000
1.0000000000000000000000000000000000000000
1.0000000000000000000000000000000000000000
1.0000000000000000000000000000000000000000
1.0000000000000000000000000000000000000000
1.0000000000000000000000000000000000000000
1.0000000000000000000000000000000000000000
1.0000000000000000000000000000000000000000
1.0000000000000000000000000000000000000000
1.0000000000000000000000000000000000000000
1.0000000000000000000000000000000000000000
1.0000000000000000000000000000000000000000
1.0000000000000000000000000000000000000000
1.0000000000000000000000000000000000000000
1.0000000000000000000000000000000000000000
1.0000000000000000000000000000000000000000
1.0000000000000000000000000000000000000000
1.0000000000000000000000000000000000000000
1.0000000000000000000000000000000000000000
1.0000000000000000000000000000000000000000
1.0000000000000000000000000000000000000000
1.0000000000000000000000000000000000000000
1.0000000000000000000000000000000000000000
1.0000000000000000000000000000000000000000
1.0000000000000000000000000000000000000000
1.0000000000000000000000000000000000000000
1.0000000000000000000000000000000000000000
1.0000000000000000000000000000000000000000
1.0000000000000000000000000000000000000000
1.0000000000000000000000000000000000000000
1.0000000000000000000000000000000000000000
1.0000000000000000000000000000000000000000
1.0000000000000000000000000000000000000000
1.0000000000000000000000000000000000000000
1.0000000000000000000000000000000000000000
1.0000000000000000000000000000000000000000
1.0000000000000000000000000000000000000000
1.0000000000000000000000000000000000000000
1.0000000000000000000000000000000000000000
1.0000000000000000000000000000000000000000
1.0000000000000000000000000000000000000000
1.0000000000000000000000000000000000000000
1.0000000000000000000000000000000000000000
1.0000000000000000000000000000000000000000
1.0000000000000000000000000000000000000000
1.0000000000000000000000000000000000000000
1.0000000000000000000000000000000000000000
1.0000000000000000000000000000000000000000
1.0000000000000000000000000000000000000000
1.0000000000000000000000000000000000000000
1.0000000000000000000000000000000000000000
1.0000000000000000000000000000000000000000
1.0000000000000000000000000000000000000000
1.0000000000000000000000000000000000000000
1.0000000000000000000000000000000000000000
1.0000000000000000000000000000000000000000
1.0000000000000000000000000000000000000000
1.0000000000000000000000000000000000000000
1.0000000000000000000000000000000000000000
1.0000000000000000000000000000000000000000
1.0000000000000000000000000000000000000000
1.0000000000000000000000000000000000000000
1.0000000000000000000000000000000000000000
1.0000000000000000000000000000000000000000
1.0000000000000000000000000000000000000000
1.0000000000000000000000000000000000000000
1.0000000000000000000000000000000000000000
1.0000000000000000000000000000000000000000
1.0000000000000000000000000000000000000000
1.0000000000000000000000000000000000000000
1.0000000000000000000000000000000000000000
1.0000000000000000000000000000000000000000
1.0000000000000000000000000000000000000000
1.0000000000000000000000000000000000000000
1.0000000000000000000000000000000000000000
3.0000000000000000000000000000000000000000
1.9749107360839843750000000000000000000000
1.5551300048828125000000000000000000000000
1.3459200859069824218750000000000000000000
1.2225337028503417968750000000000000000000
1.1402789354324340820312500000000000000000
1.0809576511383056640625000000000000000000
1.0361247062683105468750000000000000000000
1.0014100074768066406250000000000000000000
0.9742286205291748046875000000000000000000
0.9529343843460083007812500000000000000000
0.9363180994987487792968750000000000000000
0.9234816431999206542968750000000000000000
0.9136706590652465820312500000000000000000
0.9062857627868652343750000000000000000000
0.9008035659790039062500000000000000000000
0.8968071937561035156250000000000000000000
0.8939387798309326171875000000000000000000
0.8919205665588378906250000000000000000000
0.8905236124992370605468750000000000000000
0.8895768523216247558593750000000000000000
0.8889459967613220214843750000000000000000
0.8885347843170166015625000000000000000000
0.8882712721824645996093750000000000000000
0.8881063461303710937500000000000000000000
0.8880046606063842773437500000000000000000
0.8879435658454895019531250000000000000000
0.8879075050354003906250000000000000000000
0.8878866434097290039062500000000000000000
0.8878747820854187011718750000000000000000
0.8878682851791381835937500000000000000000
0.8878647089004516601562500000000000000000
0.8878628611564636230468750000000000000000
0.8878618478775024414062500000000000000000
0.8878613710403442382812500000000000000000
0.8878611326217651367187500000000000000000
0.8878610134124755859375000000000000000000
0.8878610134124755859375000000000000000000
0.8878610134124755859375000000000000000000
0.8878609538078308105468750000000000000000
0.8878608942031860351562500000000000000000
0.8878608942031860351562500000000000000000
0.8878608942031860351562500000000000000000
0.8878608942031860351562500000000000000000
0.8878608942031860351562500000000000000000
0.8878608942031860351562500000000000000000
0.8878608942031860351562500000000000000000
0.8878608942031860351562500000000000000000
0.8878608942031860351562500000000000000000
0.8878608942031860351562500000000000000000
0.8878608942031860351562500000000000000000
0.8878608942031860351562500000000000000000
0.8878608942031860351562500000000000000000
0.8878608942031860351562500000000000000000
0.8878608942031860351562500000000000000000
0.8878608942031860351562500000000000000000
0.8878608942031860351562500000000000000000
0.8878608942031860351562500000000000000000
0.8878608942031860351562500000000000000000
0.8878608942031860351562500000000000000000
0.8878608942031860351562500000000000000000
0.8878608942031860351562500000000000000000
0.8878610134124755859375000000000000000000
0.8878611326217651367187500000000000000000
0.8878612518310546875000000000000000000000
0.8878616094589233398437500000000000000000
0.8878622651100158691406250000000000000000
0.8878635764122009277343750000000000000000
0.8878660798072814941406250000000000000000
0.8878707885742187500000000000000000000000
0.8878795504570007324218750000000000000000
0.8878954052925109863281250000000000000000
0.8879233002662658691406250000000000000000
0.8879717588424682617187500000000000000000
0.8880536556243896484375000000000000000000
0.8881900310516357421875000000000000000000
0.8884116411209106445312500000000000000000
0.8887657523155212402343750000000000000000
0.8893187046051025390625000000000000000000
0.8901677131652832031250000000000000000000
0.8914428949356079101562500000000000000000
0.8933264017105102539062500000000000000000
0.8960509300231933593750000000000000000000
0.8999282717704772949218750000000000000000
0.9053392410278320312500000000000000000000
0.9127751588821411132812500000000000000000
0.9228149056434631347656250000000000000000
0.9361871480941772460937500000000000000000
0.9537389874458312988281250000000000000000
0.9765446186065673828125000000000000000000
1.0059061050415039062500000000000000000000
1.0435938835144042968750000000000000000000
1.0920565128326416015625000000000000000000
1.1551591157913208007812500000000000000000
1.2394759654998779296875000000000000000000
1.3577067852020263671875000000000000000000
1.5372147560119628906250000000000000000000
1.8451169729232788085937500000000000000000
2.4686384201049804687500000000000000000000
4.0000000000000000000000000000000000000000
3.0000000000000000000000000000000000000000
2.3454961776733398437500000000000000000000
1.9015913009643554687500000000000000000000
1.6087822914123535156250000000000000000000
1.4073878526687622070312500000000000000000
1.2616796493530273437500000000000000000000
1.1518493890762329101562500000000000000000
1.0668416023254394531250000000000000000000
1.0000530481338500976562500000000000000000
0.9473457336425781250000000000000000000000
0.9057946801185607910156250000000000000000
0.8732853531837463378906250000000000000000
0.8480803966522216796875000000000000000000
0.8288062214851379394531250000000000000000
0.8142586350440979003906250000000000000000
0.8034659624099731445312500000000000000000
0.7955788373947143554687500000000000000000
0.7899252176284790039062500000000000000000
0.7859374284744262695312500000000000000000
0.7831822633743286132812500000000000000000
0.7813102006912231445312500000000000000000
0.7800656557083129882812500000000000000000
0.7792519330978393554687500000000000000000
0.7787320613861083984375000000000000000000
0.7784053683280944824218750000000000000000
0.7782049179077148437500000000000000000000
0.7780839204788208007812500000000000000000
0.7780127525329589843750000000000000000000
0.7779715061187744140625000000000000000000
0.7779482603073120117187500000000000000000
0.7779352664947509765625000000000000000000
0.7779282331466674804687500000000000000000
0.7779244780540466308593750000000000000000
0.7779226303100585937500000000000000000000
0.7779216170310974121093750000000000000000
0.7779210805892944335937500000000000000000
0.7779209017753601074218750000000000000000
0.7779207229614257812500000000000000000000
0.7779207229614257812500000000000000000000
0.7779206037521362304687500000000000000000
0.7779206037521362304687500000000000000000
0.7779206037521362304687500000000000000000
0.7779206037521362304687500000000000000000
0.7779206037521362304687500000000000000000
0.7779206037521362304687500000000000000000
0.7779206037521362304687500000000000000000
0.7779206037521362304687500000000000000000
0.7779206037521362304687500000000000000000
0.7779206037521362304687500000000000000000
0.7779206037521362304687500000000000000000
0.7779206037521362304687500000000000000000
0.7779206037521362304687500000000000000000
0.7779206037521362304687500000000000000000
0.7779206037521362304687500000000000000000
0.7779206037521362304687500000000000000000
0.7779206037521362304687500000000000000000
0.7779206037521362304687500000000000000000
0.7779206037521362304687500000000000000000
0.7779206037521362304687500000000000000000
0.7779206037521362304687500000000000000000
0.7779206037521362304687500000000000000000
0.7779207229614257812500000000000000000000
0.7779207229614257812500000000000000000000
0.7779209017753601074218750000000000000000
0.7779212594032287597656250000000000000000
0.7779219150543212890625000000000000000000
0.7779232263565063476562500000000000000000
0.7779258489608764648437500000000000000000
0.7779308557510375976562500000000000000000
0.7779402732849121093750000000000000000000
0.7779574990272521972656250000000000000000
0.7779887318611145019531250000000000000000
0.7780439853668212890625000000000000000000
0.7781395912170410156250000000000000000000
0.7783018350601196289062500000000000000000
0.7785708904266357421875000000000000000000
0.7790094017982482910156250000000000000000
0.7797080278396606445312500000000000000000
0.7808017134666442871093750000000000000000
0.7824764251708984375000000000000000000000
0.7849971055984497070312500000000000000000
0.7887110710144042968750000000000000000000
0.7940920591354370117187500000000000000000
0.8017317056655883789062500000000000000000
0.8124049305915832519531250000000000000000
0.8270374536514282226562500000000000000000
0.8468014001846313476562500000000000000000
0.8730539679527282714843750000000000000000
0.9074859023094177246093750000000000000000
0.9520579576492309570312500000000000000000
1.0092715024948120117187500000000000000000
1.0822291374206542968750000000000000000000
1.1752591133117675781250000000000000000000
1.2945632934570312500000000000000000000000
1.4500646591186523437500000000000000000000
1.6584297418594360351562500000000000000000
1.9494832754135131835937500000000000000000
2.3769893646240234375000000000000000000000
3.0306661128997802734375000000000000000000
4.0000000000000000000000000000000000000000
3.0000000000000000000000000000000000000000
2.5074036121368408203125000000000000000000
2.1007409095764160156250000000000000000000
1.7856283187866210937500000000000000000000
1.5434223413467407226562500000000000000000
1.3551166057586669921875000000000000000000
1.2067068815231323242187500000000000000000
1.0885291099548339843750000000000000000000
0.9940733909606933593750000000000000000000
0.9186206459999084472656250000000000000000
0.8587309122085571289062500000000000000000
0.8115816116333007812500000000000000000000
0.7749309539794921875000000000000000000000
0.7467940449714660644531250000000000000000
0.7255446910858154296875000000000000000000
0.7097321152687072753906250000000000000000
0.6981829404830932617187500000000000000000
0.6898815631866455078125000000000000000000
0.6840339303016662597656250000000000000000
0.6799828410148620605468750000000000000000
0.6772353053092956542968750000000000000000
0.6754034757614135742187500000000000000000
0.6742088794708251953125000000000000000000
0.6734430789947509765625000000000000000000
0.6729633808135986328125000000000000000000
0.6726679801940917968750000000000000000000
0.6724903583526611328125000000000000000000
0.6723853349685668945312500000000000000000
0.6723247170448303222656250000000000000000
0.6722904443740844726562500000000000000000
0.6722714304924011230468750000000000000000
0.6722611188888549804687500000000000000000
0.6722556352615356445312500000000000000000
0.6722527742385864257812500000000000000000
0.6722512841224670410156250000000000000000
0.6722506284713745117187500000000000000000
0.6722502112388610839843750000000000000000
0.6722501516342163085937500000000000000000
0.6722500324249267578125000000000000000000
0.6722499132156372070312500000000000000000
0.6722499132156372070312500000000000000000
0.6722499132156372070312500000000000000000
0.6722499132156372070312500000000000000000
0.6722499132156372070312500000000000000000
0.6722499132156372070312500000000000000000
0.6722499132156372070312500000000000000000
0.6722499132156372070312500000000000000000
0.6722499132156372070312500000000000000000
0.6722499132156372070312500000000000000000
0.6722499132156372070312500000000000000000
0.6722499132156372070312500000000000000000
0.6722499132156372070312500000000000000000
0.6722499132156372070312500000000000000000
0.6722499132156372070312500000000000000000
0.6722499132156372070312500000000000000000
0.6722499132156372070312500000000000000000
0.6722499132156372070312500000000000000000
0.6722499132156372070312500000000000000000
0.6722499132156372070312500000000000000000
0.6722499132156372070312500000000000000000
0.6722499132156372070312500000000000000000
0.6722500324249267578125000000000000000000
0.6722501516342163085937500000000000000000
0.6722503900527954101562500000000000000000
0.6722508072853088378906250000000000000000
0.6722518205642700195312500000000000000000
0.6722537279129028320312500000000000000000
0.6722576022148132324218750000000000000000
0.6722648739814758300781250000000000000000
0.6722787022590637207031250000000000000000
0.6723041534423828125000000000000000000000
0.6723501682281494140625000000000000000000
0.6724313497543334960937500000000000000000
0.6725721359252929687500000000000000000000
0.6728103160858154296875000000000000000000
0.6732066869735717773437500000000000000000
0.6738506555557250976562500000000000000000
0.6748789548873901367187500000000000000000
0.6764846444129943847656250000000000000000
0.6789481639862060546875000000000000000000
0.6826463937759399414062500000000000000000
0.6881040334701538085937500000000000000000
0.6959910988807678222656250000000000000000
0.7072005271911621093750000000000000000000
0.7228193283081054687500000000000000000000
0.7442383766174316406250000000000000000000
0.7730804681777954101562500000000000000000
0.8113581538200378417968750000000000000000
0.8613584041595458984375000000000000000000
0.9258903861045837402343750000000000000000
1.0081858634948730468750000000000000000000
1.1123511791229248046875000000000000000000
1.2434854507446289062500000000000000000000
1.4086320400238037109375000000000000000000
1.6176104545593261718750000000000000000000
1.8850128650665283203125000000000000000000
2.2320353984832763671875000000000000000000
2.6874213218688964843750000000000000000000
3.2794399261474609375000000000000000000000
4.0000000000000000000000000000000000000000
3.0000000000000000000000000000000000000000
2.5862162113189697265625000000000000000000
2.2138290405273437500000000000000000000000
1.8975441455841064453125000000000000000000
1.6355128288269042968750000000000000000000
1.4203398227691650390625000000000000000000
1.2440676689147949218750000000000000000000
1.1000396013259887695312500000000000000000
0.9827845692634582519531250000000000000000
0.8880287408828735351562500000000000000000
0.8121098279953002929687500000000000000000
0.7520341277122497558593750000000000000000
0.7050784826278686523437500000000000000000
0.6689572334289550781250000000000000000000
0.6415742635726928710937500000000000000000
0.6211898922920227050781250000000000000000
0.6062557697296142578125000000000000000000
0.5955283045768737792968750000000000000000
0.5879503488540649414062500000000000000000
0.5827076435089111328125000000000000000000
0.5791420936584472656250000000000000000000
0.5767694115638732910156250000000000000000
0.5752174854278564453125000000000000000000
0.5742251873016357421875000000000000000000
0.5736015439033508300781250000000000000000
0.5732186436653137207031250000000000000000
0.5729875564575195312500000000000000000000
0.5728515386581420898437500000000000000000
0.5727726817131042480468750000000000000000
0.5727281570434570312500000000000000000000
0.5727034807205200195312500000000000000000
0.5726900696754455566406250000000000000000
0.5726829767227172851562500000000000000000
0.5726792812347412109375000000000000000000
0.5726773738861083984375000000000000000000
0.5726764202117919921875000000000000000000
0.5726760625839233398437500000000000000000
0.5726757645606994628906250000000000000000
0.5726757049560546875000000000000000000000
0.5726755857467651367187500000000000000000
0.5726755857467651367187500000000000000000
0.5726755857467651367187500000000000000000
0.5726755857467651367187500000000000000000
0.5726755857467651367187500000000000000000
0.5726755857467651367187500000000000000000
0.5726755857467651367187500000000000000000
0.5726755857467651367187500000000000000000
0.5726755857467651367187500000000000000000
0.5726755857467651367187500000000000000000
0.5726755857467651367187500000000000000000
0.5726755857467651367187500000000000000000
0.5726755857467651367187500000000000000000
0.5726755857467651367187500000000000000000
0.5726755857467651367187500000000000000000
0.5726755857467651367187500000000000000000
0.5726755857467651367187500000000000000000
0.5726755857467651367187500000000000000000
0.5726755857467651367187500000000000000000
0.5726755857467651367187500000000000000000
0.5726755857467651367187500000000000000000
0.5726756453514099121093750000000000000000
0.5726757049560546875000000000000000000000
0.5726758837699890136718750000000000000000
0.5726761221885681152343750000000000000000
0.5726767778396606445312500000000000000000
0.5726779699325561523437500000000000000000
0.5726805329322814941406250000000000000000
0.5726854205131530761718750000000000000000
0.5726950168609619140625000000000000000000
0.5727128982543945312500000000000000000000
0.5727459788322448730468750000000000000000
0.5728056430816650390625000000000000000000
0.5729112029075622558593750000000000000000
0.5730935931205749511718750000000000000000
0.5734032988548278808593750000000000000000
0.5739169120788574218750000000000000000000
0.5747535824775695800781250000000000000000
0.5760859251022338867187500000000000000000
0.5781703591346740722656250000000000000000
0.5813598632812500000000000000000000000000
0.5861560106277465820312500000000000000000
0.5932149887084960937500000000000000000000
0.6034275293350219726562500000000000000000
0.6179020404815673828125000000000000000000
0.6380779743194580078125000000000000000000
0.6656609773635864257812500000000000000000
0.7027786374092102050781250000000000000000
0.7518464922904968261718750000000000000000
0.8157867193222045898437500000000000000000
0.8978357911109924316406250000000000000000
1.0018770694732666015625000000000000000000
1.1322678327560424804687500000000000000000
1.2943873405456542968750000000000000000000
1.4946358203887939453125000000000000000000
1.7412557601928710937500000000000000000000
2.0443911552429199218750000000000000000000
2.4161956310272216796875000000000000000000
2.8680913448333740234375000000000000000000
3.4032306671142578125000000000000000000000
4.0000000000000000000000000000000000000000
3.0000000000000000000000000000000000000000
2.6272614002227783203125000000000000000000
2.2779586315155029296875000000000000000000
1.9653981924057006835937500000000000000000
1.6936926841735839843750000000000000000000
1.4615781307220458984375000000000000000000
1.2657194137573242187500000000000000000000
1.1020497083663940429687500000000000000000
0.9667330384254455566406250000000000000000
0.8560335636138916015625000000000000000000
0.7666614651679992675781250000000000000000
0.6954345703125000000000000000000000000000
0.6395640969276428222656250000000000000000
0.5963840484619140625000000000000000000000
0.5636052489280700683593750000000000000000
0.5391186475753784179687500000000000000000
0.5211780667304992675781250000000000000000
0.5082527399063110351562500000000000000000
0.4991295635700225830078125000000000000000
0.4928002357482910156250000000000000000000
0.4885019659996032714843750000000000000000
0.4856336116790771484375000000000000000000
0.4837613701820373535156250000000000000000
0.4825606048107147216796875000000000000000
0.4818078577518463134765625000000000000000
0.4813442826271057128906250000000000000000
0.4810653626918792724609375000000000000000
0.4809004664421081542968750000000000000000
0.4808053672313690185546875000000000000000
0.4807514548301696777343750000000000000000
0.4807215929031372070312500000000000000000
0.4807053804397583007812500000000000000000
0.4806968271732330322265625000000000000000
0.4806923270225524902343750000000000000000
0.4806900620460510253906250000000000000000
0.4806889295578002929687500000000000000000
0.4806883335113525390625000000000000000000
0.4806881546974182128906250000000000000000
0.4806879460811614990234375000000000000000
0.4806879162788391113281250000000000000000
0.4806878566741943359375000000000000000000
0.4806878566741943359375000000000000000000
0.4806878566741943359375000000000000000000
0.4806878566741943359375000000000000000000
0.4806878566741943359375000000000000000000
0.4806878566741943359375000000000000000000
0.4806878566741943359375000000000000000000
0.4806878566741943359375000000000000000000
0.4806878566741943359375000000000000000000
0.4806878566741943359375000000000000000000
0.4806878566741943359375000000000000000000
0.4806878566741943359375000000000000000000
0.4806878566741943359375000000000000000000
0.4806878566741943359375000000000000000000
0.4806878566741943359375000000000000000000
0.4806878566741943359375000000000000000000
0.4806878566741943359375000000000000000000
0.4806878566741943359375000000000000000000
0.4806878566741943359375000000000000000000
0.4806879162788391113281250000000000000000
0.4806879162788391113281250000000000000000
0.4806880354881286621093750000000000000000
0.4806881844997406005859375000000000000000
0.4806885421276092529296875000000000000000
0.4806892871856689453125000000000000000000
0.4806907773017883300781250000000000000000
0.4806938171386718750000000000000000000000
0.4806997776031494140625000000000000000000
0.4807112812995910644531250000000000000000
0.4807330071926116943359375000000000000000
0.4807729125022888183593750000000000000000
0.4808451533317565917968750000000000000000
0.4809725582599639892578125000000000000000
0.4811933934688568115234375000000000000000
0.4815672039985656738281250000000000000000
0.4821886420249938964843750000000000000000
0.4831981658935546875000000000000000000000
0.4848092794418334960937500000000000000000
0.4873228967189788818359375000000000000000
0.4911758601665496826171875000000000000000
0.4969540834426879882812500000000000000000
0.5054687261581420898437500000000000000000
0.5177538394927978515625000000000000000000
0.5351754426956176757812500000000000000000
0.5593869686126708984375000000000000000000
0.5924759507179260253906250000000000000000
0.6368427872657775878906250000000000000000
0.6953929066658020019531250000000000000000
0.7713172435760498046875000000000000000000
0.8683497309684753417968750000000000000000
0.9904642105102539062500000000000000000000
1.1422331333160400390625000000000000000000
1.3284931182861328125000000000000000000000
1.5547933578491210937500000000000000000000
1.8269727230072021484375000000000000000000
2.1512851715087890625000000000000000000000
2.5330328941345214843750000000000000000000
2.9744834899902343750000000000000000000000
3.4699492454528808593750000000000000000000
4.0000000000000000000000000000000000000000
3.0000000000000000000000000000000000000000
2.6492605209350585937500000000000000000000
2.3138365745544433593750000000000000000000
2.0047192573547363281250000000000000000000
1.7276574373245239257812500000000000000000
1.4845671653747558593750000000000000000000
1.2747921943664550781250000000000000000000
1.0965094566345214843750000000000000000000
0.9470560550689697265625000000000000000000
0.8236334919929504394531250000000000000000
0.7231470346450805664062500000000000000000
0.6426661610603332519531250000000000000000
0.5791913270950317382812500000000000000000
0.5300199985504150390625000000000000000000
0.4925464093685150146484375000000000000000
0.4645313918590545654296875000000000000000
0.4439409971237182617187500000000000000000
0.4291103482246398925781250000000000000000
0.4186129570007324218750000000000000000000
0.4113374352455139160156250000000000000000
0.4063833653926849365234375000000000000000
0.4030824601650238037109375000000000000000
0.4009220600128173828125000000000000000000
0.3995392918586730957031250000000000000000
0.3986700177192687988281250000000000000000
0.3981359601020812988281250000000000000000
0.3978136479854583740234375000000000000000
0.3976237177848815917968750000000000000000
0.3975137472152709960937500000000000000000
0.3974516093730926513671875000000000000000
0.3974171280860900878906250000000000000000
0.3973984718322753906250000000000000000000
0.3973885476589202880859375000000000000000
0.3973833918571472167968750000000000000000
0.3973807692527770996093750000000000000000
0.3973794281482696533203125000000000000000
0.3973788321018218994140625000000000000000
0.3973785042762756347656250000000000000000
0.3973783850669860839843750000000000000000
0.3973782956600189208984375000000000000000
0.3973782658576965332031250000000000000000
0.3973782658576965332031250000000000000000
0.3973782658576965332031250000000000000000
0.3973782062530517578125000000000000000000
0.3973782062530517578125000000000000000000
0.3973782062530517578125000000000000000000
0.3973782062530517578125000000000000000000
0.3973782062530517578125000000000000000000
0.3973782062530517578125000000000000000000
0.3973782062530517578125000000000000000000
0.3973782062530517578125000000000000000000
0.3973782062530517578125000000000000000000
0.3973782062530517578125000000000000000000
0.3973782062530517578125000000000000000000
0.3973782062530517578125000000000000000000
0.3973782062530517578125000000000000000000
0.3973782062530517578125000000000000000000
0.3973782062530517578125000000000000000000
0.3973782658576965332031250000000000000000
0.3973782658576965332031250000000000000000
0.3973783552646636962890625000000000000000
0.3973784148693084716796875000000000000000
0.3973786234855651855468750000000000000000
0.3973789811134338378906250000000000000000
0.3973798751831054687500000000000000000000
0.3973816037178039550781250000000000000000
0.3973850905895233154296875000000000000000
0.3973920047283172607421875000000000000000
0.3974052369594573974609375000000000000000
0.3974302709102630615234375000000000000000
0.3974764049053192138671875000000000000000
0.3975595533847808837890625000000000000000
0.3977067470550537109375000000000000000000
0.3979611396789550781250000000000000000000
0.3983927965164184570312500000000000000000
0.3991084396839141845703125000000000000000
0.4002735614776611328125000000000000000000
0.4021278917789459228515625000000000000000
0.4050263166427612304687500000000000000000
0.4094574749469757080078125000000000000000
0.4161115884780883789062500000000000000000
0.4258912801742553710937500000000000000000
0.4400118887424468994140625000000000000000
0.4599806666374206542968750000000000000000
0.4877318739891052246093750000000000000000
0.5255362987518310546875000000000000000000
0.5761712789535522460937500000000000000000
0.6427201032638549804687500000000000000000
0.7287803292274475097656250000000000000000
0.8381317853927612304687500000000000000000
0.9749931693077087402343750000000000000000
1.1435680389404296875000000000000000000000
1.3483402729034423828125000000000000000000
1.5934903621673583984375000000000000000000
1.8830651044845581054687500000000000000000
2.2200205326080322265625000000000000000000
2.6056504249572753906250000000000000000000
3.0375440120697021484375000000000000000000
3.5076136589050292968750000000000000000000
4.0000000000000000000000000000000000000000
3.0000000000000000000000000000000000000000
2.6609184741973876953125000000000000000000
2.3331849575042724609375000000000000000000
2.0259356498718261718750000000000000000000
1.7453372478485107421875000000000000000000
1.4946019649505615234375000000000000000000
1.2748813629150390625000000000000000000000
1.0856118202209472656250000000000000000000
0.9253607988357543945312500000000000000000
0.7918309569358825683593750000000000000000
0.6824821829795837402343750000000000000000
0.5943784713745117187500000000000000000000
0.5246756672859191894531250000000000000000
0.4704499542713165283203125000000000000000
0.4290670454502105712890625000000000000000
0.3980275094509124755859375000000000000000
0.3752079904079437255859375000000000000000
0.3587257266044616699218750000000000000000
0.3470654785633087158203125000000000000000
0.3389630615711212158203125000000000000000
0.3334521055221557617187500000000000000000
0.3297709226608276367187500000000000000000
0.3273654580116271972656250000000000000000
0.3258219063282012939453125000000000000000
0.3248535394668579101562500000000000000000
0.3242569565773010253906250000000000000000
0.3238978385925292968750000000000000000000
0.3236855864524841308593750000000000000000
0.3235630095005035400390625000000000000000
0.3234935998916625976562500000000000000000
0.3234551548957824707031250000000000000000
0.3234342932701110839843750000000000000000
0.3234232366085052490234375000000000000000
0.3234174847602844238281250000000000000000
0.3234145641326904296875000000000000000000
0.3234131336212158203125000000000000000000
0.3234123587608337402343750000000000000000
0.3234120607376098632812500000000000000000
0.3234118819236755371093750000000000000000
0.3234118223190307617187500000000000000000
0.3234117925167083740234375000000000000000
0.3234117925167083740234375000000000000000
0.3234117627143859863281250000000000000000
0.3234117627143859863281250000000000000000
0.3234117627143859863281250000000000000000
0.3234117627143859863281250000000000000000
0.3234117627143859863281250000000000000000
0.3234117627143859863281250000000000000000
0.3234117627143859863281250000000000000000
0.3234117627143859863281250000000000000000
0.3234117627143859863281250000000000000000
0.3234117627143859863281250000000000000000
0.3234117627143859863281250000000000000000
0.3234117627143859863281250000000000000000
0.3234117627143859863281250000000000000000
0.3234117627143859863281250000000000000000
0.3234117627143859863281250000000000000000
0.3234117627143859863281250000000000000000
0.3234117627143859863281250000000000000000
0.3234117925167083740234375000000000000000
0.3234118521213531494140625000000000000000
0.3234119415283203125000000000000000000000
0.3234121799468994140625000000000000000000
0.3234125971794128417968750000000000000000
0.3234135210514068603515625000000000000000
0.3234154582023620605468750000000000000000
0.3234193921089172363281250000000000000000
0.3234270513057708740234375000000000000000
0.3234418928623199462890625000000000000000
0.3234697580337524414062500000000000000000
0.3235211670398712158203125000000000000000
0.3236141204833984375000000000000000000000
0.3237780928611755371093750000000000000000
0.3240621685981750488281250000000000000000
0.3245429992675781250000000000000000000000
0.3253418207168579101562500000000000000000
0.3266391754150390625000000000000000000000
0.3287076950073242187500000000000000000000
0.3319328129291534423828125000000000000000
0.3368704020977020263671875000000000000000
0.3442667722702026367187500000000000000000
0.3551470041275024414062500000000000000000
0.3708165585994720458984375000000000000000
0.3929819762706756591796875000000000000000
0.4236983358860015869140625000000000000000
0.4655194282531738281250000000000000000000
0.5213429331779479980468750000000000000000
0.5945838689804077148437500000000000000000
0.6888743638992309570312500000000000000000
0.8082573413848876953125000000000000000000
0.9567225575447082519531250000000000000000
1.1384158134460449218750000000000000000000
1.3570150136947631835937500000000000000000
1.6158981323242187500000000000000000000000
1.9173215627670288085937500000000000000000
2.2623338699340820312500000000000000000000
2.6495952606201171875000000000000000000000
3.0747742652893066406250000000000000000000
3.5292472839355468750000000000000000000000
4.0000000000000000000000000000000000000000
3.0000000000000000000000000000000000000000
2.6667585372924804687500000000000000000000
2.3427493572235107421875000000000000000000
2.0359983444213867187500000000000000000000
1.7524870634078979492187500000000000000000
1.4961988925933837890625000000000000000000
1.2690727710723876953125000000000000000000
1.0716433525085449218750000000000000000000
0.9030576944351196289062500000000000000000
0.7617412805557250976562500000000000000000
0.6453151702880859375000000000000000000000
0.5511758327484130859375000000000000000000
0.4763717055320739746093750000000000000000
0.4180693328380584716796875000000000000000
0.3734259307384490966796875000000000000000
0.3399172425270080566406250000000000000000
0.3152142763137817382812500000000000000000
0.2973736226558685302734375000000000000000
0.2847211658954620361328125000000000000000
0.2759357690811157226562500000000000000000
0.2699462175369262695312500000000000000000
0.2659502625465393066406250000000000000000
0.2633329629898071289062500000000000000000
0.2616562843322753906250000000000000000000
0.2606018185615539550781250000000000000000
0.2599535286426544189453125000000000000000
0.2595623135566711425781250000000000000000
0.2593315839767456054687500000000000000000
0.2591980695724487304687500000000000000000
0.2591226100921630859375000000000000000000
0.2590807378292083740234375000000000000000
0.2590580284595489501953125000000000000000
0.2590459883213043212890625000000000000000
0.2590397298336029052734375000000000000000
0.2590365707874298095703125000000000000000
0.2590349614620208740234375000000000000000
0.2590342164039611816406250000000000000000
0.2590338289737701416015625000000000000000
0.2590336799621582031250000000000000000000
0.2590335905551910400390625000000000000000
0.2590335607528686523437500000000000000000
0.2590335607528686523437500000000000000000
0.2590335309505462646484375000000000000000
0.2590335309505462646484375000000000000000
0.2590335309505462646484375000000000000000
0.2590335309505462646484375000000000000000
0.2590335309505462646484375000000000000000
0.2590335309505462646484375000000000000000
0.2590335309505462646484375000000000000000
0.2590335309505462646484375000000000000000
0.2590335309505462646484375000000000000000
0.2590335309505462646484375000000000000000
0.2590335309505462646484375000000000000000
0.2590335309505462646484375000000000000000
0.2590335309505462646484375000000000000000
0.2590335309505462646484375000000000000000
0.2590335309505462646484375000000000000000
0.2590335309505462646484375000000000000000
0.2590335309505462646484375000000000000000
0.2590335607528686523437500000000000000000
0.2590335905551910400390625000000000000000
0.2590337097644805908203125000000000000000
0.2590339481830596923828125000000000000000
0.2590344250202178955078125000000000000000
0.2590354681015014648437500000000000000000
0.2590375542640686035156250000000000000000
0.2590417861938476562500000000000000000000
0.2590501904487609863281250000000000000000
0.2590662539005279541015625000000000000000
0.2590965926647186279296875000000000000000
0.2591525912284851074218750000000000000000
0.2592535316944122314453125000000000000000
0.2594321370124816894531250000000000000000
0.2597407996654510498046875000000000000000
0.2602642476558685302734375000000000000000
0.2611319720745086669921875000000000000000
0.2625436186790466308593750000000000000000
0.2647892832756042480468750000000000000000
0.2682956457138061523437500000000000000000
0.2736516594886779785156250000000000000000
0.2816829085350036621093750000000000000000
0.2934698462486267089843750000000000000000
0.3104537725448608398437500000000000000000
0.3344187140464782714843750000000000000000
0.3676247298717498779296875000000000000000
0.4127065539360046386718750000000000000000
0.4728231430053710937500000000000000000000
0.5514193773269653320312500000000000000000
0.6523796916007995605468750000000000000000
0.7796135544776916503906250000000000000000
0.9372061491012573242187500000000000000000
1.1288220882415771484375000000000000000000
1.3578394651412963867187500000000000000000
1.6265929937362670898437500000000000000000
1.9364318847656250000000000000000000000000
2.2868216037750244140625000000000000000000
2.6752386093139648437500000000000000000000
3.0962738990783691406250000000000000000000
3.5416169166564941406250000000000000000000
4.0000000000000000000000000000000000000000
3.0000000000000000000000000000000000000000
2.6692652702331542968750000000000000000000
2.3466320037841796875000000000000000000000
2.0393397808074951171875000000000000000000
1.7532992362976074218750000000000000000000
1.4926555156707763671875000000000000000000
1.2600238323211669921875000000000000000000
1.0563595294952392578125000000000000000000
0.8815053701400756835937500000000000000000
0.7341147065162658691406250000000000000000
0.6122480630874633789062500000000000000000
0.5132927894592285156250000000000000000000
0.4344962835311889648437500000000000000000
0.3728807568550109863281250000000000000000
0.3256525993347167968750000000000000000000
0.2901089191436767578125000000000000000000
0.2639000117778778076171875000000000000000
0.2449276894330978393554687500000000000000
0.2314778864383697509765625000000000000000
0.2221186161041259765625000000000000000000
0.2157434225082397460937500000000000000000
0.2114812284708023071289062500000000000000
0.2086931169033050537109375000000000000000
0.2069032043218612670898437500000000000000
0.2057793736457824707031250000000000000000
0.2050869464874267578125000000000000000000
0.2046698629856109619140625000000000000000
0.2044233530759811401367187500000000000000
0.2042809873819351196289062500000000000000
0.2042003422975540161132812500000000000000
0.2041556835174560546875000000000000000000
0.2041314542293548583984375000000000000000
0.2041186094284057617187500000000000000000
0.2041119337081909179687500000000000000000
0.2041085362434387207031250000000000000000
0.2041068673133850097656250000000000000000
0.2041060328483581542968750000000000000000
0.2041056603193283081054687500000000000000
0.2041054517030715942382812500000000000000
0.2041053771972656250000000000000000000000
0.2041053324937820434570312500000000000000
0.2041053175926208496093750000000000000000
0.2041053175926208496093750000000000000000
0.2041053175926208496093750000000000000000
0.2041053175926208496093750000000000000000
0.2041053175926208496093750000000000000000
0.2041053175926208496093750000000000000000
0.2041053175926208496093750000000000000000
0.2041053175926208496093750000000000000000
0.2041053175926208496093750000000000000000
0.2041053175926208496093750000000000000000
0.2041053175926208496093750000000000000000
0.2041053175926208496093750000000000000000
0.2041053175926208496093750000000000000000
0.2041053175926208496093750000000000000000
0.2041053175926208496093750000000000000000
0.2041053175926208496093750000000000000000
0.2041053175926208496093750000000000000000
0.2041053175926208496093750000000000000000
0.2041053324937820434570312500000000000000
0.2041053920984268188476562500000000000000
0.2041055113077163696289062500000000000000
0.2041057348251342773437500000000000000000
0.2041062563657760620117187500000000000000
0.2041073739528656005859375000000000000000
0.2041096091270446777343750000000000000000
0.2041141390800476074218750000000000000000
0.2041230499744415283203125000000000000000
0.2041402310132980346679687500000000000000
0.2041726112365722656250000000000000000000
0.2042322754859924316406250000000000000000
0.2043401002883911132812500000000000000000
0.2045304477214813232421875000000000000000
0.2048600316047668457031250000000000000000
0.2054178714752197265625000000000000000000
0.2063440829515457153320312500000000000000
0.2078478634357452392578125000000000000000
0.2102434039115905761718750000000000000000
0.2139762938022613525390625000000000000000
0.2196843773126602172851562500000000000000
0.2282260060310363769531250000000000000000
0.2407704144716262817382812500000000000000
0.2588068544864654541015625000000000000000
0.2842615842819213867187500000000000000000
0.3194478154182434082031250000000000000000
0.3671966195106506347656250000000000000000
0.4306920468807220458984375000000000000000
0.5135979056358337402343750000000000000000
0.6197251081466674804687500000000000000000
0.7531406879425048828125000000000000000000
0.9176434278488159179687500000000000000000
1.1168522834777832031250000000000000000000
1.3535153865814208984375000000000000000000
1.6295785903930664062500000000000000000000
1.9453971385955810546875000000000000000000
2.2997829914093017578125000000000000000000
2.6892645359039306640625000000000000000000
3.1082005500793457031250000000000000000000
3.5484611988067626953125000000000000000000
4.0000000000000000000000000000000000000000
3.0000000000000000000000000000000000000000
2.6699223518371582031250000000000000000000
2.3472778797149658203125000000000000000000
2.0389177799224853515625000000000000000000
1.7505221366882324218750000000000000000000
1.4864786863327026367187500000000000000000
1.2495620250701904296875000000000000000000
1.0412455797195434570312500000000000000000
0.8615584373474121093750000000000000000000
0.7096028923988342285156250000000000000000
0.5834842920303344726562500000000000000000
0.4808601140975952148437500000000000000000
0.3988933563232421875000000000000000000000
0.3347236812114715576171875000000000000000
0.2854145765304565429687500000000000000000
0.2482881993055343627929687500000000000000
0.2208532541990280151367187500000000000000
0.2009957283735275268554687500000000000000
0.1868908405303955078125000000000000000000
0.1770812869071960449218750000000000000000
0.1703869253396987915039062500000000000000
0.1659155189990997314453125000000000000000
0.1629852056503295898437500000000000000000
0.1611063629388809204101562500000000000000
0.1599244922399520874023437500000000000000
0.1591974198818206787109375000000000000000
0.1587586402893066406250000000000000000000
0.1584997624158859252929687500000000000000
0.1583499610424041748046875000000000000000
0.1582652330398559570312500000000000000000
0.1582182794809341430664062500000000000000
0.1581928133964538574218750000000000000000
0.1581793129444122314453125000000000000000
0.1581722944974899291992187500000000000000
0.1581687331199645996093750000000000000000
0.1581669598817825317382812500000000000000
0.1581661105155944824218750000000000000000
0.1581656783819198608398437500000000000000
0.1581654846668243408203125000000000000000
0.1581654101610183715820312500000000000000
0.1581653654575347900390625000000000000000
0.1581653505563735961914062500000000000000
0.1581653505563735961914062500000000000000
0.1581653356552124023437500000000000000000
0.1581653356552124023437500000000000000000
0.1581653356552124023437500000000000000000
0.1581653356552124023437500000000000000000
0.1581653356552124023437500000000000000000
0.1581653356552124023437500000000000000000
0.1581653356552124023437500000000000000000
0.1581653356552124023437500000000000000000
0.1581653356552124023437500000000000000000
0.1581653356552124023437500000000000000000
0.1581653356552124023437500000000000000000
0.1581653356552124023437500000000000000000
0.1581653356552124023437500000000000000000
0.1581653356552124023437500000000000000000
0.1581653505563735961914062500000000000000
0.1581653505563735961914062500000000000000
0.1581653803586959838867187500000000000000
0.1581654250621795654296875000000000000000
0.1581655293703079223632812500000000000000
0.1581657975912094116210937500000000000000
0.1581663340330123901367187500000000000000
0.1581674963235855102539062500000000000000
0.1581698656082153320312500000000000000000
0.1581746190786361694335937500000000000000
0.1581839770078659057617187500000000000000
0.1582020372152328491210937500000000000000
0.1582360267639160156250000000000000000000
0.1582988053560256958007812500000000000000
0.1584119796752929687500000000000000000000
0.1586121469736099243164062500000000000000
0.1589581668376922607421875000000000000000
0.1595446765422821044921875000000000000000
0.1605168133974075317382812500000000000000
0.1620972454547882080078125000000000000000
0.1646104156970977783203125000000000000000
0.1685308516025543212890625000000000000000
0.1745150089263916015625000000000000000000
0.1834765970706939697265625000000000000000
0.1966134756803512573242187500000000000000
0.2155091166496276855468750000000000000000
0.2421236634254455566406250000000000000000
0.2789102196693420410156250000000000000000
0.3287196159362792968750000000000000000000
0.3949106037616729736328125000000000000000
0.4811090230941772460937500000000000000000
0.5912909507751464843750000000000000000000
0.7293553948402404785156250000000000000000
0.8991729617118835449218750000000000000000
1.1039783954620361328125000000000000000000
1.3464024066925048828125000000000000000000
1.6277544498443603515625000000000000000000
1.9480757713317871093750000000000000000000
2.3054542541503906250000000000000000000000
2.6961703300476074218750000000000000000000
3.1142828464508056640625000000000000000000
3.5520265102386474609375000000000000000000
4.0000000000000000000000000000000000000000
3.0000000000000000000000000000000000000000
2.6695868968963623046875000000000000000000
2.3462519645690917968750000000000000000000
2.0365304946899414062500000000000000000000
1.7460811138153076171875000000000000000000
1.4792422056198120117187500000000000000000
1.2390849590301513671875000000000000000000
1.0271680355072021484375000000000000000000
0.8438961505889892578125000000000000000000
0.6884193420410156250000000000000000000000
0.5591326951980590820312500000000000000000
0.4536505639553070068359375000000000000000
0.3693013489246368408203125000000000000000
0.3031184971332550048828125000000000000000
0.2522332966327667236328125000000000000000
0.2138460725545883178710937500000000000000
0.1854772269725799560546875000000000000000
0.1649080067873001098632812500000000000000
0.1503023803234100341796875000000000000000
0.1401280164718627929687500000000000000000
0.1331892758607864379882812500000000000000
0.1285473406314849853515625000000000000000
0.1255081295967102050781250000000000000000
0.1235563829541206359863281250000000000000
0.1223301365971565246582031250000000000000
0.1215745359659194946289062500000000000000
0.1211191788315773010253906250000000000000
0.1208500936627388000488281250000000000000
0.1206946372985839843750000000000000000000
0.1206065714359283447265625000000000000000
0.1205578073859214782714843750000000000000
0.1205313727259635925292968750000000000000
0.1205173283815383911132812500000000000000
0.1205100566148757934570312500000000000000
0.1205063462257385253906250000000000000000
0.1205045133829116821289062500000000000000
0.1205036044120788574218750000000000000000
0.1205032020807266235351562500000000000000
0.1205029934644699096679687500000000000000
0.1205029115080833435058593750000000000000
0.1205028593540191650390625000000000000000
0.1205028444528579711914062500000000000000
0.1205028444528579711914062500000000000000
0.1205028444528579711914062500000000000000
0.1205028295516967773437500000000000000000
0.1205028295516967773437500000000000000000
0.1205028295516967773437500000000000000000
0.1205028295516967773437500000000000000000
0.1205028295516967773437500000000000000000
0.1205028295516967773437500000000000000000
0.1205028295516967773437500000000000000000
0.1205028295516967773437500000000000000000
0.1205028295516967773437500000000000000000
0.1205028295516967773437500000000000000000
0.1205028295516967773437500000000000000000
0.1205028295516967773437500000000000000000
0.1205028444528579711914062500000000000000
0.1205028444528579711914062500000000000000
0.1205028593540191650390625000000000000000
0.1205028742551803588867187500000000000000
0.1205029338598251342773437500000000000000
0.1205030530691146850585937500000000000000
0.1205033212900161743164062500000000000000
0.1205038875341415405273437500000000000000
0.1205050796270370483398437500000000000000
0.1205075234174728393554687500000000000000
0.1205124631524085998535156250000000000000
0.1205222010612487792968750000000000000000
0.1205409169197082519531250000000000000000
0.1205762550234794616699218750000000000000
0.1206413507461547851562500000000000000000
0.1207589730620384216308593750000000000000
0.1209666430950164794921875000000000000000
0.1213261187076568603515625000000000000000
0.1219345331192016601562500000000000000000
0.1229442507028579711914062500000000000000
0.1245832517743110656738281250000000000000
0.1271923184394836425781250000000000000000
0.1312560588121414184570312500000000000000
0.1374639868736267089843750000000000000000
0.1467461735010147094726562500000000000000
0.1603600084781646728515625000000000000000
0.1799096763134002685546875000000000000000
0.2074499726295471191406250000000000000000
0.2454483658075332641601562500000000000000
0.2968854308128356933593750000000000000000
0.3651016354560852050781250000000000000000
0.4538677930831909179687500000000000000000
0.5670632719993591308593750000000000000000
0.7086999416351318359375000000000000000000
0.8824149966239929199218750000000000000000
1.0914603471755981445312500000000000000000
1.3380588293075561523437500000000000000000
1.6234086751937866210937500000000000000000
1.9470287561416625976562500000000000000000
2.3068575859069824218750000000000000000000
2.6987819671630859375000000000000000000000
3.1169357299804687500000000000000000000000
3.5536422729492187500000000000000000000000
4.0000000000000000000000000000000000000000
3.0000000000000000000000000000000000000000
2.6688013076782226562500000000000000000000
2.3444519042968750000000000000000000000000
2.0333750247955322265625000000000000000000
1.7410916090011596679687500000000000000000
1.4720613956451416015625000000000000000000
1.2293440103530883789062500000000000000000
1.0147608518600463867187500000000000000000
0.8287338614463806152343750000000000000000
0.6706755161285400390625000000000000000000
0.5389553308486938476562500000000000000000
0.4313725233078002929687500000000000000000
0.3451794385910034179687500000000000000000
0.2775089740753173828125000000000000000000
0.2253929674625396728515625000000000000000
0.1860695332288742065429687500000000000000
0.1569650471210479736328125000000000000000
0.1358656287193298339843750000000000000000
0.1208625808358192443847656250000000000000
0.1104159802198410034179687500000000000000
0.1032820194959640502929687500000000000000
0.0985127761960029602050781250000000000000
0.0953860953450202941894531250000000000000
0.0933799967169761657714843750000000000000
0.0921179056167602539062500000000000000000
0.0913411006331443786621093750000000000000
0.0908723324537277221679687500000000000000
0.0905956625938415527343750000000000000000
0.0904356017708778381347656250000000000000
0.0903450623154640197753906250000000000000
0.0902948677539825439453125000000000000000
0.0902676731348037719726562500000000000000
0.0902532413601875305175781250000000000000
0.0902457460761070251464843750000000000000
0.0902419388294219970703125000000000000000
0.0902400463819503784179687500000000000000
0.0902391374111175537109375000000000000000
0.0902386903762817382812500000000000000000
0.0902384966611862182617187500000000000000
0.0902384072542190551757812500000000000000
0.0902383625507354736328125000000000000000
0.0902383327484130859375000000000000000000
0.0902383327484130859375000000000000000000
0.0902383327484130859375000000000000000000
0.0902383327484130859375000000000000000000
0.0902383327484130859375000000000000000000
0.0902383327484130859375000000000000000000
0.0902383327484130859375000000000000000000
0.0902383327484130859375000000000000000000
0.0902383327484130859375000000000000000000
0.0902383327484130859375000000000000000000
0.0902383327484130859375000000000000000000
0.0902383327484130859375000000000000000000
0.0902383327484130859375000000000000000000
0.0902383327484130859375000000000000000000
0.0902383327484130859375000000000000000000
0.0902383327484130859375000000000000000000
0.0902383327484130859375000000000000000000
0.0902383476495742797851562500000000000000
0.0902383774518966674804687500000000000000
0.0902384370565414428710937500000000000000
0.0902385488152503967285156250000000000000
0.0902388244867324829101562500000000000000
0.0902393981814384460449218750000000000000
0.0902406275272369384765625000000000000000
0.0902431532740592956542968750000000000000
0.0902482271194458007812500000000000000000
0.0902582257986068725585937500000000000000
0.0902775004506111145019531250000000000000
0.0903137996792793273925781250000000000000
0.0903808176517486572265625000000000000000
0.0905016958713531494140625000000000000000
0.0907154232263565063476562500000000000000
0.0910848975181579589843750000000000000000
0.0917109698057174682617187500000000000000
0.0927486121654510498046875000000000000000
0.0944346189498901367187500000000000000000
0.0971150472760200500488281250000000000000
0.1012932732701301574707031250000000000000
0.1076677665114402770996093750000000000000
0.1172044873237609863281250000000000000000
0.1311728805303573608398437500000000000000
0.1512380093336105346679687500000000000000
0.1794643104076385498046875000000000000000
0.2184096425771713256835937500000000000000
0.2710465490818023681640625000000000000000
0.3408292531967163085937500000000000000000
0.4314743280410766601562500000000000000000
0.5469745397567749023437500000000000000000
0.6912019252777099609375000000000000000000
0.8678667545318603515625000000000000000000
1.0799626111984252929687500000000000000000
1.3297116756439208984375000000000000000000
1.6179492473602294921875000000000000000000
1.9441391229629516601562500000000000000000
2.3058662414550781250000000000000000000000
2.6990246772766113281250000000000000000000
3.1176116466522216796875000000000000000000
3.5541665554046630859375000000000000000000
4.0000000000000000000000000000000000000000
3.0000000000000000000000000000000000000000
2.6678581237792968750000000000000000000000
2.3424568176269531250000000000000000000000
2.0300898551940917968750000000000000000000
1.7363003492355346679687500000000000000000
1.4654818773269653320312500000000000000000
1.2208497524261474609375000000000000000000
1.0042057037353515625000000000000000000000
0.8161776065826416015625000000000000000000
0.6561519503593444824218750000000000000000
0.5226752161979675292968750000000000000000
0.4134901463985443115234375000000000000000
0.3259646296501159667968750000000000000000
0.2571527659893035888671875000000000000000
0.2041446566581726074218750000000000000000
0.1640976816415786743164062500000000000000
0.1344586610794067382812500000000000000000
0.1129465699195861816406250000000000000000
0.0976542979478836059570312500000000000000
0.0869944393634796142578125000000000000000
0.0797184035181999206542968750000000000000
0.0748488754034042358398437500000000000000
0.0716585963964462280273437500000000000000
0.0696094706654548645019531250000000000000
0.0683214068412780761718750000000000000000
0.0675277262926101684570312500000000000000
0.0670492500066757202148437500000000000000
0.0667665451765060424804687500000000000000
0.0666031688451766967773437500000000000000
0.0665106475353240966796875000000000000000
0.0664594173431396484375000000000000000000
0.0664316415786743164062500000000000000000
0.0664168968796730041503906250000000000000
0.0664092451333999633789062500000000000000
0.0664053633809089660644531250000000000000
0.0664034411311149597167968750000000000000
0.0664024949073791503906250000000000000000
0.0664020627737045288085937500000000000000
0.0664018467068672180175781250000000000000
0.0664017572999000549316406250000000000000
0.0664017125964164733886718750000000000000
0.0664016902446746826171875000000000000000
0.0664016827940940856933593750000000000000
0.0664016827940940856933593750000000000000
0.0664016827940940856933593750000000000000
0.0664016827940940856933593750000000000000
0.0664016827940940856933593750000000000000
0.0664016827940940856933593750000000000000
0.0664016827940940856933593750000000000000
0.0664016827940940856933593750000000000000
0.0664016827940940856933593750000000000000
0.0664016827940940856933593750000000000000
0.0664016827940940856933593750000000000000
0.0664016827940940856933593750000000000000
0.0664016827940940856933593750000000000000
0.0664016827940940856933593750000000000000
0.0664016827940940856933593750000000000000
0.0664016902446746826171875000000000000000
0.0664016976952552795410156250000000000000
0.0664017349481582641601562500000000000000
0.0664017796516418457031250000000000000000
0.0664019137620925903320312500000000000000
0.0664021745324134826660156250000000000000
0.0664027780294418334960937500000000000000
0.0664040297269821166992187500000000000000
0.0664066001772880554199218750000000000000
0.0664117783308029174804687500000000000000
0.0664219930768013000488281250000000000000
0.0664416551589965820312500000000000000000
0.0664787366986274719238281250000000000000
0.0665471032261848449707031250000000000000
0.0666706040501594543457031250000000000000
0.0668886825442314147949218750000000000000
0.0672660991549491882324218750000000000000
0.0679049119353294372558593750000000000000
0.0689646303653717041015625000000000000000
0.0706846937537193298339843750000000000000
0.0734212920069694519042968750000000000000
0.0776825323700904846191406250000000000000
0.0841874554753303527832031250000000000000
0.0939087420701980590820312500000000000000
0.1081530451774597167968750000000000000000
0.1285914182662963867187500000000000000000
0.1573476791381835937500000000000000000000
0.1969766020774841308593750000000000000000
0.2505327463150024414062500000000000000000
0.3214409649372100830078125000000000000000
0.4135128259658813476562500000000000000000
0.5306591987609863281250000000000000000000
0.6768379807472229003906250000000000000000
0.8555989265441894531250000000000000000000
1.0699857473373413085937500000000000000000
1.3219766616821289062500000000000000000000
1.6124160289764404296875000000000000000000
1.9404897689819335937500000000000000000000
2.3037934303283691406250000000000000000000
2.6980245113372802734375000000000000000000
3.1172773838043212890625000000000000000000
3.5540962219238281250000000000000000000000
4.0000000000000000000000000000000000000000
3.0000000000000000000000000000000000000000
2.6669416427612304687500000000000000000000
2.3405447006225585937500000000000000000000
2.0270838737487792968750000000000000000000
1.7320284843444824218750000000000000000000
1.4598499536514282226562500000000000000000
1.2137194871902465820312500000000000000000
0.9955822229385375976562500000000000000000
0.8060324192047119140625000000000000000000
0.6446059942245483398437500000000000000000
0.5098034143447875976562500000000000000000
0.3994828760623931884765625000000000000000
0.3109501004219055175781250000000000000000
0.2413292825222015380859375000000000000000
0.1876434981822967529296875000000000000000
0.1470831632614135742187500000000000000000
0.1170356422662734985351562500000000000000
0.0952305346727371215820312500000000000000
0.0797159224748611450195312500000000000000
0.0689046755433082580566406250000000000000
0.0615188032388687133789062500000000000000
0.0565781667828559875488281250000000000000
0.0533384829759597778320312500000000000000
0.0512589290738105773925781250000000000000
0.0499505847692489624023437500000000000000
0.0491450168192386627197265625000000000000
0.0486589446663856506347656250000000000000
0.0483719930052757263183593750000000000000
0.0482060164213180541992187500000000000000
0.0481121167540550231933593750000000000000
0.0480600744485855102539062500000000000000
0.0480318777263164520263671875000000000000
0.0480169095098972320556640625000000000000
0.0480091460049152374267578125000000000000
0.0480052009224891662597656250000000000000
0.0480032451450824737548828125000000000000
0.0480022951960563659667968750000000000000
0.0480018407106399536132812500000000000000
0.0480016358196735382080078125000000000000
0.0480015352368354797363281250000000000000
0.0480014942586421966552734375000000000000
0.0480014756321907043457031250000000000000
0.0480014681816101074218750000000000000000
0.0480014681816101074218750000000000000000
0.0480014681816101074218750000000000000000
0.0480014681816101074218750000000000000000
0.0480014681816101074218750000000000000000
0.0480014681816101074218750000000000000000
0.0480014681816101074218750000000000000000
0.0480014681816101074218750000000000000000
0.0480014681816101074218750000000000000000
0.0480014681816101074218750000000000000000
0.0480014681816101074218750000000000000000
0.0480014681816101074218750000000000000000
0.0480014681816101074218750000000000000000
0.0480014681816101074218750000000000000000
0.0480014681816101074218750000000000000000
0.0480014756321907043457031250000000000000
0.0480014830827713012695312500000000000000
0.0480015054345130920410156250000000000000
0.0480015687644481658935546875000000000000
0.0480016879737377166748046875000000000000
0.0480019710958003997802734375000000000000
0.0480025708675384521484375000000000000000
0.0480038411915302276611328125000000000000
0.0480064488947391510009765625000000000000
0.0480117127299308776855468750000000000000
0.0480220727622509002685546875000000000000
0.0480420365929603576660156250000000000000
0.0480796620249748229980468750000000000000
0.0481491014361381530761718750000000000000
0.0482744053006172180175781250000000000000
0.0484959110617637634277343750000000000000
0.0488788709044456481933593750000000000000
0.0495276227593421936035156250000000000000
0.0506028980016708374023437500000000000000
0.0523493587970733642578125000000000000000
0.0551256053149700164794921875000000000000
0.0594509541988372802734375000000000000000
0.0660480409860610961914062500000000000000
0.0759111121296882629394531250000000000000
0.0903503745794296264648437500000000000000
0.1110737025737762451171875000000000000000
0.1402039676904678344726562500000000000000
0.1803511381149291992187500000000000000000
0.2345543503761291503906250000000000000000
0.3063097298145294189453125000000000000000
0.3993822932243347167968750000000000000000
0.5177597999572753906250000000000000000000
0.6653028726577758789062500000000000000000
0.8456265926361083984375000000000000000000
1.0616163015365600585937500000000000000000
1.3152923583984375000000000000000000000000
1.6072961091995239257812500000000000000000
1.9368429183959960937500000000000000000000
2.3013422489166259765625000000000000000000
2.6965470314025878906250000000000000000000
3.1164662837982177734375000000000000000000
3.5537590980529785156250000000000000000000
4.0000000000000000000000000000000000000000
3.0000000000000000000000000000000000000000
2.6661260128021240234375000000000000000000
2.3388850688934326171875000000000000000000
2.0244979858398437500000000000000000000000
1.7284650802612304687500000000000000000000
1.4552091360092163085937500000000000000000
1.2079906463623046875000000000000000000000
0.9887156486511230468750000000000000000000
0.7980921268463134765625000000000000000000
0.6356154680252075195312500000000000000000
0.4998885989189147949218750000000000000000
0.3887199461460113525390625000000000000000
0.2994877696037292480468750000000000000000
0.2292616814374923706054687500000000000000
0.1751057952642440795898437500000000000000
0.1341597139835357666015625000000000000000
0.1038289517164230346679687500000000000000
0.0818025469779968261718750000000000000000
0.0661339014768600463867187500000000000000
0.0552077256143093109130859375000000000000
0.0477458722889423370361328125000000000000
0.0427510067820549011230468750000000000000
0.0394772328436374664306640625000000000000
0.0373743548989295959472656250000000000000
0.0360520780086517333984375000000000000000
0.0352373607456684112548828125000000000000
0.0347460918128490447998046875000000000000
0.0344558656215667724609375000000000000000
0.0342881195247173309326171875000000000000
0.0341931432485580444335937500000000000000
0.0341405533254146575927734375000000000000
0.0341120325028896331787109375000000000000
0.0340969115495681762695312500000000000000
0.0340890586376190185546875000000000000000
0.0340850763022899627685546875000000000000
0.0340830981731414794921875000000000000000
0.0340821370482444763183593750000000000000
0.0340816825628280639648437500000000000000
0.0340814664959907531738281250000000000000
0.0340813733637332916259765625000000000000
0.0340813323855400085449218750000000000000
0.0340813100337982177734375000000000000000
0.0340813063085079193115234375000000000000
0.0340813025832176208496093750000000000000
0.0340813025832176208496093750000000000000
0.0340813025832176208496093750000000000000
0.0340813025832176208496093750000000000000
0.0340813025832176208496093750000000000000
0.0340813025832176208496093750000000000000
0.0340813025832176208496093750000000000000
0.0340813025832176208496093750000000000000
0.0340813025832176208496093750000000000000
0.0340813025832176208496093750000000000000
0.0340813025832176208496093750000000000000
0.0340813025832176208496093750000000000000
0.0340813025832176208496093750000000000000
0.0340813025832176208496093750000000000000
0.0340813063085079193115234375000000000000
0.0340813174843788146972656250000000000000
0.0340813435614109039306640625000000000000
0.0340813994407653808593750000000000000000
0.0340815261006355285644531250000000000000
0.0340818092226982116699218750000000000000
0.0340824164450168609619140625000000000000
0.0340836979448795318603515625000000000000
0.0340863391757011413574218750000000000000
0.0340916514396667480468750000000000000000
0.0341021232306957244873046875000000000000
0.0341222956776618957519531250000000000000
0.0341603420674800872802734375000000000000
0.0342305004596710205078125000000000000000
0.0343572124838829040527343750000000000000
0.0345810241997241973876953125000000000000
0.0349682644009590148925781250000000000000
0.0356237962841987609863281250000000000000
0.0367109589278697967529296875000000000000
0.0384755507111549377441406250000000000000
0.0412819869816303253173828125000000000000
0.0456514358520507812500000000000000000000
0.0523183904588222503662109375000000000000
0.0622791200876235961914062500000000000000
0.0768654122948646545410156250000000000000
0.0977850630879402160644531250000000000000
0.1271957457065582275390625000000000000000
0.1676996499300003051757812500000000000000
0.2223851233720779418945312500000000000000
0.2947226166725158691406250000000000000000
0.3885370492935180664062500000000000000000
0.5077591538429260253906250000000000000000
0.6563107371330261230468750000000000000000
0.8377076387405395507812500000000000000000
1.0548871755599975585937500000000000000000
1.3097304105758666992187500000000000000000
1.6029207706451416015625000000000000000000
1.9335225820541381835937500000000000000000
2.2989907264709472656250000000000000000000
2.6949682235717773437500000000000000000000
3.1155335903167724609375000000000000000000
3.5533227920532226562500000000000000000000
4.0000000000000000000000000000000000000000
3.0000000000000000000000000000000000000000
2.6654534339904785156250000000000000000000
2.3375132083892822265625000000000000000000
2.0224072933197021484375000000000000000000
1.7255970239639282226562500000000000000000
1.4515553712844848632812500000000000000000
1.2035053968429565429687500000000000000000
0.9834321737289428710937500000000000000000
0.7920068502426147460937500000000000000000
0.6288074851036071777343750000000000000000
0.4923967123031616210937500000000000000000
0.3806498646736145019531250000000000000000
0.2909011542797088623046875000000000000000
0.2202639728784561157226562500000000000000
0.1657602190971374511718750000000000000000
0.1245526820421218872070312500000000000000
0.0940115153789520263671875000000000000000
0.0718353688716888427734375000000000000000
0.0560517981648445129394531250000000000000
0.0450480207800865173339843750000000000000
0.0375292338430881500244140625000000000000
0.0324978493154048919677734375000000000000
0.0291984193027019500732421875000000000000
0.0270799063146114349365234375000000000000
0.0257470905780792236328125000000000000000
0.0249262731522321701049804687500000000000
0.0244310535490512847900390625000000000000
0.0241386592388153076171875000000000000000
0.0239695608615875244140625000000000000000
0.0238738842308521270751953125000000000000
0.0238208696246147155761718750000000000000
0.0237921420484781265258789062500000000000
0.0237769000232219696044921875000000000000
0.0237689949572086334228515625000000000000
0.0237649790942668914794921875000000000000
0.0237629879266023635864257812500000000000
0.0237620212137699127197265625000000000000
0.0237615592777729034423828125000000000000
0.0237613506615161895751953125000000000000
0.0237612500786781311035156250000000000000
0.0237612091004848480224609375000000000000
0.0237611886113882064819335937500000000000
0.0237611830234527587890625000000000000000
0.0237611792981624603271484375000000000000
0.0237611792981624603271484375000000000000
0.0237611774355173110961914062500000000000
0.0237611774355173110961914062500000000000
0.0237611774355173110961914062500000000000
0.0237611774355173110961914062500000000000
0.0237611774355173110961914062500000000000
0.0237611774355173110961914062500000000000
0.0237611774355173110961914062500000000000
0.0237611774355173110961914062500000000000
0.0237611774355173110961914062500000000000
0.0237611774355173110961914062500000000000
0.0237611792981624603271484375000000000000
0.0237611792981624603271484375000000000000
0.0237611867487430572509765625000000000000
0.0237611960619688034057617187500000000000
0.0237612202763557434082031250000000000000
0.0237612761557102203369140625000000000000
0.0237614028155803680419921875000000000000
0.0237616878002882003784179687500000000000
0.0237623006105422973632812500000000000000
0.0237635914236307144165039062500000000000
0.0237662475556135177612304687500000000000
0.0237716026604175567626953125000000000000
0.0237821470946073532104492187500000000000
0.0238024797290563583374023437500000000000
0.0238407980650663375854492187500000000000
0.0239115096628665924072265625000000000000
0.0240391381084918975830078125000000000000
0.0242647100239992141723632812500000000000
0.0246547758579254150390625000000000000000
0.0253154262900352478027343750000000000000
0.0264105126261711120605468750000000000000
0.0281887203454971313476562500000000000000
0.0310153514146804809570312500000000000000
0.0354177877306938171386718750000000000000
0.0421316064894199371337890625000000000000
0.0521650686860084533691406250000000000000
0.0668501183390617370605468750000000000000
0.0879152491688728332519531250000000000000
0.1175144016742706298828125000000000000000
0.1582813560962677001953125000000000000000
0.2132908403873443603515625000000000000000
0.2860556840896606445312500000000000000000
0.3803684413433074951171875000000000000000
0.5002088546752929687500000000000000000000
0.6494387984275817871093750000000000000000
0.8316228985786437988281250000000000000000
1.0496075153350830078125000000000000000000
1.3053182363510131835937500000000000000000
1.5993272066116333007812500000000000000000
1.9307414293289184570312500000000000000000
2.2969136238098144531250000000000000000000
2.6935372352600097656250000000000000000000
3.1146330833435058593750000000000000000000
3.5528974533081054687500000000000000000000
4.0000000000000000000000000000000000000000
3.0000000000000000000000000000000000000000
2.6649191379547119140625000000000000000000
2.3364403247833251953125000000000000000000
2.0207691192626953125000000000000000000000
1.7233912944793701171875000000000000000000
1.4487498998641967773437500000000000000000
1.2001186609268188476562500000000000000000
0.9794509410858154296875000000000000000000
0.7874797582626342773437500000000000000000
0.6237498521804809570312500000000000000000
0.4868800640106201171875000000000000000000
0.3747107982635498046875000000000000000000
0.2846180796623229980468750000000000000000
0.2136808484792709350585937500000000000000
0.1589463502168655395507812500000000000000
0.1175475642085075378417968750000000000000
0.0868672579526901245117187500000000000000
0.0645812228322029113769531250000000000000
0.0487218536436557769775390625000000000000
0.0376609042286872863769531250000000000000
0.0301046930253505706787109375000000000000
0.0250462964177131652832031250000000000000
0.0217300765216350555419921875000000000000
0.0195999443531036376953125000000000000000
0.0182602722197771072387695312500000000000
0.0174349024891853332519531250000000000000
0.0169371329247951507568359375000000000000
0.0166431088000535964965820312500000000000
0.0164731480181217193603515625000000000000
0.0163769386708736419677734375000000000000
0.0163236595690250396728515625000000000000
0.0162947736680507659912109375000000000000
0.0162794552743434906005859375000000000000
0.0162715055048465728759765625000000000000
0.0162674728780984878540039062500000000000
0.0162654705345630645751953125000000000000
0.0162644963711500167846679687500000000000
0.0162640381604433059692382812500000000000
0.0162638202309608459472656250000000000000
0.0162637270987033843994140625000000000000
0.0162636823952198028564453125000000000000
0.0162636637687683105468750000000000000000
0.0162636563181877136230468750000000000000
0.0162636544555425643920898437500000000000
0.0162636525928974151611328125000000000000
0.0162636525928974151611328125000000000000
0.0162636507302522659301757812500000000000
0.0162636507302522659301757812500000000000
0.0162636507302522659301757812500000000000
0.0162636507302522659301757812500000000000
0.0162636507302522659301757812500000000000
0.0162636507302522659301757812500000000000
0.0162636507302522659301757812500000000000
0.0162636507302522659301757812500000000000
0.0162636507302522659301757812500000000000
0.0162636544555425643920898437500000000000
0.0162636563181877136230468750000000000000
0.0162636600434780120849609375000000000000
0.0162636693567037582397460937500000000000
0.0162636935710906982421875000000000000000
0.0162637494504451751708984375000000000000
0.0162638798356056213378906250000000000000
0.0162641648203134536743164062500000000000
0.0162647794932126998901367187500000000000
0.0162660777568817138671875000000000000000
0.0162687469273805618286132812500000000000
0.0162741262465715408325195312500000000000
0.0162847284227609634399414062500000000000
0.0163051560521125793457031250000000000000
0.0163436830043792724609375000000000000000
0.0164147429168224334716796875000000000000
0.0165430605411529541015625000000000000000
0.0167697556316852569580078125000000000000
0.0171619318425655364990234375000000000000
0.0178258903324604034423828125000000000000
0.0189268458634614944458007812500000000000
0.0207138955593109130859375000000000000000
0.0235554389655590057373046875000000000000
0.0279793962836265563964843750000000000000
0.0347276702523231506347656250000000000000
0.0448087006807327270507812500000000000000
0.0595660582184791564941406250000000000000
0.0807265192270278930664062500000000000000
0.1104630902409553527832031250000000000000
0.1514025926589965820312500000000000000000
0.2066474705934524536132812500000000000000
0.2796928286552429199218750000000000000000
0.3743666708469390869140625000000000000000
0.4946138262748718261718750000000000000000
0.6443355679512023925781250000000000000000
0.8270399570465087890625000000000000000000
1.0456130504608154296875000000000000000000
1.3019043207168579101562500000000000000000
1.5965244770050048828125000000000000000000
1.9284994602203369140625000000000000000000
2.2952220439910888671875000000000000000000
2.6923222541809082031250000000000000000000
3.1138648986816406250000000000000000000000
3.5525212287902832031250000000000000000000
4.0000000000000000000000000000000000000000
3.0000000000000000000000000000000000000000
2.6645150184631347656250000000000000000000
2.3356237411499023437500000000000000000000
2.0195415019989013671875000000000000000000
1.7217341661453247070312500000000000000000
1.4466749429702758789062500000000000000000
1.1976130008697509765625000000000000000000
0.9765440225601196289062500000000000000000
0.7841746807098388671875000000000000000000
0.6200934052467346191406250000000000000000
0.4828916788101196289062500000000000000000
0.3704461455345153808593750000000000000000
0.2801052927970886230468750000000000000000
0.2089730799198150634765625000000000000000
0.1540721654891967773437500000000000000000
0.1125496700406074523925781250000000000000
0.0817688032984733581542968750000000000000
0.0594119429588317871093750000000000000000
0.0434976257383823394775390625000000000000
0.0323999784886837005615234375000000000000
0.0248165428638458251953125000000000000000
0.0197408869862556457519531250000000000000
0.0164124015718698501586914062500000000000
0.0142748933285474777221679687500000000000
0.0129301920533180236816406250000000000000
0.0121019501239061355590820312500000000000
0.0116023002192378044128417968750000000000
0.0113072590902447700500488281250000000000
0.0111366556957364082336425781250000000000
0.0110401213169097900390625000000000000000
0.0109866429120302200317382812500000000000
0.0109576601535081863403320312500000000000
0.0109422858804464340209960937500000000000
0.0109343118965625762939453125000000000000
0.0109302634373307228088378906250000000000
0.0109282536432147026062011718750000000000
0.0109272794798016548156738281250000000000
0.0109268147498369216918945312500000000000
0.0109266014769673347473144531250000000000
0.0109265036880970001220703125000000000000
0.0109264617785811424255371093750000000000
0.0109264412894845008850097656250000000000
0.0109264347702264785766601562500000000000
0.0109264319762587547302246093750000000000
0.0109264310449361801147460937500000000000
0.0109264301136136054992675781250000000000
0.0109264301136136054992675781250000000000
0.0109264301136136054992675781250000000000
0.0109264301136136054992675781250000000000
0.0109264301136136054992675781250000000000
0.0109264301136136054992675781250000000000
0.0109264301136136054992675781250000000000
0.0109264301136136054992675781250000000000
0.0109264301136136054992675781250000000000
0.0109264301136136054992675781250000000000
0.0109264301136136054992675781250000000000
0.0109264329075813293457031250000000000000
0.0109264366328716278076171875000000000000
0.0109264478087425231933593750000000000000
0.0109264710918068885803222656250000000000
0.0109265279024839401245117187500000000000
0.0109266582876443862915039062500000000000
0.0109269442036747932434082031250000000000
0.0109275626018643379211425781250000000000
0.0109288617968559265136718750000000000000
0.0109315421432256698608398437500000000000
0.0109369400888681411743164062500000000000
0.0109475767239928245544433593750000000000
0.0109680779278278350830078125000000000000
0.0110067278146743774414062500000000000000
0.0110780475661158561706542968750000000000
0.0112067908048629760742187500000000000000
0.0114343157038092613220214843750000000000
0.0118278060108423233032226562500000000000
0.0124941840767860412597656250000000000000
0.0135988378897309303283691406250000000000
0.0153923342004418373107910156250000000000
0.0182433221489191055297851562500000000000
0.0226828977465629577636718750000000000000
0.0294530913233757019042968750000000000000
0.0395685285329818725585937500000000000000
0.0543720275163650512695312500000000000000
0.0756011977791786193847656250000000000000
0.1054256260395050048828125000000000000000
0.1464890837669372558593750000000000000000
0.2018847614526748657226562500000000000000
0.2751312255859375000000000000000000000000
0.3700369298458099365234375000000000000000
0.4905756115913391113281250000000000000000
0.6406146287918090820312500000000000000000
0.8236936330795288085937500000000000000000
1.0426499843597412109375000000000000000000
1.2993650436401367187500000000000000000000
1.5943911075592041015625000000000000000000
1.9267871379852294921875000000000000000000
2.2938904762268066406250000000000000000000
2.6913650035858154296875000000000000000000
3.1132402420043945312500000000000000000000
3.5522179603576660156250000000000000000000
4.0000000000000000000000000000000000000000
3.0000000000000000000000000000000000000000
2.6642162799835205078125000000000000000000
2.3350281715393066406250000000000000000000
2.0186405181884765625000000000000000000000
1.7205357551574707031250000000000000000000
1.4451699256896972656250000000000000000000
1.1958192586898803710937500000000000000000
0.9744598865509033203125000000000000000000
0.7818299531936645507812500000000000000000
0.6174970269203186035156250000000000000000
0.4800815880298614501953125000000000000000
0.3674389719963073730468750000000000000000
0.2769399881362915039062500000000000000000
0.2056689262390136718750000000000000000000
0.1506626456975936889648437500000000000000
0.1090519949793815612792968750000000000000
0.0782077610492706298828125000000000000000
0.0558003336191177368164062500000000000000
0.0398515649139881134033203125000000000000
0.0287276394665241241455078125000000000000
0.0211272165179252624511718750000000000000
0.0160391628742218017578125000000000000000
0.0127030722796916961669921875000000000000
0.0105602415278553962707519531250000000000
0.0092124445363879203796386718750000000000
0.0083821220323443412780761718750000000000
0.0078813256695866584777832031250000000000
0.0075855450704693794250488281250000000000
0.0074145547114312648773193359375000000000
0.0073177786543965339660644531250000000000
0.0072641829028725624084472656250000000000
0.0072351288981735706329345703125000000000
0.0072197224944829940795898437500000000000
0.0072117280215024948120117187500000000000
0.0072076707147061824798583984375000000000
0.0072056581266224384307861328125000000000
0.0072046793065965175628662109375000000000
0.0072042169049382209777832031250000000000
0.0072040008381009101867675781250000000000
0.0072039044462144374847412109375000000000
0.0072038602083921432495117187500000000000
0.0072038429789245128631591796875000000000
0.0072038345970213413238525390625000000000
0.0072038318030536174774169921875000000000
0.0072038299404084682464599609375000000000
0.0072038299404084682464599609375000000000
0.0072038290090858936309814453125000000000
0.0072038290090858936309814453125000000000
0.0072038290090858936309814453125000000000
0.0072038290090858936309814453125000000000
0.0072038290090858936309814453125000000000
0.0072038290090858936309814453125000000000
0.0072038290090858936309814453125000000000
0.0072038290090858936309814453125000000000
0.0072038294747471809387207031250000000000
0.0072038304060697555541992187500000000000
0.0072038322687149047851562500000000000000
0.0072038364596664905548095703125000000000
0.0072038467042148113250732421875000000000
0.0072038713842630386352539062500000000000
0.0072039291262626647949218750000000000000
0.0072040590457618236541748046875000000000
0.0072043454274535179138183593750000000000
0.0072049638256430625915527343750000000000
0.0072062667459249496459960937500000000000
0.0072089526802301406860351562500000000000
0.0072143622674047946929931640625000000000
0.0072250226512551307678222656250000000000
0.0072455676272511482238769531250000000000
0.0072843106463551521301269531250000000000
0.0073557831346988677978515625000000000000
0.0074848365038633346557617187500000000000
0.0077128601260483264923095703125000000000
0.0081073036417365074157714843750000000000
0.0087751569226384162902832031250000000000
0.0098824724555015563964843750000000000000
0.0116799268871545791625976562500000000000
0.0145376864820718765258789062500000000000
0.0189869143068790435791015625000000000000
0.0257727615535259246826171875000000000000
0.0359095484018325805664062500000000000000
0.0507459081709384918212890625000000000000
0.0720178335905075073242187500000000000000
0.1019046753644943237304687500000000000000
0.1430455148220062255859375000000000000000
0.1985480636358261108398437500000000000000
0.2719204425811767578125000000000000000000
0.3669905066490173339843750000000000000000
0.4877125322818756103515625000000000000000
0.6379769444465637207031250000000000000000
0.8212935924530029296875000000000000000000
1.0405243635177612304687500000000000000000
1.2975119352340698242187500000000000000000
1.5928343534469604492187500000000000000000
1.9255084991455078125000000000000000000000
2.2928981781005859375000000000000000000000
2.6906323432922363281250000000000000000000
3.1127655506134033203125000000000000000000
3.5519819259643554687500000000000000000000
4.0000000000000000000000000000000000000000
3.0000000000000000000000000000000000000000
2.6640043258666992187500000000000000000000
2.3346016407012939453125000000000000000000
2.0180041790008544921875000000000000000000
1.7196843624114990234375000000000000000000
1.4441146850585937500000000000000000000000
1.1945574283599853515625000000000000000000
0.9730100035667419433593750000000000000000
0.7801953554153442382812500000000000000000
0.6157026290893554687500000000000000000000
0.4781363606452941894531250000000000000000
0.3653703331947326660156250000000000000000
0.2747601270675659179687500000000000000000
0.2034029066562652587890625000000000000000
0.1483225077390670776367187500000000000000
0.1066575273871421813964843750000000000000
0.0757686942815780639648437500000000000000
0.0533302798867225646972656250000000000000
0.0373572111129760742187500000000000000000
0.0262172706425189971923828125000000000000
0.0186048354953527450561523437500000000000
0.0135092735290527343750000000000000000000
0.0101677868515253067016601562500000000000
0.0080217579379677772521972656250000000000
0.0066717541776597499847412109375000000000
0.0058401930145919322967529296875000000000
0.0053385770879685878753662109375000000000
0.0050423583015799522399902343750000000000
0.0048710904084146022796630859375000000000
0.0047741746529936790466308593750000000000
0.0047204932197928428649902343750000000000
0.0046913977712392807006835937500000000000
0.0046759676188230514526367187500000000000
0.0046679624356329441070556640625000000000
0.0046639000065624713897705078125000000000
0.0046618827618658542633056640625000000000
0.0046609053388237953186035156250000000000
0.0046604396775364875793457031250000000000
0.0046602250076830387115478515625000000000
0.0046601272188127040863037109375000000000
0.0046600848436355590820312500000000000000
0.0046600652858614921569824218750000000000
0.0046600578352808952331542968750000000000
0.0046600545756518840789794921875000000000
0.0046600531786680221557617187500000000000
0.0046600522473454475402832031250000000000
0.0046600522473454475402832031250000000000
0.0046600522473454475402832031250000000000
0.0046600522473454475402832031250000000000
0.0046600522473454475402832031250000000000
0.0046600522473454475402832031250000000000
0.0046600522473454475402832031250000000000
0.0046600522473454475402832031250000000000
0.0046600522473454475402832031250000000000
0.0046600527130067348480224609375000000000
0.0046600531786680221557617187500000000000
0.0046600550413131713867187500000000000000
0.0046600592322647571563720703125000000000
0.0046600699424743652343750000000000000000
0.0046600946225225925445556640625000000000
0.0046601528301835060119628906250000000000
0.0046602822840213775634765625000000000000
0.0046605700626969337463378906250000000000
0.0046611884608864784240722656250000000000
0.0046624937094748020172119140625000000000
0.0046651824377477169036865234375000000000
0.0046705999411642551422119140625000000000
0.0046812747605144977569580078125000000000
0.0047018509358167648315429687500000000000
0.0047406470403075218200683593750000000000
0.0048122294247150421142578125000000000000
0.0049414634704589843750000000000000000000
0.0051698442548513412475585937500000000000
0.0055648479610681533813476562500000000000
0.0062337517738342285156250000000000000000
0.0073426486924290657043457031250000000000
0.0091429064050316810607910156250000000000
0.0120047209784388542175292968750000000000
0.0164607577025890350341796875000000000000
0.0232560448348522186279296875000000000000
0.0334078446030616760253906250000000000000
0.0482640936970710754394531250000000000000
0.0695660561323165893554687500000000000000
0.0994907915592193603515625000000000000000
0.1406858563423156738281250000000000000000
0.1962535828351974487304687500000000000000
0.2697141766548156738281250000000000000000
0.3648849129676818847656250000000000000000
0.4857355356216430664062500000000000000000
0.6361391544342041015625000000000000000000
0.8196231126785278320312500000000000000000
1.0390251874923706054687500000000000000000
1.2962073087692260742187500000000000000000
1.5917184352874755859375000000000000000000
1.9245949983596801757812500000000000000000
2.2921733856201171875000000000000000000000
2.6901013851165771484375000000000000000000
3.1124134063720703125000000000000000000000
3.5518085956573486328125000000000000000000
4.0000000000000000000000000000000000000000
3.0000000000000000000000000000000000000000
2.6638562679290771484375000000000000000000
2.3343076705932617187500000000000000000000
2.0175621509552001953125000000000000000000
1.7191007137298583984375000000000000000000
1.4433870315551757812500000000000000000000
1.1936972141265869140625000000000000000000
0.9720179438591003417968750000000000000000
0.7790875434875488281250000000000000000000
0.6144833564758300781250000000000000000000
0.4768242239952087402343750000000000000000
0.3639723658561706542968750000000000000000
0.2732944488525390625000000000000000000000
0.2018774449825286865234375000000000000000
0.1467523276805877685546875000000000000000
0.1050496175885200500488281250000000000000
0.0741340667009353637695312500000000000000
0.0516741052269935607910156250000000000000
0.0356865637004375457763671875000000000000
0.0245354697108268737792968750000000000000
0.0169159304350614547729492187500000000000
0.0118151232600212097167968750000000000000
0.0084704691544175148010253906250000000000
0.0063221971504390239715576171875000000000
0.0049709109589457511901855468750000000000
0.0041384776122868061065673828125000000000
0.0036363885737955570220947265625000000000
0.0033398622181266546249389648437500000000
0.0031684360001236200332641601562500000000
0.0030714212916791439056396484375000000000
0.0030176907312124967575073242187500000000
0.0029885678086429834365844726562500000000
0.0029731234535574913024902343750000000000
0.0029651108197867870330810546875000000000
0.0029610441997647285461425781250000000000
0.0029590262565761804580688476562500000000
0.0029580462723970413208007812500000000000
0.0029575820080935955047607421875000000000
0.0029573659412562847137451171875000000000
0.0029572688508778810501098632812500000000
0.0029572253115475177764892578125000000000
0.0029572069179266691207885742187500000000
0.0029571987688541412353515625000000000000
0.0029571957420557737350463867187500000000
0.0029571941122412681579589843750000000000
0.0029571936465799808502197265625000000000
0.0029571934137493371963500976562500000000
0.0029571934137493371963500976562500000000
0.0029571934137493371963500976562500000000
0.0029571934137493371963500976562500000000
0.0029571934137493371963500976562500000000
0.0029571934137493371963500976562500000000
0.0029571934137493371963500976562500000000
0.0029571934137493371963500976562500000000
0.0029571936465799808502197265625000000000
0.0029571945779025554656982421875000000000
0.0029571964405477046966552734375000000000
0.0029572006314992904663085937500000000000
0.0029572111088782548904418945312500000000
0.0029572360217571258544921875000000000000
0.0029572937637567520141601562500000000000
0.0029574241489171981811523437500000000000
0.0029577112291008234024047851562500000000
0.0029583310242742300033569335937500000000
0.0029596367385238409042358398437500000000
0.0029623280279338359832763671875000000000
0.0029677499551326036453247070312500000000
0.0029784345533698797225952148437500000000
0.0029990277253091335296630859375000000000
0.0030378608498722314834594726562500000000
0.0031095060985535383224487304687500000000
0.0032388677354902029037475585937500000000
0.0034674517810344696044921875000000000000
0.0038628496695309877395629882812500000000
0.0045323553495109081268310546875000000000
0.0056423605419695377349853515625000000000
0.0074442429468035697937011718750000000000
0.0103088859468698501586914062500000000000
0.0147689022123813629150390625000000000000
0.0215707439929246902465820312500000000000
0.0317313745617866516113281250000000000000
0.0466014146804809570312500000000000000000
0.0679210945963859558105468750000000000000
0.0978721082210540771484375000000000000000
0.1390993297100067138671875000000000000000
0.1947121620178222656250000000000000000000
0.2682253420352935791015625000000000000000
0.3634657859802246093750000000000000000000
0.4843936562538146972656250000000000000000
0.6348937749862670898437500000000000000000
0.8184794187545776367187500000000000000000
1.0380015373229980468750000000000000000000
1.2953033447265625000000000000000000000000
1.5909483432769775390625000000000000000000
1.9239528179168701171875000000000000000000
2.2916672229766845703125000000000000000000
2.6897225379943847656250000000000000000000
3.1121649742126464843750000000000000000000
3.5516843795776367187500000000000000000000
4.0000000000000000000000000000000000000000
3.0000000000000000000000000000000000000000
2.6637568473815917968750000000000000000000
2.3341083526611328125000000000000000000000
2.0172657966613769531250000000000000000000
1.7187062501907348632812500000000000000000
1.4429011344909667968750000000000000000000
1.1931198835372924804687500000000000000000
0.9713591337203979492187500000000000000000
0.7783488035202026367187500000000000000000
0.6136770844459533691406250000000000000000
0.4759541749954223632812500000000000000000
0.3630510568618774414062500000000000000000
0.2723267078399658203125000000000000000000
0.2008742839097976684570312500000000000000
0.1457185447216033935546875000000000000000
0.1039936989545822143554687500000000000000
0.0730598270893096923828125000000000000000
0.0505873225629329681396484375000000000000
0.0345898494124412536621093750000000000000
0.0234323069453239440917968750000000000000
0.0158078782260417938232421875000000000000
0.0107040647417306900024414062500000000000
0.0073572248220443725585937500000000000000
0.0052076792344450950622558593750000000000
0.0038555045612156391143798828125000000000
0.0030225808732211589813232421875000000000
0.0025201642420142889022827148437500000000
0.0022234655916690826416015625000000000000
0.0020519297104328870773315429687500000000
0.0019548598211258649826049804687500000000
0.0019010957330465316772460937500000000000
0.0018719565123319625854492187500000000000
0.0018565034260973334312438964843750000000
0.0018484860192984342575073242187500000000
0.0018444175366312265396118164062500000000
0.0018423980800434947013854980468750000000
0.0018414182122796773910522460937500000000
0.0018409530166536569595336914062500000000
0.0018407377647235989570617675781250000000
0.0018406398594379425048828125000000000000
0.0018405967857688665390014648437500000000
0.0018405778100714087486267089843750000000
0.0018405701266601681709289550781250000000
0.0018405668670311570167541503906250000000
0.0018405654700472950935363769531250000000
0.0018405648879706859588623046875000000000
0.0018405646551400423049926757812500000000
0.0018405646551400423049926757812500000000
0.0018405646551400423049926757812500000000
0.0018405646551400423049926757812500000000
0.0018405646551400423049926757812500000000
0.0018405646551400423049926757812500000000
0.0018405646551400423049926757812500000000
0.0018405648879706859588623046875000000000
0.0018405650043860077857971191406250000000
0.0018405657028779387474060058593750000000
0.0018405674491077661514282226562500000000
0.0018405718728899955749511718750000000000
0.0018405823502689599990844726562500000000
0.0018406072631478309631347656250000000000
0.0018406652379781007766723632812500000000
0.0018407953903079032897949218750000000000
0.0018410829361528158187866210937500000000
0.0018417027313262224197387695312500000000
0.0018430094933137297630310058593750000000
0.0018457017140462994575500488281250000000
0.0018511270172894001007080078125000000000
0.0018618166213855147361755371093750000000
0.0018824219005182385444641113281250000000
0.0019212752813473343849182128906250000000
0.0019929639529436826705932617187500000000
0.0021223954390734434127807617187500000000
0.0023511201143264770507812500000000000000
0.0027467366307973861694335937500000000000
0.0034166593104600906372070312500000000000
0.0045272852294147014617919921875000000000
0.0063302884809672832489013671875000000000
0.0091965310275554656982421875000000000000
0.0136592797935009002685546875000000000000
0.0204648580402135848999023437500000000000
0.0306315403431653976440429687500000000000
0.0455094873905181884765625000000000000000
0.0668413043022155761718750000000000000000
0.0968074426054954528808593750000000000000
0.1380566805601119995117187500000000000000
0.1936956346035003662109375000000000000000
0.2672448158264160156250000000000000000000
0.3625259399414062500000000000000000000000
0.4835066497325897216796875000000000000000
0.6340637207031250000000000000000000000000
0.8177192807197570800781250000000000000000
1.0373129844665527343750000000000000000000
1.2946979999542236328125000000000000000000
1.5904245376586914062500000000000000000000
1.9235190153121948242187500000000000000000
2.2913188934326171875000000000000000000000
2.6894643306732177734375000000000000000000
3.1119923591613769531250000000000000000000
3.5515987873077392578125000000000000000000
4.0000000000000000000000000000000000000000
3.0000000000000000000000000000000000000000
2.6636910438537597656250000000000000000000
2.3339776992797851562500000000000000000000
2.0170698165893554687500000000000000000000
1.7184487581253051757812500000000000000000
1.4425816535949707031250000000000000000000
1.1927443742752075195312500000000000000000
0.9709280729293823242187500000000000000000
0.7778702378273010253906250000000000000000
0.6131525635719299316406250000000000000000
0.4753921329975128173828125000000000000000
0.3624542951583862304687500000000000000000
0.2717030346393585205078125000000000000000
0.2002266794443130493164062500000000000000
0.1450533270835876464843750000000000000000
0.1033135429024696350097656250000000000000
0.0723692253232002258300781250000000000000
0.0498882420361042022705078125000000000000
0.0338851511478424072265625000000000000000
0.0227232426404953002929687500000000000000
0.0150960749015212059020996093750000000000
0.0099902162328362464904785156250000000000
0.0066421637311577796936035156250000000000
0.0044917496852576732635498046875000000000
0.0031390874646604061126708984375000000000
0.0023058285005390644073486328125000000000
0.0018032331718131899833679199218750000000
0.0015064172912389039993286132812500000000
0.0013348218053579330444335937500000000000
0.0012377146631479263305664062500000000000
0.0011839324142783880233764648437500000000
0.0011547824833542108535766601562500000000
0.0011393241584300994873046875000000000000
0.0011313041904941201210021972656250000000
0.0011272343108430504798889160156250000000
0.0011252143885940313339233398437500000000
0.0011242341715842485427856445312500000000
0.0011237690923735499382019042968750000000
0.0011235533747822046279907226562500000000
0.0011234557023271918296813964843750000000
0.0011234122794121503829956054687500000000
0.0011233936529606580734252929687500000000
0.0011233857367187738418579101562500000000
0.0011233824770897626876831054687500000000
0.0011233810801059007644653320312500000000
0.0011233806144446134567260742187500000000
0.0011233803816139698028564453125000000000
0.0011233803816139698028564453125000000000
0.0011233803816139698028564453125000000000
0.0011233802651986479759216308593750000000
0.0011233802651986479759216308593750000000
0.0011233802651986479759216308593750000000
0.0011233803816139698028564453125000000000
0.0011233803816139698028564453125000000000
0.0011233807308599352836608886718750000000
0.0011233814293518662452697753906250000000
0.0011233831755816936492919921875000000000
0.0011233874829486012458801269531250000000
0.0011233980767428874969482421875000000000
0.0011234231060370802879333496093750000000
0.0011234807316213846206665039062500000000
0.0011236111167818307876586914062500000000
0.0011238987790420651435852050781250000000
0.0011245189234614372253417968750000000000
0.0011258256854489445686340332031250000000
0.0011285191867500543594360351562500000000
0.0011339455377310514450073242187500000000
0.0011446392163634300231933593750000000000
0.0011652505490928888320922851562500000000
0.0012041182490065693855285644531250000000
0.0012758292723447084426879882812500000000
0.0014053089544177055358886718750000000000
0.0016341088339686393737792968750000000000
0.0020298748277127742767333984375000000000
0.0027000228874385356903076171875000000000
0.0038110716268420219421386718750000000000
0.0056146867573261260986328125000000000000
0.0084820156916975975036621093750000000000
0.0129462722688913345336914062500000000000
0.0197543818503618240356445312500000000000
0.0299244243651628494262695312500000000000
0.0448077172040939331054687500000000000000
0.0661463290452957153320312500000000000000
0.0961226895451545715332031250000000000000
0.1373842954635620117187500000000000000000
0.1930409520864486694335937500000000000000
0.2666104733943939208984375000000000000000
0.3619191050529479980468750000000000000000
0.4829300940036773681640625000000000000000
0.6335258483886718750000000000000000000000
0.8172217607498168945312500000000000000000
1.0368642807006835937500000000000000000000
1.2942982912063598632812500000000000000000
1.5900808572769165039062500000000000000000
1.9232295751571655273437500000000000000000
2.2910888195037841796875000000000000000000
2.6892905235290527343750000000000000000000
3.1118774414062500000000000000000000000000
3.5515410900115966796875000000000000000000
4.0000000000000000000000000000000000000000
3.0000000000000000000000000000000000000000
2.6636486053466796875000000000000000000000
2.3338930606842041015625000000000000000000
2.0169446468353271484375000000000000000000
1.7182825803756713867187500000000000000000
1.4423781633377075195312500000000000000000
1.1925034523010253906250000000000000000000
0.9706546068191528320312500000000000000000
0.7775646448135375976562500000000000000000
0.6128206253051757812500000000000000000000
0.4750351011753082275390625000000000000000
0.3620775043964385986328125000000000000000
0.2713082134723663330078125000000000000000
0.1998184323310852050781250000000000000000
0.1446333378553390502929687500000000000000
0.1028851866722106933593750000000000000000
0.0719339251518249511718750000000000000000
0.0494482405483722686767578125000000000000
0.0334414057433605194091796875000000000000
0.0222771018743515014648437500000000000000
0.0146481022238731384277343750000000000000
0.0095411352813243865966796875000000000000
0.0061922688037157058715820312500000000000
0.0040413895621895790100097656250000000000
0.0026883985847234725952148437500000000000
0.0018549620872363448143005371093750000000
0.0013522465014830231666564941406250000000
0.0010553685715422034263610839843750000000
0.0008837331552058458328247070312500000000
0.0007866064552217721939086914062500000000
0.0007328122155740857124328613281250000000
0.0007036566385067999362945556640625000000
0.0006881951121613383293151855468750000000
0.0006801735144108533859252929687500000000
0.0006761029362678527832031250000000000000
0.0006740826647728681564331054687500000000
0.0006731022731401026248931884765625000000
0.0006726370775140821933746337890625000000
0.0006724213599227368831634521484375000000
0.0006723235710524022579193115234375000000
0.0006722803227603435516357421875000000000
0.0006722615216858685016632080078125000000
0.0006722536054439842700958251953125000000
0.0006722504040226340293884277343750000000
0.0006722490652464330196380615234375000000
0.0006722485413774847984313964843750000000
0.0006722483085468411445617675781250000000
0.0006722483085468411445617675781250000000
0.0006722482503391802310943603515625000000
0.0006722482503391802310943603515625000000
0.0006722482503391802310943603515625000000
0.0006722482503391802310943603515625000000
0.0006722482503391802310943603515625000000
0.0006722484249621629714965820312500000000
0.0006722486577928066253662109375000000000
0.0006722493562847375869750976562500000000
0.0006722511025145649909973144531250000000
0.0006722555262967944145202636718750000000
0.0006722660036757588386535644531250000000
0.0006722909165546298027038574218750000000
0.0006723487167619168758392333984375000000
0.0006724790437147021293640136718750000000
0.0006727667059749364852905273437500000000
0.0006733869668096303939819335937500000000
0.0006746942526660859584808349609375000000
0.0006773878703825175762176513671875000000
0.0006828155601397156715393066406250000000
0.0006935108103789389133453369140625000000
0.0007141266250982880592346191406250000000
0.0007530010771006345748901367187500000000
0.0008247278747148811817169189453125000000
0.0009542319457978010177612304687500000000
0.0011830829316750168800354003906250000000
0.0015789268072694540023803710937500000000
0.0022492266725748777389526367187500000000
0.0033604982309043407440185546875000000000
0.0051645245403051376342773437500000000000
0.0080324318259954452514648437500000000000
0.0124976970255374908447265625000000000000
0.0193071682006120681762695312500000000000
0.0294794589281082153320312500000000000000
0.0443656519055366516113281250000000000000
0.0657087936997413635253906250000000000000
0.0956907421350479125976562500000000000000
0.1369606256484985351562500000000000000000
0.1926269829273223876953125000000000000000
0.2662101387977600097656250000000000000000
0.3615340292453765869140625000000000000000
0.4825652241706848144531250000000000000000
0.6331826448440551757812500000000000000000
0.8169057369232177734375000000000000000000
1.0365760326385498046875000000000000000000
1.2940430641174316406250000000000000000000
1.5898582935333251953125000000000000000000
1.9230438470840454101562500000000000000000
2.2909381389617919921875000000000000000000
2.6891784667968750000000000000000000000000
3.1118021011352539062500000000000000000000
3.5515036582946777343750000000000000000000
4.0000000000000000000000000000000000000000
3.0000000000000000000000000000000000000000
2.6636221408843994140625000000000000000000
2.3338401317596435546875000000000000000000
2.0168657302856445312500000000000000000000
1.7181791067123413085937500000000000000000
1.4422500133514404296875000000000000000000
1.1923536062240600585937500000000000000000
0.9704833030700683593750000000000000000000
0.7773752808570861816406250000000000000000
0.6126137375831604003906250000000000000000
0.4748142361640930175781250000000000000000
0.3618436157703399658203125000000000000000
0.2710644006729125976562500000000000000000
0.1995657384395599365234375000000000000000
0.1443742364645004272460937500000000000000
0.1026206091046333312988281250000000000000
0.0716655701398849487304687500000000000000
0.0491768047213554382324218750000000000000
0.0331679619848728179931640625000000000000
0.0220020823180675506591796875000000000000
0.0143721103668212890625000000000000000000
0.0092644104734063148498535156250000000000
0.0059151183813810348510742187500000000000
0.0037639294750988483428955078125000000000
0.0024107685312628746032714843750000000000
0.0015772136393934488296508789062500000000
0.0010744364699348807334899902343750000000
0.0007775176200084388256072998046875000000
0.0006058618309907615184783935546875000000
0.0005087222671136260032653808593750000000
0.0004549219447653740644454956054687500000
0.0004257627297192811965942382812500000000
0.0004102994571439921855926513671875000000
0.0004022770735900849103927612304687500000
0.0003982060006819665431976318359375000000
0.0003961855254601687192916870117187500000
0.0003952049883082509040832519531250000000
0.0003947397926822304725646972656250000000
0.0003945240168832242488861083984375000000
0.0003944262862205505371093750000000000000
0.0003943829215131700038909912109375000000
0.0003943642077501863241195678710937500000
0.0003943562624044716358184814453125000000
0.0003943530027754604816436767578125000000
0.0003943516931030899286270141601562500000
0.0003943511983379721641540527343750000000
0.0003943510237149894237518310546875000000
0.0003943509072996675968170166015625000000
0.0003943509072996675968170166015625000000
0.0003943508781958371400833129882812500000
0.0003943508781958371400833129882812500000
0.0003943508781958371400833129882812500000
0.0003943509364034980535507202148437500000
0.0003943509946111589670181274414062500000
0.0003943513147532939910888671875000000000
0.0003943519841413944959640502929687500000
0.0003943537594750523567199707031250000000
0.0003943580959457904100418090820312500000
0.0003943686606362462043762207031250000000
0.0003943936317227780818939208984375000000
0.0003944513446185737848281860351562500000
0.0003945817588828504085540771484375000000
0.0003948693920392543077468872070312500000
0.0003954897110816091299057006835937500000
0.0003967970551457256078720092773437500000
0.0003994910803157836198806762695312500000
0.0004049191484227776527404785156250000000
0.0004156157956458628177642822265625000000
0.0004362335021141916513442993164062500000
0.0004751129017677158117294311523437500000
0.0005468471208587288856506347656250000000
0.0006763677811250090599060058593750000000
0.0009052442619577050209045410156250000000
0.0013011400587856769561767578125000000000
0.0019715172238647937774658203125000000000
0.0030829368624836206436157226562500000000
0.0048871748149394989013671875000000000000
0.0077554648742079734802246093750000000000
0.0122212544083595275878906250000000000000
0.0190316252410411834716796875000000000000
0.0292050912976264953613281250000000000000
0.0440931990742683410644531250000000000000
0.0654387325048446655273437500000000000000
0.0954243689775466918945312500000000000000
0.1366986483335494995117187500000000000000
0.1923714280128479003906250000000000000000
0.2659618854522705078125000000000000000000
0.3612958788871765136718750000000000000000
0.4823381006717681884765625000000000000000
0.6329697966575622558593750000000000000000
0.8167079687118530273437500000000000000000
1.0363967418670654296875000000000000000000
1.2938823699951171875000000000000000000000
1.5897190570831298828125000000000000000000
1.9229257106781005859375000000000000000000
2.2908437252044677734375000000000000000000
2.6891064643859863281250000000000000000000
3.1117546558380126953125000000000000000000
3.5514798164367675781250000000000000000000
4.0000000000000000000000000000000000000000
3.0000000000000000000000000000000000000000
2.6636056900024414062500000000000000000000
2.3338074684143066406250000000000000000000
2.0168175697326660156250000000000000000000
1.7181154489517211914062500000000000000000
1.4421722888946533203125000000000000000000
1.1922616958618164062500000000000000000000
0.9703792929649353027343750000000000000000
0.7772595286369323730468750000000000000000
0.6124883890151977539062500000000000000000
0.4746797978878021240234375000000000000000
0.3617021143436431884765625000000000000000
0.2709164619445800781250000000000000000000
0.1994130611419677734375000000000000000000
0.1442174017429351806640625000000000000000
0.1024608761072158813476562500000000000000
0.0715033933520317077636718750000000000000
0.0490130111575126647949218750000000000000
0.0330028608441352844238281250000000000000
0.0218361616134643554687500000000000000000
0.0142055582255125045776367187500000000000
0.0090974839404225349426269531250000000000
0.0057479124516248703002929687500000000000
0.0035965675488114356994628906250000000000
0.0022432950790971517562866210937500000000
0.0014096812810748815536499023437500000000
0.0009068634244613349437713623046875000000
0.0006099243182688951492309570312500000000
0.0004382553161121904850006103515625000000
0.0003411093493923544883728027343750000000
0.0002873051271308213472366333007812500000
0.0002581440494395792484283447265625000000
0.0002426797582302242517471313476562500000
0.0002346569235669448971748352050781250000
0.0002305855887243524193763732910156250000
0.0002285650116391479969024658203125000000
0.0002275844162795692682266235351562500000
0.0002271191915497183799743652343750000000
0.0002269034157507121562957763671875000000
0.0002268056414322927594184875488281250000
0.0002267623203806579113006591796875000000
0.0002267435775138437747955322265625000000
0.0002267356612719595432281494140625000000
0.0002267324016429483890533447265625000000
0.0002267310774186626076698303222656250000
0.0002267305681016296148300170898437500000
0.0002267303643748164176940917968750000000
0.0002267303207190707325935363769531250000
0.0002267302770633250474929809570312500000
0.0002267302479594945907592773437500000000
0.0002267302479594945907592773437500000000
0.0002267302770633250474929809570312500000
0.0002267303061671555042266845703125000000
0.0002267304225824773311614990234375000000
0.0002267306845169514417648315429687500000
0.0002267313539050519466400146484375000000
0.0002267331292387098073959350585937500000
0.0002267374802613630890846252441406250000
0.0002267480158479884266853332519531250000
0.0002267730014864355325698852539062500000
0.0002268307580379769206047058105468750000
0.0002269611577503383159637451171875000000
0.0002272488200105726718902587890625000000
0.0002278691390529274940490722656250000000
0.0002291765995323657989501953125000000000
0.0002318706974619999527931213378906250000
0.0002372991875745356082916259765625000000
0.0002479963004589080810546875000000000000
0.0002686154912225902080535888671875000000
0.0003074970445595681667327880859375000000
0.0003792363859247416257858276367187500000
0.0005087648751214146614074707031250000000
0.0007376581779681146144866943359375000000
0.0011335792951285839080810546875000000000
0.0018040072172880172729492187500000000000
0.0029154999647289514541625976562500000000
0.0047198762185871601104736328125000000000
0.0075883595272898674011230468750000000000
0.0120544908568263053894042968750000000000
0.0188653171062469482421875000000000000000
0.0290395542979240417480468750000000000000
0.0439286455512046813964843750000000000000
0.0652757361531257629394531250000000000000
0.0952632725238800048828125000000000000000
0.1365404278039932250976562500000000000000
0.1922165304422378540039062500000000000000
0.2658117711544036865234375000000000000000
0.3611510396003723144531250000000000000000
0.4822004437446594238281250000000000000000
0.6328397989273071289062500000000000000000
0.8165877461433410644531250000000000000000
1.0362865924835205078125000000000000000000
1.2937842607498168945312500000000000000000
1.5896329879760742187500000000000000000000
1.9228535890579223632812500000000000000000
2.2907850742340087890625000000000000000000
2.6890625953674316406250000000000000000000
3.1117246150970458984375000000000000000000
3.5514650344848632812500000000000000000000
4.0000000000000000000000000000000000000000
3.0000000000000000000000000000000000000000
2.6635959148406982421875000000000000000000
2.3337881565093994140625000000000000000000
2.0167884826660156250000000000000000000000
1.7180773019790649414062500000000000000000
1.4421254396438598632812500000000000000000
1.1922070980072021484375000000000000000000
0.9703170061111450195312500000000000000000
0.7771909236907958984375000000000000000000
0.6124135255813598632812500000000000000000
0.4746001660823822021484375000000000000000
0.3616179823875427246093750000000000000000
0.2708289325237274169921875000000000000000
0.1993224918842315673828125000000000000000
0.1441246867179870605468750000000000000000
0.1023662835359573364257812500000000000000
0.0714075639843940734863281250000000000000
0.0489161387085914611816406250000000000000
0.0329053327441215515136718750000000000000
0.0217381101101636886596679687500000000000
0.0141071882098913192749023437500000000000
0.0089988736435770988464355468750000000000
0.0056491647846996784210205078125000000000
0.0034977186005562543869018554687500000000
0.0021443918813019990921020507812500000000
0.0013107396662235260009765625000000000000
0.0008079024846665561199188232421875000000
0.0005109502235427498817443847656250000000
0.0003392748476471751928329467773437500000
0.0002421248645987361669540405273437500000
0.0001883187360363081097602844238281250000
0.0001591565523995086550712585449218750000
0.0001436917082173749804496765136718750000
0.0001356685970677062869071960449218750000
0.0001315971603617072105407714843750000000
0.0001295764959650114178657531738281250000
0.0001285959006054326891899108886718750000
0.0001281306467717513442039489746093750000
0.0001279148709727451205253601074218750000
0.0001278170675504952669143676757812500000
0.0001277737756026908755302429199218750000
0.0001277550327358767390251159667968750000
0.0001277471164939925074577331542968750000
0.0001277438423130661249160766601562500000
0.0001277425326406955718994140625000000000
0.0001277420087717473506927490234375000000
0.0001277418195968493819236755371093750000
0.0001277417468372732400894165039062500000
0.0001277417177334427833557128906250000000
0.0001277417177334427833557128906250000000
0.0001277417177334427833557128906250000000
0.0001277417322853580117225646972656250000
0.0001277417759411036968231201171875000000
0.0001277418487006798386573791503906250000
0.0001277421251870691776275634765625000000
0.0001277428091270849108695983886718750000
0.0001277445699088275432586669921875000000
0.0001277489063795655965805053710937500000
0.0001277594856219366192817687988281250000
0.0001277844567084684967994689941406250000
0.0001278422132600098848342895507812500000
0.0001279725984204560518264770507812500000
0.0001282602897845208644866943359375000000
0.0001288806233787909150123596191406250000
0.0001301880984101444482803344726562500000
0.0001328823127551004290580749511718750000
0.0001383108901791274547576904296875000000
0.0001490084250690415501594543457031250000
0.0001696282124612480401992797851562500000
0.0002085112500935792922973632812500000000
0.0002802529197651892900466918945312500000
0.0004097866185475140810012817382812500000
0.0006386877503246068954467773437500000000
0.0010346253402531147003173828125000000000
0.0017050774767994880676269531250000000000
0.0028166177216917276382446289062500000000
0.0046210610307753086090087890625000000000
0.0074896672740578651428222656250000000000
0.0119559681043028831481933593750000000000
0.0187670886516571044921875000000000000000
0.0289417058229446411132812500000000000000
0.0438314191997051239013671875000000000000
0.0651792958378791809082031250000000000000
0.0951680541038513183593750000000000000000
0.1364466547966003417968750000000000000000
0.1921249330043792724609375000000000000000
0.2657225728034973144531250000000000000000
0.3610652983188629150390625000000000000000
0.4821183979511260986328125000000000000000
0.6327626705169677734375000000000000000000
0.8165156841278076171875000000000000000000
1.0362210273742675781250000000000000000000
1.2937251329421997070312500000000000000000
1.5895817279815673828125000000000000000000
1.9228098392486572265625000000000000000000
2.2907500267028808593750000000000000000000
2.6890356540679931640625000000000000000000
3.1117069721221923828125000000000000000000
3.5514557361602783203125000000000000000000
4.0000000000000000000000000000000000000000
3.0000000000000000000000000000000000000000
2.6635901927947998046875000000000000000000
2.3337767124176025390625000000000000000000
2.0167713165283203125000000000000000000000
1.7180551290512084960937500000000000000000
1.4420981407165527343750000000000000000000
1.1921751499176025390625000000000000000000
0.9702808856964111328125000000000000000000
0.7771506905555725097656250000000000000000
0.6123702526092529296875000000000000000000
0.4745537638664245605468750000000000000000
0.3615692257881164550781250000000000000000
0.2707780599594116210937500000000000000000
0.1992700845003128051757812500000000000000
0.1440708935260772705078125000000000000000
0.1023115813732147216796875000000000000000
0.0713520497083663940429687500000000000000
0.0488601177930831909179687500000000000000
0.0328488945960998535156250000000000000000
0.0216814149171113967895507812500000000000
0.0140502918511629104614257812500000000000
0.0089418608695268630981445312500000000000
0.0055920635350048542022705078125000000000
0.0034405705519020557403564453125000000000
0.0020872086752206087112426757812500000000
0.0012535385321825742721557617187500000000
0.0007506889523938298225402832031250000000
0.0004537306376732885837554931640625000000
0.0002820512454491108655929565429687500000
0.0001848993706516921520233154296875000000
0.0001310920924879610538482666015625000000
0.0001019293413264676928520202636718750000
0.0000864642279339022934436798095703125000
0.0000784409639891237020492553710937500000
0.0000743694545235484838485717773437500000
0.0000723487828508950769901275634765625000
0.0000713681511115282773971557617187500000
0.0000709028972778469324111938476562500000
0.0000706871142028830945491790771484375000
0.0000705893253325484693050384521484375000
0.0000705460042809136211872100830078125000
0.0000705272759660147130489349365234375000
0.0000705193524481728672981262207031250000
0.0000705160928191617131233215332031250000
0.0000705147758708335459232330322265625000
0.0000705142592778429388999938964843750000
0.0000705140628269873559474945068359375000
0.0000705139900674112141132354736328125000
0.0000705139682395383715629577636718750000
0.0000705139536876231431961059570312500000
0.0000705139609635807573795318603515625000
0.0000705139682395383715629577636718750000
0.0000705140118952840566635131835937500000
0.0000705140992067754268646240234375000000
0.0000705143611412495374679565429687500000
0.0000705150596331804990768432617187500000
0.0000705168058630079030990600585937500000
0.0000705211641616187989711761474609375000
0.0000705317215761169791221618652343750000
0.0000705567072145640850067138671875000000
0.0000706144492141902446746826171875000000
0.0000707448489265516400337219238281250000
0.0000710325402906164526939392089843750000
0.0000716528884368017315864562988281250000
0.0000729603925719857215881347656250000000
0.0000756546214688569307327270507812500000
0.0000810833225841633975505828857421875000
0.0000917809957172721624374389648437500000
0.0001124011832871474325656890869140625000
0.0001512848539277911186218261718750000000
0.0002230280369985848665237426757812500000
0.0003525640349835157394409179687500000000
0.0005814702599309384822845458984375000000
0.0009774153586477041244506835937500000000
0.0016478828620165586471557617187500000000
0.0027594452258199453353881835937500000000
0.0045639313757419586181640625000000000000
0.0074325962923467159271240234375000000000
0.0118990037590265274047851562500000000000
0.0187102649360895156860351562500000000000
0.0288851242512464523315429687500000000000
0.0437751449644565582275390625000000000000
0.0651235133409500122070312500000000000000
0.0951128602027893066406250000000000000000
0.1363923847675323486328125000000000000000
0.1920717060565948486328125000000000000000
0.2656709253787994384765625000000000000000
0.3610153496265411376953125000000000000000
0.4820707440376281738281250000000000000000
0.6327175498008728027343750000000000000000
0.8164739012718200683593750000000000000000
1.0361825227737426757812500000000000000000
1.2936906814575195312500000000000000000000
1.5895512104034423828125000000000000000000
1.9227843284606933593750000000000000000000
2.2907290458679199218750000000000000000000
2.6890201568603515625000000000000000000000
3.1116962432861328125000000000000000000000
3.5514504909515380859375000000000000000000
4.0000000000000000000000000000000000000000
3.0000000000000000000000000000000000000000
2.6635868549346923828125000000000000000000
2.3337700366973876953125000000000000000000
2.0167617797851562500000000000000000000000
1.7180423736572265625000000000000000000000
1.4420826435089111328125000000000000000000
1.1921567916870117187500000000000000000000
0.9702600240707397460937500000000000000000
0.7771279215812683105468750000000000000000
0.6123453378677368164062500000000000000000
0.4745274186134338378906250000000000000000
0.3615414798259735107421875000000000000000
0.2707492113113403320312500000000000000000
0.1992402970790863037109375000000000000000
0.1440404355525970458984375000000000000000
0.1022805273532867431640625000000000000000
0.0713206306099891662597656250000000000000
0.0488283708691596984863281250000000000000
0.0328169502317905426025390625000000000000
0.0216493085026741027832031250000000000000
0.0140180932357907295227050781250000000000
0.0089095877483487129211425781250000000000
0.0055597508326172828674316406250000000000
0.0034082266502082347869873046875000000000
0.0020548487082123756408691406250000000000
0.0012211675057187676429748535156250000000
0.0007183121051639318466186523437500000000
0.0004213500360492616891860961914062500000
0.0002496688393875956535339355468750000000
0.0001525158149888738989830017089843750000
0.0000987079838523641228675842285156250000
0.0000695449271006509661674499511718750000
0.0000540796609129756689071655273437500000
0.0000460563314845785498619079589843750000
0.0000419847856392152607440948486328125000
0.0000399640921386890113353729248046875000
0.0000389834640373010188341140747070312500
0.0000385181920137256383895874023437500000
0.0000383024198526982218027114868164062500
0.0000382046200684271752834320068359375000
0.0000381613099307287484407424926757812500
0.0000381425743398722261190414428710937500
0.0000381346617359668016433715820312500000
0.0000381313948309980332851409912109375000
0.0000381300778826698660850524902343750000
0.0000381295612896792590618133544921875000
0.0000381293612008448690176010131835937500
0.0000381292884412687271833419799804687500
0.0000381292629754170775413513183593750000
0.0000381292593374382704496383666992187500
0.0000381292556994594633579254150390625000
0.0000381292702513746917247772216796875000
0.0000381293066311627626419067382812500000
0.0000381293975806329399347305297851562500
0.0000381296631530858576297760009765625000
0.0000381303507310803979635238647460937500
0.0000381321078748442232608795166015625000
0.0000381364625354763120412826538085937500
0.0000381470199499744921922683715820312500
0.0000381719983124639838933944702148437500
0.0000382297475880477577447891235351562500
0.0000383601400244515389204025268554687500
0.0000386478423024527728557586669921875000
0.0000392681940866168588399887084960937500
0.0000405757018597796559333801269531250000
0.0000432699671364389359951019287109375000
0.0000486986900796182453632354736328125000
0.0000593964832660276442766189575195312500
0.0000800168272689916193485260009765625000
0.0001189009344670921564102172851562500000
0.0001906447432702407240867614746093750000
0.0003201822401024401187896728515625000000
0.0005490906769409775733947753906250000000
0.0009450406068935990333557128906250000000
0.0016155148623511195182800292968750000000
0.0027270913124084472656250000000000000000
0.0045315967872738838195800781250000000000
0.0074002984911203384399414062500000000000
0.0118667557835578918457031250000000000000
0.0186781045049428939819335937500000000000
0.0288530755788087844848632812500000000000
0.0437432900071144104003906250000000000000
0.0650918930768966674804687500000000000000
0.0950816273689270019531250000000000000000
0.1363615691661834716796875000000000000000
0.1920415461063385009765625000000000000000
0.2656415402889251708984375000000000000000
0.3609870076179504394531250000000000000000
0.4820436239242553710937500000000000000000
0.6326919794082641601562500000000000000000
0.8164498209953308105468750000000000000000
1.0361605882644653320312500000000000000000
1.2936708927154541015625000000000000000000
1.5895340442657470703125000000000000000000
1.9227694272994995117187500000000000000000
2.2907171249389648437500000000000000000000
2.6890110969543457031250000000000000000000
3.1116905212402343750000000000000000000000
3.5514473915100097656250000000000000000000
4.0000000000000000000000000000000000000000
3.0000000000000000000000000000000000000000
2.6635849475860595703125000000000000000000
2.3337664604187011718750000000000000000000
2.0167560577392578125000000000000000000000
1.7180351018905639648437500000000000000000
1.4420738220214843750000000000000000000000
1.1921465396881103515625000000000000000000
0.9702485799789428710937500000000000000000
0.7771151065826416015625000000000000000000
0.6123316287994384765625000000000000000000
0.4745127260684967041015625000000000000000
0.3615260720252990722656250000000000000000
0.2707331776618957519531250000000000000000
0.1992237567901611328125000000000000000000
0.1440235078334808349609375000000000000000
0.1022633388638496398925781250000000000000
0.0713031888008117675781250000000000000000
0.0488107874989509582519531250000000000000
0.0327992364764213562011718750000000000000
0.0216315276920795440673828125000000000000
0.0140002518892288208007812500000000000000
0.0088917138054966926574707031250000000000
0.0055418498814105987548828125000000000000
0.0033903124276548624038696289062500000000
0.0020369251724332571029663085937500000000
0.0012032386148348450660705566406250000000
0.0007003799546509981155395507812500000000
0.0004034161102026700973510742187500000000
0.0002317338221473619341850280761718750000
0.0001345802738796919584274291992187500000
0.0000807721371529623866081237792968750000
0.0000516089276061393320560455322265625000
0.0000361435995728243142366409301757812500
0.0000281202228507027029991149902343750000
0.0000240486588154453784227371215820312500
0.0000220279562199721112847328186035156250
0.0000210473190236371010541915893554687500
0.0000205820542760193347930908203125000000
0.0000203662802960025146603584289550781250
0.0000202684823307208716869354248046875000
0.0000202251721930224448442459106445312500
0.0000202064347831765189766883850097656250
0.0000201985167223028838634490966796875000
0.0000201952498173341155052185058593750000
0.0000201939365069847553968429565429687500
0.0000201934180950047448277473449707031250
0.0000201932198251597583293914794921875000
0.0000201931434276048094034194946289062500
0.0000201931215997319668531417846679687500
0.0000201931125047849491238594055175781250
0.0000201931143237743526697158813476562500
0.0000201931252377107739448547363281250000
0.0000201931616174988448619842529296875000
0.0000201932562049478292465209960937500000
0.0000201935217774007469415664672851562500
0.0000201942111743846908211708068847656250
0.0000201959664991591125726699829101562500
0.0000202003211597912013530731201171875000
0.0000202108785742893815040588378906250000
0.0000202358605747576802968978881835937500
0.0000202936062123626470565795898437500000
0.0000204240041057346388697624206542968750
0.0000207117027457570657134056091308593750
0.0000213320581678999587893486022949218750
0.0000226395713980309665203094482421875000
0.0000253338403126690536737442016601562500
0.0000307625959976576268672943115234375000
0.0000414604255638550966978073120117187500
0.0000620808859821408987045288085937500000
0.0001009651532513089478015899658203125000
0.0001727093767840415239334106445312500000
0.0003022474702447652816772460937500000000
0.0005311573040671646595001220703125000000
0.0009271092130802571773529052734375000000
0.0015975879505276679992675781250000000000
0.0027091703377664089202880859375000000000
0.0045136874541640281677246093750000000000
0.0073824059218168258666992187500000000000
0.0118488920852541923522949218750000000000
0.0186602808535099029541015625000000000000
0.0288353227078914642333984375000000000000
0.0437256209552288055419921875000000000000
0.0650743693113327026367187500000000000000
0.0950642675161361694335937500000000000000
0.1363445073366165161132812500000000000000
0.1920247972011566162109375000000000000000
0.2656251788139343261718750000000000000000
0.3609712123870849609375000000000000000000
0.4820284843444824218750000000000000000000
0.6326776146888732910156250000000000000000
0.8164364695549011230468750000000000000000
1.0361481904983520507812500000000000000000
1.2936599254608154296875000000000000000000
1.5895242691040039062500000000000000000000
1.9227612018585205078125000000000000000000
2.2907102108001708984375000000000000000000
2.6890060901641845703125000000000000000000
3.1116867065429687500000000000000000000000
3.5514459609985351562500000000000000000000
4.0000000000000000000000000000000000000000
3.0000000000000000000000000000000000000000
2.6635837554931640625000000000000000000000
2.3337640762329101562500000000000000000000
2.0167531967163085937500000000000000000000
1.7180311679840087890625000000000000000000
1.4420690536499023437500000000000000000000
1.1921409368515014648437500000000000000000
0.9702422022819519042968750000000000000000
0.7771081924438476562500000000000000000000
0.6123241186141967773437500000000000000000
0.4745047688484191894531250000000000000000
0.3615176677703857421875000000000000000000
0.2707244753837585449218750000000000000000
0.1992147862911224365234375000000000000000
0.1440143436193466186523437500000000000000
0.1022539958357810974121093750000000000000
0.0712937340140342712402343750000000000000
0.0488012433052062988281250000000000000000
0.0327896401286125183105468750000000000000
0.0216218829154968261718750000000000000000
0.0139905828982591629028320312500000000000
0.0088820215314626693725585937500000000000
0.0055321482941508293151855468750000000000
0.0033806022256612777709960937500000000000
0.0020272105466574430465698242187500000000
0.0011935211950913071632385253906250000000
0.0006906608468852937221527099609375000000
0.0003936960711143910884857177734375000000
0.0002220132737420499324798583984375000000
0.0001248594489879906177520751953125000000
0.0000710511594661511480808258056640625000
0.0000418878917116671800613403320312500000
0.0000264225127466488629579544067382812500
0.0000183991232916014268994331359863281250
0.0000143275501613970845937728881835937500
0.0000123068430184503085911273956298828125
0.0000113262067316100001335144042968750000
0.0000108609401650028303265571594238281250
0.0000106451643659966066479682922363281250
0.0000105473673102096654474735260009765625
0.0000105040562630165368318557739257812500
0.0000104853197626653127372264862060546875
0.0000104774017017916776239871978759765625
0.0000104741375253070145845413208007812500
0.0000104728205769788473844528198242187500
0.0000104723039839882403612136840820312500
0.0000104721048046485520899295806884765625
0.0000104720311355777084827423095703125000
0.0000104720038507366552948951721191406250
0.0000104719965747790411114692687988281250
0.0000104719974842737428843975067138671875
0.0000104720093077048659324645996093750000
0.0000104720447779982350766658782958984375
0.0000104721430034260265529155731201171875
0.0000104724067568895407021045684814453125
0.0000104730979728628881275653839111328125
0.0000104748505691532045602798461914062500
0.0000104792070487746968865394592285156250
0.0000104897626442834734916687011718750000
0.0000105147455542464740574359893798828125
0.0000105724930108408443629741668701171875
0.0000107028899947181344032287597656250000
0.0000109905904537299647927284240722656250
0.0000116109458758728578686714172363281250
0.0000129184600154985673725605010986328125
0.0000156127371155889704823493957519531250
0.0000210414982575457543134689331054687500
0.0000317393569275736808776855468750000000
0.0000523598537256475538015365600585937500
0.0000912442264962010085582733154296875000
0.0001629886101000010967254638671875000000
0.0002925270819105207920074462890625000000
0.0005214374978095293045043945312500000000
0.0009173906873911619186401367187500000000
0.0015878711128607392311096191406250000000
0.0026994571089744567871093750000000000000
0.0045039798133075237274169921875000000000
0.0073727080598473548889160156250000000000
0.0118392081931233406066894531250000000000
0.0186506211757659912109375000000000000000
0.0288256946951150894165039062500000000000
0.0437160432338714599609375000000000000000
0.0650648623704910278320312500000000000000
0.0950548648834228515625000000000000000000
0.1363352239131927490234375000000000000000
0.1920157074928283691406250000000000000000
0.2656163275241851806640625000000000000000
0.3609625995159149169921875000000000000000
0.4820202589035034179687500000000000000000
0.6326698064804077148437500000000000000000
0.8164291977882385253906250000000000000000
1.0361415147781372070312500000000000000000
1.2936537265777587890625000000000000000000
1.5895190238952636718750000000000000000000
1.9227566719055175781250000000000000000000
2.2907066345214843750000000000000000000000
2.6890029907226562500000000000000000000000
3.1116847991943359375000000000000000000000
3.5514450073242187500000000000000000000000
4.0000000000000000000000000000000000000000
3.0000000000000000000000000000000000000000
2.6635832786560058593750000000000000000000
2.3337633609771728515625000000000000000000
2.0167515277862548828125000000000000000000
1.7180290222167968750000000000000000000000
1.4420664310455322265625000000000000000000
1.1921379566192626953125000000000000000000
0.9702389240264892578125000000000000000000
0.7771044373512268066406250000000000000000
0.6123201847076416015625000000000000000000
0.4745004773139953613281250000000000000000
0.3615131974220275878906250000000000000000
0.2707198262214660644531250000000000000000
0.1992100179195404052734375000000000000000
0.1440094560384750366210937500000000000000
0.1022490411996841430664062500000000000000
0.0712887197732925415039062500000000000000
0.0487961843609809875488281250000000000000
0.0327845476567745208740234375000000000000
0.0216167680919170379638671875000000000000
0.0139854494482278823852539062500000000000
0.0088768834248185157775878906250000000000
0.0055270018056035041809082031250000000000
0.0033754524774849414825439453125000000000
0.0020220587030053138732910156250000000000
0.0011883678380399942398071289062500000000
0.0006855067331343889236450195312500000000
0.0003885414625983685255050659179687500000
0.0002168584323953837156295776367187500000
0.0001197044548462145030498504638671875000
0.0000658960998407565057277679443359375000
0.0000367327811545692384243011474609375000
0.0000212673949135933071374893188476562500
0.0000132439927256200462579727172851562500
0.0000091724159574368968605995178222656250
0.0000071517079049954190850257873535156250
0.0000061710697991657070815563201904296875
0.0000057058036873058881610631942749023438
0.0000054900274335523135960102081298828125
0.0000053922303777653723955154418945312500
0.0000053489197853195946663618087768554688
0.0000053301828302210196852684020996093750
0.0000053222656788420863449573516845703125
0.0000053189992286206688731908798217773438
0.0000053176840992819052189588546752929688
0.0000053171665967965964227914810180664062
0.0000053169683269516099244356155395507812
0.0000053168946578807663172483444213867188
0.0000053168673730397131294012069702148438
0.0000053168600970820989459753036499023438
0.0000053168600970820989459753036499023438
0.0000053168719205132219940423965454101562
0.0000053169078455539420247077941894531250
0.0000053170069804764352738857269287109375
0.0000053172707339399494230747222900390625
0.0000053179605856712441891431808471679688
0.0000053197154556983150541782379150390625
0.0000053240701163304038345813751220703125
0.0000053346261665865313261747360229492188
0.0000053596090765495318919420242309570312
0.0000054173565331439021974802017211914062
0.0000055477535170211922377347946166992188
0.0000058354544307803735136985778808593750
0.0000064558084886812139302492141723632812
0.0000077633258115383796393871307373046875
0.0000104576038211234845221042633056640625
0.0000158863731485325843095779418945312500
0.0000265842390945181250572204589843750000
0.0000472047649964224547147750854492187500
0.0000860891814227215945720672607421875000
0.0001578336668899282813072204589843750000
0.0002873723278753459453582763671875000000
0.0005162830348126590251922607421875000000
0.0009122366318479180335998535156250000000
0.0015827182214707136154174804687500000000
0.0026943059638142585754394531250000000000
0.0044988314621150493621826171875000000000
0.0073675643652677536010742187500000000000
0.0118340719491243362426757812500000000000
0.0186454951763153076171875000000000000000
0.0288205854594707489013671875000000000000
0.0437109619379043579101562500000000000000
0.0650598108768463134765625000000000000000
0.0950498580932617187500000000000000000000
0.1363302916288375854492187500000000000000
0.1920108497142791748046875000000000000000
0.2656115889549255371093750000000000000000
0.3609580397605895996093750000000000000000
0.4820158779621124267578125000000000000000
0.6326656341552734375000000000000000000000
0.8164252042770385742187500000000000000000
1.0361378192901611328125000000000000000000
1.2936503887176513671875000000000000000000
1.5895160436630249023437500000000000000000
1.9227542877197265625000000000000000000000
2.2907042503356933593750000000000000000000
2.6890015602111816406250000000000000000000
3.1116838455200195312500000000000000000000
3.5514442920684814453125000000000000000000
4.0000000000000000000000000000000000000000
3.0000000000000000000000000000000000000000
2.6635832786560058593750000000000000000000
2.3337624073028564453125000000000000000000
2.0167508125305175781250000000000000000000
1.7180280685424804687500000000000000000000
1.4420650005340576171875000000000000000000
1.1921364068984985351562500000000000000000
0.9702371358871459960937500000000000000000
0.7771025300025939941406250000000000000000
0.6123180389404296875000000000000000000000
0.4744982719421386718750000000000000000000
0.3615108728408813476562500000000000000000
0.2707174420356750488281250000000000000000
0.1992075443267822265625000000000000000000
0.1440069377422332763671875000000000000000
0.1022464632987976074218750000000000000000
0.0712861195206642150878906250000000000000
0.0487935543060302734375000000000000000000
0.0327819027006626129150390625000000000000
0.0216141119599342346191406250000000000000
0.0139827867969870567321777343750000000000
0.0088742151856422424316406250000000000000
0.0055243321694433689117431640625000000000
0.0033727807458490133285522460937500000000
0.0020193855743855237960815429687500000000
0.0011856942437589168548583984375000000000
0.0006828327313996851444244384765625000000
0.0003858672571368515491485595703125000000
0.0002141840814147144556045532226562500000
0.0001170300529338419437408447265625000000
0.0000632216542726382613182067871093750000
0.0000340583319484721869230270385742187500
0.0000185929293365916237235069274902343750
0.0000105695271486183628439903259277343750
0.0000064979481066984590142965316772460938
0.0000044772386900149285793304443359375000
0.0000034966008115588920190930366516113281
0.0000030313340175780467689037322998046875
0.0000028155586733191739767789840698242188
0.0000027177607080375310033559799194335938
0.0000026744503429654287174344062805175781
0.0000026557133878668537363409996032714844
0.0000026477964638615958392620086669921875
0.0000026445300136401783674955368041992188
0.0000026432139748067129403352737426757812
0.0000026426969270687550306320190429687500
0.0000026424986572237685322761535644531250
0.0000026424245334055740386247634887695312
0.0000026423981580592226237058639526367188
0.0000026423897452332312241196632385253906
0.0000026423908821016084402799606323242188
0.0000026424027055327314883470535278320312
0.0000026424381758261006325483322143554688
0.0000026425373107485938817262649536132812
0.0000026428015189594589173793792724609375
0.0000026434911433170782402157783508300781
0.0000026452453312231227755546569824218750
0.0000026496009013499133288860321044921875
0.0000026601569516060408204793930053710938
0.0000026851396341953659430146217346191406
0.0000027428870907897362485527992248535156
0.0000028732836199196754023432731628417969
0.0000031609847610525321215391159057617188
0.0000037813401831954251974821090698242188
0.0000050888575060525909066200256347656250
0.0000077831364251323975622653961181640625
0.0000132119075715309008955955505371093750
0.0000239097789744846522808074951171875000
0.0000445303194283042103052139282226562500
0.0000834147504065185785293579101562500000
0.0001551592868054285645484924316406250000
0.0002846979768946766853332519531250000000
0.0005136088584549725055694580078125000000
0.0009095628047361969947814941406250000000
0.0015800447436049580574035644531250000000
0.0026916333008557558059692382812500000000
0.0044961599633097648620605468750000000000
0.0073648951947689056396484375000000000000
0.0118314065039157867431640625000000000000
0.0186428353190422058105468750000000000000
0.0288179330527782440185546875000000000000
0.0437083244323730468750000000000000000000
0.0650571882724761962890625000000000000000
0.0950472727417945861816406250000000000000
0.1363277137279510498046875000000000000000
0.1920083463191986083984375000000000000000
0.2656091451644897460937500000000000000000
0.3609556555747985839843750000000000000000
0.4820135831832885742187500000000000000000
0.6326634287834167480468750000000000000000
0.8164231777191162109375000000000000000000
1.0361359119415283203125000000000000000000
1.2936488389968872070312500000000000000000
1.5895146131515502929687500000000000000000
1.9227528572082519531250000000000000000000
2.2907035350799560546875000000000000000000
2.6890006065368652343750000000000000000000
3.1116833686828613281250000000000000000000
3.5514442920684814453125000000000000000000
4.0000000000000000000000000000000000000000
3.0000000000000000000000000000000000000000
2.6635828018188476562500000000000000000000
2.3337624073028564453125000000000000000000
2.0167503356933593750000000000000000000000
1.7180274724960327148437500000000000000000
1.4420644044876098632812500000000000000000
1.1921355724334716796875000000000000000000
0.9702361822128295898437500000000000000000
0.7771016359329223632812500000000000000000
0.6123169660568237304687500000000000000000
0.4744971394538879394531250000000000000000
0.3615096807479858398437500000000000000000
0.2707161903381347656250000000000000000000
0.1992062777280807495117187500000000000000
0.1440056264400482177734375000000000000000
0.1022451519966125488281250000000000000000
0.0712847933173179626464843750000000000000
0.0487922206521034240722656250000000000000
0.0327805615961551666259765625000000000000
0.0216127634048461914062500000000000000000
0.0139814373105764389038085937500000000000
0.0088728619739413261413574218750000000000
0.0055229770950973033905029296875000000000
0.0033714247401803731918334960937500000000
0.0020180293358862400054931640625000000000
0.0011843375395983457565307617187500000000
0.0006814757944084703922271728515625000000
0.0003845101455226540565490722656250000000
0.0002128269552486017346382141113281250000
0.0001156728831119835376739501953125000000
0.0000618644844507798552513122558593750000
0.0000327011439367197453975677490234375000
0.0000172357395058497786521911621093750000
0.0000092123354988871142268180847167968750
0.0000051407555474725086241960525512695312
0.0000031200456760416273027658462524414062
0.0000021394073428382398560643196105957031
0.0000016741408899179077707231044769287109
0.0000014583650909116840921342372894287109
0.0000013605674666905542835593223571777344
0.0000013172569879316142760217189788818359
0.0000012985198054593638516962528228759766
0.0000012906029951409436762332916259765625
0.0000012873363175458507612347602844238281
0.0000012860207334597362205386161804199219
0.0000012855034583481028676033020019531250
0.0000012853051885031163692474365234375000
0.0000012852311783717595972120761871337891
0.0000012852043482780572958290576934814453
0.0000012851965038862545043230056762695312
0.0000012851974133809562772512435913085938
0.0000012852091231252416037023067474365234
0.0000012852449344791239127516746520996094
0.0000012853438420279417186975479125976562
0.0000012856081639256444759666919708251953
0.0000012862977882832637988030910491943359
0.0000012880520898761460557579994201660156
0.0000012924073189424234442412853240966797
0.0000013029634828853886574506759643554688
0.0000013279463928483892232179641723632812
0.0000013856935083822463639080524444580078
0.0000015160903785726986825466156005859375
0.0000018037914060187176801264286041259766
0.0000024241467144747730344533920288085938
0.0000037316649468266405165195465087890625
0.0000064259447754011489450931549072265625
0.0000118547159217996522784233093261718750
0.0000225525909627322107553482055664062500
0.0000431731314165517687797546386718750000
0.0000820575805846601724624633789062500000
0.0001538021315354853868484497070312500000
0.0002833408652804791927337646484375000000
0.0005122518050484359264373779296875000000
0.0009082058677449822425842285156250000000
0.0015786881558597087860107421875000000000
0.0026902770623564720153808593750000000000
0.0044948044233024120330810546875000000000
0.0073635405860841274261474609375000000000
0.0118300532922148704528808593750000000000
0.0186414867639541625976562500000000000000
0.0288165882229804992675781250000000000000
0.0437069796025753021240234375000000000000
0.0650558620691299438476562500000000000000
0.0950459465384483337402343750000000000000
0.1363264322280883789062500000000000000000
0.1920070648193359375000000000000000000000
0.2656078934669494628906250000000000000000
0.3609544634819030761718750000000000000000
0.4820124506950378417968750000000000000000
0.6326623558998107910156250000000000000000
0.8164221048355102539062500000000000000000
1.0361349582672119140625000000000000000000
1.2936478853225708007812500000000000000000
1.5895137786865234375000000000000000000000
1.9227521419525146484375000000000000000000
2.2907028198242187500000000000000000000000
2.6890003681182861328125000000000000000000
3.1116828918457031250000000000000000000000
3.5514440536499023437500000000000000000000
4.0000000000000000000000000000000000000000
3.0000000000000000000000000000000000000000
2.6635828018188476562500000000000000000000
2.3337621688842773437500000000000000000000
2.0167500972747802734375000000000000000000
1.7180271148681640625000000000000000000000
1.4420640468597412109375000000000000000000
1.1921350955963134765625000000000000000000
0.9702357053756713867187500000000000000000
0.7771010398864746093750000000000000000000
0.6123164892196655273437500000000000000000
0.4744965434074401855468750000000000000000
0.3615090847015380859375000000000000000000
0.2707155644893646240234375000000000000000
0.1992056518793106079101562500000000000000
0.1440049856901168823242187500000000000000
0.1022444963455200195312500000000000000000
0.0712841302156448364257812500000000000000
0.0487915575504302978515625000000000000000
0.0327798947691917419433593750000000000000
0.0216120947152376174926757812500000000000
0.0139807648956775665283203125000000000000
0.0088721904903650283813476562500000000000
0.0055223046801984310150146484375000000000
0.0033707520924508571624755859375000000000
0.0020173559896647930145263671875000000000
0.0011836640769615769386291503906250000000
0.0006808022735640406608581542968750000000
0.0003838366828858852386474609375000000000
0.0002121534198522567749023437500000000000
0.0001149993331637233495712280273437500000
0.0000611909199506044387817382812500000000
0.0000320275794365443289279937744140625000
0.0000165621713676955550909042358398437500
0.0000085387655417434871196746826171875000
0.0000044671855903288815170526504516601562
0.0000024464759462716756388545036315917969
0.0000014658371583209373056888580322265625
0.0000010005707054006052203476428985595703
0.0000007847950200812192633748054504394531
0.0000006869972821732517331838607788085938
0.0000006436869171011494472622871398925781
0.0000006249498483157367445528507232666016
0.0000006170326969368034042418003082275391
0.0000006137662467153859324753284454345703
0.0000006124504920990148093551397323608398
0.0000006119333875176380388438701629638672
0.0000006117350608292326796799898147583008
0.0000006116609938544570468366146087646484
0.0000006116344479778490494936704635620117
0.0000006116262625255330931395292282104492
0.0000006116273993939103092998266220092773
0.0000006116391091381956357508897781372070
0.0000006116748636486590839922428131103516
0.0000006117737143540580291301012039184570
0.0000006120381499385985080152750015258789
0.0000006127277742962178308516740798950195
0.0000006144819053588435053825378417968750
0.0000006188373049553774762898683547973633
0.0000006293934120549238286912441253662109
0.0000006543762651745055336505174636840820
0.0000007121234375517815351486206054687500
0.0000008425202508988149929791688919067383
0.0000011302213351882528513669967651367188
0.0000017505767573311459273099899291992188
0.0000030580949896830134093761444091796875
0.0000057523748182575218379497528076171875
0.0000111811468741507269442081451416015625
0.0000218790228245779871940612792968750000
0.0000424995669163763523101806640625000000
0.0000813840233604423701763153076171875000
0.0001531285815872251987457275390625000000
0.0002826673444360494613647460937500000000
0.0005115782842040061950683593750000000000
0.0009075325215235352516174316406250000000
0.0015780146932229399681091308593750000000
0.0026896041817963123321533203125000000000
0.0044941315427422523498535156250000000000
0.0073628677055239677429199218750000000000
0.0118293818086385726928710937500000000000
0.0186408162117004394531250000000000000000
0.0288159195333719253540039062500000000000
0.0437063165009021759033203125000000000000
0.0650551989674568176269531250000000000000
0.0950452983379364013671875000000000000000
0.1363257765769958496093750000000000000000
0.1920064389705657958984375000000000000000
0.2656072676181793212890625000000000000000
0.3609538674354553222656250000000000000000
0.4820118546485900878906250000000000000000
0.6326617598533630371093750000000000000000
0.8164216279983520507812500000000000000000
1.0361344814300537109375000000000000000000
1.2936475276947021484375000000000000000000
1.5895133018493652343750000000000000000000
1.9227519035339355468750000000000000000000
2.2907028198242187500000000000000000000000
2.6890001296997070312500000000000000000000
3.1116828918457031250000000000000000000000
3.5514435768127441406250000000000000000000
4.0000000000000000000000000000000000000000
3.0000000000000000000000000000000000000000
2.6635828018188476562500000000000000000000
2.3337621688842773437500000000000000000000
2.0167498588562011718750000000000000000000
1.7180269956588745117187500000000000000000
1.4420638084411621093750000000000000000000
1.1921348571777343750000000000000000000000
0.9702354669570922851562500000000000000000
0.7771008610725402832031250000000000000000
0.6123161911964416503906250000000000000000
0.4744963049888610839843750000000000000000
0.3615087866783142089843750000000000000000
0.2707152962684631347656250000000000000000
0.1992053389549255371093750000000000000000
0.1440046876668930053710937500000000000000
0.1022441834211349487304687500000000000000
0.0712838172912597656250000000000000000000
0.0487912371754646301269531250000000000000
0.0327795706689357757568359375000000000000
0.0216117687523365020751953125000000000000
0.0139804398640990257263183593750000000000
0.0088718635961413383483886718750000000000
0.0055219777859747409820556640625000000000
0.0033704254310578107833862304687500000000
0.0020170293282717466354370117187500000000
0.0011833372991532087326049804687500000000
0.0006804754375480115413665771484375000000
0.0003835098177660256624221801757812500000
0.0002118265547323971986770629882812500000
0.0001146724607679061591625213623046875000
0.0000608640402788296341896057128906250000
0.0000317006997647695243358612060546875000
0.0000162352935149101540446281433105468750
0.0000082118858699686825275421142578125000
0.0000041403063733014278113842010498046875
0.0000021195962744968710467219352722167969
0.0000011389577139198081567883491516113281
0.0000006736911473126383498311042785644531
0.0000004579153767281241016462445259094238
0.0000003601177525069942930713295936584473
0.0000003168073590131825767457485198974609
0.0000002980702049626415828242897987365723
0.0000002901531956922553945332765579223633
0.0000002868866602057096315547823905944824
0.0000002855709908544667996466159820556641
0.0000002850537725862523075193166732788086
0.0000002848554458978469483554363250732422
0.0000002847814073447807459160685539245605
0.0000002847548046247538877651095390319824
0.0000002847467044375662226229906082153320
0.0000002847477560408151475712656974792480
0.0000002847595226285193348303437232971191
0.0000002847952487172733526676893234252930
0.0000002848940710009628674015402793884277
0.0000002851585918506316374987363815307617
0.0000002858481309431226691231131553649902
0.0000002876024041142954956740140914916992
0.0000002919576900239917449653148651123047
0.0000003025138539669569581747055053710938
0.0000003274966502431198023259639739990234
0.0000003852438510421052342280745506286621
0.0000005156407496542669832706451416015625
0.0000008033417202568671200424432754516602
0.0000014236970855563413351774215698242188
0.0000027312153179082088172435760498046875
0.0000054254951464827172458171844482421875
0.0000108542681118706241250038146972656250
0.0000215521431528031826019287109375000000
0.0000421726872446015477180480957031250000
0.0000810571436886675655841827392578125000
0.0001528017019154503941535949707031250000
0.0002823404793161898851394653320312500000
0.0005112515063956379890441894531250000000
0.0009072056272998452186584472656250000000
0.0015776880318298935890197753906250000000
0.0026892772875726222991943359375000000000
0.0044938051141798496246337890625000000000
0.0073625417426228523254394531250000000000
0.0118290549144148826599121093750000000000
0.0186404921114444732666015625000000000000
0.0288155935704708099365234375000000000000
0.0437059924006462097167968750000000000000
0.0650548711419105529785156250000000000000
0.0950449705123901367187500000000000000000
0.1363254636526107788085937500000000000000
0.1920061111450195312500000000000000000000
0.2656069993972778320312500000000000000000
0.3609535694122314453125000000000000000000
0.4820115864276885986328125000000000000000
0.6326614618301391601562500000000000000000
0.8164213895797729492187500000000000000000
1.0361342430114746093750000000000000000000
1.2936471700668334960937500000000000000000
1.5895130634307861328125000000000000000000
1.9227517843246459960937500000000000000000
2.2907025814056396484375000000000000000000
2.6890001296997070312500000000000000000000
3.1116828918457031250000000000000000000000
3.5514435768127441406250000000000000000000
4.0000000000000000000000000000000000000000
3.0000000000000000000000000000000000000000
2.6635828018188476562500000000000000000000
2.3337621688842773437500000000000000000000
2.0167498588562011718750000000000000000000
1.7180268764495849609375000000000000000000
1.4420638084411621093750000000000000000000
1.1921348571777343750000000000000000000000
0.9702354669570922851562500000000000000000
0.7771006822586059570312500000000000000000
0.6123160719871520996093750000000000000000
0.4744961857795715332031250000000000000000
0.3615086674690246582031250000000000000000
0.2707151472568511962890625000000000000000
0.1992051899433135986328125000000000000000
0.1440045237541198730468750000000000000000
0.1022440344095230102539062500000000000000
0.0712836608290672302246093750000000000000
0.0487910844385623931884765625000000000000
0.0327794142067432403564453125000000000000
0.0216116160154342651367187500000000000000
0.0139802843332290649414062500000000000000
0.0088717089965939521789550781250000000000
0.0055218236520886421203613281250000000000
0.0033702703658491373062133789062500000000
0.0020168742630630731582641601562500000000
0.0011831822339445352554321289062500000000
0.0006803203723393380641937255859375000000
0.0003833547816611826419830322265625000000
0.0002116714749718084931373596191406250000
0.0001145173737313598394393920898437500000
0.0000607089532422833144664764404296875000
0.0000315456127282232046127319335937500000
0.0000160802046593744307756423950195312500
0.0000080567970144329592585563659667968750
0.0000039852175177657045423984527587890625
0.0000019645076463348232209682464599609375
0.0000009838688583840848878026008605957031
0.0000005186022917769150808453559875488281
0.0000003028265211924008326604962348937988
0.0000002050288969712710240855813026428223
0.0000001617184892666045925579965114593506
0.0000001429813636377730290405452251434326
0.0000001350642833131132647395133972167969
0.0000001317977904591316473670303821563721
0.0000001304821211078888154588639736175537
0.0000001299649454722384689375758171081543
0.0000001297666045729783945716917514801025
0.0000001296925375982027617283165454864502
0.0000001296659632998853339813649654388428
0.0000001296578204801335232332348823547363
0.0000001296589431376560241915285587310791
0.0000001296706528819413506425917148590088
0.0000001297063931815500836819410324096680
0.0000001298052296760943136177957057952881
0.0000001300696936823442229069769382476807
0.0000001307592896182541153393685817718506
0.0000001325135059460080810822546482086182
0.0000001368688344882684759795665740966797
0.0000001474249557986695435829460620880127
0.0000001724077947073965333402156829833984
0.0000002301549955063819652423262596130371
0.0000003605518372751248534768819808959961
0.0000006482529215645627118647098541259766
0.0000012686082300206180661916732788085938
0.0000025761262349988101050257682800292969
0.0000052704062909469939768314361572265625
0.0000106991792563349008560180664062500000
0.0000213970561162568628787994384765625000
0.0000420176002080552279949188232421875000
0.0000809020493761636316776275634765625000
0.0001526466221548616886138916015625000000
0.0002821853850036859512329101562500000000
0.0005110963829793035984039306640625000000
0.0009070506202988326549530029296875000000
0.0015775330830365419387817382812500000000
0.0026891222223639488220214843750000000000
0.0044936500489711761474609375000000000000
0.0073623862117528915405273437500000000000
0.0118289021775126457214355468750000000000
0.0186403356492519378662109375000000000000
0.0288154445588588714599609375000000000000
0.0437058396637439727783203125000000000000
0.0650547221302986145019531250000000000000
0.0950448215007781982421875000000000000000
0.1363252997398376464843750000000000000000
0.1920059621334075927734375000000000000000
0.2656068205833435058593750000000000000000
0.3609534204006195068359375000000000000000
0.4820113778114318847656250000000000000000
0.6326613426208496093750000000000000000000
0.8164211511611938476562500000000000000000
1.0361341238021850585937500000000000000000
1.2936470508575439453125000000000000000000
1.5895130634307861328125000000000000000000
1.9227516651153564453125000000000000000000
2.2907025814056396484375000000000000000000
2.6890001296997070312500000000000000000000
3.1116828918457031250000000000000000000000
3.5514435768127441406250000000000000000000
4.0000000000000000000000000000000000000000
3.0000000000000000000000000000000000000000
2.6635828018188476562500000000000000000000
2.3337621688842773437500000000000000000000
2.0167498588562011718750000000000000000000
1.7180268764495849609375000000000000000000
1.4420636892318725585937500000000000000000
1.1921348571777343750000000000000000000000
0.9702352881431579589843750000000000000000
0.7771006822586059570312500000000000000000
0.6123159527778625488281250000000000000000
0.4744960665702819824218750000000000000000
0.3615085482597351074218750000000000000000
0.2707150578498840332031250000000000000000
0.1992051154375076293945312500000000000000
0.1440044641494750976562500000000000000000
0.1022439599037170410156250000000000000000
0.0712835863232612609863281250000000000000
0.0487910099327564239501953125000000000000
0.0327793434262275695800781250000000000000
0.0216115433722734451293945312500000000000
0.0139802144840359687805175781250000000000
0.0088716372847557067871093750000000000000
0.0055217514745891094207763671875000000000
0.0033701986540108919143676757812500000000
0.0020168023183941841125488281250000000000
0.0011831104056909680366516113281250000000
0.0006802485440857708454132080078125000000
0.0003832828078884631395339965820312500000
0.0002115995448548346757888793945312500000
0.0001144454436143860220909118652343750000
0.0000606370304012671113014221191406250000
0.0000314736898872070014476776123046875000
0.0000160082799993688240647315979003906250
0.0000079848723544273525476455688476562500
0.0000039132924030127469450235366821289062
0.0000018925823042081901803612709045410156
0.0000009119436299442895688116550445556641
0.0000004466770633371197618544101715087891
0.0000002309012927526055136695504188537598
0.0000001331035974772021290846168994903564
0.0000000897932181942451279610395431518555
0.0000000710560925654135644435882568359375
0.0000000631390051353264425415545701980591
0.0000000598725122813448251690715551376343
0.0000000585568500355293508619070053100586
0.0000000580396672944516467396169900894165
0.0000000578413406060462875757366418838501
0.0000000577672736312706547323614358901978
0.0000000577406851220985117834061384201050
0.0000000577325600659150950377807021141052
0.0000000577336720652965595945715904235840
0.0000000577453853622955648461356759071350
0.0000000577811256619042978854849934577942
0.0000000578799692618758854223415255546570
0.0000000581444368208394735120236873626709
0.0000000588340114404672931414097547531128
0.0000000605882419790759740862995386123657
0.0000000649435634159090113826096057891846
0.0000000754996918317374365869909524917603
0.0000001004825094241823535412549972534180
0.0000001582297102231677854433655738830566
0.0000002886265804136201040819287300109863
0.0000005763276362813485320657491683959961
0.0000011966830015808227472007274627685547
0.0000025042011202458525076508522033691406
0.0000051984807214466854929924011230468750
0.0000106272545963292941451072692871093750
0.0000213251296372618526220321655273437500
0.0000419456700910814106464385986328125000
0.0000808301265351474285125732421875000000
0.0001525746920378878712654113769531250000
0.0002821134694386273622512817382812500000
0.0005110244965180754661560058593750000000
0.0009069786756299436092376708984375000000
0.0015774610219523310661315917968750000000
0.0026890505105257034301757812500000000000
0.0044935783371329307556152343750000000000
0.0073623149655759334564208984375000000000
0.0118288286030292510986328125000000000000
0.0186402648687362670898437500000000000000
0.0288153700530529022216796875000000000000
0.0437057688832283020019531250000000000000
0.0650546550750732421875000000000000000000
0.0950447469949722290039062500000000000000
0.1363252401351928710937500000000000000000
0.1920059025287628173828125000000000000000
0.2656067609786987304687500000000000000000
0.3609533309936523437500000000000000000000
0.4820113778114318847656250000000000000000
0.6326613426208496093750000000000000000000
0.8164211511611938476562500000000000000000
1.0361341238021850585937500000000000000000
1.2936470508575439453125000000000000000000
1.5895130634307861328125000000000000000000
1.9227515459060668945312500000000000000000
2.2907025814056396484375000000000000000000
2.6890001296997070312500000000000000000000
3.1116828918457031250000000000000000000000
3.5514435768127441406250000000000000000000
4.0000000000000000000000000000000000000000
3.0000000000000000000000000000000000000000
2.6635828018188476562500000000000000000000
2.3337621688842773437500000000000000000000
2.0167498588562011718750000000000000000000
1.7180268764495849609375000000000000000000
1.4420636892318725585937500000000000000000
1.1921346187591552734375000000000000000000
0.9702352881431579589843750000000000000000
0.7771005034446716308593750000000000000000
0.6123158931732177734375000000000000000000
0.4744960665702819824218750000000000000000
0.3615085482597351074218750000000000000000
0.2707150280475616455078125000000000000000
0.1992050856351852416992187500000000000000
0.1440044343471527099609375000000000000000
0.1022439301013946533203125000000000000000
0.0712835565209388732910156250000000000000
0.0487909838557243347167968750000000000000
0.0327793098986148834228515625000000000000
0.0216115117073059082031250000000000000000
0.0139801818877458572387695312500000000000
0.0088716056197881698608398437500000000000
0.0055217193439602851867675781250000000000
0.0033701658248901367187500000000000000000
0.0020167699549347162246704101562500000000
0.0011830778094008564949035644531250000000
0.0006802158895879983901977539062500000000
0.0003832502407021820545196533203125000000
0.0002115669340128079056739807128906250000
0.0001144128473242744803428649902343750000
0.0000606044304731767624616622924804687500
0.0000314410899591166526079177856445312500
0.0000159756800712784752249717712402343750
0.0000079522733358317054808139801025390625
0.0000038806929296697489917278289794921875
0.0000018599830582388676702976226806640625
0.0000008793443839749670587480068206787109
0.0000004140778173677972517907619476318359
0.0000001983020325724282884038984775543213
0.0000001005043941404437646269798278808594
0.0000000571939935412046907003968954086304
0.0000000384568785705141635844483971595764
0.0000000305397804822860052809119224548340
0.0000000272732894046612273086793720722198
0.0000000259576236061320742010138928890228
0.0000000254404426414112094789743423461914
0.0000000252421159530058503150939941406250
0.0000000251680525309438962722197175025940
0.0000000251414640217717533232644200325012
0.0000000251333354128746577771380543708801
0.0000000251344474122561223339289426803589
0.0000000251461660383256457862444221973419
0.0000000251818992325070212245918810367584
0.0000000252807463851922875619493424892426
0.0000000255452086150853574508801102638245
0.0000000262347921164973740815185010433197
0.0000000279890137733218580251559615135193
0.0000000323443387628685741219669580459595
0.0000000429004636259833205258473753929138
0.0000000678832918765692738816142082214355
0.0000001256304926755547057837247848510742
0.0000002560273628660070244222879409790039
0.0000005437283903120260220021009445190430
0.0000011640838692983379587531089782714844
0.0000024716021016502054408192634582519531
0.0000051658817028510384261608123779296875
0.0000105946546682389453053474426269531250
0.0000212925315281609073281288146972656250
0.0000419130738009698688983917236328125000
0.0000807975302450358867645263671875000000
0.0001525420811958611011505126953125000000
0.0002820808731485158205032348632812500000
0.0005109919002279639244079589843750000000
0.0009069460211321711540222167968750000000
0.0015774285420775413513183593750000000000
0.0026890176814049482345581054687500000000
0.0044935457408428192138671875000000000000
0.0073622819036245346069335937500000000000
0.0118287969380617141723632812500000000000
0.0186402313411235809326171875000000000000
0.0288153402507305145263671875000000000000
0.0437057353556156158447265625000000000000
0.0650546252727508544921875000000000000000
0.0950447246432304382324218750000000000000
0.1363252103328704833984375000000000000000
0.1920058727264404296875000000000000000000
0.2656067311763763427734375000000000000000
0.3609533309936523437500000000000000000000
0.4820113182067871093750000000000000000000
0.6326613426208496093750000000000000000000
0.8164211511611938476562500000000000000000
1.0361341238021850585937500000000000000000
1.2936470508575439453125000000000000000000
1.5895130634307861328125000000000000000000
1.9227515459060668945312500000000000000000
2.2907025814056396484375000000000000000000
2.6890001296997070312500000000000000000000
3.1116828918457031250000000000000000000000
3.5514435768127441406250000000000000000000
4.0000000000000000000000000000000000000000
3.0000000000000000000000000000000000000000
2.6635828018188476562500000000000000000000
2.3337621688842773437500000000000000000000
2.0167498588562011718750000000000000000000
1.7180268764495849609375000000000000000000
1.4420635700225830078125000000000000000000
1.1921346187591552734375000000000000000000
0.9702351689338684082031250000000000000000
0.7771005034446716308593750000000000000000
0.6123158931732177734375000000000000000000
0.4744960069656372070312500000000000000000
0.3615085184574127197265625000000000000000
0.2707150280475616455078125000000000000000
0.1992050707340240478515625000000000000000
0.1440044045448303222656250000000000000000
0.1022439152002334594726562500000000000000
0.0712835490703582763671875000000000000000
0.0487909615039825439453125000000000000000
0.0327792987227439880371093750000000000000
0.0216114968061447143554687500000000000000
0.0139801679179072380065917968750000000000
0.0088715916499495506286621093750000000000
0.0055217044427990913391113281250000000000
0.0033701518550515174865722656250000000000
0.0020167552866041660308837890625000000000
0.0011830634903162717819213867187500000000
0.0006802014540880918502807617187500000000
0.0003832357469946146011352539062500000000
0.0002115525130648165941238403320312500000
0.0001143984118243679404258728027343750000
0.0000605899986112490296363830566406250000
0.0000314266508212313055992126464843750000
0.0000159612427523825317621231079101562500
0.0000079378360169357620179653167724609375
0.0000038662565202685073018074035644531250
0.0000018455463077771128155291080474853516
0.0000008649075766697933431714773178100586
0.0000003996410669060423970222473144531250
0.0000001838652536889640032313764095306396
0.0000000860675868352700490504503250122070
0.0000000427572004468856903258711099624634
0.0000000240200730416972874081693589687347
0.0000000161029820588964867056347429752350
0.0000000128364883167364496330264955759048
0.0000000115208225182072965253610163927078
0.0000000110036433298432712035719305276871
0.0000000108053166414379120396915823221207
0.0000000107312523311975382966920733451843
0.0000000107046647102038150478620082139969
0.0000000106965369894851392018608748912811
0.0000000106976489888666037586517632007599
0.0000000107093658385792878107167780399323
0.0000000107451025854743420495651662349701
0.0000000108439479618027689866721630096436
0.0000000111084119680526782758533954620361
0.0000000117979919167510161059908568859100
0.0000000135522180144675985502544790506363
0.0000000179075385631222161464393138885498
0.0000000284636652025938019505701959133148
0.0000000534464916768229159060865640640259
0.0000001111936853703809902071952819824219
0.0000002415905555608333088457584381103516
0.0000005292916398502711672335863113403320
0.0000011496468914629076607525348663330078
0.0000024571652375016128644347190856933594
0.0000051514452934497967362403869628906250
0.0000105802191683324053883552551269531250
0.0000212780923902755603194236755371093750
0.0000418986383010633289813995361328125000
0.0000807830874691717326641082763671875000
0.0001525276456959545612335205078125000000
0.0002820664376486092805862426757812500000
0.0005109774647280573844909667968750000000
0.0009069315856322646141052246093750000000
0.0015774141065776348114013671875000000000
0.0026890034787356853485107421875000000000
0.0044935313053429126739501953125000000000
0.0073622688651084899902343750000000000000
0.0118287829682230949401855468750000000000
0.0186402183026075363159179687500000000000
0.0288153253495693206787109375000000000000
0.0437057241797447204589843750000000000000
0.0650546103715896606445312500000000000000
0.0950447097420692443847656250000000000000
0.1363251954317092895507812500000000000000
0.1920058727264404296875000000000000000000
0.2656067311763763427734375000000000000000
0.3609533309936523437500000000000000000000
0.4820113182067871093750000000000000000000
0.6326613426208496093750000000000000000000
0.8164211511611938476562500000000000000000
1.0361341238021850585937500000000000000000
1.2936470508575439453125000000000000000000
1.5895130634307861328125000000000000000000
1.9227515459060668945312500000000000000000
2.2907025814056396484375000000000000000000
2.6890001296997070312500000000000000000000
3.1116828918457031250000000000000000000000
3.5514435768127441406250000000000000000000
4.0000000000000000000000000000000000000000
3.0000000000000000000000000000000000000000
2.6635828018188476562500000000000000000000
2.3337621688842773437500000000000000000000
2.0167498588562011718750000000000000000000
1.7180268764495849609375000000000000000000
1.4420635700225830078125000000000000000000
1.1921346187591552734375000000000000000000
0.9702351689338684082031250000000000000000
0.7771005034446716308593750000000000000000
0.6123158931732177734375000000000000000000
0.4744960069656372070312500000000000000000
0.3615085184574127197265625000000000000000
0.2707149982452392578125000000000000000000
0.1992050707340240478515625000000000000000
0.1440044045448303222656250000000000000000
0.1022439152002334594726562500000000000000
0.0712835341691970825195312500000000000000
0.0487909577786922454833984375000000000000
0.0327792912721633911132812500000000000000
0.0216114930808544158935546875000000000000
0.0139801613986492156982421875000000000000
0.0088715841993689537048339843750000000000
0.0055216983892023563385009765625000000000
0.0033701453357934951782226562500000000000
0.0020167492330074310302734375000000000000
0.0011830572038888931274414062500000000000
0.0006801952258683741092681884765625000000
0.0003832295769825577735900878906250000000
0.0002115462411893531680107116699218750000
0.0001143921690527349710464477539062500000
0.0000605837449256796389818191528320312500
0.0000314204044116195291280746459960937500
0.0000159549981617601588368415832519531250
0.0000079315905168186873197555541992187500
0.0000038600105654040817171335220336914062
0.0000018393004665995249524712562561035156
0.0000008586619060224620625376701354980469
0.0000003933953394152922555804252624511719
0.0000001776195404090685769915580749511719
0.0000000798218877662293380126357078552246
0.0000000365114871669902640860527753829956
0.0000000177743668672292187693528831005096
0.0000000098572732198931589664425700902939
0.0000000065907821422683809942100197076797
0.0000000052751154555608081864193081855774
0.0000000047579353790183631645049899816513
0.0000000045596091347022138506872579455376
0.0000000044855452685510499577503651380539
0.0000000044589585357357464090455323457718
0.0000000044508294827494410128565505146980
0.0000000044519428143985351198352873325348
0.0000000044636583318435896217124536633492
0.0000000044993959669170635606860741972923
0.0000000045982395668886510975426062941551
0.0000000048627040172277702367864549160004
0.0000000055522861863721573172369971871376
0.0000000073065100636426905111875385046005
0.0000000116618341650109869078733026981354
0.0000000222179554754120545112527906894684
0.0000000472007855023548472672700881958008
0.0000001049479720904855639673769474029541
0.0000002353448564917925978079438209533691
0.0000005230458555161021649837493896484375
0.0000011434012776589952409267425537109375
0.0000024509192826371872797608375549316406
0.0000051451997933327220380306243896484375
0.0000105739709397312253713607788085937500
0.0000212718496186425909399986267089843750
0.0000418923918914515525102615356445312500
0.0000807768446975387632846832275390625000
0.0001525213883724063634872436523437500000
0.0002820601803250610828399658203125000000
0.0005109711783006787300109863281250000000
0.0009069253574125468730926513671875000000
0.0015774078201502561569213867187500000000
0.0026889969594776630401611328125000000000
0.0044935252517461776733398437500000000000
0.0073622623458504676818847656250000000000
0.0118287764489650726318359375000000000000
0.0186402108520269393920898437500000000000
0.0288153178989887237548828125000000000000
0.0437057204544544219970703125000000000000
0.0650546029210090637207031250000000000000
0.0950447022914886474609375000000000000000
0.1363251954317092895507812500000000000000
0.1920058727264404296875000000000000000000
0.2656067311763763427734375000000000000000
0.3609533309936523437500000000000000000000
0.4820113182067871093750000000000000000000
0.6326613426208496093750000000000000000000
0.8164211511611938476562500000000000000000
1.0361341238021850585937500000000000000000
1.2936470508575439453125000000000000000000
1.5895130634307861328125000000000000000000
1.9227515459060668945312500000000000000000
2.2907025814056396484375000000000000000000
2.6890001296997070312500000000000000000000
3.1116828918457031250000000000000000000000
3.5514435768127441406250000000000000000000
4.0000000000000000000000000000000000000000
3.0000000000000000000000000000000000000000
2.6635828018188476562500000000000000000000
2.3337621688842773437500000000000000000000
2.0167498588562011718750000000000000000000
1.7180268764495849609375000000000000000000
1.4420635700225830078125000000000000000000
1.1921346187591552734375000000000000000000
0.9702351689338684082031250000000000000000
0.7771005034446716308593750000000000000000
0.6123158931732177734375000000000000000000
0.4744960069656372070312500000000000000000
0.3615085184574127197265625000000000000000
0.2707149982452392578125000000000000000000
0.1992050707340240478515625000000000000000
0.1440044045448303222656250000000000000000
0.1022439152002334594726562500000000000000
0.0712835341691970825195312500000000000000
0.0487909577786922454833984375000000000000
0.0327792912721633911132812500000000000000
0.0216114893555641174316406250000000000000
0.0139801586046814918518066406250000000000
0.0088715814054012298583984375000000000000
0.0055216955952346324920654296875000000000
0.0033701427746564149856567382812500000000
0.0020167464390397071838378906250000000000
0.0011830544099211692810058593750000000000
0.0006801926065236330032348632812500000000
0.0003832268703263252973556518554687500000
0.0002115436218446120619773864746093750000
0.0001143895278801210224628448486328125000
0.0000605811073910444974899291992187500000
0.0000314177668769843876361846923828125000
0.0000159523588081356137990951538085937500
0.0000079289511631941422820091247558593750
0.0000038573716665268875658512115478515625
0.0000018366616814091685228049755096435547
0.0000008560228934584301896393299102783203
0.0000003907562984295509522780776023864746
0.0000001749805278450367040932178497314453
0.0000000771828467804880347102880477905273
0.0000000338724603921036759857088327407837
0.0000000151353347632721124682575464248657
0.0000000072182428922928920655976980924606
0.0000000039517504824004845431772992014885
0.0000000026360840177375166604178957641125
0.0000000021189046073288864135975018143654
0.0000000019205776968789223246858455240726
0.0000000018465138307277584317489527165890
0.0000000018199273199570598080754280090332
0.0000000018117982669707544118864461779594
0.0000000018129113765752435938338749110699
0.0000000018246272270872054832580033689737
0.0000000018603644180714695721690077334642
0.0000000019592087951991743466351181268692
0.0000000022236730234936885608476586639881
0.0000000029132547485488657912355847656727
0.0000000046674792919532137602800503373146
0.0000000090228020610538806067779660224915
0.0000000195789287005254664109088480472565
0.0000000445617516220409015659242868423462
0.0000001023089453155989758670330047607422
0.0000002327058155060512945055961608886719
0.0000005204068997954891528934240341186523
0.0000011407621514081256464123725891113281
0.0000024482803837599931284785270690917969
0.0000051425599849608261138200759887695312
0.0000105713334050960838794708251953125000
0.0000212692066270392388105392456054687500
0.0000418897543568164110183715820312500000
0.0000807741962489672005176544189453125000
0.0001525187544757500290870666503906250000
0.0002820575318764895200729370117187500000
0.0005109685589559376239776611328125000000
0.0009069227380678057670593261718750000000
0.0015774051425978541374206542968750000000
0.0026889943983405828475952148437500000000
0.0044935224577784538269042968750000000000
0.0073622595518827438354492187500000000000
0.0118287745863199234008789062500000000000
0.0186402089893817901611328125000000000000
0.0288153160363435745239257812500000000000
0.0437057130038738250732421875000000000000
0.0650546029210090637207031250000000000000
0.0950447022914886474609375000000000000000
0.1363251954317092895507812500000000000000
0.1920058727264404296875000000000000000000
0.2656067311763763427734375000000000000000
0.3609533309936523437500000000000000000000
0.4820113182067871093750000000000000000000
0.6326613426208496093750000000000000000000
0.8164211511611938476562500000000000000000
1.0361341238021850585937500000000000000000
1.2936470508575439453125000000000000000000
1.5895130634307861328125000000000000000000
1.9227515459060668945312500000000000000000
2.2907025814056396484375000000000000000000
2.6890001296997070312500000000000000000000
3.1116828918457031250000000000000000000000
3.5514435768127441406250000000000000000000
4.0000000000000000000000000000000000000000
3.0000000000000000000000000000000000000000
2.6635828018188476562500000000000000000000
2.3337621688842773437500000000000000000000
2.0167498588562011718750000000000000000000
1.7180268764495849609375000000000000000000
1.4420635700225830078125000000000000000000
1.1921346187591552734375000000000000000000
0.9702351689338684082031250000000000000000
0.7771005034446716308593750000000000000000
0.6123158931732177734375000000000000000000
0.4744960069656372070312500000000000000000
0.3615085184574127197265625000000000000000
0.2707149982452392578125000000000000000000
0.1992050707340240478515625000000000000000
0.1440044045448303222656250000000000000000
0.1022439152002334594726562500000000000000
0.0712835341691970825195312500000000000000
0.0487909577786922454833984375000000000000
0.0327792875468730926513671875000000000000
0.0216114893555641174316406250000000000000
0.0139801576733589172363281250000000000000
0.0088715804740786552429199218750000000000
0.0055216946639120578765869140625000000000
0.0033701416105031967163085937500000000000
0.0020167455077171325683593750000000000000
0.0011830533621832728385925292968750000000
0.0006801914423704147338867187500000000000
0.0003832258225884288549423217773437500000
0.0002115425304509699344635009765625000000
0.0001143884437624365091323852539062500000
0.0000605800196353811770677566528320312500
0.0000314166791213210672140121459960937500
0.0000159512710524722933769226074218750000
0.0000079278634075308218598365783691406250
0.0000038562825466215144842863082885742188
0.0000018355729025643086060881614685058594
0.0000008549340009267325513064861297607422
0.0000003896675195846910355612635612487793
0.0000001738916779459032113663852214813232
0.0000000760940253030639723874628543853760
0.0000000327836247038248984608799219131470
0.0000000140465061804206925444304943084717
0.0000000061294116449062130413949489593506
0.0000000028629201231922252190997824072838
0.0000000015472536585292573363403789699078
0.0000000010300738040314172394573688507080
0.0000000008317471711372093068348476663232
0.0000000007576831939637429513823008164763
0.0000000007310967942153467902244301512837
0.0000000007229677412290413940354483202100
0.0000000007240809063446818072407040745020
0.0000000007357968123677949279226595535874
0.0000000007715340033520590168336639180779
0.0000000008703781584351588662684662267566
0.0000000011348426642854292367701418697834
0.0000000018244242783183040046424139291048
0.0000000035786487107003495111712254583836
0.0000000079339725900240409828256815671921
0.0000000184900947886035282863304018974304
0.0000000434729230391894816420972347259521
0.0000001012201096273201983422040939331055
0.0000002316169940286272321827709674835205
0.0000005193180072637915145605802536010742
0.0000011396734862501034513115882873535156
0.0000024471914912282954901456832885742188
0.0000051414717745501548051834106445312500
0.0000105702438304433599114418029785156250
0.0000212681206903653219342231750488281250
0.0000418886666011530905961990356445312500
0.0000807731194072403013706207275390625000
0.0001525176776340231299400329589843750000
0.0002820564550347626209259033203125000000
0.0005109675112180411815643310546875000000
0.0009069216321222484111785888671875000000
0.0015774040948599576950073242187500000000
0.0026889934670180082321166992187500000000
0.0044935215264558792114257812500000000000
0.0073622586205601692199707031250000000000
0.0118287727236747741699218750000000000000
0.0186402089893817901611328125000000000000
0.0288153141736984252929687500000000000000
0.0437057130038738250732421875000000000000
0.0650546029210090637207031250000000000000
0.0950447022914886474609375000000000000000
0.1363251954317092895507812500000000000000
0.1920058727264404296875000000000000000000
0.2656067311763763427734375000000000000000
0.3609533309936523437500000000000000000000
0.4820113182067871093750000000000000000000
0.6326613426208496093750000000000000000000
0.8164211511611938476562500000000000000000
1.0361341238021850585937500000000000000000
1.2936470508575439453125000000000000000000
1.5895130634307861328125000000000000000000
1.9227515459060668945312500000000000000000
2.2907025814056396484375000000000000000000
2.6890001296997070312500000000000000000000
3.1116828918457031250000000000000000000000
3.5514435768127441406250000000000000000000
4.0000000000000000000000000000000000000000
3.0000000000000000000000000000000000000000
2.6635828018188476562500000000000000000000
2.3337621688842773437500000000000000000000
2.0167498588562011718750000000000000000000
1.7180268764495849609375000000000000000000
1.4420635700225830078125000000000000000000
1.1921346187591552734375000000000000000000
0.9702351689338684082031250000000000000000
0.7771005034446716308593750000000000000000
0.6123158931732177734375000000000000000000
0.4744960069656372070312500000000000000000
0.3615085184574127197265625000000000000000
0.2707149982452392578125000000000000000000
0.1992050409317016601562500000000000000000
0.1440044045448303222656250000000000000000
0.1022439002990722656250000000000000000000
0.0712835341691970825195312500000000000000
0.0487909540534019470214843750000000000000
0.0327792875468730926513671875000000000000
0.0216114874929189682006835937500000000000
0.0139801567420363426208496093750000000000
0.0088715804740786552429199218750000000000
0.0055216941982507705688476562500000000000
0.0033701411448419094085693359375000000000
0.0020167450420558452606201171875000000000
0.0011830530129373073577880859375000000000
0.0006801910349167883396148681640625000000
0.0003832253860309720039367675781250000000
0.0002115421229973435401916503906250000000
0.0001143880072049796581268310546875000000
0.0000605795867159031331539154052734375000
0.0000314162425638642162084579467773437500
0.0000159508326760260388255119323730468750
0.0000079274241215898655354976654052734375
0.0000038558441701752599328756332397460938
0.0000018351341850575408898293972015380859
0.0000008544955107936402782797813415527344
0.0000003892289157647610409185290336608887
0.0000001734531451802467927336692810058594
0.0000000756554570102707657497376203536987
0.0000000323450741746000858256593346595764
0.0000000136079485457685223082080483436584
0.0000000056908580070569314557360485196114
0.0000000024243651530753140832530334591866
0.0000000011086987994346486630092840641737
0.0000000005915190559591110286419279873371
0.0000000003931923397981762491326662711799
0.0000000003191284458914367405668599531054
0.0000000002925419906318893481511622667313
0.0000000002844129376455839519621804356575
0.0000000002855260750056487495385226793587
0.0000000002972420642954887171072186902165
0.0000000003329791442574503435025690123439
0.0000000004318235213851551179686794057488
0.0000000006962877496796693321812199428678
0.0000000013858696412683002563426271080971
0.0000000031400939626280433003557845950127
0.0000000074954167317287101468537002801895
0.0000000180515407066650368506088852882385
0.0000000430343689572509902063757181167603
0.0000001007815555453817069064825773239136
0.0000002311784470521160983480513095855713
0.0000005188794602872803807258605957031250
0.0000011392348824301734566688537597656250
0.0000024467531147820409387350082397460938
0.0000051410329433565493673086166381835938
0.0000105698063634918071329593658447265625
0.0000212676823139190673828125000000000000
0.0000418882264057174324989318847656250000
0.0000807726828497834503650665283203125000
0.0001525172410765662789344787597656250000
0.0002820560475811362266540527343750000000
0.0005109670455567538738250732421875000000
0.0009069212828762829303741455078125000000
0.0015774037456139922142028808593750000000
0.0026889927685260772705078125000000000000
0.0044935210607945919036865234375000000000
0.0073622576892375946044921875000000000000
0.0118287727236747741699218750000000000000
0.0186402071267366409301757812500000000000
0.0288153141736984252929687500000000000000
0.0437057130038738250732421875000000000000
0.0650546029210090637207031250000000000000
0.0950447022914886474609375000000000000000
0.1363251954317092895507812500000000000000
0.1920058727264404296875000000000000000000
0.2656067311763763427734375000000000000000
0.3609533309936523437500000000000000000000
0.4820113182067871093750000000000000000000
0.6326613426208496093750000000000000000000
0.8164211511611938476562500000000000000000
1.0361341238021850585937500000000000000000
1.2936470508575439453125000000000000000000
1.5895130634307861328125000000000000000000
1.9227515459060668945312500000000000000000
2.2907025814056396484375000000000000000000
2.6890001296997070312500000000000000000000
3.1116828918457031250000000000000000000000
3.5514435768127441406250000000000000000000
4.0000000000000000000000000000000000000000
3.0000000000000000000000000000000000000000
2.6635828018188476562500000000000000000000
2.3337621688842773437500000000000000000000
2.0167498588562011718750000000000000000000
1.7180268764495849609375000000000000000000
1.4420635700225830078125000000000000000000
1.1921346187591552734375000000000000000000
0.9702351689338684082031250000000000000000
0.7771005034446716308593750000000000000000
0.6123158931732177734375000000000000000000
0.4744959771633148193359375000000000000000
0.3615085184574127197265625000000000000000
0.2707149684429168701171875000000000000000
0.1992050409317016601562500000000000000000
0.1440043747425079345703125000000000000000
0.1022439002990722656250000000000000000000
0.0712835341691970825195312500000000000000
0.0487909540534019470214843750000000000000
0.0327792875468730926513671875000000000000
0.0216114874929189682006835937500000000000
0.0139801567420363426208496093750000000000
0.0088715804740786552429199218750000000000
0.0055216941982507705688476562500000000000
0.0033701411448419094085693359375000000000
0.0020167448092252016067504882812500000000
0.0011830527801066637039184570312500000000
0.0006801909185014665126800537109375000000
0.0003832252114079892635345458984375000000
0.0002115419483743607997894287109375000000
0.0001143878325819969177246093750000000000
0.0000605794120929203927516937255859375000
0.0000314160715788602828979492187500000000
0.0000159506598720327019691467285156250000
0.0000079272522270912304520606994628906250
0.0000038556718209292739629745483398437500
0.0000018349618358115549199283123016357422
0.0000008543230478608165867626667022705078
0.0000003890565665187750710174441337585449
0.0000001732807533016966772265732288360596
0.0000000754830793425753654446452856063843
0.0000000321726787433362915180623531341553
0.0000000134355602199320856016129255294800
0.0000000055184661285068159486399963498116
0.0000000022519746067928281263448297977448
0.0000000009363080311075577810697723180056
0.0000000004191282876320201467024162411690
0.0000000002208015853488731750076112803072
0.0000000001467376636865580508128914516419
0.0000000001201512223047984662116505205631
0.0000000001120221762573869739298970671371
0.0000000001131353136174517715062393108383
0.0000000001248512543350344117243366781622
0.0000000001605884175637228850064275320619
0.0000000002594326975469130047713406383991
0.0000000005238970923748809127573622390628
0.0000000012134787619189069118874613195658
0.0000000029677031943009524184162728488445
0.0000000073230261854462241899454966187477
0.0000000178791488281149213435128331184387
0.0000000428619735259871958987787365913391
0.0000001006091707722589490003883838653564
0.0000002310060409627112676389515399932861
0.0000005187071110412944108247756958007812
0.0000011390624194973497651517391204833984
0.0000024465807655360549688339233398437500
0.0000051408605941105633974075317382812500
0.0000105696344689931720495223999023437500
0.0000212675095099257305264472961425781250
0.0000418880517827346920967102050781250000
0.0000807725082268007099628448486328125000
0.0001525170664535835385322570800781250000
0.0002820558729581534862518310546875000000
0.0005109669291414320468902587890625000000
0.0009069211082533001899719238281250000000
0.0015774035127833485603332519531250000000
0.0026889927685260772705078125000000000000
0.0044935205951333045959472656250000000000
0.0073622576892375946044921875000000000000
0.0118287727236747741699218750000000000000
0.0186402071267366409301757812500000000000
0.0288153141736984252929687500000000000000
0.0437057130038738250732421875000000000000
0.0650546029210090637207031250000000000000
0.0950447022914886474609375000000000000000
0.1363251954317092895507812500000000000000
0.1920058727264404296875000000000000000000
0.2656067311763763427734375000000000000000
0.3609533309936523437500000000000000000000
0.4820113182067871093750000000000000000000
0.6326613426208496093750000000000000000000
0.8164211511611938476562500000000000000000
1.0361341238021850585937500000000000000000
1.2936470508575439453125000000000000000000
1.5895130634307861328125000000000000000000
1.9227515459060668945312500000000000000000
2.2907025814056396484375000000000000000000
2.6890001296997070312500000000000000000000
3.1116828918457031250000000000000000000000
3.5514435768127441406250000000000000000000
4.0000000000000000000000000000000000000000
3.0000000000000000000000000000000000000000
2.6635828018188476562500000000000000000000
2.3337621688842773437500000000000000000000
2.0167498588562011718750000000000000000000
1.7180268764495849609375000000000000000000
1.4420635700225830078125000000000000000000
1.1921346187591552734375000000000000000000
0.9702351689338684082031250000000000000000
0.7771005034446716308593750000000000000000
0.6123158931732177734375000000000000000000
0.4744959771633148193359375000000000000000
0.3615084886550903320312500000000000000000
0.2707149684429168701171875000000000000000
0.1992050260305404663085937500000000000000
0.1440043747425079345703125000000000000000
0.1022438928484916687011718750000000000000
0.0712835341691970825195312500000000000000
0.0487909540534019470214843750000000000000
0.0327792875468730926513671875000000000000
0.0216114874929189682006835937500000000000
0.0139801567420363426208496093750000000000
0.0088715804740786552429199218750000000000
0.0055216941982507705688476562500000000000
0.0033701411448419094085693359375000000000
0.0020167448092252016067504882812500000000
0.0011830527801066637039184570312500000000
0.0006801908602938055992126464843750000000
0.0003832251532003283500671386718750000000
0.0002115418610628694295883178710937500000
0.0001143877743743360042572021484375000000
0.0000605793466093018651008605957031250000
0.0000314160024572629481554031372070312500
0.0000159505943884141743183135986328125000
0.0000079271849244832992553710937500000000
0.0000038556058825633954256772994995117188
0.0000018348955563851632177829742431640625
0.0000008542569958081003278493881225585938
0.0000003889904292009305208921432495117188
0.0000001732146301947068423032760620117188
0.0000000754169775518676033243536949157715
0.0000000321065840580558869987726211547852
0.0000000133694584292243234813213348388672
0.0000000054523665582451030786614865064621
0.0000000021858737042634857061784714460373
0.0000000008702074616451227484503760933876
0.0000000003530276071472826515673659741879
0.0000000001547009048641356798725610133260
0.0000000000806369832018205556778411846608
0.0000000000540505452895079230302144424058
0.0000000000459214957726494787948468001559
0.0000000000470346331327142763711890438572
0.0000000000587505946669786283109715441242
0.0000000000944877370789853898713772650808
0.0000000001933320448177511252652038820088
0.0000000004577964118901434176223119720817
0.0000000011473780814341694167524110525846
0.0000000029016022917716099982499144971371
0.0000000072569252829168817697791382670403
0.0000000178130470374071592232212424278259
0.0000000427958752879931125789880752563477
0.0000001005430618761238292790949344635010
0.0000002309399462774308631196618080139160
0.0000005186409453017404302954673767089844
0.0000011389963674446335062384605407714844
0.0000024465143724228255450725555419921875
0.0000051407946557446848601102828979492188
0.0000105695671663852408528327941894531250
0.0000212674440263072028756141662597656250
0.0000418879862991161644458770751953125000
0.0000807724427431821823120117187500000000
0.0001525170082459226250648498535156250000
0.0002820558147504925727844238281250000000
0.0005109668127261102199554443359375000000
0.0009069210500456392765045166015625000000
0.0015774033963680267333984375000000000000
0.0026889927685260772705078125000000000000
0.0044935205951333045959472656250000000000
0.0073622576892375946044921875000000000000
0.0118287727236747741699218750000000000000
0.0186402052640914916992187500000000000000
0.0288153141736984252929687500000000000000
0.0437057130038738250732421875000000000000
0.0650546029210090637207031250000000000000
0.0950447022914886474609375000000000000000
0.1363251954317092895507812500000000000000
0.1920058727264404296875000000000000000000
0.2656067311763763427734375000000000000000
0.3609533309936523437500000000000000000000
0.4820113182067871093750000000000000000000
0.6326613426208496093750000000000000000000
0.8164211511611938476562500000000000000000
1.0361341238021850585937500000000000000000
1.2936470508575439453125000000000000000000
1.5895130634307861328125000000000000000000
1.9227515459060668945312500000000000000000
2.2907025814056396484375000000000000000000
2.6890001296997070312500000000000000000000
3.1116828918457031250000000000000000000000
3.5514435768127441406250000000000000000000
4.0000000000000000000000000000000000000000
3.0000000000000000000000000000000000000000
2.6635828018188476562500000000000000000000
2.3337621688842773437500000000000000000000
2.0167498588562011718750000000000000000000
1.7180268764495849609375000000000000000000
1.4420635700225830078125000000000000000000
1.1921346187591552734375000000000000000000
0.9702351689338684082031250000000000000000
0.7771005034446716308593750000000000000000
0.6123158931732177734375000000000000000000
0.4744959771633148193359375000000000000000
0.3615084886550903320312500000000000000000
0.2707149684429168701171875000000000000000
0.1992050260305404663085937500000000000000
0.1440043747425079345703125000000000000000
0.1022438928484916687011718750000000000000
0.0712835341691970825195312500000000000000
0.0487909540534019470214843750000000000000
0.0327792875468730926513671875000000000000
0.0216114874929189682006835937500000000000
0.0139801567420363426208496093750000000000
0.0088715804740786552429199218750000000000
0.0055216941982507705688476562500000000000
0.0033701411448419094085693359375000000000
0.0020167448092252016067504882812500000000
0.0011830527801066637039184570312500000000
0.0006801907438784837722778320312500000000
0.0003832251240964978933334350585937500000
0.0002115418319590389728546142578125000000
0.0001143877307185903191566467285156250000
0.0000605793175054714083671569824218750000
0.0000314159769914112985134124755859375000
0.0000159505689225625246763229370117187500
0.0000079271603681263513863086700439453125
0.0000038555808714590966701507568359375000
0.0000018348710000282153487205505371093750
0.0000008542323257643147371709346771240234
0.0000003889657591571449302136898040771484
0.0000001731899743617759668268263339996338
0.0000000753923146135093702469021081924438
0.0000000320819175669839751208201050758362
0.0000000133447990435797692043706774711609
0.0000000054277045080652897013351321220398
0.0000000021612123202174871039460413157940
0.0000000008455458555545192211866378784180
0.0000000003283660565678303555614547803998
0.0000000001300393265291077682377363089472
0.0000000000559754187445804518574732355773
0.0000000000293889773628208672562323044986
0.0000000000212599295806858989976717566606
0.0000000000223730617365802686435927171260
0.0000000000340890267402915725369894062169
0.0000000000698261795606391899582376936451
0.0000000001686704664827232136303791776299
0.0000000004331348613106911216164007782936
0.0000000011227164753435658894886728376150
0.0000000028769409077256113960174843668938
0.0000000072322636768262782425154000520706
0.0000000177883858754057655460201203823090
0.0000000427712123496348795015364885330200
0.0000001005183989377655962016433477401733
0.0000002309152762336452724412083625793457
0.0000005186163321013737004250288009643555
0.0000011389715837140101939439773559570312
0.0000024464898160658776760101318359375000
0.0000051407696446403861045837402343750000
0.0000105695435195229947566986083984375000
0.0000212674185604555532336235046386718750
0.0000418879644712433218955993652343750000
0.0000807724281912669539451599121093750000
0.0001525169936940073966979980468750000000
0.0002820558147504925727844238281250000000
0.0005109668127261102199554443359375000000
0.0009069209918379783630371093750000000000
0.0015774033963680267333984375000000000000
0.0026889927685260772705078125000000000000
0.0044935205951333045959472656250000000000
0.0073622576892375946044921875000000000000
0.0118287708610296249389648437500000000000
0.0186402052640914916992187500000000000000
0.0288153141736984252929687500000000000000
0.0437057130038738250732421875000000000000
0.0650546029210090637207031250000000000000
0.0950447022914886474609375000000000000000
0.1363251954317092895507812500000000000000
0.1920058727264404296875000000000000000000
0.2656067311763763427734375000000000000000
0.3609533309936523437500000000000000000000
0.4820113182067871093750000000000000000000
0.6326613426208496093750000000000000000000
0.8164211511611938476562500000000000000000
1.0361341238021850585937500000000000000000
1.2936470508575439453125000000000000000000
1.5895130634307861328125000000000000000000
1.9227515459060668945312500000000000000000
2.2907025814056396484375000000000000000000
2.6890001296997070312500000000000000000000
3.1116828918457031250000000000000000000000
3.5514435768127441406250000000000000000000
4.0000000000000000000000000000000000000000
3.0000000000000000000000000000000000000000
2.6635828018188476562500000000000000000000
2.3337621688842773437500000000000000000000
2.0167498588562011718750000000000000000000
1.7180268764495849609375000000000000000000
1.4420635700225830078125000000000000000000
1.1921346187591552734375000000000000000000
0.9702351689338684082031250000000000000000
0.7771005034446716308593750000000000000000
0.6123158931732177734375000000000000000000
0.4744959771633148193359375000000000000000
0.3615084886550903320312500000000000000000
0.2707149684429168701171875000000000000000
0.1992050260305404663085937500000000000000
0.1440043747425079345703125000000000000000
0.1022438928484916687011718750000000000000
0.0712835341691970825195312500000000000000
0.0487909540534019470214843750000000000000
0.0327792875468730926513671875000000000000
0.0216114874929189682006835937500000000000
0.0139801567420363426208496093750000000000
0.0088715804740786552429199218750000000000
0.0055216941982507705688476562500000000000
0.0033701411448419094085693359375000000000
0.0020167448092252016067504882812500000000
0.0011830526636913418769836425781250000000
0.0006801907438784837722778320312500000000
0.0003832250949926674365997314453125000000
0.0002115418319590389728546142578125000000
0.0001143877307185903191566467285156250000
0.0000605793102295137941837310791015625000
0.0000314159697154536843299865722656250000
0.0000159505580086261034011840820312500000
0.0000079271521826740354299545288085937500
0.0000038555722312594298273324966430664062
0.0000018348623598285485059022903442382812
0.0000008542235150343913119286298751831055
0.0000003889570052706403657793998718261719
0.0000001731811778427072567865252494812012
0.0000000753835323052953754086047410964966
0.0000000320731388114836590830236673355103
0.0000000133360176235441940661985427141190
0.0000000054189248643865539634134620428085
0.0000000021524326765387513660243712365627
0.0000000008367661563646322520071407780051
0.0000000003195863018667921551241306588054
0.0000000001212596412170086068726959638298
0.0000000000471957160852465307243619463407
0.0000000000206092781729338980767352040857
0.0000000000124802286560754538413675618358
0.0000000000135933625466932994640956167132
0.0000000000253093275504046033574923058040
0.0000000000610464734318583168715122155845
0.0000000001598907672928362444508820772171
0.0000000004243551621208041524369036778808
0.0000000011139368316648301515670027583838
0.0000000028681610420022707330645062029362
0.0000000072234840331475425045937299728394
0.0000000177796071199054495082236826419830
0.0000000427624300414208846632391214370728
0.0000001005096237349789589643478393554688
0.0000002309064939254312776029109954833984
0.0000005186075213714502751827239990234375
0.0000011389629435143433511257171630859375
0.0000024464809484925353899598121643066406
0.0000051407614591880701482295989990234375
0.0000105695344245759770274162292480468750
0.0000212674112844979390501976013183593750
0.0000418879571952857077121734619140625000
0.0000807724136393517255783081054687500000
0.0001525169791420921683311462402343750000
0.0002820557565428316593170166015625000000
0.0005109668127261102199554443359375000000
0.0009069209918379783630371093750000000000
0.0015774033963680267333984375000000000000
0.0026889927685260772705078125000000000000
0.0044935205951333045959472656250000000000
0.0073622576892375946044921875000000000000
0.0118287708610296249389648437500000000000
0.0186402052640914916992187500000000000000
0.0288153141736984252929687500000000000000
0.0437057130038738250732421875000000000000
0.0650546029210090637207031250000000000000
0.0950447022914886474609375000000000000000
0.1363251954317092895507812500000000000000
0.1920058727264404296875000000000000000000
0.2656067311763763427734375000000000000000
0.3609533309936523437500000000000000000000
0.4820113182067871093750000000000000000000
0.6326613426208496093750000000000000000000
0.8164211511611938476562500000000000000000
1.0361341238021850585937500000000000000000
1.2936470508575439453125000000000000000000
1.5895130634307861328125000000000000000000
1.9227515459060668945312500000000000000000
2.2907025814056396484375000000000000000000
2.6890001296997070312500000000000000000000
3.1116828918457031250000000000000000000000
3.5514435768127441406250000000000000000000
4.0000000000000000000000000000000000000000
3.0000000000000000000000000000000000000000
2.6635828018188476562500000000000000000000
2.3337621688842773437500000000000000000000
2.0167498588562011718750000000000000000000
1.7180268764495849609375000000000000000000
1.4420635700225830078125000000000000000000
1.1921346187591552734375000000000000000000
0.9702351689338684082031250000000000000000
0.7771005034446716308593750000000000000000
0.6123158931732177734375000000000000000000
0.4744959771633148193359375000000000000000
0.3615084886550903320312500000000000000000
0.2707149684429168701171875000000000000000
0.1992050260305404663085937500000000000000
0.1440043747425079345703125000000000000000
0.1022438928484916687011718750000000000000
0.0712835341691970825195312500000000000000
0.0487909540534019470214843750000000000000
0.0327792875468730926513671875000000000000
0.0216114874929189682006835937500000000000
0.0139801567420363426208496093750000000000
0.0088715804740786552429199218750000000000
0.0055216941982507705688476562500000000000
0.0033701411448419094085693359375000000000
0.0020167448092252016067504882812500000000
0.0011830526636913418769836425781250000000
0.0006801907438784837722778320312500000000
0.0003832250949926674365997314453125000000
0.0002115418174071237444877624511718750000
0.0001143877234426327049732208251953125000
0.0000605793065915349870920181274414062500
0.0000314159660774748772382736206054687500
0.0000159505561896366998553276062011718750
0.0000079271494541899301111698150634765625
0.0000038555699575226753950119018554687500
0.0000018348598587181186303496360778808594
0.0000008542210707673802971839904785156250
0.0000003889545325819199206307530403137207
0.0000001731787335756962420418858528137207
0.0000000753810738274296454619616270065308
0.0000000320706803336179291363805532455444
0.0000000133335600338568838196806609630585
0.0000000054164654983424043166451156139374
0.0000000021499737545838115693186409771442
0.0000000008343070678762387615279294550419
0.0000000003171272688895498959027463570237
0.0000000001188005943619785398368549067527
0.0000000000447366761691103675957492669113
0.0000000000181502330526273070177012414206
0.0000000000100211852704923387591406935826
0.0000000000111343182937484463934652012540
0.0000000000228502841648214882752654375508
0.0000000000585874335157221537428995361552
0.0000000001574317204378061774150410201401
0.0000000004218961291435618932155193760991
0.0000000011114777986875878923456184566021
0.0000000028657021200473309363587759435177
0.0000000072210255552818125579506158828735
0.0000000177771468656828801613301038742065
0.0000000427599715635551547165960073471069
0.0000001005071510462585138157010078430176
0.0000002309040212367108324542641639709473
0.0000005186050771044392604380846023559570
0.0000011389604424039134755730628967285156
0.0000024464789021294564008712768554687500
0.0000051407587307039648294448852539062500
0.0000105695326055865734815597534179687500
0.0000212674076465191319584846496582031250
0.0000418879571952857077121734619140625000
0.0000807724136393517255783081054687500000
0.0001525169645901769399642944335937500000
0.0002820557565428316593170166015625000000
0.0005109668127261102199554443359375000000
0.0009069209918379783630371093750000000000
0.0015774033963680267333984375000000000000
0.0026889927685260772705078125000000000000
0.0044935205951333045959472656250000000000
0.0073622576892375946044921875000000000000
0.0118287708610296249389648437500000000000
0.0186402052640914916992187500000000000000
0.0288153141736984252929687500000000000000
0.0437057130038738250732421875000000000000
0.0650546029210090637207031250000000000000
0.0950447022914886474609375000000000000000
0.1363251954317092895507812500000000000000
0.1920058727264404296875000000000000000000
0.2656067311763763427734375000000000000000
0.3609533309936523437500000000000000000000
0.4820113182067871093750000000000000000000
0.6326613426208496093750000000000000000000
0.8164211511611938476562500000000000000000
1.0361341238021850585937500000000000000000
1.2936470508575439453125000000000000000000
1.5895130634307861328125000000000000000000
1.9227515459060668945312500000000000000000
2.2907025814056396484375000000000000000000
2.6890001296997070312500000000000000000000
3.1116828918457031250000000000000000000000
3.5514435768127441406250000000000000000000
4.0000000000000000000000000000000000000000
3.0000000000000000000000000000000000000000
2.6635828018188476562500000000000000000000
2.3337621688842773437500000000000000000000
2.0167498588562011718750000000000000000000
1.7180268764495849609375000000000000000000
1.4420635700225830078125000000000000000000
1.1921346187591552734375000000000000000000
0.9702351689338684082031250000000000000000
0.7771005034446716308593750000000000000000
0.6123158931732177734375000000000000000000
0.4744959771633148193359375000000000000000
0.3615084886550903320312500000000000000000
0.2707149684429168701171875000000000000000
0.1992050260305404663085937500000000000000
0.1440043747425079345703125000000000000000
0.1022438928484916687011718750000000000000
0.0712835341691970825195312500000000000000
0.0487909540534019470214843750000000000000
0.0327792875468730926513671875000000000000
0.0216114874929189682006835937500000000000
0.0139801567420363426208496093750000000000
0.0088715804740786552429199218750000000000
0.0055216941982507705688476562500000000000
0.0033701411448419094085693359375000000000
0.0020167448092252016067504882812500000000
0.0011830525472760200500488281250000000000
0.0006801907438784837722778320312500000000
0.0003832250658888369798660278320312500000
0.0002115418174071237444877624511718750000
0.0001143877307185903191566467285156250000
0.0000605793065915349870920181274414062500
0.0000314159660774748772382736206054687500
0.0000159505580086261034011840820312500000
0.0000079271503636846318840980529785156250
0.0000038555708670173771679401397705078125
0.0000018348608818996581248939037322998047
0.0000008542221507923386525362730026245117
0.0000003889556126068782759830355644226074
0.0000001731798562332187430001795291900635
0.0000000753821893795247888192534446716309
0.0000000320717923329993936931714415550232
0.0000000133346729214167680765967816114426
0.0000000054175792740807082736864686012268
0.0000000021510866421436958262347616255283
0.0000000008354202329918791747331852093339
0.0000000003182404340051903091080021113157
0.0000000001199137317220433374131971504539
0.0000000000458498065902812612648631329648
0.0000000000192633652085216766636222018860
0.0000000000111343182937484463934652012540
0.0000000000122474504496428160393861617194
0.0000000000239634180554393338979934924282
0.0000000000597005639368930474120134022087
0.0000000001585448577978709749913832638413
0.0000000004230092387480510751629481092095
0.0000000011125909082920770742930471897125
0.0000000028668154516964250433375127613544
0.0000000072221371105740672646788880228996
0.0000000177782606414211841183714568614960
0.0000000427610835629366192733868956565857
0.0000001005082737037810147739946842193604
0.0000002309051296833786182105541229248047
0.0000005186061571293976157903671264648438
0.0000011389615792722906917333602905273438
0.0000024464798116241581737995147705078125
0.0000051407596401986666023731231689453125
0.0000105695326055865734815597534179687500
0.0000212674112844979390501976013183593750
0.0000418879571952857077121734619140625000
0.0000807724136393517255783081054687500000
0.0001525169791420921683311462402343750000
0.0002820557565428316593170166015625000000
0.0005109668127261102199554443359375000000
0.0009069209918379783630371093750000000000
0.0015774033963680267333984375000000000000
0.0026889927685260772705078125000000000000
0.0044935205951333045959472656250000000000
0.0073622576892375946044921875000000000000
0.0118287708610296249389648437500000000000
0.0186402052640914916992187500000000000000
0.0288153141736984252929687500000000000000
0.0437057130038738250732421875000000000000
0.0650546029210090637207031250000000000000
0.0950447022914886474609375000000000000000
0.1363251954317092895507812500000000000000
0.1920058727264404296875000000000000000000
0.2656067311763763427734375000000000000000
0.3609533309936523437500000000000000000000
0.4820113182067871093750000000000000000000
0.6326613426208496093750000000000000000000
0.8164211511611938476562500000000000000000
1.0361341238021850585937500000000000000000
1.2936470508575439453125000000000000000000
1.5895130634307861328125000000000000000000
1.9227515459060668945312500000000000000000
2.2907025814056396484375000000000000000000
2.6890001296997070312500000000000000000000
3.1116828918457031250000000000000000000000
3.5514435768127441406250000000000000000000
4.0000000000000000000000000000000000000000
3.0000000000000000000000000000000000000000
2.6635828018188476562500000000000000000000
2.3337621688842773437500000000000000000000
2.0167498588562011718750000000000000000000
1.7180268764495849609375000000000000000000
1.4420635700225830078125000000000000000000
1.1921346187591552734375000000000000000000
0.9702351689338684082031250000000000000000
0.7771005034446716308593750000000000000000
0.6123158931732177734375000000000000000000
0.4744959771633148193359375000000000000000
0.3615084886550903320312500000000000000000
0.2707149684429168701171875000000000000000
0.1992050260305404663085937500000000000000
0.1440043747425079345703125000000000000000
0.1022438928484916687011718750000000000000
0.0712835341691970825195312500000000000000
0.0487909540534019470214843750000000000000
0.0327792875468730926513671875000000000000
0.0216114874929189682006835937500000000000
0.0139801567420363426208496093750000000000
0.0088715804740786552429199218750000000000
0.0055216941982507705688476562500000000000
0.0033701411448419094085693359375000000000
0.0020167448092252016067504882812500000000
0.0011830525472760200500488281250000000000
0.0006801908020861446857452392578125000000
0.0003832250658888369798660278320312500000
0.0002115418319590389728546142578125000000
0.0001143877307185903191566467285156250000
0.0000605793138674926012754440307617187500
0.0000314159733534324914216995239257812500
0.0000159505634655943140387535095214843750
0.0000079271567301475442945957183837890625
0.0000038555772334802895784378051757812500
0.0000018348669073020573705434799194335938
0.0000008542282330381567589938640594482422
0.0000003889616664309869520366191864013672
0.0000001731858958464727038517594337463379
0.0000000753882360982061072718352079391479
0.0000000320778390516807121457532048225403
0.0000000133407187519196668290533125400543
0.0000000054236246604943971760803833603859
0.0000000021571329167358044287539087235928
0.0000000008414661190059291584475431591272
0.0000000003242863755303915240801870822906
0.0000000001259596871250323601998388767242
0.0000000000518957724016111399123474257067
0.0000000000253093310198515553111064946279
0.0000000000171802815029931110757388523780
0.0000000000182934136588874807216598128434
0.0000000000300093803973222605918635963462
0.0000000000657465262787759741058835061267
0.0000000001645908132008599977780249901116
0.0000000004290551802732522901351330801845
0.0000000011186369608395807517808862030506
0.0000000028728610601547188707627356052399
0.0000000072281838292553857172606512904167
0.0000000177843055837456631707027554512024
0.0000000427671338343316165264695882797241
0.0000001005143133170349756255745887756348
0.0000002309111977183420094661414623260498
0.0000005186122393752157222479581832885742
0.0000011389676046746899373829364776611328
0.0000024464857233397196978330612182617188
0.0000051407655519142281264066696166992188
0.0000105695389720494858920574188232421875
0.0000212674131034873425960540771484375000
0.0000418879608332645148038864135742187500
0.0000807724209153093397617340087890625000
0.0001525169791420921683311462402343750000
0.0002820557856466621160507202148437500000
0.0005109668127261102199554443359375000000
0.0009069209918379783630371093750000000000
0.0015774033963680267333984375000000000000
0.0026889927685260772705078125000000000000
0.0044935205951333045959472656250000000000
0.0073622576892375946044921875000000000000
0.0118287708610296249389648437500000000000
0.0186402052640914916992187500000000000000
0.0288153141736984252929687500000000000000
0.0437057130038738250732421875000000000000
0.0650546029210090637207031250000000000000
0.0950447022914886474609375000000000000000
0.1363251954317092895507812500000000000000
0.1920058727264404296875000000000000000000
0.2656067311763763427734375000000000000000
0.3609533309936523437500000000000000000000
0.4820113182067871093750000000000000000000
0.6326613426208496093750000000000000000000
0.8164211511611938476562500000000000000000
1.0361341238021850585937500000000000000000
1.2936470508575439453125000000000000000000
1.5895130634307861328125000000000000000000
1.9227515459060668945312500000000000000000
2.2907025814056396484375000000000000000000
2.6890001296997070312500000000000000000000
3.1116828918457031250000000000000000000000
3.5514435768127441406250000000000000000000
4.0000000000000000000000000000000000000000
3.0000000000000000000000000000000000000000
2.6635828018188476562500000000000000000000
2.3337621688842773437500000000000000000000
2.0167498588562011718750000000000000000000
1.7180268764495849609375000000000000000000
1.4420635700225830078125000000000000000000
1.1921346187591552734375000000000000000000
0.9702351689338684082031250000000000000000
0.7771005034446716308593750000000000000000
0.6123158931732177734375000000000000000000
0.4744959771633148193359375000000000000000
0.3615084886550903320312500000000000000000
0.2707149684429168701171875000000000000000
0.1992050260305404663085937500000000000000
0.1440043747425079345703125000000000000000
0.1022438928484916687011718750000000000000
0.0712835341691970825195312500000000000000
0.0487909540534019470214843750000000000000
0.0327792875468730926513671875000000000000
0.0216114874929189682006835937500000000000
0.0139801567420363426208496093750000000000
0.0088715804740786552429199218750000000000
0.0055216941982507705688476562500000000000
0.0033701411448419094085693359375000000000
0.0020167448092252016067504882812500000000
0.0011830526636913418769836425781250000000
0.0006801908020861446857452392578125000000
0.0003832251532003283500671386718750000000
0.0002115418465109542012214660644531250000
0.0001143877598224207758903503417968750000
0.0000605793356953654438257217407226562500
0.0000314159915433265268802642822265625000
0.0000159505834744777530431747436523437500
0.0000079271749200415797531604766845703125
0.0000038555949686269741505384445190429688
0.0000018348849835092551074922084808349609
0.0000008542461955585167743265628814697266
0.0000003889796573730563977733254432678223
0.0000001732038299451232887804508209228516
0.0000000754061701968566922005265951156616
0.0000000320957695976176182739436626434326
0.0000000133586475214997335569933056831360
0.0000000054415556505205131543334573507309
0.0000000021750630185835007068817503750324
0.0000000008593965539205328241223469376564
0.0000000003422168104449951897549908608198
0.0000000001438900942840604102457291446626
0.0000000000698261864995330938654660712928
0.0000000000432397381788796053569967625663
0.0000000000351106921314681130752433091402
0.0000000000362238260220859586979713640176
0.0000000000479397910257972625913680531085
0.0000000000836769403766979280590021517128
0.0000000001825212342376758556383720133454
0.0000000004469856151878559558099368587136
0.0000000011365672847318819549400359392166
0.0000000028907916060916249989531934261322
0.0000000072461143751922918454511091113091
0.0000000178022379060394086991436779499054
0.0000000427850608275548438541591167449951
0.0000001005322616265402757562696933746338
0.0000002309291176061378791928291320800781
0.0000005186302587389945983886718750000000
0.0000011389855671950499527156352996826172
0.0000024465039132337551563978195190429688
0.0000051407841965556144714355468750000000
0.0000105695562524488195776939392089843750
0.0000212674331123707816004753112792968750
0.0000418879790231585502624511718750000000
0.0000807724427431821823120117187500000000
0.0001525169936940073966979980468750000000
0.0002820558147504925727844238281250000000
0.0005109668127261102199554443359375000000
0.0009069209918379783630371093750000000000
0.0015774033963680267333984375000000000000
0.0026889927685260772705078125000000000000
0.0044935205951333045959472656250000000000
0.0073622576892375946044921875000000000000
0.0118287708610296249389648437500000000000
0.0186402052640914916992187500000000000000
0.0288153141736984252929687500000000000000
0.0437057130038738250732421875000000000000
0.0650546029210090637207031250000000000000
0.0950447022914886474609375000000000000000
0.1363251954317092895507812500000000000000
0.1920058727264404296875000000000000000000
0.2656067311763763427734375000000000000000
0.3609533309936523437500000000000000000000
0.4820113182067871093750000000000000000000
0.6326613426208496093750000000000000000000
0.8164211511611938476562500000000000000000
1.0361341238021850585937500000000000000000
1.2936470508575439453125000000000000000000
1.5895130634307861328125000000000000000000
1.9227515459060668945312500000000000000000
2.2907025814056396484375000000000000000000
2.6890001296997070312500000000000000000000
3.1116828918457031250000000000000000000000
3.5514435768127441406250000000000000000000
4.0000000000000000000000000000000000000000
3.0000000000000000000000000000000000000000
2.6635828018188476562500000000000000000000
2.3337621688842773437500000000000000000000
2.0167498588562011718750000000000000000000
1.7180268764495849609375000000000000000000
1.4420635700225830078125000000000000000000
1.1921346187591552734375000000000000000000
0.9702351689338684082031250000000000000000
0.7771005034446716308593750000000000000000
0.6123158931732177734375000000000000000000
0.4744959771633148193359375000000000000000
0.3615084886550903320312500000000000000000
0.2707149684429168701171875000000000000000
0.1992050260305404663085937500000000000000
0.1440043747425079345703125000000000000000
0.1022438928484916687011718750000000000000
0.0712835341691970825195312500000000000000
0.0487909540534019470214843750000000000000
0.0327792875468730926513671875000000000000
0.0216114874929189682006835937500000000000
0.0139801576733589172363281250000000000000
0.0088715804740786552429199218750000000000
0.0055216941982507705688476562500000000000
0.0033701411448419094085693359375000000000
0.0020167448092252016067504882812500000000
0.0011830527801066637039184570312500000000
0.0006801908602938055992126464843750000000
0.0003832252114079892635345458984375000000
0.0002115419192705303430557250976562500000
0.0001143878107541240751743316650390625000
0.0000605793829890899360179901123046875000
0.0000314160424750298261642456054687500000
0.0000159506325871916487812995910644531250
0.0000079272249422501772642135620117187500
0.0000038556445360882207751274108886718750
0.0000018349342099099885672330856323242188
0.0000008542956493329256772994995117187500
0.0000003890290543040464399382472038269043
0.0000001732532837195321917533874511718750
0.0000000754556168658382375724613666534424
0.0000000321452127138854848453775048255920
0.0000000134080897495891804283019155263901
0.0000000054909969904315403255168348550797
0.0000000022245050246283426531590521335602
0.0000000009088385599653747703996486961842
0.0000000003916587609786859047744655981660
0.0000000001933320725733267408941173925996
0.0000000001192681231554360010704840533435
0.0000000000926816956514642242836998775601
0.0000000000845526426651588280947180464864
0.0000000000856657800252236256710602901876
0.0000000000973817415594879776108427904546
0.0000000001331188909103886430784768890589
0.0000000002319631847713665706578467506915
0.0000000004964275657215466708294115960598
0.0000000011860092907767239012173376977444
0.0000000029402336121364669452304951846600
0.0000000072955561591925288666971027851105
0.0000000178516810223072752705775201320648
0.0000000428345074965363892260938882827759
0.0000001005816869792397483251988887786865
0.0000002309785998022562125697731971740723
0.0000005186795988265657797455787658691406
0.0000011390350209694588556885719299316406
0.0000024465534806950017809867858886718750
0.0000051408333092695102095603942871093750
0.0000105696062746574170887470245361328125
0.0000212674822250846773386001586914062500
0.0000418880299548618495464324951171875000
0.0000807724863989278674125671386718750000
0.0001525170519016683101654052734375000000
0.0002820558438543230295181274414062500000
0.0005109668709337711334228515625000000000
0.0009069210500456392765045166015625000000
0.0015774033963680267333984375000000000000
0.0026889927685260772705078125000000000000
0.0044935205951333045959472656250000000000
0.0073622576892375946044921875000000000000
0.0118287708610296249389648437500000000000
0.0186402052640914916992187500000000000000
0.0288153141736984252929687500000000000000
0.0437057130038738250732421875000000000000
0.0650546029210090637207031250000000000000
0.0950447022914886474609375000000000000000
0.1363251954317092895507812500000000000000
0.1920058727264404296875000000000000000000
0.2656067311763763427734375000000000000000
0.3609533309936523437500000000000000000000
0.4820113182067871093750000000000000000000
0.6326613426208496093750000000000000000000
0.8164211511611938476562500000000000000000
1.0361341238021850585937500000000000000000
1.2936470508575439453125000000000000000000
1.5895130634307861328125000000000000000000
1.9227515459060668945312500000000000000000
2.2907025814056396484375000000000000000000
2.6890001296997070312500000000000000000000
3.1116828918457031250000000000000000000000
3.5514435768127441406250000000000000000000
4.0000000000000000000000000000000000000000
3.0000000000000000000000000000000000000000
2.6635828018188476562500000000000000000000
2.3337621688842773437500000000000000000000
2.0167498588562011718750000000000000000000
1.7180268764495849609375000000000000000000
1.4420635700225830078125000000000000000000
1.1921346187591552734375000000000000000000
0.9702351689338684082031250000000000000000
0.7771005034446716308593750000000000000000
0.6123158931732177734375000000000000000000
0.4744959771633148193359375000000000000000
0.3615084886550903320312500000000000000000
0.2707149684429168701171875000000000000000
0.1992050260305404663085937500000000000000
0.1440043747425079345703125000000000000000
0.1022438928484916687011718750000000000000
0.0712835341691970825195312500000000000000
0.0487909540534019470214843750000000000000
0.0327792875468730926513671875000000000000
0.0216114874929189682006835937500000000000
0.0139801576733589172363281250000000000000
0.0088715804740786552429199218750000000000
0.0055216941982507705688476562500000000000
0.0033701413776725530624389648437500000000
0.0020167448092252016067504882812500000000
0.0011830528965219855308532714843750000000
0.0006801909767091274261474609375000000000
0.0003832253278233110904693603515625000000
0.0002115420356858521699905395507812500000
0.0001143879417213611304759979248046875000
0.0000605795139563269913196563720703125000
0.0000314161734422668814659118652343750000
0.0000159507653734181076288223266601562500
0.0000079273559094872325658798217773437500
0.0000038557764128199778497219085693359375
0.0000018350667687627719715237617492675781
0.0000008544278102817770559340715408325195
0.0000003891613289397355401888489723205566
0.0000001733855299335118615999817848205566
0.0000000755878488689631922170519828796387
0.0000000322774482697241182904690504074097
0.0000000135403288581414926738943904638290
0.0000000056232352108054328709840774536133
0.0000000023567432450022351986262947320938
0.0000000010410768913615697783825453370810
0.0000000005238971478860321440151892602444
0.0000000003255704317250973645059275440872
0.0000000002515065378183578559401212260127
0.0000000002249200548032348478955100290477
0.0000000002167910295725050673354417085648
0.0000000002179041391769942492828704416752
0.0000000002296201145890464090371096972376
0.0000000002653572639399470745047437958419
0.0000000003642015300453493864552001468837
0.0000000006286658971177416788123082369566
0.0000000013182475111506164466845802962780
0.0000000030724720545549644157290458679199
0.0000000074277952677448411122895777225494
0.0000000179839183545027481159195303916931
0.0000000429667394996613438706845045089722
0.0000001007139402986467757727950811386108
0.0000002311108033836717368103563785552979
0.0000005188119303056737408041954040527344
0.0000011391671250748913735151290893554688
0.0000024466853574267588555812835693359375
0.0000051409656407486181706190109252929688
0.0000105697381513891741633415222167968750
0.0000212676150113111361861228942871093750
0.0000418881609220989048480987548828125000
0.0000807726173661649227142333984375000000
0.0001525171683169901371002197265625000000
0.0002820559893734753131866455078125000000
0.0005109669873490929603576660156250000000
0.0009069212246686220169067382812500000000
0.0015774033963680267333984375000000000000
0.0026889927685260772705078125000000000000
0.0044935205951333045959472656250000000000
0.0073622576892375946044921875000000000000
0.0118287708610296249389648437500000000000
0.0186402052640914916992187500000000000000
0.0288153141736984252929687500000000000000
0.0437057130038738250732421875000000000000
0.0650546029210090637207031250000000000000
0.0950447022914886474609375000000000000000
0.1363251954317092895507812500000000000000
0.1920058727264404296875000000000000000000
0.2656067311763763427734375000000000000000
0.3609533309936523437500000000000000000000
0.4820113182067871093750000000000000000000
0.6326613426208496093750000000000000000000
0.8164211511611938476562500000000000000000
1.0361341238021850585937500000000000000000
1.2936470508575439453125000000000000000000
1.5895130634307861328125000000000000000000
1.9227515459060668945312500000000000000000
2.2907025814056396484375000000000000000000
2.6890001296997070312500000000000000000000
3.1116828918457031250000000000000000000000
3.5514435768127441406250000000000000000000
4.0000000000000000000000000000000000000000
3.0000000000000000000000000000000000000000
2.6635828018188476562500000000000000000000
2.3337621688842773437500000000000000000000
2.0167498588562011718750000000000000000000
1.7180268764495849609375000000000000000000
1.4420635700225830078125000000000000000000
1.1921346187591552734375000000000000000000
0.9702351689338684082031250000000000000000
0.7771005034446716308593750000000000000000
0.6123158931732177734375000000000000000000
0.4744959771633148193359375000000000000000
0.3615084886550903320312500000000000000000
0.2707149684429168701171875000000000000000
0.1992050260305404663085937500000000000000
0.1440043747425079345703125000000000000000
0.1022438928484916687011718750000000000000
0.0712835341691970825195312500000000000000
0.0487909540534019470214843750000000000000
0.0327792875468730926513671875000000000000
0.0216114874929189682006835937500000000000
0.0139801586046814918518066406250000000000
0.0088715814054012298583984375000000000000
0.0055216946639120578765869140625000000000
0.0033701416105031967163085937500000000000
0.0020167455077171325683593750000000000000
0.0011830532457679510116577148437500000000
0.0006801913259550929069519042968750000000
0.0003832256479654461145401000976562500000
0.0002115423849318176507949829101562500000
0.0001143882764154113829135894775390625000
0.0000605798595643136650323867797851562500
0.0000314165154122747480869293212890625000
0.0000159511091624153777956962585449218750
0.0000079277015174739062786102294921875000
0.0000038561211113119497895240783691406250
0.0000018354113535679061897099018096923828
0.0000008547726224605867173522710800170898
0.0000003895060558534169103950262069702148
0.0000001737303136906120926141738891601562
0.0000000759326397314907808322459459304810
0.0000000326222426849653857061639428138733
0.0000000138851206088475009892135858535767
0.0000000059680278496898608864285051822662
0.0000000027015363279758730641333386301994
0.0000000013858696412683002563426271080971
0.0000000008686899533039138532330980524421
0.0000000006703632093874034580949228256941
0.0000000005962992877250883339002029970288
0.0000000005697128324655409414845053106546
0.0000000005615837794792355452955234795809
0.0000000005626968890837247272429522126913
0.0000000005744128506179890791827347129583
0.0000000006101500416022531680937390774488
0.0000000007089943077076554800441954284906
0.0000000009734586470244721567723900079727
0.0000000016630403720796493871603161096573
0.0000000034172646934393924311734735965729
0.0000000077725879066292691277340054512024
0.0000000183287109933871761313639581203461
0.0000000433115374676162900868803262710571
0.0000001010587169503196491859853267669678
0.0000002314556297733361134305596351623535
0.0000005191566287976456806063652038574219
0.0000011395120509405387565493583679199219
0.0000024470300559187307953834533691406250
0.0000051413098844932392239570617675781250
0.0000105700828498811461031436920166015625
0.0000212679588003084063529968261718750000
0.0000418885065300855785608291625976562500
0.0000807729593361727893352508544921875000
0.0001525175175629556179046630859375000000
0.0002820563095156103372573852539062500000
0.0005109673365950584411621093750000000000
0.0009069214574992656707763671875000000000
0.0015774038620293140411376953125000000000
0.0026889932341873645782470703125000000000
0.0044935210607945919036865234375000000000
0.0073622576892375946044921875000000000000
0.0118287717923521995544433593750000000000
0.0186402052640914916992187500000000000000
0.0288153141736984252929687500000000000000
0.0437057130038738250732421875000000000000
0.0650546029210090637207031250000000000000
0.0950447022914886474609375000000000000000
0.1363251954317092895507812500000000000000
0.1920058727264404296875000000000000000000
0.2656067311763763427734375000000000000000
0.3609533309936523437500000000000000000000
0.4820113182067871093750000000000000000000
0.6326613426208496093750000000000000000000
0.8164211511611938476562500000000000000000
1.0361341238021850585937500000000000000000
1.2936470508575439453125000000000000000000
1.5895130634307861328125000000000000000000
1.9227515459060668945312500000000000000000
2.2907025814056396484375000000000000000000
2.6890001296997070312500000000000000000000
3.1116828918457031250000000000000000000000
3.5514435768127441406250000000000000000000
4.0000000000000000000000000000000000000000
3.0000000000000000000000000000000000000000
2.6635828018188476562500000000000000000000
2.3337621688842773437500000000000000000000
2.0167498588562011718750000000000000000000
1.7180268764495849609375000000000000000000
1.4420635700225830078125000000000000000000
1.1921346187591552734375000000000000000000
0.9702351689338684082031250000000000000000
0.7771005034446716308593750000000000000000
0.6123158931732177734375000000000000000000
0.4744959771633148193359375000000000000000
0.3615084886550903320312500000000000000000
0.2707149684429168701171875000000000000000
0.1992050260305404663085937500000000000000
0.1440043747425079345703125000000000000000
0.1022438928484916687011718750000000000000
0.0712835341691970825195312500000000000000
0.0487909540534019470214843750000000000000
0.0327792875468730926513671875000000000000
0.0216114893555641174316406250000000000000
0.0139801586046814918518066406250000000000
0.0088715814054012298583984375000000000000
0.0055216955952346324920654296875000000000
0.0033701427746564149856567382812500000000
0.0020167462062090635299682617187500000000
0.0011830541770905256271362304687500000000
0.0006801922572776675224304199218750000000
0.0003832265501841902732849121093750000000
0.0002115432725986465811729431152343750000
0.0001143891640822403132915496826171875000
0.0000605807326792273670434951782226562500
0.0000314173958031460642814636230468750000
0.0000159519859153078868985176086425781250
0.0000079285782703664153814315795898437500
0.0000038569983189518097788095474243164062
0.0000018362884475209284573793411254882812
0.0000008556497732570278458297252655029297
0.0000003903832066498580388724803924560547
0.0000001746073934327796450816094875335693
0.0000000768097550007951213046908378601074
0.0000000334993544015560473781079053878784
0.0000000147622323254381626611575484275818
0.0000000068451413426373619586229324340820
0.0000000035786489327449544362025335431099
0.0000000022629826901265914784744381904602
0.0000000017458028356287513815914280712605
0.0000000015474761472233922177110798656940
0.0000000014734121700499258622585330158472
0.0000000014468256592792272385850083082914
0.0000000014386966062929218423960264772177
0.0000000014398097158974110243434552103281
0.0000000014515257884539778387988917529583
0.0000000014872628684159394651942420750856
0.0000000015861071345213417771446984261274
0.0000000018505715848604609163885470479727
0.0000000025401531988933356842608191072941
0.0000000042943772982084738032426685094833
0.0000000086497005113983504998032003641129
0.0000000192058244863346772035583853721619
0.0000000441886491842069517588242888450623
0.0000001019358393250513472594320774078369
0.0000002323326953046489506959915161132812
0.0000005200337795940868090838193893432617
0.0000011403891448935610242187976837158203
0.0000024479072635585907846689224243164062
0.0000051421875468804500997066497802734375
0.0000105709605122683569788932800292968750
0.0000212688355532009154558181762695312500
0.0000418893796449992805719375610351562500
0.0000807738397270441055297851562500000000
0.0001525183906778693199157714843750000000
0.0002820572117343544960021972656250000000
0.0005109681515023112297058105468750000000
0.0009069223888218402862548828125000000000
0.0015774046769365668296813964843750000000
0.0026889941655099391937255859375000000000
0.0044935219921171665191650390625000000000
0.0073622595518827438354492187500000000000
0.0118287727236747741699218750000000000000
0.0186402089893817901611328125000000000000
0.0288153141736984252929687500000000000000
0.0437057130038738250732421875000000000000
0.0650546029210090637207031250000000000000
0.0950447022914886474609375000000000000000
0.1363251954317092895507812500000000000000
0.1920058727264404296875000000000000000000
0.2656067311763763427734375000000000000000
0.3609533309936523437500000000000000000000
0.4820113182067871093750000000000000000000
0.6326613426208496093750000000000000000000
0.8164211511611938476562500000000000000000
1.0361341238021850585937500000000000000000
1.2936470508575439453125000000000000000000
1.5895130634307861328125000000000000000000
1.9227515459060668945312500000000000000000
2.2907025814056396484375000000000000000000
2.6890001296997070312500000000000000000000
3.1116828918457031250000000000000000000000
3.5514435768127441406250000000000000000000
4.0000000000000000000000000000000000000000
3.0000000000000000000000000000000000000000
2.6635828018188476562500000000000000000000
2.3337621688842773437500000000000000000000
2.0167498588562011718750000000000000000000
1.7180268764495849609375000000000000000000
1.4420635700225830078125000000000000000000
1.1921346187591552734375000000000000000000
0.9702352285385131835937500000000000000000
0.7771005630493164062500000000000000000000
0.6123158931732177734375000000000000000000
0.4744959771633148193359375000000000000000
0.3615084886550903320312500000000000000000
0.2707149684429168701171875000000000000000
0.1992050409317016601562500000000000000000
0.1440043747425079345703125000000000000000
0.1022438928484916687011718750000000000000
0.0712835341691970825195312500000000000000
0.0487909540534019470214843750000000000000
0.0327792912721633911132812500000000000000
0.0216114912182092666625976562500000000000
0.0139801613986492156982421875000000000000
0.0088715832680463790893554687500000000000
0.0055216979235410690307617187500000000000
0.0033701446373015642166137695312500000000
0.0020167485345155000686645507812500000000
0.0011830562725663185119628906250000000000
0.0006801944109611213207244873046875000000
0.0003832287329714745283126831054687500000
0.0002115454553859308362007141113281250000
0.0001143913395935669541358947753906250000
0.0000605829191044904291629791259765625000
0.0000314195749524515122175216674804687500
0.0000159541632456239312887191772460937500
0.0000079307556006824597716331481933593750
0.0000038591761040152050554752349853515625
0.0000018384662325843237340450286865234375
0.0000008578274446335854008793830871582031
0.0000003925608780264155939221382141113281
0.0000001767850932310466305352747440338135
0.0000000789874121664979611523449420928955
0.0000000356770186726862448267638683319092
0.0000000169398965965683601098135113716125
0.0000000090228029492323003069031983613968
0.0000000057563109834291026345454156398773
0.0000000044406442967215298267547041177750
0.0000000039234646642682946549030020833015
0.0000000037251379758629354910226538777351
0.0000000036510741097117715980857610702515
0.0000000036244878209856778994435444474220
0.0000000036163583239101626531919464468956
0.0000000036174716555592567601706832647324
0.0000000036291876170935211121104657649994
0.0000000036649248080777852010214701294899
0.0000000037637692962277924380032345652580
0.0000000040282337465669115772470831871033
0.0000000047178154716220888076350092887878
0.0000000064720393488926220015855506062508
0.0000000108273621179932888480834662914276
0.0000000213834869811080352519638836383820
0.0000000463663099026234704069793224334717
0.0000001041134964907541871070861816406250
0.0000002345103951029159361496567726135254
0.0000005222113941272255033254623413085938
0.0000011425668162701185792684555053710938
0.0000024500848212483106181025505065917969
0.0000051443648771964944899082183837890625
0.0000105731378425844013690948486328125000
0.0000212710147025063633918762207031250000
0.0000418915587943047285079956054687500000
0.0000807760152383707463741302490234375000
0.0001525205734651535749435424804687500000
0.0002820593654178082942962646484375000000
0.0005109703633934259414672851562500000000
0.0009069244260899722576141357421875000000
0.0015774068888276815414428710937500000000
0.0026889960281550884246826171875000000000
0.0044935243204236030578613281250000000000
0.0073622614145278930664062500000000000000
0.0118287764489650726318359375000000000000
0.0186402089893817901611328125000000000000
0.0288153178989887237548828125000000000000
0.0437057167291641235351562500000000000000
0.0650546029210090637207031250000000000000
0.0950447022914886474609375000000000000000
0.1363251954317092895507812500000000000000
0.1920058727264404296875000000000000000000
0.2656067311763763427734375000000000000000
0.3609533309936523437500000000000000000000
0.4820113182067871093750000000000000000000
0.6326613426208496093750000000000000000000
0.8164211511611938476562500000000000000000
1.0361341238021850585937500000000000000000
1.2936470508575439453125000000000000000000
1.5895130634307861328125000000000000000000
1.9227515459060668945312500000000000000000
2.2907025814056396484375000000000000000000
2.6890001296997070312500000000000000000000
3.1116828918457031250000000000000000000000
3.5514435768127441406250000000000000000000
4.0000000000000000000000000000000000000000
3.0000000000000000000000000000000000000000
2.6635828018188476562500000000000000000000
2.3337621688842773437500000000000000000000
2.0167498588562011718750000000000000000000
1.7180268764495849609375000000000000000000
1.4420635700225830078125000000000000000000
1.1921347379684448242187500000000000000000
0.9702352285385131835937500000000000000000
0.7771005630493164062500000000000000000000
0.6123158931732177734375000000000000000000
0.4744959771633148193359375000000000000000
0.3615084886550903320312500000000000000000
0.2707149684429168701171875000000000000000
0.1992050409317016601562500000000000000000
0.1440043896436691284179687500000000000000
0.1022439002990722656250000000000000000000
0.0712835341691970825195312500000000000000
0.0487909615039825439453125000000000000000
0.0327792949974536895751953125000000000000
0.0216114968061447143554687500000000000000
0.0139801651239395141601562500000000000000
0.0088715888559818267822265625000000000000
0.0055217025801539421081542968750000000000
0.0033701499924063682556152343750000000000
0.0020167536567896604537963867187500000000
0.0011830616276711225509643554687500000000
0.0006801997078582644462585449218750000000
0.0003832340007647871971130371093750000000
0.0002115507086273282766342163085937500000
0.0001143966219387948513031005859375000000
0.0000605881905357819050550460815429687500
0.0000314248536597006022930145263671875000
0.0000159594419528730213642120361328125000
0.0000079360343079315498471260070800781250
0.0000038644539017695933580398559570312500
0.0000018437440303387120366096496582031250
0.0000008631054697616491466760635375976562
0.0000003978389031544793397188186645507812
0.0000001820631325699650915339589118957520
0.0000000842654728216984949540346860885620
0.0000000409550793278867786284536123275757
0.0000000222179572517688939115032553672791
0.0000000143008662689680932089686393737793
0.0000000110343743031648955366108566522598
0.0000000097187076164573227288201451301575
0.0000000092015284280932974070310592651367
0.0000000090032008515095185430254787206650
0.0000000089291365412691448000259697437286
0.0000000089025498084538412513211369514465
0.0000000088944211995567457051947712898254
0.0000000088955340871166299621108919382095
0.0000000089072500486508943140506744384766
0.0000000089429876837243682530242949724197
0.0000000090418321718743754900060594081879
0.0000000093062961781242847791872918605804
0.0000000099958779031794620095752179622650
0.0000000117501022245392050535883754491806
0.0000000161054245495506620500236749649048
0.0000000266615476363085690536536276340485
0.0000000516443705578240042086690664291382
0.0000001093915642513820785097777843475342
0.0000002397884202309796819463372230529785
0.0000005274894760987081099301576614379883
0.0000011478448413981823250651359558105469
0.0000024553630737500498071312904357910156
0.0000051496426749508827924728393554687500
0.0000105784165498334914445877075195312500
0.0000212762915907660499215126037597656250
0.0000418968375015538185834884643554687500
0.0000807812975835986435413360595703125000
0.0001525258412584662437438964843750000000
0.0002820646623149514198303222656250000000
0.0005109756020829081535339355468750000000
0.0009069298394024372100830078125000000000
0.0015774121275171637535095214843750000000
0.0026890016160905361175537109375000000000
0.0044935294426977634429931640625000000000
0.0073622670024633407592773437500000000000
0.0118287801742553710937500000000000000000
0.0186402164399623870849609375000000000000
0.0288153216242790222167968750000000000000
0.0437057241797447204589843750000000000000
0.0650546029210090637207031250000000000000
0.0950447022914886474609375000000000000000
0.1363251954317092895507812500000000000000
0.1920058727264404296875000000000000000000
0.2656067311763763427734375000000000000000
0.3609533309936523437500000000000000000000
0.4820113182067871093750000000000000000000
0.6326613426208496093750000000000000000000
0.8164211511611938476562500000000000000000
1.0361341238021850585937500000000000000000
1.2936470508575439453125000000000000000000
1.5895130634307861328125000000000000000000
1.9227515459060668945312500000000000000000
2.2907025814056396484375000000000000000000
2.6890001296997070312500000000000000000000
3.1116828918457031250000000000000000000000
3.5514435768127441406250000000000000000000
4.0000000000000000000000000000000000000000
3.0000000000000000000000000000000000000000
2.6635828018188476562500000000000000000000
2.3337621688842773437500000000000000000000
2.0167498588562011718750000000000000000000
1.7180268764495849609375000000000000000000
1.4420635700225830078125000000000000000000
1.1921347379684448242187500000000000000000
0.9702353477478027343750000000000000000000
0.7771005630493164062500000000000000000000
0.6123158931732177734375000000000000000000
0.4744960069656372070312500000000000000000
0.3615084886550903320312500000000000000000
0.2707149684429168701171875000000000000000
0.1992050558328628540039062500000000000000
0.1440044045448303222656250000000000000000
0.1022439152002334594726562500000000000000
0.0712835490703582763671875000000000000000
0.0487909689545631408691406250000000000000
0.0327793098986148834228515625000000000000
0.0216115079820156097412109375000000000000
0.0139801781624555587768554687500000000000
0.0088716018944978713989257812500000000000
0.0055217156186699867248535156250000000000
0.0033701620995998382568359375000000000000
0.0020167659968137741088867187500000000000
0.0011830742005258798599243164062500000000
0.0006802121642976999282836914062500000000
0.0003832464572042226791381835937500000000
0.0002115632232744246721267700195312500000
0.0001144091002061031758785247802734375000
0.0000606006869929842650890350341796875000
0.0000314373428409453481435775756835937500
0.0000159719329531071707606315612792968750
0.0000079485262176604010164737701416015625
0.0000038769458114984445273876190185546875
0.0000018562355990070500411093235015869141
0.0000008755968678997305687516927719116211
0.0000004103303581359796226024627685546875
0.0000001945545591297559440135955810546875
0.0000000967568922760619898326694965362549
0.0000000534464916768229159060865640640259
0.0000000347093731534187099896371364593506
0.0000000267922821706179092871025204658508
0.0000000235257910929931313148699700832367
0.0000000222101235181071388069540262222290
0.0000000216929443297431134851649403572083
0.0000000214946176413377543212845921516418
0.0000000214205524429189608781598508358002
0.0000000213939657101036573294550180435181
0.0000000213858371012065617833286523818970
0.0000000213869508769448657403700053691864
0.0000000213986659503007103921845555305481
0.0000000214344026971957646310329437255859
0.0000000215332498498810309683904051780701
0.0000000217977138561309402575716376304626
0.0000000224872920284724386874586343765259
0.0000000242415190143674408318474888801575
0.0000000285968386748436387279070913791656
0.0000000391529653143152245320379734039307
0.0000000641357900121874990873038768768311
0.0000001218829766003182157874107360839844
0.0000002522798467907705344259738922119141
0.0000005399808742367895320057868957519531
0.0000011603362963796826079487800598144531
0.0000024678545287315500900149345397949219
0.0000051621345846797339618206024169921875
0.0000105909075500676408410072326660156250
0.0000212887825910001993179321289062500000
0.0000419093266827985644340515136718750000
0.0000807937831268645823001861572265625000
0.0001525383413536474108695983886718750000
0.0002820771478582173585891723632812500000
0.0005109881167300045490264892578125000000
0.0009069422958418726921081542968750000000
0.0015774247003719210624694824218750000000
0.0026890137232840061187744140625000000000
0.0044935420155525207519531250000000000000
0.0073622786439955234527587890625000000000
0.0118287941440939903259277343750000000000
0.0186402276158332824707031250000000000000
0.0288153328001499176025390625000000000000
0.0437057316303253173828125000000000000000
0.0650546178221702575683593750000000000000
0.0950447171926498413085937500000000000000
0.1363252103328704833984375000000000000000
0.1920058727264404296875000000000000000000
0.2656067311763763427734375000000000000000
0.3609533309936523437500000000000000000000
0.4820113182067871093750000000000000000000
0.6326613426208496093750000000000000000000
0.8164211511611938476562500000000000000000
1.0361341238021850585937500000000000000000
1.2936470508575439453125000000000000000000
1.5895130634307861328125000000000000000000
1.9227515459060668945312500000000000000000
2.2907025814056396484375000000000000000000
2.6890001296997070312500000000000000000000
3.1116828918457031250000000000000000000000
3.5514435768127441406250000000000000000000
4.0000000000000000000000000000000000000000
3.0000000000000000000000000000000000000000
2.6635828018188476562500000000000000000000
2.3337621688842773437500000000000000000000
2.0167498588562011718750000000000000000000
1.7180269956588745117187500000000000000000
1.4420636892318725585937500000000000000000
1.1921347379684448242187500000000000000000
0.9702353477478027343750000000000000000000
0.7771006226539611816406250000000000000000
0.6123159527778625488281250000000000000000
0.4744960367679595947265625000000000000000
0.3615085482597351074218750000000000000000
0.2707149982452392578125000000000000000000
0.1992050707340240478515625000000000000000
0.1440044343471527099609375000000000000000
0.1022439375519752502441406250000000000000
0.0712835788726806640625000000000000000000
0.0487909987568855285644531250000000000000
0.0327793359756469726562500000000000000000
0.0216115377843379974365234375000000000000
0.0139802061021327972412109375000000000000
0.0088716307654976844787597656250000000000
0.0055217440240085124969482421875000000000
0.0033701909705996513366699218750000000000
0.0020167948678135871887207031250000000000
0.0011831029551103711128234863281250000000
0.0006802410935051739215850830078125000000
0.0003832753864116966724395751953125000000
0.0002115920651704072952270507812500000000
0.0001144379784818738698959350585937500000
0.0000606295543548185378313064575195312500
0.0000314662174787372350692749023437500000
0.0000160008075908990576863288879394531250
0.0000079773999459575861692428588867187500
0.0000039058195397956296801567077636718750
0.0000018851092136173974722623825073242188
0.0000009044704256666591390967369079589844
0.0000004392039159029081929475069046020508
0.0000002234281453183939447626471519470215
0.0000001256304926755547057837247848510742
0.0000000823200920763156318571418523788452
0.0000000635829735529114259406924247741699
0.0000000556658825701106252381578087806702
0.0000000523993932688426866661757230758667
0.0000000510837239175998547580093145370483
0.0000000505665482819495082367211580276489
0.0000000503682180408304702723398804664612
0.0000000502941546187685162294656038284302
0.0000000502675661095963732805103063583374
0.0000000502594375006992777343839406967163
0.0000000502605530527944210916757583618164
0.0000000502722699025071051437407732009888
0.0000000503080066494021593825891613960266
0.0000000504068538020874257199466228485107
0.0000000506713107029099774081259965896606
0.0000000513608995333925122395157814025879
0.0000000531151158611464779824018478393555
0.0000000574704444034068728797137737274170
0.0000000680265586083805828820914030075073
0.0000000930093904116802150383591651916504
0.0000001507565769998109317384660243988037
0.0000002811534614011179655790328979492188
0.0000005688544888471369631588459014892578
0.0000011892097973031923174858093261718750
0.0000024967280296550597995519638061523438
0.0000051910083129769191145896911621093750
0.0000106197803688701242208480834960937500
0.0000213176572287920862436294555664062500
0.0000419381976826116442680358886718750000
0.0000808226541266776621341705322265625000
0.0001525672269053757190704345703125000000
0.0002821059897541999816894531250000000000
0.0005110170459374785423278808593750000000
0.0009069711668416857719421386718750000000
0.0015774535713717341423034667968750000000
0.0026890428271144628524780273437500000000
0.0044935704208910465240478515625000000000
0.0073623075149953365325927734375000000000
0.0118288211524486541748046875000000000000
0.0186402574181556701660156250000000000000
0.0288153607398271560668945312500000000000
0.0437057614326477050781250000000000000000
0.0650546476244926452636718750000000000000
0.0950447395443916320800781250000000000000
0.1363252401351928710937500000000000000000
0.1920058876276016235351562500000000000000
0.2656067609786987304687500000000000000000
0.3609533309936523437500000000000000000000
0.4820113182067871093750000000000000000000
0.6326613426208496093750000000000000000000
0.8164212107658386230468750000000000000000
1.0361341238021850585937500000000000000000
1.2936470508575439453125000000000000000000
1.5895130634307861328125000000000000000000
1.9227515459060668945312500000000000000000
2.2907025814056396484375000000000000000000
2.6890001296997070312500000000000000000000
3.1116828918457031250000000000000000000000
3.5514435768127441406250000000000000000000
4.0000000000000000000000000000000000000000
3.0000000000000000000000000000000000000000
2.6635828018188476562500000000000000000000
2.3337621688842773437500000000000000000000
2.0167498588562011718750000000000000000000
1.7180269956588745117187500000000000000000
1.4420638084411621093750000000000000000000
1.1921348571777343750000000000000000000000
0.9702353477478027343750000000000000000000
0.7771006822586059570312500000000000000000
0.6123160123825073242187500000000000000000
0.4744961261749267578125000000000000000000
0.3615086078643798828125000000000000000000
0.2707150876522064208984375000000000000000
0.1992051452398300170898437500000000000000
0.1440044939517974853515625000000000000000
0.1022440046072006225585937500000000000000
0.0712836459279060363769531250000000000000
0.0487910658121109008789062500000000000000
0.0327794030308723449707031250000000000000
0.0216116011142730712890625000000000000000
0.0139802731573581695556640625000000000000
0.0088716950267553329467773437500000000000
0.0055218092165887355804443359375000000000
0.0033702561631798744201660156250000000000
0.0020168600603938102722167968750000000000
0.0011831681476905941963195800781250000000
0.0006803062278777360916137695312500000000
0.0003833405789919197559356689453125000000
0.0002116572868544608354568481445312500000
0.0001145031710620969533920288085937500000
0.0000606947614869568496942520141601562500
0.0000315314136969391256570816040039062500
0.0000160660056280903518199920654296875000
0.0000080425979831488803029060363769531250
0.0000039710180317342747002840042114257812
0.0000019503077055560424923896789550781250
0.0000009696689176053041592240333557128906
0.0000005044023509981343522667884826660156
0.0000002886266088353295344859361648559570
0.0000001908289277707808651030063629150391
0.0000001475185342769691487774252891540527
0.0000001287814228589923004619777202606201
0.0000001208643425343325361609458923339844
0.0000001175978425749235611874610185623169
0.0000001162821803291080868802964687347412
0.0000001157650046934577403590083122253418
0.0000001155666780050523811951279640197754
0.0000001154926110302767483517527580261230
0.0000001154660225211046054027974605560303
0.0000001154578868067801522556692361831665
0.0000001154590094643026532139629125595093
0.0000001154707263140153372660279273986816
0.0000001155064595081967127043753862380981
0.0000001156053031081683002412319183349609
0.0000001158697742198455671314150094985962
0.0000001165593417340460291597992181777954
0.0000001183135793780820677056908607482910
0.0000001226688937094877474009990692138672
0.0000001332250292307435302063822746276855
0.0000001582078397177610895596444606781006
0.0000002159550405167465214617550373077393
0.0000003463518964963441248983144760131836
0.0000006340529239423631224781274795532227
0.0000012544082892418373376131057739257812
0.0000025619267489673802629113197326660156
0.0000052562063501682132482528686523437500
0.0000106849802250508219003677368164062500
0.0000213828552659833803772926330566406250
0.0000420034048147499561309814453125000000
0.0000808878539828583598136901855468750000
0.0001526324194855988025665283203125000000
0.0002821711823344230651855468750000000000
0.0005110821221023797988891601562500000000
0.0009070363594219088554382324218750000000
0.0015775186475366353988647460937500000000
0.0026891080196946859359741210937500000000
0.0044936360791325569152832031250000000000
0.0073623722419142723083496093750000000000
0.0118288882076740264892578125000000000000
0.0186403207480907440185546875000000000000
0.0288154277950525283813476562500000000000
0.0437058247625827789306640625000000000000
0.0650547146797180175781250000000000000000
0.0950448140501976013183593750000000000000
0.1363252997398376464843750000000000000000
0.1920059621334075927734375000000000000000
0.2656068205833435058593750000000000000000
0.3609533905982971191406250000000000000000
0.4820113778114318847656250000000000000000
0.6326613426208496093750000000000000000000
0.8164212107658386230468750000000000000000
1.0361342430114746093750000000000000000000
1.2936470508575439453125000000000000000000
1.5895130634307861328125000000000000000000
1.9227515459060668945312500000000000000000
2.2907025814056396484375000000000000000000
2.6890001296997070312500000000000000000000
3.1116828918457031250000000000000000000000
3.5514435768127441406250000000000000000000
4.0000000000000000000000000000000000000000
3.0000000000000000000000000000000000000000
2.6635828018188476562500000000000000000000
2.3337621688842773437500000000000000000000
2.0167498588562011718750000000000000000000
1.7180269956588745117187500000000000000000
1.4420639276504516601562500000000000000000
1.1921349763870239257812500000000000000000
0.9702355861663818359375000000000000000000
0.7771008014678955078125000000000000000000
0.6123161315917968750000000000000000000000
0.4744962453842163085937500000000000000000
0.3615087568759918212890625000000000000000
0.2707152366638183593750000000000000000000
0.1992052942514419555664062500000000000000
0.1440046429634094238281250000000000000000
0.1022441536188125610351562500000000000000
0.0712837874889373779296875000000000000000
0.0487912148237228393554687500000000000000
0.0327795445919036865234375000000000000000
0.0216117464005947113037109375000000000000
0.0139804147183895111083984375000000000000
0.0088718384504318237304687500000000000000
0.0055219531059265136718750000000000000000
0.0033704000525176525115966796875000000000
0.0020170039497315883636474609375000000000
0.0011833119206130504608154296875000000000
0.0006804501172155141830444335937500000000
0.0003834844392258673906326293945312500000
0.0002118011325364932417869567871093750000
0.0001146470312960445880889892578125000000
0.0000608386035310104489326477050781250000
0.0000316752666549291461706161499023437500
0.0000162098549481015652418136596679687500
0.0000081864491221494972705841064453125000
0.0000041148682612401898950338363647460938
0.0000020941583898093085736036300659179688
0.0000011135194881717325188219547271728516
0.0000006482529784079815726727247238159180
0.0000004324771225583390332758426666259766
0.0000003346794983372092247009277343750000
0.0000002913690764216880779713392257690430
0.0000002726320076362753752619028091430664
0.0000002647149131007608957588672637939453
0.0000002614484060359245631843805313110352
0.0000002601327366846817312762141227722168
0.0000002596155468381766695529222488403320
0.0000002594172201497713103890419006347656
0.0000002593431815967051079496741294860840
0.0000002593165788766782497987151145935059
0.0000002593084786894905846565961837768555
0.0000002593095587144489400088787078857422
0.0000002593212968804436968639492988586426
0.0000002593570229691977147012948989868164
0.0000002594558736745966598391532897949219
0.0000002597203376808465691283345222473145
0.0000002604099336167564615607261657714844
0.0000002621641215228009968996047973632812
0.0000002665194642759161069989204406738281
0.0000002770755713754624594002962112426758
0.0000003020584244950441643595695495605469
0.0000003598055400289013050496578216552734
0.0000004902024670627724844962358474731445
0.0000007779034376653726212680339813232422
0.0000013982589734951034188270568847656250
0.0000027057772058469709008932113647460938
0.0000054000570344214793294668197631835938
0.0000108288295450620353221893310546875000
0.0000215267082239734008908271789550781250
0.0000421472504967823624610900878906250000
0.0000810317069408483803272247314453125000
0.0001527762506157159805297851562500000000
0.0002823150134645402431488037109375000000
0.0005112260114401578903198242187500000000
0.0009071801323443651199340820312500000000
0.0015776626532897353172302246093750000000
0.0026892516762018203735351562500000000000
0.0044937795028090476989746093750000000000
0.0073625165969133377075195312500000000000
0.0118290297687053680419921875000000000000
0.0186404660344123840332031250000000000000
0.0288155674934387207031250000000000000000
0.0437059663236141204833984375000000000000
0.0650548487901687622070312500000000000000
0.0950449556112289428710937500000000000000
0.1363254487514495849609375000000000000000
0.1920061111450195312500000000000000000000
0.2656069695949554443359375000000000000000
0.3609535098075866699218750000000000000000
0.4820115566253662109375000000000000000000
0.6326614618301391601562500000000000000000
0.8164213895797729492187500000000000000000
1.0361342430114746093750000000000000000000
1.2936472892761230468750000000000000000000
1.5895131826400756835937500000000000000000
1.9227516651153564453125000000000000000000
2.2907025814056396484375000000000000000000
2.6890001296997070312500000000000000000000
3.1116828918457031250000000000000000000000
3.5514435768127441406250000000000000000000
4.0000000000000000000000000000000000000000
3.0000000000000000000000000000000000000000
2.6635828018188476562500000000000000000000
2.3337621688842773437500000000000000000000
2.0167503356933593750000000000000000000000
1.7180271148681640625000000000000000000000
1.4420640468597412109375000000000000000000
1.1921352148056030273437500000000000000000
0.9702357649803161621093750000000000000000
0.7771010994911193847656250000000000000000
0.6123164296150207519531250000000000000000
0.4744965136051177978515625000000000000000
0.3615090250968933105468750000000000000000
0.2707155346870422363281250000000000000000
0.1992055922746658325195312500000000000000
0.1440049409866333007812500000000000000000
0.1022444516420364379882812500000000000000
0.0712840929627418518066406250000000000000
0.0487915165722370147705078125000000000000
0.0327798537909984588623046875000000000000
0.0216120537370443344116210937500000000000
0.0139807229861617088317871093750000000000
0.0088721476495265960693359375000000000000
0.0055222623050212860107421875000000000000
0.0033707099501043558120727539062500000000
0.0020173140801489353179931640625000000000
0.0011836220510303974151611328125000000000
0.0006807601894252002239227294921875000000
0.0003837945987470448017120361328125000000
0.0002121113066095858812332153320312500000
0.0001149572053691372275352478027343750000
0.0000611487921560183167457580566406250000
0.0000319854407280217856168746948242187500
0.0000165200344781624153256416320800781250
0.0000084966259237262420356273651123046875
0.0000044250464270589873194694519042968750
0.0000024043358735070796683430671691894531
0.0000014236973129300167784094810485839844
0.0000009584306326360092498362064361572266
0.0000007426549473166232928633689880371094
0.0000006448572094086557626724243164062500
0.0000006015468443365534767508506774902344
0.0000005828097755511407740414142608642578
0.0000005748927378590451553463935852050781
0.0000005716262307942088227719068527221680
0.0000005703105330212565604597330093383789
0.0000005697933147530420683324337005615234
0.0000005695950449080555699765682220458984
0.0000005695209779332799371331930160522461
0.0000005694943183698342181742191314697266
0.0000005694862466043559834361076354980469
0.0000005694873834727331995964050292968750
0.0000005694990363735996652394533157348633
0.0000005695347908840631134808063507080078
0.0000005696335847460431978106498718261719
0.0000005698981340174213983118534088134766
0.0000005705876446882029995322227478027344
0.0000005723418894376663956791162490844727
0.0000005766971753473626449704170227050781
0.0000005872533961337467189878225326538086
0.0000006122361355664907023310661315917969
0.0000006699833647871855646371841430664062
0.0000008003801781342190224677324295043945
0.0000010880812624236568808555603027343750
0.0000017084366845665499567985534667968750
0.0000030159549169184174388647079467773438
0.0000057102352002402767539024353027343750
0.0000111390072561334818601608276367187500
0.0000218368841160554438829421997070312500
0.0000424574282078538089990615844726562500
0.0000813418737379834055900573730468750000
0.0001530864392407238483428955078125000000
0.0002826252020895481109619140625000000000
0.0005115361418575048446655273437500000000
0.0009074903791770339012145996093750000000
0.0015779726672917604446411132812500000000
0.0026895618066191673278808593750000000000
0.0044940896332263946533203125000000000000
0.0073628257960081100463867187500000000000
0.0118293408304452896118164062500000000000
0.0186407752335071563720703125000000000000
0.0288158766925334930419921875000000000000
0.0437062755227088928222656250000000000000
0.0650551617145538330078125000000000000000
0.0950452610850334167480468750000000000000
0.1363257467746734619140625000000000000000
0.1920064091682434082031250000000000000000
0.2656072676181793212890625000000000000000
0.3609538376331329345703125000000000000000
0.4820117950439453125000000000000000000000
0.6326618194580078125000000000000000000000
0.8164215683937072753906250000000000000000
1.0361344814300537109375000000000000000000
1.2936474084854125976562500000000000000000
1.5895133018493652343750000000000000000000
1.9227519035339355468750000000000000000000
2.2907028198242187500000000000000000000000
2.6890001296997070312500000000000000000000
3.1116828918457031250000000000000000000000
3.5514435768127441406250000000000000000000
4.0000000000000000000000000000000000000000
3.0000000000000000000000000000000000000000
2.6635828018188476562500000000000000000000
2.3337624073028564453125000000000000000000
2.0167503356933593750000000000000000000000
1.7180274724960327148437500000000000000000
1.4420642852783203125000000000000000000000
1.1921355724334716796875000000000000000000
0.9702361822128295898437500000000000000000
0.7771015763282775878906250000000000000000
0.6123169660568237304687500000000000000000
0.4744970798492431640625000000000000000000
0.3615096211433410644531250000000000000000
0.2707161307334899902343750000000000000000
0.1992062181234359741210937500000000000000
0.1440055817365646362304687500000000000000
0.1022450923919677734375000000000000000000
0.0712847337126731872558593750000000000000
0.0487921610474586486816406250000000000000
0.0327805019915103912353515625000000000000
0.0216127038002014160156250000000000000000
0.0139813758432865142822265625000000000000
0.0088728014379739761352539062500000000000
0.0055229156278073787689208984375000000000
0.0033713635057210922241210937500000000000
0.0020179676357656717300415039062500000000
0.0011842757230624556541442871093750000000
0.0006814139196649193763732910156250000000
0.0003844482998829334974288940429687500000
0.0002127650514012202620506286621093750000
0.0001156109647126868367195129394531250000
0.0000618025369476526975631713867187500000
0.0000326392000715713948011398315429687500
0.0000171737920027226209640502929687500000
0.0000091503843577811494469642639160156250
0.0000050788048611138947308063507080078125
0.0000030580949896830134093761444091796875
0.0000020774564291059505194425582885742188
0.0000016121899761856184341013431549072266
0.0000013964140634925570338964462280273438
0.0000012986165529582649469375610351562500
0.0000012553061878861626610159873962402344
0.0000012365691191007499583065509796142578
0.0000012286520814086543396115303039550781
0.0000012253856311872368678450584411621094
0.0000012240698197274468839168548583984375
0.0000012235526583026512525975704193115234
0.0000012233542747708270326256752014160156
0.0000012232802646394702605903148651123047
0.0000012232537756062811240553855895996094
0.0000012232455901539651677012443542480469
0.0000012232467270223423838615417480468750
0.0000012232583230797899886965751647949219
0.0000012232940207468345761299133300781250
0.0000012233929282956523820757865905761719
0.0000012236573638801928609609603881835938
0.0000012243469882378121837973594665527344
0.0000012261011761438567191362380981445312
0.0000012304565188969718292355537414550781
0.0000012410125691530993208289146423339844
0.0000012659954791160998865962028503417969
0.0000013237424809631193056702613830566406
0.0000014541394648404093459248542785644531
0.0000017418404922864283435046672821044922
0.0000023621958007424836978316307067871094
0.0000036697138057206757366657257080078125
0.0000063639936342951841652393341064453125
0.0000117927665996830910444259643554687500
0.0000224906416406156495213508605957031250
0.0000431111839134246110916137695312500000
0.0000819956330815330147743225097656250000
0.0001537401840323582291603088378906250000
0.0002832789323292672634124755859375000000
0.0005121899303048849105834960937500000000
0.0009081439930014312267303466796875000000
0.0015786263393238186836242675781250000000
0.0026902153622359037399291992187500000000
0.0044947429560124874114990234375000000000
0.0073634786531329154968261718750000000000
0.0118299927562475204467773437500000000000
0.0186414252966642379760742187500000000000
0.0288165286183357238769531250000000000000
0.0437069199979305267333984375000000000000
0.0650558024644851684570312500000000000000
0.0950458943843841552734375000000000000000
0.1363263726234436035156250000000000000000
0.1920070350170135498046875000000000000000
0.2656078934669494628906250000000000000000
0.3609544336795806884765625000000000000000
0.4820124506950378417968750000000000000000
0.6326622962951660156250000000000000000000
0.8164222240447998046875000000000000000000
1.0361349582672119140625000000000000000000
1.2936477661132812500000000000000000000000
1.5895136594772338867187500000000000000000
1.9227520227432250976562500000000000000000
2.2907028198242187500000000000000000000000
2.6890001296997070312500000000000000000000
3.1116828918457031250000000000000000000000
3.5514438152313232421875000000000000000000
4.0000000000000000000000000000000000000000
3.0000000000000000000000000000000000000000
2.6635832786560058593750000000000000000000
2.3337626457214355468750000000000000000000
2.0167510509490966796875000000000000000000
1.7180278301239013671875000000000000000000
1.4420652389526367187500000000000000000000
1.1921362876892089843750000000000000000000
0.9702371358871459960937500000000000000000
0.7771025896072387695312500000000000000000
0.6123180389404296875000000000000000000000
0.4744982719421386718750000000000000000000
0.3615108430385589599609375000000000000000
0.2707173824310302734375000000000000000000
0.1992074996232986450195312500000000000000
0.1440068781375885009765625000000000000000
0.1022464036941528320312500000000000000000
0.0712860524654388427734375000000000000000
0.0487934947013854980468750000000000000000
0.0327818393707275390625000000000000000000
0.0216140449047088623046875000000000000000
0.0139827197417616844177246093750000000000
0.0088741462677717208862304687500000000000
0.0055242609232664108276367187500000000000
0.0033727097325026988983154296875000000000
0.0020193140953779220581054687500000000000
0.0011856225319206714630126953125000000000
0.0006827609031461179256439208984375000000
0.0003857953706756234169006347656250000000
0.0002141121658496558666229248046875000000
0.0001169580791611224412918090820312500000
0.0000631496804999187588691711425781250000
0.0000339863327099010348320007324218750000
0.0000185209319170098751783370971679687500
0.0000104975242720684036612510681152343750
0.0000064259447754011489450931549072265625
0.0000044052349039702676236629486083984375
0.0000034245965707668801769614219665527344
0.0000029593300041597103700041770935058594
0.0000027435544325271621346473693847656250
0.0000026457569219928700476884841918945312
0.0000026024467842944432049989700317382812
0.0000025837093744485173374414443969726562
0.0000025757924504432594403624534606933594
0.0000025725257728481665253639221191406250
0.0000025712101887620519846677780151367188
0.0000025706929136504186317324638366699219
0.0000025704948711791075766086578369140625
0.0000025704207473609130829572677612304688
0.0000025703939172672107815742492675781250
0.0000025703859591885702684521675109863281
0.0000025703868686832720413804054260253906
0.0000025703989194880705326795578002929688
0.0000025704343897814396768808364868164062
0.0000025705332973302574828267097473144531
0.0000025707977329147979617118835449218750
0.0000025714873572724172845482826232910156
0.0000025732415451784618198871612548828125
0.0000025775966605579014867544174194335938
0.0000025881531655613798648118972778320312
0.0000026131356207770295441150665283203125
0.0000026708830773713998496532440185546875
0.0000028012796065013390034437179565429688
0.0000030889807476341957226395606994628906
0.0000037093359424034133553504943847656250
0.0000050168537200079299509525299072265625
0.0000077111335485824383795261383056640625
0.0000131399056044756434857845306396484375
0.0000238377797359135001897811889648437500
0.0000444583201897330582141876220703125000
0.0000833427693578414618968963623046875000
0.0001550872984807938337326049804687500000
0.0002846260613296180963516235351562500000
0.0005135369719937443733215332031250000000
0.0009094910346902906894683837890625000000
0.0015799730317667126655578613281250000000
0.0026915620546787977218627929687500000000
0.0044960891827940940856933593750000000000
0.0073648253455758094787597656250000000000
0.0118313357234001159667968750000000000000
0.0186427682638168334960937500000000000000
0.0288178659975528717041015625000000000000
0.0437082573771476745605468750000000000000
0.0650571286678314208984375000000000000000
0.0950472056865692138671875000000000000000
0.1363276839256286621093750000000000000000
0.1920083165168762207031250000000000000000
0.2656091153621673583984375000000000000000
0.3609556853771209716796875000000000000000
0.4820135831832885742187500000000000000000
0.6326635479927062988281250000000000000000
0.8164231777191162109375000000000000000000
1.0361360311508178710937500000000000000000
1.2936487197875976562500000000000000000000
1.5895144939422607421875000000000000000000
1.9227528572082519531250000000000000000000
2.2907035350799560546875000000000000000000
2.6890006065368652343750000000000000000000
3.1116833686828613281250000000000000000000
3.5514438152313232421875000000000000000000
4.0000000000000000000000000000000000000000
3.0000000000000000000000000000000000000000
2.6635832786560058593750000000000000000000
2.3337635993957519531250000000000000000000
2.0167512893676757812500000000000000000000
1.7180292606353759765625000000000000000000
1.4420665502548217773437500000000000000000
1.1921381950378417968750000000000000000000
0.9702390432357788085937500000000000000000
0.7771046161651611328125000000000000000000
0.6123202443122863769531250000000000000000
0.4745005965232849121093750000000000000000
0.3615132570266723632812500000000000000000
0.2707199156284332275390625000000000000000
0.1992100775241851806640625000000000000000
0.1440094709396362304687500000000000000000
0.1022490411996841430664062500000000000000
0.0712887272238731384277343750000000000000
0.0487961731851100921630859375000000000000
0.0327845327556133270263671875000000000000
0.0216167476028203964233398437500000000000
0.0139854252338409423828125000000000000000
0.0088768545538187026977539062500000000000
0.0055269724689424037933349609375000000000
0.0033754224423319101333618164062500000000
0.0020220275036990642547607421875000000000
0.0011883364059031009674072265625000000000
0.0006854749517515301704406738281250000000
0.0003885095939040184020996093750000000000
0.0002168264618376269936561584472656250000
0.0001196724333567544817924499511718750000
0.0000658640346955507993698120117187500000
0.0000367007123713847249746322631835937500
0.0000212353115784935653209686279296875000
0.0000132119093905203044414520263671875000
0.0000091403308033477514982223510742187500
0.0000071196222961589228361845016479492188
0.0000061389832808345090597867965698242188
0.0000056737171689746901392936706542968750
0.0000054579413699684664607048034667968750
0.0000053601438594341743737459182739257812
0.0000053168332669883966445922851562500000
0.0000052980967666371725499629974365234375
0.0000052901796152582392096519470214843750
0.0000052869136197841726243495941162109375
0.0000052855975809507071971893310546875000
0.0000052850805332127492874860763549804688
0.0000052848818086204119026660919189453125
0.0000052848076848022174090147018432617188
0.0000052847813094558659940958023071289062
0.0000052847726692561991512775421142578125
0.0000052847744882456026971340179443359375
0.0000052847858569293748587369918823242188
0.0000052848217819700948894023895263671875
0.0000052849200073978863656520843505859375
0.0000052851846703561022877693176269531250
0.0000052858745220873970538377761840820312
0.0000052876284826197661459445953369140625
0.0000052919840527465566992759704589843750
0.0000053025401030026841908693313598632812
0.0000053275230129656847566366195678710938
0.0000053852700148127041757106781005859375
0.0000055156669986899942159652709960937500
0.0000058033674577018246054649353027343750
0.0000064237228798447176814079284667968750
0.0000077312406574492342770099639892578125
0.0000104255195765290409326553344726562500
0.0000158542898134328424930572509765625000
0.0000265521593973971903324127197265625000
0.0000471726962132379412651062011718750000
0.0000860571308294311165809631347656250000
0.0001578016381245106458663940429687500000
0.0002873403136618435382843017578125000000
0.0005162511952221393585205078125000000000
0.0009122049668803811073303222656250000000
0.0015826869057491421699523925781250000000
0.0026942749973386526107788085937500000000
0.0044988021254539489746093750000000000000
0.0073675350286066532135009765625000000000
0.0118340458720922470092773437500000000000
0.0186454709619283676147460937500000000000
0.0288205686956644058227539062500000000000
0.0437109470367431640625000000000000000000
0.0650598034262657165527343750000000000000
0.0950498729944229125976562500000000000000
0.1363303065299987792968750000000000000000
0.1920109093189239501953125000000000000000
0.2656117081642150878906250000000000000000
0.3609581589698791503906250000000000000000
0.4820160567760467529296875000000000000000
0.6326657533645629882812500000000000000000
0.8164255023002624511718750000000000000000
1.0361380577087402343750000000000000000000
1.2936506271362304687500000000000000000000
1.5895161628723144531250000000000000000000
1.9227542877197265625000000000000000000000
2.2907047271728515625000000000000000000000
2.6890013217926025390625000000000000000000
3.1116838455200195312500000000000000000000
3.5514442920684814453125000000000000000000
4.0000000000000000000000000000000000000000
3.0000000000000000000000000000000000000000
2.6635842323303222656250000000000000000000
2.3337643146514892578125000000000000000000
2.0167536735534667968750000000000000000000
1.7180314064025878906250000000000000000000
1.4420695304870605468750000000000000000000
1.1921414136886596679687500000000000000000
0.9702426195144653320312500000000000000000
0.7771086692810058593750000000000000000000
0.6123245954513549804687500000000000000000
0.4745051562786102294921875000000000000000
0.3615180850028991699218750000000000000000
0.2707248032093048095703125000000000000000
0.1992151141166687011718750000000000000000
0.1440146118402481079101562500000000000000
0.1022542417049407958984375000000000000000
0.0712939649820327758789062500000000000000
0.0488014593720436096191406250000000000000
0.0327898338437080383300781250000000000000
0.0216220673173666000366210937500000000000
0.0139907561242580413818359375000000000000
0.0088821928948163986206054687500000000000
0.0055323150008916854858398437500000000000
0.0033807675354182720184326171875000000000
0.0020273744594305753707885742187500000000
0.0011936841765418648719787597656250000000
0.0006908233044669032096862792968750000000
0.0003938581794500350952148437500000000000
0.0002221752365585416555404663085937500000
0.0001250212662853300571441650390625000000
0.0000712129403837025165557861328125000000
0.0000420496289734728634357452392578125000
0.0000265842427324969321489334106445312500
0.0000185608441825024783611297607421875000
0.0000144892683238140307366847991943359375
0.0000124685602713725529611110687255859375
0.0000114879221655428409576416015625000000
0.0000110226555989356711506843566894531250
0.0000108068807094241492450237274169921875
0.0000107090836536372080445289611816406250
0.0000106657735159387812018394470214843750
0.0000106470361060928553342819213867187500
0.0000106391198642086237668991088867187500
0.0000106358520497451536357402801513671875
0.0000106345369204063899815082550048828125
0.0000106340194179210811853408813476562500
0.0000106338211480760946869850158691406250
0.0000106337465695105493068695068359375000
0.0000106337201941641978919506072998046875
0.0000106337120087118819355964660644531250
0.0000106337138277012854814529418945312500
0.0000106337265606271103024482727050781250
0.0000106337611214257776737213134765625000
0.0000106338593468535691499710083007812500
0.0000106341249193064868450164794921875000
0.0000106348143162904307246208190917968750
0.0000106365678220754489302635192871093750
0.0000106409243016969412565231323242187500
0.0000106514798972057178616523742675781250
0.0000106764618976740166544914245605468750
0.0000107342102637630887329578399658203125
0.0000108646063381456770002841949462890625
0.0000111523077066522091627120971679687500
0.0000117726613098056986927986145019531250
0.0000130801790874102152884006500244140625
0.0000157744580064900219440460205078125000
0.0000212032246054150164127349853515625000
0.0000319010869134217500686645507812500000
0.0000525216091773472726345062255859375000
0.0000914060219656676054000854492187500000
0.0001631504856050014495849609375000000000
0.0002926890738308429718017578125000000000
0.0005215997225604951381683349609375000000
0.0009175532031804323196411132812500000000
0.0015880344435572624206542968750000000000
0.0026996217202395200729370117187500000000
0.0045041460543870925903320312500000000000
0.0073728775605559349060058593750000000000
0.0118393823504447937011718750000000000000
0.0186508018523454666137695312500000000000
0.0288258846849203109741210937500000000000
0.0437162518501281738281250000000000000000
0.0650650784373283386230468750000000000000
0.0950551107525825500488281250000000000000
0.1363354921340942382812500000000000000000
0.1920160055160522460937500000000000000000
0.2656167149543762207031250000000000000000
0.3609630465507507324218750000000000000000
0.4820207357406616210937500000000000000000
0.6326704025268554687500000000000000000000
0.8164297342300415039062500000000000000000
1.0361421108245849609375000000000000000000
1.2936543226242065429687500000000000000000
1.5895195007324218750000000000000000000000
1.9227571487426757812500000000000000000000
2.2907071113586425781250000000000000000000
2.6890032291412353515625000000000000000000
3.1116852760314941406250000000000000000000
3.5514450073242187500000000000000000000000
4.0000000000000000000000000000000000000000
3.0000000000000000000000000000000000000000
2.6635851860046386718750000000000000000000
2.3337669372558593750000000000000000000000
2.0167567729949951171875000000000000000000
1.7180361747741699218750000000000000000000
1.4420748949050903320312500000000000000000
1.1921477317810058593750000000000000000000
0.9702497720718383789062500000000000000000
0.7771164774894714355468750000000000000000
0.6123328804969787597656250000000000000000
0.4745139479637145996093750000000000000000
0.3615272045135498046875000000000000000000
0.2707343101501464843750000000000000000000
0.1992247998714447021484375000000000000000
0.1440244913101196289062500000000000000000
0.1022642552852630615234375000000000000000
0.0713040754199028015136718750000000000000
0.0488116294145584106445312500000000000000
0.0328000597655773162841796875000000000000
0.0216323193162679672241210937500000000000
0.0140010323375463485717773437500000000000
0.0088924821466207504272460937500000000000
0.0055426131002604961395263671875000000000
0.0033910702913999557495117187500000000000
0.0020376802422106266021728515625000000000
0.0012039920547977089881896972656250000000
0.0007011322304606437683105468750000000000
0.0004041677748318761587142944335937500000
0.0002324851520825177431106567382812500000
0.0001353313709842041134834289550781250000
0.0000815231178421527147293090820312500000
0.0000523598646395839750766754150390625000
0.0000368944965885020792484283447265625000
0.0000288711071334546431899070739746093750
0.0000247995394602185115218162536621093750
0.0000227788332267664372920989990234375000
0.0000217981942114420235157012939453125000
0.0000213329312828136608004570007324218750
0.0000211171536648180335760116577148437500
0.0000210193575185257941484451293945312500
0.0000209760473808273673057556152343750000
0.0000209573117899708449840545654296875000
0.0000209493919101078063249588012695312500
0.0000209461268241284415125846862792968750
0.0000209448116947896778583526611328125000
0.0000209442951017990708351135253906250000
0.0000209440950129646807909011840820312500
0.0000209440204343991354107856750488281250
0.0000209439949685474857687950134277343750
0.0000209439858736004680395126342773437500
0.0000209439895115792751312255859375000000
0.0000209439986065262928605079650878906250
0.0000209440349863143637776374816894531250
0.0000209441332117421552538871765136718750
0.0000209443987841950729489326477050781250
0.0000209450881811790168285369873046875000
0.0000209468435059534385800361633300781250
0.0000209511963475961238145828247070312500
0.0000209617537620943039655685424804687500
0.0000209867375815520063042640686035156250
0.0000210444850381463766098022460937500000
0.0000211748811125289648771286010742187500
0.0000214625815715407952666282653808593750
0.0000220829351746942847967147827148437500
0.0000233904520428040996193885803222656250
0.0000260847264144103974103927612304687500
0.0000315134893753565847873687744140625000
0.0000422113407694268971681594848632812500
0.0000628318302915431559085845947265625000
0.0001017161848722025752067565917968750000
0.0001734605320962145924568176269531250000
0.0003029989311471581459045410156250000000
0.0005319091724231839179992675781250000000
0.0009278620127588510513305664062500000000
0.0015983420889824628829956054687500000000
0.0027099270373582839965820312500000000000
0.0045144478790462017059326171875000000000
0.0073831728659570217132568359375000000000
0.0118496678769588470458984375000000000000
0.0186610724776983261108398437500000000000
0.0288361310958862304687500000000000000000
0.0437264591455459594726562500000000000000
0.0650752410292625427246093750000000000000
0.0950651988387107849121093750000000000000
0.1363454759120941162109375000000000000000
0.1920258700847625732421875000000000000000
0.2656263709068298339843750000000000000000
0.3609724640846252441406250000000000000000
0.4820298254489898681640625000000000000000
0.6326791048049926757812500000000000000000
0.8164379596710205078125000000000000000000
1.0361497402191162109375000000000000000000
1.2936613559722900390625000000000000000000
1.5895258188247680664062500000000000000000
1.9227626323699951171875000000000000000000
2.2907114028930664062500000000000000000000
2.6890068054199218750000000000000000000000
3.1116874217987060546875000000000000000000
3.5514461994171142578125000000000000000000
4.0000000000000000000000000000000000000000
3.0000000000000000000000000000000000000000
2.6635875701904296875000000000000000000000
2.3337712287902832031250000000000000000000
2.0167634487152099609375000000000000000000
1.7180444002151489257812500000000000000000
1.4420852661132812500000000000000000000000
1.1921596527099609375000000000000000000000
0.9702631831169128417968750000000000000000
0.7771310806274414062500000000000000000000
0.6123485565185546875000000000000000000000
0.4745304584503173828125000000000000000000
0.3615444898605346679687500000000000000000
0.2707521021366119384765625000000000000000
0.1992430984973907470703125000000000000000
0.1440431028604507446289062500000000000000
0.1022831201553344726562500000000000000000
0.0713231116533279418945312500000000000000
0.0488308109343051910400390625000000000000
0.0328193269670009613037109375000000000000
0.0216516554355621337890625000000000000000
0.0140204047784209251403808593750000000000
0.0089118825271725654602050781250000000000
0.0055620297789573669433593750000000000000
0.0034104976803064346313476562500000000000
0.0020571141503751277923583984375000000000
0.0012234295718371868133544921875000000000
0.0007205718429759144783020019531250000000
0.0004236086388118565082550048828125000000
0.0002519266272429376840591430664062500000
0.0001547732390463352203369140625000000000
0.0001009651678032241761684417724609375000
0.0000718020091881044209003448486328125000
0.0000563366847927682101726531982421875000
0.0000483133189845830202102661132812500000
0.0000442417585873045027256011962890625000
0.0000422210578108206391334533691406250000
0.0000412404260714538395404815673828125000
0.0000407751576858572661876678466796875000
0.0000405593855248298496007919311523437500
0.0000404615893785376101732254028320312500
0.0000404182792408391833305358886718750000
0.0000403995400120038539171218872070312500
0.0000403916274080984294414520263671875000
0.0000403883605031296610832214355468750000
0.0000403870435548014938831329345703125000
0.0000403865269618108868598937988281250000
0.0000403863268729764968156814575195312500
0.0000403862541134003549814224243164062500
0.0000403862250095698982477188110351562500
0.0000403862177336122840642929077148437500
0.0000403862177336122840642929077148437500
0.0000403862286475487053394317626953125000
0.0000403862650273367762565612792968750000
0.0000403863668907433748245239257812500000
0.0000403866288252174854278564453125000000
0.0000403873200411908328533172607421875000
0.0000403890735469758510589599609375000000
0.0000403934282076079398393630981445312500
0.0000404039892600849270820617675781250000
0.0000404289676225744187831878662109375000
0.0000404867205361369997262954711914062500
0.0000406171093345619738101959228515625000
0.0000409048152505420148372650146484375000
0.0000415251633967272937297821044921875000
0.0000428326784458477050065994262695312500
0.0000455269473604857921600341796875000000
0.0000509556921315379440784454345703125000
0.0000616535180597566068172454833984375000
0.0000822739602881483733654022216796875000
0.0001211581911775283515453338623046875000
0.0001929023419506847858428955078125000000
0.0003224402607884258031845092773437500000
0.0005513497744686901569366455078125000000
0.0009473011014051735401153564453125000000
0.0016177786746993660926818847656250000000
0.0027293593157082796096801757812500000000
0.0045338729396462440490722656250000000000
0.0074025858193635940551757812500000000000
0.0118690626695752143859863281250000000000
0.0186804365366697311401367187500000000000
0.0288554504513740539550781250000000000000
0.0437457077205181121826171875000000000000
0.0650943964719772338867187500000000000000
0.0950841978192329406738281250000000000000
0.1363643109798431396484375000000000000000
0.1920443922281265258789062500000000000000
0.2656445503234863281250000000000000000000
0.3609901070594787597656250000000000000000
0.4820469915866851806640625000000000000000
0.6326953768730163574218750000000000000000
0.8164534568786621093750000000000000000000
1.0361640453338623046875000000000000000000
1.2936744689941406250000000000000000000000
1.5895373821258544921875000000000000000000
1.9227726459503173828125000000000000000000
2.2907199859619140625000000000000000000000
2.6890130043029785156250000000000000000000
3.1116919517517089843750000000000000000000
3.5514483451843261718750000000000000000000
4.0000000000000000000000000000000000000000
3.0000000000000000000000000000000000000000
2.6635913848876953125000000000000000000000
2.3337793350219726562500000000000000000000
2.0167753696441650390625000000000000000000
1.7180600166320800781250000000000000000000
1.4421038627624511718750000000000000000000
1.1921814680099487304687500000000000000000
0.9702877402305603027343750000000000000000
0.7771579027175903320312500000000000000000
0.6123773455619812011718750000000000000000
0.4745609760284423828125000000000000000000
0.3615762591361999511718750000000000000000
0.2707850039005279541015625000000000000000
0.1992767453193664550781250000000000000000
0.1440774351358413696289062500000000000000
0.1023178920149803161621093750000000000000
0.0713582560420036315917968750000000000000
0.0488661788403987884521484375000000000000
0.0328548774123191833496093750000000000000
0.0216873139142990112304687500000000000000
0.0140561461448669433593750000000000000000
0.0089476723223924636840820312500000000000
0.0055978535674512386322021484375000000000
0.0034463410265743732452392578125000000000
0.0020929700694978237152099609375000000000
0.0012592924758791923522949218750000000000
0.0007564391708001494407653808593750000000
0.0004594781203195452690124511718750000000
0.0002877975348383188247680664062500000000
0.0001906447723740711808204650878906250000
0.0001368371013086289167404174804687500000
0.0001076741173164919018745422363281250000
0.0000922088875086046755313873291015625000
0.0000841855653561651706695556640625000000
0.0000801140267867594957351684570312500000
0.0000780933332862332463264465332031250000
0.0000771127088228240609169006347656250000
0.0000766474404372274875640869140625000000
0.0000764316791901364922523498535156250000
0.0000763338757678866386413574218750000000
0.0000762905692681670188903808593750000000
0.0000762718264013528823852539062500000000
0.0000762639101594686508178710937500000000
0.0000762606432544998824596405029296875000
0.0000762593263061717152595520019531250000
0.0000762588097131811082363128662109375000
0.0000762586132623255252838134765625000000
0.0000762585405027493834495544433593750000
0.0000762585113989189267158508300781250000
0.0000762584968470036983489990234375000000
0.0000762584968470036983489990234375000000
0.0000762585186748765408992767333984375000
0.0000762585550546646118164062500000000000
0.0000762586569180712103843688964843750000
0.0000762589188525453209877014160156250000
0.0000762596027925610542297363281250000000
0.0000762613562983460724353790283203125000
0.0000762657218729145824909210205078125000
0.0000762762647354975342750549316406250000
0.0000763012649258598685264587402343750000
0.0000763589923735707998275756835937500000
0.0000764894066378474235534667968750000000
0.0000767770980019122362136840820312500000
0.0000773974461480975151062011718750000000
0.0000787049502832815051078796386718750000
0.0000813992082839831709861755371093750000
0.0000868279239512048661708831787109375000
0.0000975257062236778438091278076171875000
0.0001181460174848325550556182861328125000
0.0001570300373714417219161987304687500000
0.0002287737006554380059242248535156250000
0.0003583108773455023765563964843750000000
0.0005872186738997697830200195312500000000
0.0009831674396991729736328125000000000000
0.0016536398325115442276000976562500000000
0.0027652124408632516860961914062500000000
0.0045697116293013095855712890625000000000
0.0074384021572768688201904296875000000000
0.0119048403576016426086425781250000000000
0.0187161583453416824340820312500000000000
0.0288910809904336929321289062500000000000
0.0437812134623527526855468750000000000000
0.0651296973228454589843750000000000000000
0.0951192528009414672851562500000000000000
0.1363989412784576416015625000000000000000
0.1920785605907440185546875000000000000000
0.2656779885292053222656250000000000000000
0.3610227704048156738281250000000000000000
0.4820784032344818115234375000000000000000
0.6327255368232727050781250000000000000000
0.8164818286895751953125000000000000000000
1.0361905097961425781250000000000000000000
1.2936985492706298828125000000000000000000
1.5895589590072631835937500000000000000000
1.9227910041809082031250000000000000000000
2.2907347679138183593750000000000000000000
2.6890246868133544921875000000000000000000
3.1116995811462402343750000000000000000000
3.5514521598815917968750000000000000000000
4.0000000000000000000000000000000000000000
3.0000000000000000000000000000000000000000
2.6635990142822265625000000000000000000000
2.3337938785552978515625000000000000000000
2.0167968273162841796875000000000000000000
1.7180879116058349609375000000000000000000
1.4421377182006835937500000000000000000000
1.1922208070755004882812500000000000000000
0.9703319072723388671875000000000000000000
0.7772062420845031738281250000000000000000
0.6124292612075805664062500000000000000000
0.4746157526969909667968750000000000000000
0.3616335690021514892578125000000000000000
0.2708441615104675292968750000000000000000
0.1993375122547149658203125000000000000000
0.1441392898559570312500000000000000000000
0.1023806706070899963378906250000000000000
0.0714216232299804687500000000000000000000
0.0489300340414047241210937500000000000000
0.0329190306365489959716796875000000000000
0.0217516962438821792602539062500000000000
0.0141206663101911544799804687500000000000
0.0090122912079095840454101562500000000000
0.0056625301949679851531982421875000000000
0.0035110572353005409240722656250000000000
0.0021577076986432075500488281250000000000
0.0013240445405244827270507812500000000000
0.0008211986860260367393493652343750000000
0.0005242424085736274719238281250000000000
0.0003525640931911766529083251953125000000
0.0002554128004703670740127563476562500000
0.0002016057842411100864410400390625000000
0.0001724431640468537807464599609375000000
0.0001569781161379069089889526367187500000
0.0001489548885729163885116577148437500000
0.0001448833936592563986778259277343750000
0.0001428627292625606060028076171875000000
0.0001418821047991514205932617187500000000
0.0001414168509654700756072998046875000000
0.0001412010751664638519287109375000000000
0.0001411032862961292266845703125000000000
0.0001410599797964096069335937500000000000
0.0001410412369295954704284667968750000000
0.0001410333206877112388610839843750000000
0.0001410300465067848563194274902343750000
0.0001410287368344143033027648925781250000
0.0001410281984135508537292480468750000000
0.0001410280237905681133270263671875000000
0.0001410279364790767431259155273437500000
0.0001410279073752462863922119140625000000
0.0001410279073752462863922119140625000000
0.0001410279073752462863922119140625000000
0.0001410279219271615147590637207031250000
0.0001410279655829071998596191406250000000
0.0001410280528943985700607299804687500000
0.0001410283148288726806640625000000000000
0.0001410290133208036422729492187500000000
0.0001410307741025462746620178222656250000
0.0001410351105732843279838562011718750000
0.0001410456898156553506851196289062500000
0.0001410706463502719998359680175781250000
0.0001411284174537286162376403808593750000
0.0001412587880622595548629760742187500000
0.0001415465085301548242568969726562500000
0.0001421668421244248747825622558593750000
0.0001434743462596088647842407226562500000
0.0001461685606045648455619812011718750000
0.0001515972544439136981964111328125000000
0.0001622948911972343921661376953125000000
0.0001829150132834911346435546875000000000
0.0002217985456809401512145996093750000000
0.0002935414377134293317794799804687500000
0.0004230768536217510700225830078125000000
0.0006519819726236164569854736328125000000
0.0010479248594492673873901367187500000000
0.0017183886375278234481811523437500000000
0.0028299442492425441741943359375000000000
0.0046344175934791564941406250000000000000
0.0075030624866485595703125000000000000000
0.0119694340974092483520507812500000000000
0.0187806375324726104736328125000000000000
0.0289554055780172348022460937500000000000
0.0438452772796154022216796875000000000000
0.0651934295892715454101562500000000000000
0.0951824486255645751953125000000000000000
0.1364614963531494140625000000000000000000
0.1921401172876358032226562500000000000000
0.2657383680343627929687500000000000000000
0.3610814511775970458984375000000000000000
0.4821351468563079833984375000000000000000
0.6327795982360839843750000000000000000000
0.8165329694747924804687500000000000000000
1.0362379550933837890625000000000000000000
1.2937417030334472656250000000000000000000
1.5895971059799194335937500000000000000000
1.9228239059448242187500000000000000000000
2.2907619476318359375000000000000000000000
2.6890454292297363281250000000000000000000
3.1117134094238281250000000000000000000000
3.5514593124389648437500000000000000000000
4.0000000000000000000000000000000000000000
3.0000000000000000000000000000000000000000
2.6636118888854980468750000000000000000000
2.3338193893432617187500000000000000000000
2.0168344974517822265625000000000000000000
1.7181370258331298828125000000000000000000
1.4421974420547485351562500000000000000000
1.1922900676727294921875000000000000000000
0.9704095125198364257812500000000000000000
0.7772913575172424316406250000000000000000
0.6125206947326660156250000000000000000000
0.4747125506401062011718750000000000000000
0.3617345094680786132812500000000000000000
0.2709487080574035644531250000000000000000
0.1994446218013763427734375000000000000000
0.1442486047744750976562500000000000000000
0.1024914532899856567382812500000000000000
0.0715336054563522338867187500000000000000
0.0490427874028682708740234375000000000000
0.0330323874950408935546875000000000000000
0.0218654256314039230346679687500000000000
0.0142346750944852828979492187500000000000
0.0091264639049768447875976562500000000000
0.0057768188416957855224609375000000000000
0.0036254103761166334152221679687500000000
0.0022721062414348125457763671875000000000
0.0014384664827957749366760253906250000000
0.0009356362861581146717071533203125000000
0.0006386878667399287223815917968750000000
0.0004670144990086555480957031250000000000
0.0003698655636981129646301269531250000000
0.0003160599735565483570098876953125000000
0.0002868979936465620994567871093750000000
0.0002714332949835807085037231445312500000
0.0002634102420415729284286499023437500000
0.0002593388198874890804290771484375000000
0.0002573181991465389728546142578125000000
0.0002563376328907907009124755859375000000
0.0002558723790571093559265136718750000000
0.0002556566032581031322479248046875000000
0.0002555587852839380502700805664062500000
0.0002555155078880488872528076171875000000
0.0002554967650212347507476806640625000000
0.0002554888487793505191802978515625000000
0.0002554855891503393650054931640625000000
0.0002554842503741383552551269531250000000
0.0002554837556090205907821655273437500000
0.0002554835227783769369125366210937500000
0.0002554834645707160234451293945312500000
0.0002554834354668855667114257812500000000
0.0002554834354668855667114257812500000000
0.0002554834354668855667114257812500000000
0.0002554834645707160234451293945312500000
0.0002554834936745464801788330078125000000
0.0002554835809860378503799438476562500000
0.0002554838429205119609832763671875000000
0.0002554845414124429225921630859375000000
0.0002554862876422703266143798828125000000
0.0002554906532168388366699218750000000000
0.0002555011888034641742706298828125000000
0.0002555261889938265085220336914062500000
0.0002555839018896222114562988281250000000
0.0002557143452577292919158935546875000000
0.0002560020075179636478424072265625000000
0.0002566223556641489267349243164062500000
0.0002579298161435872316360473632812500000
0.0002606240159366279840469360351562500000
0.0002660525497049093246459960937500000000
0.0002767500118352472782135009765625000000
0.0002973696682602167129516601562500000000
0.0003362524439580738544464111328125000000
0.0004079935897607356309890747070312500000
0.0005375262117013335227966308593750000000
0.0007664252771064639091491699218750000000
0.0011623590253293514251708984375000000000
0.0018328039441257715225219726562500000000
0.0029443316161632537841796875000000000000
0.0047487523406744003295898437500000000000
0.0076173213310539722442626953125000000000
0.0120835574343800544738769531250000000000
0.0188945755362510681152343750000000000000
0.0290690213441848754882812500000000000000
0.0439584776759147644042968750000000000000
0.0653059482574462890625000000000000000000
0.0952941030263900756835937500000000000000
0.1365718245506286621093750000000000000000
0.1922488212585449218750000000000000000000
0.2658447623252868652343750000000000000000
0.3611850738525390625000000000000000000000
0.4822349548339843750000000000000000000000
0.6328750848770141601562500000000000000000
0.8166228532791137695312500000000000000000
1.0363215208053588867187500000000000000000
1.2938176393508911132812500000000000000000
1.5896646976470947265625000000000000000000
1.9228818416595458984375000000000000000000
2.2908093929290771484375000000000000000000
2.6890816688537597656250000000000000000000
3.1117382049560546875000000000000000000000
3.5514717102050781250000000000000000000000
4.0000000000000000000000000000000000000000
3.0000000000000000000000000000000000000000
2.6636338233947753906250000000000000000000
2.3338632583618164062500000000000000000000
2.0168991088867187500000000000000000000000
1.7182214260101318359375000000000000000000
1.4423002004623413085937500000000000000000
1.1924091577529907226562500000000000000000
0.9705435633659362792968750000000000000000
0.7774379849433898925781250000000000000000
0.6126784682273864746093750000000000000000
0.4748792946338653564453125000000000000000
0.3619090318679809570312500000000000000000
0.2711290121078491210937500000000000000000
0.1996299028396606445312500000000000000000
0.1444373279809951782226562500000000000000
0.1026830375194549560546875000000000000000
0.0717271119356155395507812500000000000000
0.0492378026247024536132812500000000000000
0.0332283638417720794677734375000000000000
0.0220621414482593536376953125000000000000
0.0144318295642733573913574218750000000000
0.0093239452689886093139648437500000000000
0.0059744850732386112213134765625000000000
0.0038232095539569854736328125000000000000
0.0024699757341295480728149414062500000000
0.0016363847535103559494018554687500000000
0.0011335792951285839080810546875000000000
0.0008366472320631146430969238281250000000
0.0006649817805737257003784179687500000000
0.0005678377929143607616424560546875000000
0.0005140344728715717792510986328125000000
0.0004848738899454474449157714843750000000
0.0004694098024629056453704833984375000000
0.0004613870405592024326324462890625000000
0.0004573158221319317817687988281250000000
0.0004552952595986425876617431640625000000
0.0004543146933428943157196044921875000000
0.0004538494977168738842010498046875000000
0.0004536336928140372037887573242187500000
0.0004535359330475330352783203125000000000
0.0004534925974439829587936401367187500000
0.0004534738545771688222885131835937500000
0.0004534659965429455041885375976562500000
0.0004534626787062734365463256835937500000
0.0004534613690339028835296630859375000000
0.0004534608451649546623229980468750000000
0.0004534606705419719219207763671875000000
0.0004534605541266500949859619140625000000
0.0004534605541266500949859619140625000000
0.0004534605541266500949859619140625000000
0.0004534605541266500949859619140625000000
0.0004534605832304805517196655273437500000
0.0004534605832304805517196655273437500000
0.0004534606705419719219207763671875000000
0.0004534609615802764892578125000000000000
0.0004534616309683769941329956054687500000
0.0004534634354058653116226196289062500000
0.0004534677427727729082107543945312500000
0.0004534783365670591592788696289062500000
0.0004535033076535910367965698242187500000
0.0004535610787570476531982421875000000000
0.0004536914057098329067230224609375000000
0.0004539791261777281761169433593750000000
0.0004545994452200829982757568359375000000
0.0004559068765956908464431762695312500000
0.0004586009308695793151855468750000000000
0.0004640293482225388288497924804687500000
0.0004747263737954199314117431640625000000
0.0004953453317284584045410156250000000000
0.0005342264194041490554809570312500000000
0.0006059648003429174423217773437500000000
0.0007354913977906107902526855468750000000
0.0009643810335546731948852539062500000000
0.0013602951075881719589233398437500000000
0.0020307104568928480148315429687500000000
0.0031421803869307041168212890625000000000
0.0049465172924101352691650390625000000000
0.0078149307519197463989257812500000000000
0.0122809512540698051452636718750000000000
0.0190915912389755249023437500000000000000
0.0292655322700738906860351562500000000000
0.0441541485488414764404296875000000000000
0.0655005350708961486816406250000000000000
0.0954869985580444335937500000000000000000
0.1367625892162322998046875000000000000000
0.1924364715814590454101562500000000000000
0.2660286128520965576171875000000000000000
0.3613636493682861328125000000000000000000
0.4824073910713195800781250000000000000000
0.6330394148826599121093750000000000000000
0.8167778849601745605468750000000000000000
1.0364650487899780273437500000000000000000
1.2939485311508178710937500000000000000000
1.5897805690765380859375000000000000000000
1.9229815006256103515625000000000000000000
2.2908909320831298828125000000000000000000
2.6891441345214843750000000000000000000000
3.1117804050445556640625000000000000000000
3.5514931678771972656250000000000000000000
4.0000000000000000000000000000000000000000
3.0000000000000000000000000000000000000000
2.6636710166931152343750000000000000000000
2.3339369297027587890625000000000000000000
2.0170080661773681640625000000000000000000
1.7183636426925659179687500000000000000000
1.4424731731414794921875000000000000000000
1.1926102638244628906250000000000000000000
0.9707692861557006835937500000000000000000
0.7776858806610107421875000000000000000000
0.6129446029663085937500000000000000000000
0.4751614630222320556640625000000000000000
0.3622035980224609375000000000000000000000
0.2714342474937438964843750000000000000000
0.1999429017305374145507812500000000000000
0.1447568237781524658203125000000000000000
0.1030070334672927856445312500000000000000
0.0720547139644622802734375000000000000000
0.0495677888393402099609375000000000000000
0.0335601978003978729248046875000000000000
0.0223951153457164764404296875000000000000
0.0147656695917248725891113281250000000000
0.0096582882106304168701171875000000000000
0.0063091972842812538146972656250000000000
0.0041581243276596069335937500000000000000
0.0028050334658473730087280273437500000000
0.0019715172238647937774658203125000000000
0.0014687624061480164527893066406250000000
0.0011718553723767399787902832031250000000
0.0010002062190324068069458007812500000000
0.0009030697401612997055053710937500000000
0.0008492713095620274543762207031250000000
0.0008201128221116960048675537109375000000
0.0008046499569900333881378173828125000000
0.0007966277771629393100738525390625000000
0.0007925567915663123130798339843750000000
0.0007905364036560058593750000000000000000
0.0007895558374002575874328613281250000000
0.0007890906417742371559143066406250000000
0.0007888749241828918457031250000000000000
0.0007887771353125572204589843750000000000
0.0007887338288128376007080078125000000000
0.0007887150859460234642028808593750000000
0.0007887071697041392326354980468750000000
0.0007887039100751280784606933593750000000
0.0007887026295065879821777343750000000000
0.0007887021056376397609710693359375000000
0.0007887018728069961071014404296875000000
0.0007887018145993351936340332031250000000
0.0007887018145993351936340332031250000000
0.0007887018145993351936340332031250000000
0.0007887018145993351936340332031250000000
0.0007887018145993351936340332031250000000
0.0007887018728069961071014404296875000000
0.0007887019310146570205688476562500000000
0.0007887022220529615879058837890625000000
0.0007887029787525534629821777343750000000
0.0007887046085670590400695800781250000000
0.0007887090323492884635925292968750000000
0.0007887195679359138011932373046875000000
0.0007887445972301065921783447265625000000
0.0007888022810220718383789062500000000000
0.0007889326661825180053710937500000000000
0.0007892203284427523612976074218750000000
0.0007898406474851071834564208984375000000
0.0007911479333415627479553222656250000000
0.0007938419003039598464965820312500000000
0.0007992698810994625091552734375000000000
0.0008099662954919040203094482421875000000
0.0008305836236104369163513183593750000000
0.0008694621501490473747253417968750000000
0.0009411947103217244148254394531250000000
0.0010707119945436716079711914062500000000
0.0012995820725336670875549316406250000000
0.0016954658785834908485412597656250000000
0.0023658205755054950714111328125000000000
0.0034772013314068317413330078125000000000
0.0052813692018389701843261718750000000000
0.0081495428457856178283691406250000000000
0.0126151312142610549926757812500000000000
0.0194251835346221923828125000000000000000
0.0295981280505657196044921875000000000000
0.0444854348897933959960937500000000000000
0.0658297240734100341796875000000000000000
0.0958135202527046203613281250000000000000
0.1370850950479507446289062500000000000000
0.1927540302276611328125000000000000000000
0.2663390934467315673828125000000000000000
0.3616657555103302001953125000000000000000
0.4826981425285339355468750000000000000000
0.6333171129226684570312500000000000000000
0.8170388340950012207031250000000000000000
1.0367074012756347656250000000000000000000
1.2941683530807495117187500000000000000000
1.5899758338928222656250000000000000000000
1.9231488704681396484375000000000000000000
2.2910284996032714843750000000000000000000
2.6892488002777099609375000000000000000000
3.1118512153625488281250000000000000000000
3.5515286922454833984375000000000000000000
4.0000000000000000000000000000000000000000
3.0000000000000000000000000000000000000000
2.6637325286865234375000000000000000000000
2.3340582847595214843750000000000000000000
2.0171878337860107421875000000000000000000
1.7185978889465332031250000000000000000000
1.4427587985992431640625000000000000000000
1.1929419040679931640625000000000000000000
0.9711427092552185058593750000000000000000
0.7780948281288146972656250000000000000000
0.6133852005004882812500000000000000000000
0.4756273925304412841796875000000000000000
0.3626915812492370605468750000000000000000
0.2719389200210571289062500000000000000000
0.2004616409540176391601562500000000000000
0.1452856361865997314453125000000000000000
0.1035440638661384582519531250000000000000
0.0725973248481750488281250000000000000000
0.0501148067414760589599609375000000000000
0.0341100469231605529785156250000000000000
0.0229471307247877120971679687500000000000
0.0153189953416585922241210937500000000000
0.0102125862613320350646972656250000000000
0.0068640494719147682189941406250000000000
0.0047133737243711948394775390625000000000
0.0033604986965656280517578125000000000000
0.0025271300692111253738403320312500000000
0.0020244512706995010375976562500000000000
0.0017275944119319319725036621093750000000
0.0015559697058051824569702148437500000000
0.0014588490594178438186645507812500000000
0.0014050576137378811836242675781250000000
0.0013759034918621182441711425781250000000
0.0013604426058009266853332519531250000000
0.0013524214737117290496826171875000000000
0.0013483510119840502738952636718750000000
0.0013463308569043874740600585937500000000
0.0013453504070639610290527343750000000000
0.0013448853278532624244689941406250000000
0.0013446696102619171142578125000000000000
0.0013445718213915824890136718750000000000
0.0013445285148918628692626953125000000000
0.0013445097720250487327575683593750000000
0.0013445019721984863281250000000000000000
0.0013444985961541533470153808593750000000
0.0013444973155856132507324218750000000000
0.0013444967335090041160583496093750000000
0.0013444966170936822891235351562500000000
0.0013444965006783604621887207031250000000
0.0013444965006783604621887207031250000000
0.0013444965006783604621887207031250000000
0.0013444965006783604621887207031250000000
0.0013444965006783604621887207031250000000
0.0013444965006783604621887207031250000000
0.0013444966170936822891235351562500000000
0.0013444969663396477699279785156250000000
0.0013444976648315787315368652343750000000
0.0013444994110614061355590820312500000000
0.0013445037184283137321472167968750000000
0.0013445144286379218101501464843750000000
0.0013445392251014709472656250000000000000
0.0013445970835164189338684082031250000000
0.0013447273522615432739257812500000000000
0.0013450150145217776298522949218750000000
0.0013456351589411497116088867187500000000
0.0013469423865899443626403808593750000000
0.0013496358878910541534423828125000000000
0.0013550634030252695083618164062500000000
0.0013657583622261881828308105468750000000
0.0013863735366612672805786132812500000000
0.0014252465916797518730163574218750000000
0.0014969704207032918930053710937500000000
0.0016264687292277812957763671875000000000
0.0018553086556494235992431640625000000000
0.0022511319257318973541259765625000000000
0.0029213945381343364715576171875000000000
0.0040325978770852088928222656250000000000
0.0058365082368254661560058593750000000000
0.0087042115628719329833984375000000000000
0.0131691452115774154663085937500000000000
0.0199780631810426712036132812500000000000
0.0301494859158992767333984375000000000000
0.0450342968106269836425781250000000000000
0.0663753598928451538085937500000000000000
0.0963541641831398010253906250000000000000
0.1376194953918457031250000000000000000000
0.1932792961597442626953125000000000000000
0.2668533325195312500000000000000000000000
0.3621647059917449951171875000000000000000
0.4831793904304504394531250000000000000000
0.6337749958038330078125000000000000000000
0.8174704909324645996093750000000000000000
1.0371062755584716796875000000000000000000
1.2945314645767211914062500000000000000000
1.5902968645095825195312500000000000000000
1.9234244823455810546875000000000000000000
2.2912535667419433593750000000000000000000
2.6894214153289794921875000000000000000000
3.1119675636291503906250000000000000000000
3.5515873432159423828125000000000000000000
4.0000000000000000000000000000000000000000
3.0000000000000000000000000000000000000000
2.6638314723968505859375000000000000000000
2.3342549800872802734375000000000000000000
2.0174775123596191406250000000000000000000
1.7189769744873046875000000000000000000000
1.4432194232940673828125000000000000000000
1.1934784650802612304687500000000000000000
0.9717453718185424804687500000000000000000
0.7787574529647827148437500000000000000000
0.6140972375869750976562500000000000000000
0.4763829708099365234375000000000000000000
0.3634811937808990478515625000000000000000
0.2727576196193695068359375000000000000000
0.2013019025325775146484375000000000000000
0.1461437493562698364257812500000000000000
0.1044147163629531860351562500000000000000
0.0734780356287956237792968750000000000000
0.0510021820664405822753906250000000000000
0.0350025892257690429687500000000000000000
0.0238429233431816101074218750000000000000
0.0162172242999076843261718750000000000000
0.0111122606322169303894042968750000000000
0.0077647734433412551879882812500000000000
0.0056146876886487007141113281250000000000
0.0042622229084372520446777343750000000000
0.0034290736075490713119506835937500000000
0.0029265419580042362213134765625000000000
0.0026297597214579582214355468750000000000
0.0024581830948591232299804687500000000000
0.0023610852658748626708984375000000000000
0.0023073081392794847488403320312500000000
0.0022781605366617441177368164062500000000
0.0022627031430602073669433593750000000000
0.0022546839900314807891845703125000000000
0.0022506141103804111480712890625000000000
0.0022485945373773574829101562500000000000
0.0022476143203675746917724609375000000000
0.0022471491247415542602539062500000000000
0.0022469337563961744308471679687500000000
0.0022468357346951961517333984375000000000
0.0022467926610261201858520507812500000000
0.0022467738017439842224121093750000000000
0.0022467658855020999908447265625000000000
0.0022467628587037324905395507812500000000
0.0022467612288892269134521484375000000000
0.0022467609960585832595825195312500000000
0.0022467607632279396057128906250000000000
0.0022467607632279396057128906250000000000
0.0022467607632279396057128906250000000000
0.0022467607632279396057128906250000000000
0.0022467607632279396057128906250000000000
0.0022467607632279396057128906250000000000
0.0022467607632279396057128906250000000000
0.0022467607632279396057128906250000000000
0.0022467609960585832595825195312500000000
0.0022467616945505142211914062500000000000
0.0022467633243650197982788085937500000000
0.0022467679809778928756713867187500000000
0.0022467784583568572998046875000000000000
0.0022468036040663719177246093750000000000
0.0022468611132353544235229492187500000000
0.0022469914983958005905151367187500000000
0.0022472790442407131195068359375000000000
0.0022478990722447633743286132812500000000
0.0022492059506475925445556640625000000000
0.0022518993355333805084228515625000000000
0.0022573252208530902862548828125000000000
0.0022680184338241815567016601562500000000
0.0022886283695697784423828125000000000000
0.0023274938575923442840576171875000000000
0.0023991998750716447830200195312500000000
0.0025286697782576084136962890625000000000
0.0027574514970183372497558593750000000000
0.0031531832646578550338745117187500000000
0.0038232682272791862487792968750000000000
0.0049342061392962932586669921875000000000
0.0067376242950558662414550781250000000000
0.0096046235412359237670898437500000000000
0.0140683175995945930480957031250000000000
0.0208755303174257278442382812500000000000
0.0310441087931394577026367187500000000000
0.0459251590073108673095703125000000000000
0.0672602728009223937988281250000000000000
0.0972314998507499694824218750000000000000
0.1384854912757873535156250000000000000000
0.1941313743591308593750000000000000000000
0.2676857113838195800781250000000000000000
0.3629737496376037597656250000000000000000
0.4839569628238677978515625000000000000000
0.6345167160034179687500000000000000000000
0.8181664347648620605468750000000000000000
1.0377516746520996093750000000000000000000
1.2951155900955200195312500000000000000000
1.5908150672912597656250000000000000000000
1.9238672256469726562500000000000000000000
2.2916169166564941406250000000000000000000
2.6896979808807373046875000000000000000000
3.1121547222137451171875000000000000000000
3.5516815185546875000000000000000000000000
4.0000000000000000000000000000000000000000
3.0000000000000000000000000000000000000000
2.6639878749847412109375000000000000000000
2.3345646858215332031250000000000000000000
2.0179359912872314453125000000000000000000
1.7195746898651123046875000000000000000000
1.4439492225646972656250000000000000000000
1.1943256855010986328125000000000000000000
0.9727012515068054199218750000000000000000
0.7798051834106445312500000000000000000000
0.6152273416519165039062500000000000000000
0.4775793552398681640625000000000000000000
0.3647351562976837158203125000000000000000
0.2740556597709655761718750000000000000000
0.2026369571685791015625000000000000000000
0.1475056409835815429687500000000000000000
0.1057984381914138793945312500000000000000
0.0748767480254173278808593750000000000000
0.0524126850068569183349609375000000000000
0.0364207625389099121093750000000000000000
0.0252669230103492736816406250000000000000
0.0176448114216327667236328125000000000000
0.0125424815341830253601074218750000000000
0.0091965300962328910827636718750000000000
0.0070475297980010509490966796875000000000
0.0056956675834953784942626953125000000000
0.0048629278317093849182128906250000000000
0.0043606106191873550415039062500000000000
0.0040639694780111312866210937500000000000
0.0038924622349441051483154296875000000000
0.0037954088766127824783325195312500000000
0.0037416527047753334045410156250000000000
0.0037125172093510627746582031250000000000
0.0036970661021769046783447265625000000000
0.0036890492774546146392822265625000000000
0.0036849817261099815368652343750000000000
0.0036829626187682151794433593750000000000
0.0036819824017584323883056640625000000000
0.0036815176717936992645263671875000000000
0.0036813020706176757812500000000000000000
0.0036812047474086284637451171875000000000
0.0036811609752476215362548828125000000000
0.0036811423487961292266845703125000000000
0.0036811344325542449951171875000000000000
0.0036811311729252338409423828125000000000
0.0036811297759413719177246093750000000000
0.0036811293102800846099853515625000000000
0.0036811293102800846099853515625000000000
0.0036811293102800846099853515625000000000
0.0036811293102800846099853515625000000000
0.0036811293102800846099853515625000000000
0.0036811293102800846099853515625000000000
0.0036811293102800846099853515625000000000
0.0036811293102800846099853515625000000000
0.0036811293102800846099853515625000000000
0.0036811297759413719177246093750000000000
0.0036811302416026592254638671875000000000
0.0036811323370784521102905273437500000000
0.0036811362951993942260742187500000000000
0.0036811470054090023040771484375000000000
0.0036811716854572296142578125000000000000
0.0036812296602874994277954101562500000000
0.0036813598126173019409179687500000000000
0.0036816475912928581237792968750000000000
0.0036822673864662647247314453125000000000
0.0036835740320384502410888671875000000000
0.0036862657871097326278686523437500000000
0.0036916905082762241363525390625000000000
0.0037023790646344423294067382812500000000
0.0037229824811220169067382812500000000000
0.0037618321366608142852783203125000000000
0.0038335123099386692047119140625000000000
0.0039629284292459487915039062500000000000
0.0041916230693459510803222656250000000000
0.0045871837064623832702636718750000000000
0.0052570058032870292663574218750000000000
0.0063674482516944408416748046875000000000
0.0081701390445232391357421875000000000000
0.0110358353704214096069335937500000000000
0.0154976965859532356262207031250000000000
0.0223017930984497070312500000000000000000
0.0324661508202552795410156250000000000000
0.0473404079675674438476562500000000000000
0.0686666667461395263671875000000000000000
0.0986243635416030883789062500000000000000
0.1398614346981048583984375000000000000000
0.1954827904701232910156250000000000000000
0.2690075039863586425781250000000000000000
0.3642548918724060058593750000000000000000
0.4851908087730407714843750000000000000000
0.6356889605522155761718750000000000000000
0.8192695379257202148437500000000000000000
1.0387692451477050781250000000000000000000
1.2960400581359863281250000000000000000000
1.5916303396224975585937500000000000000000
1.9245668649673461914062500000000000000000
2.2921872138977050781250000000000000000000
2.6901345252990722656250000000000000000000
3.1124482154846191406250000000000000000000
3.5518295764923095703125000000000000000000
4.0000000000000000000000000000000000000000
3.0000000000000000000000000000000000000000
2.6642293930053710937500000000000000000000
2.3350439071655273437500000000000000000000
2.0186433792114257812500000000000000000000
1.7205016613006591796875000000000000000000
1.4450762271881103515625000000000000000000
1.1956410408020019531250000000000000000000
0.9741798639297485351562500000000000000000
0.7814329266548156738281250000000000000000
0.6169784069061279296875000000000000000000
0.4794394969940185546875000000000000000000
0.3666811585426330566406250000000000000000
0.2760749459266662597656250000000000000000
0.2047110944986343383789062500000000000000
0.1496250927448272705078125000000000000000
0.1079500317573547363281250000000000000000
0.0770539939403533935546875000000000000000
0.0546071976423263549804687500000000000000
0.0386285781860351562500000000000000000000
0.0274832192808389663696289062500000000000
0.0198674164712429046630859375000000000000
0.0147689003497362136840820312500000000000
0.0114256832748651504516601562500000000000
0.0092782527208328247070312500000000000000
0.0079274727031588554382324218750000000000
0.0070953220129013061523437500000000000000
0.0065933968871831893920898437500000000000
0.0062969569116830825805664062500000000000
0.0061255795881152153015136718750000000000
0.0060285893268883228302001953125000000000
0.0059748715721070766448974609375000000000
0.0059457547031342983245849609375000000000
0.0059303129091858863830566406250000000000
0.0059223026037216186523437500000000000000
0.0059182359836995601654052734375000000000
0.0059162187390029430389404296875000000000
0.0059152394533157348632812500000000000000
0.0059147747233510017395019531250000000000
0.0059145595878362655639648437500000000000
0.0059144613333046436309814453125000000000
0.0059144189581274986267089843750000000000
0.0059143994003534317016601562500000000000
0.0059143919497728347778320312500000000000
0.0059143882244825363159179687500000000000
0.0059143872931599617004394531250000000000
0.0059143863618373870849609375000000000000
0.0059143863618373870849609375000000000000
0.0059143863618373870849609375000000000000
0.0059143863618373870849609375000000000000
0.0059143863618373870849609375000000000000
0.0059143863618373870849609375000000000000
0.0059143863618373870849609375000000000000
0.0059143863618373870849609375000000000000
0.0059143863618373870849609375000000000000
0.0059143863618373870849609375000000000000
0.0059143882244825363159179687500000000000
0.0059143891558051109313964843750000000000
0.0059143942780792713165283203125000000000
0.0059144040569663047790527343750000000000
0.0059144292026758193969726562500000000000
0.0059144869446754455566406250000000000000
0.0059146173298358917236328125000000000000
0.0059149046428501605987548828125000000000
0.0059155244380235671997070312500000000000
0.0059168296866118907928466796875000000000
0.0059195207431912422180175781250000000000
0.0059249415062367916107177734375000000000
0.0059356251731514930725097656250000000000
0.0059562148526310920715332031250000000000
0.0059950416907668113708496093750000000000
0.0060666739009320735931396484375000000000
0.0061960108578205108642578125000000000000
0.0064245462417602539062500000000000000000
0.0068198572844266891479492187500000000000
0.0074892006814479827880859375000000000000
0.0085989218205213546752929687500000000000
0.0104002999141812324523925781250000000000
0.0132641000673174858093261718750000000000
0.0177226811647415161132812500000000000000
0.0245222300291061401367187500000000000000
0.0346791222691535949707031250000000000000
0.0495434254407882690429687500000000000000
0.0708542019128799438476562500000000000000
0.1007920429110527038574218750000000000000
0.1419997513294219970703125000000000000000
0.1975849419832229614257812500000000000000
0.2710590064525604248046875000000000000000
0.3662462830543518066406250000000000000000
0.4871023297309875488281250000000000000000
0.6375091075897216796875000000000000000000
0.8209744691848754882812500000000000000000
1.0403468608856201171875000000000000000000
1.2974652051925659179687500000000000000000
1.5928920507431030273437500000000000000000
1.9256421327590942382812500000000000000000
2.2930681705474853515625000000000000000000
2.6908035278320312500000000000000000000000
3.1129012107849121093750000000000000000000
3.5520567893981933593750000000000000000000
4.0000000000000000000000000000000000000000
3.0000000000000000000000000000000000000000
2.6645951271057128906250000000000000000000
2.3357682228088378906250000000000000000000
2.0197169780731201171875000000000000000000
1.7219023704528808593750000000000000000000
1.4467887878417968750000000000000000000000
1.1976315975189208984375000000000000000000
0.9764283895492553710937500000000000000000
0.7839007377624511718750000000000000000000
0.6196435689926147460937500000000000000000
0.4822644591331481933593750000000000000000
0.3696449995040893554687500000000000000000
0.2791458964347839355468750000000000000000
0.2078719437122344970703125000000000000000
0.1528517603874206542968750000000000000000
0.1112300381064414978027343750000000000000
0.0803710669279098510742187500000000000000
0.0579532533884048461914062500000000000000
0.0419937558472156524658203125000000000000
0.0308628212660551071166992187500000000000
0.0232560411095619201660156250000000000000
0.0181640870869159698486328125000000000000
0.0148247648030519485473632812500000000000
0.0126800648868083953857421875000000000000
0.0113308215513825416564941406250000000000
0.0104997102171182632446289062500000000000
0.0099983382970094680786132812500000000000
0.0097022596746683120727539062500000000000
0.0095310639590024948120117187500000000000
0.0094341877847909927368164062500000000000
0.0093805249780416488647460937500000000000
0.0093514397740364074707031250000000000000
0.0093360152095556259155273437500000000000
0.0093280114233493804931640625000000000000
0.0093239508569240570068359375000000000000
0.0093219336122274398803710937500000000000
0.0093209557235240936279296875000000000000
0.0093204919248819351196289062500000000000
0.0093202758580446243286132812500000000000
0.0093201799318194389343261718750000000000
0.0093201352283358573913574218750000000000
0.0093201175332069396972656250000000000000
0.0093201091513037681579589843750000000000
0.0093201063573360443115234375000000000000
0.0093201044946908950805664062500000000000
0.0093201044946908950805664062500000000000
0.0093201035633683204650878906250000000000
0.0093201035633683204650878906250000000000
0.0093201035633683204650878906250000000000
0.0093201035633683204650878906250000000000
0.0093201035633683204650878906250000000000
0.0093201035633683204650878906250000000000
0.0093201035633683204650878906250000000000
0.0093201035633683204650878906250000000000
0.0093201044946908950805664062500000000000
0.0093201044946908950805664062500000000000
0.0093201072886586189270019531250000000000
0.0093201110139489173889160156250000000000
0.0093201221898198127746582031250000000000
0.0093201464042067527770996093750000000000
0.0093202041462063789367675781250000000000
0.0093203336000442504882812500000000000000
0.0093206213787198066711425781250000000000
0.0093212407082319259643554687500000000000
0.0093225454911589622497558593750000000000
0.0093252323567867279052734375000000000000
0.0093306498602032661437988281250000000000
0.0093413218855857849121093750000000000000
0.0093618929386138916015625000000000000000
0.0094006787985563278198242187500000000000
0.0094722425565123558044433593750000000000
0.0096014365553855895996093750000000000000
0.0098297446966171264648437500000000000000
0.0102246105670928955078125000000000000000
0.0108932685106992721557617187500000000000
0.0120017183944582939147949218750000000000
0.0138012133538722991943359375000000000000
0.0166617017239332199096679687500000000000
0.0211155712604522705078125000000000000000
0.0279072504490613937377929687500000000000
0.0380533933639526367187500000000000000000
0.0529006421566009521484375000000000000000
0.0741890221834182739257812500000000000000
0.1040931642055511474609375000000000000000
0.1452583670616149902343750000000000000000
0.2007828205823898315429687500000000000000
0.2741832137107849121093750000000000000000
0.3692706525325775146484375000000000000000
0.4900102317333221435546875000000000000000
0.6402671337127685546875000000000000000000
0.8235641121864318847656250000000000000000
1.0427305698394775390625000000000000000000
1.2996256351470947265625000000000000000000
1.5947924852371215820312500000000000000000
1.9272689819335937500000000000000000000000
2.2943911552429199218750000000000000000000
2.6918139457702636718750000000000000000000
3.1135797500610351562500000000000000000000
3.5523996353149414062500000000000000000000
4.0000000000000000000000000000000000000000
3.0000000000000000000000000000000000000000
2.6651356220245361328125000000000000000000
2.3368430137634277343750000000000000000000
2.0213041305541992187500000000000000000000
1.7239842414855957031250000000000000000000
1.4493238925933837890625000000000000000000
1.2005934715270996093750000000000000000000
0.9797636270523071289062500000000000000000
0.7875772118568420410156250000000000000000
0.6236044764518737792968750000000000000000
0.4864768981933593750000000000000000000000
0.3740571439266204833984375000000000000000
0.2837285101413726806640625000000000000000
0.2125832438468933105468750000000000000000
0.1576690673828125000000000000000000000000
0.1161233782768249511718750000000000000000
0.0853248089551925659179687500000000000000
0.0629481300711631774902343750000000000000
0.0470201149582862854003906250000000000000
0.0359095446765422821044921875000000000000
0.0283177904784679412841796875000000000000
0.0232350658625364303588867187500000000000
0.0199023038148880004882812500000000000000
0.0177614241838455200195312500000000000000
0.0164148025214672088623046875000000000000
0.0155851356685161590576171875000000000000
0.0150847211480140686035156250000000000000
0.0147891417145729064941406250000000000000
0.0146182663738727569580078125000000000000
0.0145215466618537902832031250000000000000
0.0144679807126522064208984375000000000000
0.0144389420747756958007812500000000000000
0.0144235435873270034790039062500000000000
0.0144155528396368026733398437500000000000
0.0144114969298243522644042968750000000000
0.0144094843417406082153320312500000000000
0.0144085083156824111938476562500000000000
0.0144080445170402526855468750000000000000
0.0144078312441706657409667968750000000000
0.0144077315926551818847656250000000000000
0.0144076896831393241882324218750000000000
0.0144076701253652572631835937500000000000
0.0144076626747846603393554687500000000000
0.0144076589494943618774414062500000000000
0.0144076580181717872619628906250000000000
0.0144076561555266380310058593750000000000
0.0144076561555266380310058593750000000000
0.0144076561555266380310058593750000000000
0.0144076561555266380310058593750000000000
0.0144076561555266380310058593750000000000
0.0144076561555266380310058593750000000000
0.0144076561555266380310058593750000000000
0.0144076561555266380310058593750000000000
0.0144076561555266380310058593750000000000
0.0144076561555266380310058593750000000000
0.0144076589494943618774414062500000000000
0.0144076598808169364929199218750000000000
0.0144076654687523841857910156250000000000
0.0144076747819781303405761718750000000000
0.0144077008590102195739746093750000000000
0.0144077576696872711181640625000000000000
0.0144078861922025680541992187500000000000
0.0144081730395555496215820312500000000000
0.0144087923690676689147949218750000000000
0.0144100952893495559692382812500000000000
0.0144127793610095977783203125000000000000
0.0144181856885552406311035156250000000000
0.0144288456067442893981933593750000000000
0.0144493812695145606994628906250000000000
0.0144881093874573707580566406250000000000
0.0145595502108335494995117187500000000000
0.0146885477006435394287109375000000000000
0.0149164572358131408691406250000000000000
0.0153106972575187683105468750000000000000
0.0159781724214553833007812500000000000000
0.0170848295092582702636718750000000000000
0.0188811123371124267578125000000000000000
0.0217369161546230316162109375000000000000
0.0261828191578388214111328125000000000000
0.0329633355140686035156250000000000000000
0.0430914536118507385253906250000000000000
0.0579144544899463653564453125000000000000
0.0791656374931335449218750000000000000000
0.1090217083692550659179687500000000000000
0.1501169055700302124023437500000000000000
0.2055544704198837280273437500000000000000
0.2788347601890563964843750000000000000000
0.3737789988517761230468750000000000000000
0.4943306744098663330078125000000000000000
0.6443723440170288085937500000000000000000
0.8274009227752685546875000000000000000000
1.0462714433670043945312500000000000000000
1.3028154373168945312500000000000000000000
1.5976083278656005859375000000000000000000
1.9296624660491943359375000000000000000000
2.2963464260101318359375000000000000000000
2.6932964324951171875000000000000000000000
3.1145806312561035156250000000000000000000
3.5529012680053710937500000000000000000000
4.0000000000000000000000000000000000000000
3.0000000000000000000000000000000000000000
2.6659207344055175781250000000000000000000
2.3383975028991699218750000000000000000000
2.0236115455627441406250000000000000000000
1.7269988059997558593750000000000000000000
1.4530143737792968750000000000000000000000
1.2048913240432739257812500000000000000000
0.9846256375312805175781250000000000000000
0.7929233312606811523437500000000000000000
0.6293859481811523437500000000000000000000
0.4926143288612365722656250000000000000000
0.3805037736892700195312500000000000000000
0.2904156446456909179687500000000000000000
0.2194718420505523681640625000000000000000
0.1647066175937652587890625000000000000000
0.1232811808586120605468750000000000000000
0.0925671309232711791992187500000000000000
0.0702561438083648681640625000000000000000
0.0543720312416553497314453125000000000000
0.0432943217456340789794921875000000000000
0.0357234254479408264160156250000000000000
0.0306557379662990570068359375000000000000
0.0273320414125919342041015625000000000000
0.0251974631100893020629882812500000000000
0.0238544419407844543457031250000000000000
0.0230271909385919570922851562500000000000
0.0225280839949846267700195312500000000000
0.0222333520650863647460937500000000000000
0.0220629088580608367919921875000000000000
0.0219664610922336578369140625000000000000
0.0219130255281925201416015625000000000000
0.0218840669840574264526367187500000000000
0.0218687057495117187500000000000000000000
0.0218607336282730102539062500000000000000
0.0218566879630088806152343750000000000000
0.0218546800315380096435546875000000000000
0.0218537058681249618530273437500000000000
0.0218532457947731018066406250000000000000
0.0218530297279357910156250000000000000000
0.0218529328703880310058593750000000000000
0.0218528881669044494628906250000000000000
0.0218528714030981063842773437500000000000
0.0218528620898723602294921875000000000000
0.0218528583645820617675781250000000000000
0.0218528583645820617675781250000000000000
0.0218528565019369125366210937500000000000
0.0218528565019369125366210937500000000000
0.0218528565019369125366210937500000000000
0.0218528565019369125366210937500000000000
0.0218528565019369125366210937500000000000
0.0218528565019369125366210937500000000000
0.0218528565019369125366210937500000000000
0.0218528565019369125366210937500000000000
0.0218528565019369125366210937500000000000
0.0218528583645820617675781250000000000000
0.0218528583645820617675781250000000000000
0.0218528620898723602294921875000000000000
0.0218528639525175094604492187500000000000
0.0218528751283884048461914062500000000000
0.0218528993427753448486328125000000000000
0.0218529570847749710083007812500000000000
0.0218530856072902679443359375000000000000
0.0218533724546432495117187500000000000000
0.0218539889901876449584960937500000000000
0.0218552909791469573974609375000000000000
0.0218579657375812530517578125000000000000
0.0218633655458688735961914062500000000000
0.0218739919364452362060546875000000000000
0.0218944847583770751953125000000000000000
0.0219331122934818267822265625000000000000
0.0220043882727622985839843750000000000000
0.0221330448985099792480468750000000000000
0.0223604068160057067871093750000000000000
0.0227535907179117202758789062500000000000
0.0234194248914718627929687500000000000000
0.0245230905711650848388671875000000000000
0.0263149011880159378051757812500000000000
0.0291629657149314880371093750000000000000
0.0335977487266063690185546875000000000000
0.0403599813580513000488281250000000000000
0.0504628680646419525146484375000000000000
0.0652464330196380615234375000000000000000
0.0864453986287117004394531250000000000000
0.1162239462137222290039062500000000000000
0.1572205722332000732421875000000000000000
0.2125191837549209594726562500000000000000
0.2856299281120300292968750000000000000000
0.3803472518920898437500000000000000000000
0.5006332397460937500000000000000000000000
0.6503372788429260253906250000000000000000
0.8329862356185913085937500000000000000000
1.0513985157012939453125000000000000000000
1.3074464797973632812500000000000000000000
1.6016694307327270507812500000000000000000
1.9331262111663818359375000000000000000000
2.2991552352905273437500000000000000000000
2.6954350471496582031250000000000000000000
3.1160140037536621093750000000000000000000
3.5536236763000488281250000000000000000000
4.0000000000000000000000000000000000000000
3.0000000000000000000000000000000000000000
2.6670310497283935546875000000000000000000
2.3406071662902832031250000000000000000000
2.0268785953521728515625000000000000000000
1.7312905788421630859375000000000000000000
1.4582509994506835937500000000000000000000
1.2110202312469482421875000000000000000000
0.9915417432785034179687500000000000000000
0.8005599379539489746093750000000000000000
0.6376289129257202148437500000000000000000
0.5013934373855590820312500000000000000000
0.3897124826908111572265625000000000000000
0.2999904751777648925781250000000000000000
0.2293256968259811401367187500000000000000
0.1747895330190658569335937500000000000000
0.1335300803184509277343750000000000000000
0.1029471307992935180664062500000000000000
0.0807265341281890869140625000000000000000
0.0649111047387123107910156250000000000000
0.0538784153759479522705078125000000000000
0.0463404655456542968750000000000000000000
0.0412932969629764556884765625000000000000
0.0379840619862079620361328125000000000000
0.0358580350875854492187500000000000000000
0.0345208309590816497802734375000000000000
0.0336968377232551574707031250000000000000
0.0331998690962791442871093750000000000000
0.0329062715172767639160156250000000000000
0.0327365472912788391113281250000000000000
0.0326404571533203125000000000000000000000
0.0325872451066970825195312500000000000000
0.0325583890080451965332031250000000000000
0.0325430892407894134521484375000000000000
0.0325351506471633911132812500000000000000
0.0325311198830604553222656250000000000000
0.0325291156768798828125000000000000000000
0.0325281471014022827148437500000000000000
0.0325276851654052734375000000000000000000
0.0325274690985679626464843750000000000000
0.0325273722410202026367187500000000000000
0.0325273349881172180175781250000000000000
0.0325273126363754272460937500000000000000
0.0325273051857948303222656250000000000000
0.0325273014605045318603515625000000000000
0.0325273014605045318603515625000000000000
0.0325273014605045318603515625000000000000
0.0325273014605045318603515625000000000000
0.0325273014605045318603515625000000000000
0.0325273014605045318603515625000000000000
0.0325273014605045318603515625000000000000
0.0325273014605045318603515625000000000000
0.0325273014605045318603515625000000000000
0.0325273014605045318603515625000000000000
0.0325273014605045318603515625000000000000
0.0325273014605045318603515625000000000000
0.0325273014605045318603515625000000000000
0.0325273014605045318603515625000000000000
0.0325273089110851287841796875000000000000
0.0325273163616657257080078125000000000000
0.0325273424386978149414062500000000000000
0.0325274020433425903320312500000000000000
0.0325275287032127380371093750000000000000
0.0325278118252754211425781250000000000000
0.0325284302234649658203125000000000000000
0.0325297228991985321044921875000000000000
0.0325323939323425292968750000000000000000
0.0325377695262432098388671875000000000000
0.0325483642518520355224609375000000000000
0.0325687751173973083496093750000000000000
0.0326072722673416137695312500000000000000
0.0326782688498497009277343750000000000000
0.0328064598143100738525390625000000000000
0.0330329202115535736083984375000000000000
0.0334246642887592315673828125000000000000
0.0340878255665302276611328125000000000000
0.0351873971521854400634765625000000000000
0.0369719900190830230712890625000000000000
0.0398094207048416137695312500000000000000
0.0442264005541801452636718750000000000000
0.0509634353220462799072265625000000000000
0.0610262118279933929443359375000000000000
0.0757553130388259887695312500000000000000
0.0968718230724334716796875000000000000000
0.1265429407358169555664062500000000000000
0.1673850864171981811523437500000000000000
0.2224905937910079956054687500000000000000
0.2953376770019531250000000000000000000000
0.3897390365600585937500000000000000000000
0.5096154212951660156250000000000000000000
0.6588490009307861328125000000000000000000
0.8409191370010375976562500000000000000000
1.0586931705474853515625000000000000000000
1.3139951229095458984375000000000000000000
1.6074260473251342773437500000000000000000
1.9380006790161132812500000000000000000000
2.3031210899353027343750000000000000000000
2.6984319686889648437500000000000000000000
3.1180317401885986328125000000000000000000
3.5546336174011230468750000000000000000000
4.0000000000000000000000000000000000000000
3.0000000000000000000000000000000000000000
2.6685745716094970703125000000000000000000
2.3436660766601562500000000000000000000000
2.0314249992370605468750000000000000000000
1.7372434139251708984375000000000000000000
1.4655528068542480468750000000000000000000
1.2195451259613037109375000000000000000000
1.0012061595916748046875000000000000000000
0.8112112879753112792968750000000000000000
0.6491691470146179199218750000000000000000
0.5136671066284179687500000000000000000000
0.4026225805282592773437500000000000000000
0.3134003877639770507812500000000000000000
0.2431530207395553588867187500000000000000
0.1889285743236541748046875000000000000000
0.1479194760322570800781250000000000000000
0.1175144016742706298828125000000000000000
0.0954311937093734741210937500000000000000
0.0797086209058761596679687500000000000000
0.0687449276447296142578125000000000000000
0.0612513348460197448730468750000000000000
0.0562358982861042022705078125000000000000
0.0529460459947586059570312500000000000000
0.0508333817124366760253906250000000000000
0.0495039150118827819824218750000000000000
0.0486850775778293609619140625000000000000
0.0481909364461898803710937500000000000000
0.0478991568088531494140625000000000000000
0.0477303788065910339355468750000000000000
0.0476348772644996643066406250000000000000
0.0475819557905197143554687500000000000000
0.0475532747805118560791015625000000000000
0.0475380532443523406982421875000000000000
0.0475301593542098999023437500000000000000
0.0475261472165584564208984375000000000000
0.0475241616368293762207031250000000000000
0.0475231930613517761230468750000000000000
0.0475227348506450653076171875000000000000
0.0475225187838077545166015625000000000000
0.0475224256515502929687500000000000000000
0.0475223809480667114257812500000000000000
0.0475223623216152191162109375000000000000
0.0475223585963249206542968750000000000000
0.0475223548710346221923828125000000000000
0.0475223548710346221923828125000000000000
0.0475223511457443237304687500000000000000
0.0475223511457443237304687500000000000000
0.0475223511457443237304687500000000000000
0.0475223511457443237304687500000000000000
0.0475223511457443237304687500000000000000
0.0475223511457443237304687500000000000000
0.0475223511457443237304687500000000000000
0.0475223511457443237304687500000000000000
0.0475223511457443237304687500000000000000
0.0475223511457443237304687500000000000000
0.0475223511457443237304687500000000000000
0.0475223585963249206542968750000000000000
0.0475223585963249206542968750000000000000
0.0475223697721958160400390625000000000000
0.0475223958492279052734375000000000000000
0.0475224554538726806640625000000000000000
0.0475225746631622314453125000000000000000
0.0475228615105152130126953125000000000000
0.0475234724581241607666015625000000000000
0.0475247651338577270507812500000000000000
0.0475274175405502319335937500000000000000
0.0475327707827091217041015625000000000000
0.0475433021783828735351562500000000000000
0.0475636124610900878906250000000000000000
0.0476018860936164855957031250000000000000
0.0476725101470947265625000000000000000000
0.0477999672293663024902343750000000000000
0.0480252094566822052001953125000000000000
0.0484146662056446075439453125000000000000
0.0490742325782775878906250000000000000000
0.0501673445105552673339843750000000000000
0.0519421845674514770507812500000000000000
0.0547629818320274353027343750000000000000
0.0591558292508125305175781250000000000000
0.0658537149429321289062500000000000000000
0.0758619755506515502929687500000000000000
0.0905069485306739807128906250000000000000
0.1115110516548156738281250000000000000000
0.1410172581672668457031250000000000000000
0.1816481053829193115234375000000000000000
0.2364591658115386962890625000000000000000
0.3089446425437927246093750000000000000000
0.4028676748275756835937500000000000000000
0.5221816301345825195312500000000000000000
0.6707091927528381347656250000000000000000
0.8519843816757202148437500000000000000000
1.0688120126724243164062500000000000000000
1.3230922222137451171875000000000000000000
1.6153670549392700195312500000000000000000
1.9447388648986816406250000000000000000000
2.3085601329803466796875000000000000000000
2.7025547027587890625000000000000000000000
3.1207861900329589843750000000000000000000
3.5560185909271240234375000000000000000000
4.0000000000000000000000000000000000000000
3.0000000000000000000000000000000000000000
2.6706614494323730468750000000000000000000
2.3478240966796875000000000000000000000000
2.0375854969024658203125000000000000000000
1.7453532218933105468750000000000000000000
1.4754774570465087890625000000000000000000
1.2311911582946777343750000000000000000000
1.0143864154815673828125000000000000000000
0.8257997035980224609375000000000000000000
0.6649543642997741699218750000000000000000
0.5305106043815612792968750000000000000000
0.4203222095966339111328125000000000000000
0.3318279087543487548828125000000000000000
0.2621406018733978271484375000000000000000
0.2083737850189208984375000000000000000000
0.1676996499300003051757812500000000000000
0.1375576108694076538085937500000000000000
0.1156575679779052734375000000000000000000
0.1000733003020286560058593750000000000000
0.0892012491822242736816406250000000000000
0.0817742124199867248535156250000000000000
0.0768007338047027587890625000000000000000
0.0735402181744575500488281250000000000000
0.0714451298117637634277343750000000000000
0.0701275169849395751953125000000000000000
0.0693154111504554748535156250000000000000
0.0688256546854972839355468750000000000000
0.0685362368822097778320312500000000000000
0.0683689340949058532714843750000000000000
0.0682741925120353698730468750000000000000
0.0682217329740524291992187500000000000000
0.0681932643055915832519531250000000000000
0.0681781843304634094238281250000000000000
0.0681703388690948486328125000000000000000
0.0681663751602172851562500000000000000000
0.0681643933057785034179687500000000000000
0.0681634396314620971679687500000000000000
0.0681629776954650878906250000000000000000
0.0681627616286277770996093750000000000000
0.0681626647710800170898437500000000000000
0.0681626275181770324707031250000000000000
0.0681626126170158386230468750000000000000
0.0681626051664352416992187500000000000000
0.0681626051664352416992187500000000000000
0.0681626051664352416992187500000000000000
0.0681626051664352416992187500000000000000
0.0681625977158546447753906250000000000000
0.0681625977158546447753906250000000000000
0.0681625977158546447753906250000000000000
0.0681625977158546447753906250000000000000
0.0681625977158546447753906250000000000000
0.0681625977158546447753906250000000000000
0.0681625977158546447753906250000000000000
0.0681625977158546447753906250000000000000
0.0681625977158546447753906250000000000000
0.0681626051664352416992187500000000000000
0.0681626051664352416992187500000000000000
0.0681626051664352416992187500000000000000
0.0681626200675964355468750000000000000000
0.0681626424193382263183593750000000000000
0.0681626945734024047851562500000000000000
0.0681628286838531494140625000000000000000
0.0681631043553352355957031250000000000000
0.0681637078523635864257812500000000000000
0.0681649893522262573242187500000000000000
0.0681676343083381652832031250000000000000
0.0681729316711425781250000000000000000000
0.0681833922863006591796875000000000000000
0.0682035312056541442871093750000000000000
0.0682415291666984558105468750000000000000
0.0683115646243095397949218750000000000000
0.0684380382299423217773437500000000000000
0.0686614066362380981445312500000000000000
0.0690478235483169555664062500000000000000
0.0697018504142761230468750000000000000000
0.0707863867282867431640625000000000000000
0.0725463330745697021484375000000000000000
0.0753449648618698120117187500000000000000
0.0797011703252792358398437500000000000000
0.0863467231392860412597656250000000000000
0.0962726622819900512695312500000000000000
0.1108047962188720703125000000000000000000
0.1316400766372680664062500000000000000000
0.1609243750572204589843750000000000000000
0.2012395709753036499023437500000000000000
0.2556530833244323730468750000000000000000
0.3276014924049377441406250000000000000000
0.4208771586418151855468750000000000000000
0.5393614172935485839843750000000000000000
0.6869328022003173828125000000000000000000
0.8670465350151062011718750000000000000000
1.0825946331024169921875000000000000000000
1.3354012966156005859375000000000000000000
1.6261212825775146484375000000000000000000
1.9537911415100097656250000000000000000000
2.3158788681030273437500000000000000000000
2.7080557346343994140625000000000000000000
3.1244726181030273437500000000000000000000
3.5578584671020507812500000000000000000000
4.0000000000000000000000000000000000000000
3.0000000000000000000000000000000000000000
2.6734309196472167968750000000000000000000
2.3533234596252441406250000000000000000000
2.0457775592803955078125000000000000000000
1.7561151981353759765625000000000000000000
1.4887206554412841796875000000000000000000
1.2467094659805297851562500000000000000000
1.0320346355438232421875000000000000000000
0.8453131318092346191406250000000000000000
0.6861500144004821777343750000000000000000
0.5531084537506103515625000000000000000000
0.4441350400447845458984375000000000000000
0.3566037118434906005859375000000000000000
0.2877174019813537597656250000000000000000
0.2345543801784515380859375000000000000000
0.1943624615669250488281250000000000000000
0.1645662635564804077148437500000000000000
0.1429316103458404541015625000000000000000
0.1275284886360168457031250000000000000000
0.1167900860309600830078125000000000000000
0.1094498857855796813964843750000000000000
0.1045380309224128723144531250000000000000
0.1013156175613403320312500000000000000000
0.0992465615272521972656250000000000000000
0.0979442447423934936523437500000000000000
0.0971422269940376281738281250000000000000
0.0966580882668495178222656250000000000000
0.0963722467422485351562500000000000000000
0.0962068438529968261718750000000000000000
0.0961132571101188659667968750000000000000
0.0960613787174224853515625000000000000000
0.0960332602262496948242187500000000000000
0.0960183292627334594726562500000000000000
0.0960105955600738525390625000000000000000
0.0960066542029380798339843750000000000000
0.0960047096014022827148437500000000000000
0.0960037484765052795410156250000000000000
0.0960033014416694641113281250000000000000
0.0960031002759933471679687500000000000000
0.0960030034184455871582031250000000000000
0.0960029587149620056152343750000000000000
0.0960029438138008117675781250000000000000
0.0960029289126396179199218750000000000000
0.0960029214620590209960937500000000000000
0.0960029214620590209960937500000000000000
0.0960029214620590209960937500000000000000
0.0960029214620590209960937500000000000000
0.0960029214620590209960937500000000000000
0.0960029214620590209960937500000000000000
0.0960029214620590209960937500000000000000
0.0960029214620590209960937500000000000000
0.0960029214620590209960937500000000000000
0.0960029214620590209960937500000000000000
0.0960029214620590209960937500000000000000
0.0960029214620590209960937500000000000000
0.0960029214620590209960937500000000000000
0.0960029214620590209960937500000000000000
0.0960029363632202148437500000000000000000
0.0960029438138008117675781250000000000000
0.0960029661655426025390625000000000000000
0.0960030257701873779296875000000000000000
0.0960031524300575256347656250000000000000
0.0960034355521202087402343750000000000000
0.0960040241479873657226562500000000000000
0.0960052981972694396972656250000000000000
0.0960079059004783630371093750000000000000
0.0960131585597991943359375000000000000000
0.0960234925150871276855468750000000000000
0.0960434228181838989257812500000000000000
0.0960809737443923950195312500000000000000
0.0961502641439437866210937500000000000000
0.0962752476334571838378906250000000000000
0.0964961647987365722656250000000000000000
0.0968780294060707092285156250000000000000
0.0975248292088508605957031250000000000000
0.0985965654253959655761718750000000000000
0.1003369987010955810546875000000000000000
0.1031027436256408691406250000000000000000
0.1074108034372329711914062500000000000000
0.1139791384339332580566406250000000000000
0.1237965077161788940429687500000000000000
0.1381629556417465209960937500000000000000
0.1587747484445571899414062500000000000000
0.1877345889806747436523437500000000000000
0.2276304066181182861328125000000000000000
0.2814652323722839355468750000000000000000
0.3526978194713592529296875000000000000000
0.4450358748435974121093750000000000000000
0.5624119043350219726562500000000000000000
0.7086079120635986328125000000000000000000
0.8871706724166870117187500000000000000000
1.1008969545364379882812500000000000000000
1.3517446517944335937500000000000000000000
1.6402860879898071289062500000000000000000
1.9657137393951416015625000000000000000000
2.3254289627075195312500000000000000000000
2.7152409553527832031250000000000000000000
3.1292452812194824218750000000000000000000
3.5602483749389648437500000000000000000000
4.0000000000000000000000000000000000000000
3.0000000000000000000000000000000000000000
2.6770024299621582031250000000000000000000
2.3604521751403808593750000000000000000000
2.0563764572143554687500000000000000000000
1.7701218128204345703125000000000000000000
1.5059407949447631835937500000000000000000
1.2670010328292846679687500000000000000000
1.0550987720489501953125000000000000000000
0.8709315061569213867187500000000000000000
0.7139632701873779296875000000000000000000
0.5828621983528137207031250000000000000000
0.4754733443260192871093750000000000000000
0.3892849683761596679687500000000000000000
0.3214409351348876953125000000000000000000
0.2691251039505004882812500000000000000000
0.2295585870742797851562500000000000000000
0.2002503275871276855468750000000000000000
0.1789585649967193603515625000000000000000
0.1638124287128448486328125000000000000000
0.1532459855079650878906250000000000000000
0.1460296958684921264648437500000000000000
0.1411967873573303222656250000000000000000
0.1380291283130645751953125000000000000000
0.1359932720661163330078125000000000000000
0.1347131282091140747070312500000000000000
0.1339238882064819335937500000000000000000
0.1334479898214340209960937500000000000000
0.1331666409969329833984375000000000000000
0.1330040395259857177734375000000000000000
0.1329119205474853515625000000000000000000
0.1328608989715576171875000000000000000000
0.1328332126140594482421875000000000000000
0.1328185498714447021484375000000000000000
0.1328108906745910644531250000000000000000
0.1328070461750030517578125000000000000000
0.1328051090240478515625000000000000000000
0.1328041702508926391601562500000000000000
0.1328037381172180175781250000000000000000
0.1328035295009613037109375000000000000000
0.1328034400939941406250000000000000000000
0.1328033953905105590820312500000000000000
0.1328033804893493652343750000000000000000
0.1328033655881881713867187500000000000000
0.1328033655881881713867187500000000000000
0.1328033506870269775390625000000000000000
0.1328033506870269775390625000000000000000
0.1328033506870269775390625000000000000000
0.1328033506870269775390625000000000000000
0.1328033506870269775390625000000000000000
0.1328033506870269775390625000000000000000
0.1328033506870269775390625000000000000000
0.1328033506870269775390625000000000000000
0.1328033506870269775390625000000000000000
0.1328033506870269775390625000000000000000
0.1328033506870269775390625000000000000000
0.1328033506870269775390625000000000000000
0.1328033655881881713867187500000000000000
0.1328033655881881713867187500000000000000
0.1328033804893493652343750000000000000000
0.1328034102916717529296875000000000000000
0.1328034698963165283203125000000000000000
0.1328035891056060791015625000000000000000
0.1328038573265075683593750000000000000000
0.1328044533729553222656250000000000000000
0.1328057050704956054687500000000000000000
0.1328082680702209472656250000000000000000
0.1328134387731552124023437500000000000000
0.1328236162662506103515625000000000000000
0.1328432410955429077148437500000000000000
0.1328802257776260375976562500000000000000
0.1329483687877655029296875000000000000000
0.1330714821815490722656250000000000000000
0.1332888007164001464843750000000000000000
0.1336648315191268920898437500000000000000
0.1343010962009429931640625000000000000000
0.1353563666343688964843750000000000000000
0.1370685249567031860351562500000000000000
0.1397918164730072021484375000000000000000
0.1440304666757583618164062500000000000000
0.1504987329244613647460937500000000000000
0.1601603031158447265625000000000000000000
0.1743111461400985717773437500000000000000
0.1946034133434295654296875000000000000000
0.2231393158435821533203125000000000000000
0.2624375224113464355468750000000000000000
0.3155131936073303222656250000000000000000
0.3857291340827941894531250000000000000000
0.4768330752849578857421875000000000000000
0.5926423072814941406250000000000000000000
0.7370250225067138671875000000000000000000
0.9134101867675781250000000000000000000000
1.1247395277023315429687500000000000000000
1.3728696107864379882812500000000000000000
1.6585674285888671875000000000000000000000
1.9809484481811523437500000000000000000000
2.3376150131225585937500000000000000000000
2.7243108749389648437500000000000000000000
3.1352725028991699218750000000000000000000
3.5632405281066894531250000000000000000000
4.0000000000000000000000000000000000000000
3.0000000000000000000000000000000000000000
2.6815071105957031250000000000000000000000
2.3694257736206054687500000000000000000000
2.0698022842407226562500000000000000000000
1.7878596782684326171875000000000000000000
1.5278904438018798828125000000000000000000
1.2928727865219116210937500000000000000000
1.0846691131591796875000000000000000000000
0.9037814140319824218750000000000000000000
0.7497771978378295898437500000000000000000
0.6211708784103393554687500000000000000000
0.5159389972686767578125000000000000000000
0.4314742684364318847656250000000000000000
0.3650571405887603759765625000000000000000
0.3138251304626464843750000000000000000000
0.2751187980175018310546875000000000000000
0.2464323490858078002929687500000000000000
0.2256142199039459228515625000000000000000
0.2107942402362823486328125000000000000000
0.2004664987325668334960937500000000000000
0.1934067904949188232421875000000000000000
0.1886841058731079101562500000000000000000
0.1855853199958801269531250000000000000000
0.1835961192846298217773437500000000000000
0.1823437213897705078125000000000000000000
0.1815726011991500854492187500000000000000
0.1811069399118423461914062500000000000000
0.1808320581912994384765625000000000000000
0.1806729137897491455078125000000000000000
0.1805828809738159179687500000000000000000
0.1805329322814941406250000000000000000000
0.1805058866739273071289062500000000000000
0.1804914921522140502929687500000000000000
0.1804840564727783203125000000000000000000
0.1804802417755126953125000000000000000000
0.1804783642292022705078125000000000000000
0.1804774403572082519531250000000000000000
0.1804770231246948242187500000000000000000
0.1804768145084381103515625000000000000000
0.1804767251014709472656250000000000000000
0.1804766952991485595703125000000000000000
0.1804766654968261718750000000000000000000
0.1804766654968261718750000000000000000000
0.1804766654968261718750000000000000000000
0.1804766654968261718750000000000000000000
0.1804766654968261718750000000000000000000
0.1804766654968261718750000000000000000000
0.1804766654968261718750000000000000000000
0.1804766654968261718750000000000000000000
0.1804766654968261718750000000000000000000
0.1804766654968261718750000000000000000000
0.1804766654968261718750000000000000000000
0.1804766654968261718750000000000000000000
0.1804766654968261718750000000000000000000
0.1804766654968261718750000000000000000000
0.1804766654968261718750000000000000000000
0.1804766654968261718750000000000000000000
0.1804766654968261718750000000000000000000
0.1804766654968261718750000000000000000000
0.1804767102003097534179687500000000000000
0.1804767549037933349609375000000000000000
0.1804768741130828857421875000000000000000
0.1804771423339843750000000000000000000000
0.1804777085781097412109375000000000000000
0.1804789453744888305664062500000000000000
0.1804814636707305908203125000000000000000
0.1804865300655364990234375000000000000000
0.1804964989423751831054687500000000000000
0.1805157065391540527343750000000000000000
0.1805518865585327148437500000000000000000
0.1806186288595199584960937500000000000000
0.1807390153408050537109375000000000000000
0.1809518039226531982421875000000000000000
0.1813195347785949707031250000000000000000
0.1819424629211425781250000000000000000000
0.1829744577407836914062500000000000000000
0.1846507489681243896484375000000000000000
0.1873143017292022705078125000000000000000
0.1914646029472351074218750000000000000000
0.1977925598621368408203125000000000000000
0.2072549909353256225585937500000000000000
0.2211045622825622558593750000000000000000
0.2409865558147430419921875000000000000000
0.2689315974712371826171875000000000000000
0.3074588775634765625000000000000000000000
0.3594787120819091796875000000000000000000
0.4283773899078369140625000000000000000000
0.5177692174911499023437500000000000000000
0.6315410137176513671875000000000000000000
0.7734174728393554687500000000000000000000
0.9469685554504394531250000000000000000000
1.1550102233886718750000000000000000000000
1.3996200561523437500000000000000000000000
1.6814780235290527343750000000000000000000
1.9999680519104003906250000000000000000000
2.3526341915130615234375000000000000000000
2.7354516983032226562500000000000000000000
3.1425852775573730468750000000000000000000
3.5668721199035644531250000000000000000000
4.0000000000000000000000000000000000000000
3.0000000000000000000000000000000000000000
2.6870079040527343750000000000000000000000
2.3804526329040527343750000000000000000000
2.0863072872161865234375000000000000000000
1.8098337650299072265625000000000000000000
1.5551249980926513671875000000000000000000
1.3251991271972656250000000000000000000000
1.1216639280319213867187500000000000000000
0.9451000690460205078125000000000000000000
0.7948516607284545898437500000000000000000
0.6695636510848999023437500000000000000000
0.5670632123947143554687500000000000000000
0.4849034249782562255859375000000000000000
0.4202874600887298583984375000000000000000
0.3705102801322937011718750000000000000000
0.3328852653503417968750000000000000000000
0.3050362765789031982421875000000000000000
0.2848110795021057128906250000000000000000
0.2704318761825561523437500000000000000000
0.2604016065597534179687500000000000000000
0.2535544931888580322265625000000000000000
0.2489685416221618652343750000000000000000
0.2459637522697448730468750000000000000000
0.2440321743488311767578125000000000000000
0.2428179234266281127929687500000000000000
0.2420690357685089111328125000000000000000
0.2416175901889801025390625000000000000000
0.2413505613803863525390625000000000000000
0.2411962747573852539062500000000000000000
0.2411087751388549804687500000000000000000
0.2410603612661361694335937500000000000000
0.2410340458154678344726562500000000000000
0.2410201132297515869140625000000000000000
0.2410128414630889892578125000000000000000
0.2410091608762741088867187500000000000000
0.2410073280334472656250000000000000000000
0.2410064488649368286132812500000000000000
0.2410060167312622070312500000000000000000
0.2410058230161666870117187500000000000000
0.2410057485103607177734375000000000000000
0.2410057038068771362304687500000000000000
0.2410056740045547485351562500000000000000
0.2410056740045547485351562500000000000000
0.2410056740045547485351562500000000000000
0.2410056740045547485351562500000000000000
0.2410056740045547485351562500000000000000
0.2410056740045547485351562500000000000000
0.2410056740045547485351562500000000000000
0.2410056740045547485351562500000000000000
0.2410056740045547485351562500000000000000
0.2410056740045547485351562500000000000000
0.2410056740045547485351562500000000000000
0.2410056740045547485351562500000000000000
0.2410056740045547485351562500000000000000
0.2410056740045547485351562500000000000000
0.2410056740045547485351562500000000000000
0.2410056740045547485351562500000000000000
0.2410056740045547485351562500000000000000
0.2410056889057159423828125000000000000000
0.2410057038068771362304687500000000000000
0.2410057783126831054687500000000000000000
0.2410058826208114624023437500000000000000
0.2410061359405517578125000000000000000000
0.2410067170858383178710937500000000000000
0.2410078942775726318359375000000000000000
0.2410103529691696166992187500000000000000
0.2410152554512023925781250000000000000000
0.2410249561071395874023437500000000000000
0.2410436272621154785156250000000000000000
0.2410787940025329589843750000000000000000
0.2411435842514038085937500000000000000000
0.2412605881690979003906250000000000000000
0.2414670884609222412109375000000000000000
0.2418245077133178710937500000000000000000
0.2424290776252746582031250000000000000000
0.2434320449829101562500000000000000000000
0.2450590729713439941406250000000000000000
0.2476479262113571166992187500000000000000
0.2516772747039794921875000000000000000000
0.2578291893005371093750000000000000000000
0.2670197486877441406250000000000000000000
0.2804895043373107910156250000000000000000
0.2998126745223999023437500000000000000000
0.3270089626312255859375000000000000000000
0.3644875586032867431640625000000000000000
0.4151623845100402832031250000000000000000
0.4822706282138824462890625000000000000000
0.5694698095321655273437500000000000000000
0.6804758310317993164062500000000000000000
0.8191310167312622070312500000000000000000
0.9888473153114318847656250000000000000000
1.1926642656326293945312500000000000000000
1.4325546026229858398437500000000000000000
1.7095229625701904296875000000000000000000
2.0229115486145019531250000000000000000000
2.3706102371215820312500000000000000000000
2.7485585212707519531250000000000000000000
3.1511363983154296875000000000000000000000
3.5710635185241699218750000000000000000000
4.0000000000000000000000000000000000000000
3.0000000000000000000000000000000000000000
2.6935324668884277343750000000000000000000
2.3935410976409912109375000000000000000000
2.1060771942138671875000000000000000000000
1.8362481594085693359375000000000000000000
1.5881669521331787109375000000000000000000
1.3645467758178710937500000000000000000000
1.1670205593109130859375000000000000000000
0.9958567023277282714843750000000000000000
0.8504955768585205078125000000000000000000
0.7293553352355957031250000000000000000000
0.6304273605346679687500000000000000000000
0.5511399507522583007812500000000000000000
0.4888864457607269287109375000000000000000
0.4409140348434448242187500000000000000000
0.4047104120254516601562500000000000000000
0.3778953552246093750000000000000000000000
0.3584512770175933837890625000000000000000
0.3446138501167297363281250000000000000000
0.3349767327308654785156250000000000000000
0.3283896744251251220703125000000000000000
0.3239851891994476318359375000000000000000
0.3210948407649993896484375000000000000000
0.3192401230335235595703125000000000000000
0.3180720508098602294921875000000000000000
0.3173530697822570800781250000000000000000
0.3169187009334564208984375000000000000000
0.3166623413562774658203125000000000000000
0.3165138661861419677734375000000000000000
0.3164298832416534423828125000000000000000
0.3163832128047943115234375000000000000000
0.3163580000400543212890625000000000000000
0.3163445591926574707031250000000000000000
0.3163375854492187500000000000000000000000
0.3163340091705322265625000000000000000000
0.3163322806358337402343750000000000000000
0.3163314163684844970703125000000000000000
0.3163309991359710693359375000000000000000
0.3163307905197143554687500000000000000000
0.3163307309150695800781250000000000000000
0.3163306713104248046875000000000000000000
0.3163306713104248046875000000000000000000
0.3163306713104248046875000000000000000000
0.3163306713104248046875000000000000000000
0.3163306713104248046875000000000000000000
0.3163306713104248046875000000000000000000
0.3163306713104248046875000000000000000000
0.3163306713104248046875000000000000000000
0.3163306713104248046875000000000000000000
0.3163306713104248046875000000000000000000
0.3163306713104248046875000000000000000000
0.3163306713104248046875000000000000000000
0.3163306713104248046875000000000000000000
0.3163306713104248046875000000000000000000
0.3163306713104248046875000000000000000000
0.3163306713104248046875000000000000000000
0.3163306713104248046875000000000000000000
0.3163306713104248046875000000000000000000
0.3163306713104248046875000000000000000000
0.3163307011127471923828125000000000000000
0.3163307309150695800781250000000000000000
0.3163308799266815185546875000000000000000
0.3163311481475830078125000000000000000000
0.3163316249847412109375000000000000000000
0.3163328170776367187500000000000000000000
0.3163351416587829589843750000000000000000
0.3163399100303649902343750000000000000000
0.3163492083549499511718750000000000000000
0.3163672089576721191406250000000000000000
0.3164010047912597656250000000000000000000
0.3164634108543395996093750000000000000000
0.3165758848190307617187500000000000000000
0.3167747259140014648437500000000000000000
0.3171182274818420410156250000000000000000
0.3177003264427185058593750000000000000000
0.3186643719673156738281250000000000000000
0.3202310204505920410156250000000000000000
0.3227200806140899658203125000000000000000
0.3266004920005798339843750000000000000000
0.3325177431106567382812500000000000000000
0.3413720130920410156250000000000000000000
0.3543365001678466796875000000000000000000
0.3729646205902099609375000000000000000000
0.3991657495498657226562500000000000000000
0.4353324174880981445312500000000000000000
0.4842190742492675781250000000000000000000
0.5490733385086059570312500000000000000000
0.6333555579185485839843750000000000000000
0.7408583164215087890625000000000000000000
0.8752263784408569335937500000000000000000
1.0400657653808593750000000000000000000000
1.2382767200469970703125000000000000000000
1.4721775054931640625000000000000000000000
1.7427392005920410156250000000000000000000
2.0497641563415527343750000000000000000000
2.3911802768707275390625000000000000000000
2.7633299827575683593750000000000000000000
3.1605463027954101562500000000000000000000
3.5756366252899169921875000000000000000000
4.0000000000000000000000000000000000000000
3.0000000000000000000000000000000000000000
2.7009429931640625000000000000000000000000
2.4085576534271240234375000000000000000000
2.1289048194885253906250000000000000000000
1.8671476840972900390625000000000000000000
1.6270860433578491210937500000000000000000
1.4113833904266357421875000000000000000000
1.2212510108947753906250000000000000000000
1.0569702386856079101562500000000000000000
0.9176433086395263671875000000000000000000
0.8018181920051574707031250000000000000000
0.7072883844375610351562500000000000000000
0.6316875815391540527343750000000000000000
0.5723276138305664062500000000000000000000
0.5266733169555664062500000000000000000000
0.4922010898590087890625000000000000000000
0.4667153358459472656250000000000000000000
0.4482178688049316406250000000000000000000
0.4350781738758087158203125000000000000000
0.4259151518344879150390625000000000000000
0.4196639657020568847656250000000000000000
0.4154772758483886718750000000000000000000
0.4127354025840759277343750000000000000000
0.4109724760055541992187500000000000000000
0.4098646640777587890625000000000000000000
0.4091812074184417724609375000000000000000
0.4087692797183990478515625000000000000000
0.4085255265235900878906250000000000000000
0.4083847105503082275390625000000000000000
0.4083048105239868164062500000000000000000
0.4082606136798858642578125000000000000000
0.4082365334033966064453125000000000000000
0.4082238078117370605468750000000000000000
0.4082171916961669921875000000000000000000
0.4082137942314147949218750000000000000000
0.4082121551036834716796875000000000000000
0.4082113206386566162109375000000000000000
0.4082109332084655761718750000000000000000
0.4082107543945312500000000000000000000000
0.4082106351852416992187500000000000000000
0.4082106351852416992187500000000000000000
0.4082106053829193115234375000000000000000
0.4082106053829193115234375000000000000000
0.4082105755805969238281250000000000000000
0.4082105755805969238281250000000000000000
0.4082105755805969238281250000000000000000
0.4082105755805969238281250000000000000000
0.4082105755805969238281250000000000000000
0.4082105755805969238281250000000000000000
0.4082105755805969238281250000000000000000
0.4082105755805969238281250000000000000000
0.4082105755805969238281250000000000000000
0.4082105755805969238281250000000000000000
0.4082105755805969238281250000000000000000
0.4082105755805969238281250000000000000000
0.4082105755805969238281250000000000000000
0.4082106053829193115234375000000000000000
0.4082106053829193115234375000000000000000
0.4082106053829193115234375000000000000000
0.4082106053829193115234375000000000000000
0.4082106947898864746093750000000000000000
0.4082107841968536376953125000000000000000
0.4082110226154327392578125000000000000000
0.4082115888595581054687500000000000000000
0.4082126617431640625000000000000000000000
0.4082148671150207519531250000000000000000
0.4082193970680236816406250000000000000000
0.4082282781600952148437500000000000000000
0.4082453250885009765625000000000000000000
0.4082775115966796875000000000000000000000
0.4083367884159088134765625000000000000000
0.4084438085556030273437500000000000000000
0.4086326062679290771484375000000000000000
0.4089594185352325439453125000000000000000
0.4095121026039123535156250000000000000000
0.4104293882846832275390625000000000000000
0.4119171500205993652343750000000000000000
0.4142856895923614501953125000000000000000
0.4179723858833312988281250000000000000000
0.4236049354076385498046875000000000000000
0.4320225715637207031250000000000000000000
0.4443706870079040527343750000000000000000
0.4620970487594604492187500000000000000000
0.4870768785476684570312500000000000000000
0.5215399861335754394531250000000000000000
0.5682172775268554687500000000000000000000
0.6301388740539550781250000000000000000000
0.7107892036437988281250000000000000000000
0.8137207031250000000000000000000000000000
0.9427108764648437500000000000000000000000
1.1011719703674316406250000000000000000000
1.2923171520233154296875000000000000000000
1.5184071063995361328125000000000000000000
1.7809381484985351562500000000000000000000
2.0798277854919433593750000000000000000000
2.4136316776275634765625000000000000000000
2.7788298130035400390625000000000000000000
3.1701266765594482421875000000000000000000
3.5801386833190917968750000000000000000000
4.0000000000000000000000000000000000000000
3.0000000000000000000000000000000000000000
2.7089424133300781250000000000000000000000
2.4249255657196044921875000000000000000000
2.1542761325836181640625000000000000000000
1.9019701480865478515625000000000000000000
1.6716989278793334960937500000000000000000
1.4655845165252685546875000000000000000000
1.2846982479095458984375000000000000000000
1.1288219690322875976562500000000000000000
0.9970881938934326171875000000000000000000
0.8877351284027099609375000000000000000000
0.7987399101257324218750000000000000000000
0.7276004552841186523437500000000000000000
0.6718773245811462402343750000000000000000
0.6290098428726196289062500000000000000000
0.5967121720314025878906250000000000000000
0.5728150010108947753906250000000000000000
0.5555068254470825195312500000000000000000
0.5431964993476867675781250000000000000000
0.5346300601959228515625000000000000000000
0.5287761688232421875000000000000000000000
0.5248642563819885253906250000000000000000
0.5222971439361572265625000000000000000000
0.5206505060195922851562500000000000000000
0.5196133255958557128906250000000000000000
0.5189750790596008300781250000000000000000
0.5185893774032592773437500000000000000000
0.5183617472648620605468750000000000000000
0.5182298421859741210937500000000000000000
0.5181552767753601074218750000000000000000
0.5181137919425964355468750000000000000000
0.5180913805961608886718750000000000000000
0.5180794000625610351562500000000000000000
0.5180732011795043945312500000000000000000
0.5180701017379760742187500000000000000000
0.5180684924125671386718750000000000000000
0.5180677175521850585937500000000000000000
0.5180673599243164062500000000000000000000
0.5180671811103820800781250000000000000000
0.5180671215057373046875000000000000000000
0.5180671215057373046875000000000000000000
0.5180671215057373046875000000000000000000
0.5180670022964477539062500000000000000000
0.5180670022964477539062500000000000000000
0.5180670022964477539062500000000000000000
0.5180670022964477539062500000000000000000
0.5180670022964477539062500000000000000000
0.5180670022964477539062500000000000000000
0.5180670022964477539062500000000000000000
0.5180670022964477539062500000000000000000
0.5180670022964477539062500000000000000000
0.5180670022964477539062500000000000000000
0.5180670022964477539062500000000000000000
0.5180670022964477539062500000000000000000
0.5180670022964477539062500000000000000000
0.5180670022964477539062500000000000000000
0.5180670022964477539062500000000000000000
0.5180670619010925292968750000000000000000
0.5180670619010925292968750000000000000000
0.5180671215057373046875000000000000000000
0.5180671215057373046875000000000000000000
0.5180672407150268554687500000000000000000
0.5180674791336059570312500000000000000000
0.5180679559707641601562500000000000000000
0.5180689692497253417968750000000000000000
0.5180710554122924804687500000000000000000
0.5180752873420715332031250000000000000000
0.5180836319923400878906250000000000000000
0.5180996656417846679687500000000000000000
0.5181297063827514648437500000000000000000
0.5181852579116821289062500000000000000000
0.5182852745056152343750000000000000000000
0.5184623003005981445312500000000000000000
0.5187678337097167968750000000000000000000
0.5192857980728149414062500000000000000000
0.5201434493064880371093750000000000000000
0.5215378999710083007812500000000000000000
0.5237534046173095703125000000000000000000
0.5272096991539001464843750000000000000000
0.5324816107749938964843750000000000000000
0.5403771996498107910156250000000000000000
0.5519451498985290527343750000000000000000
0.5685869455337524414062500000000000000000
0.5920194983482360839843750000000000000000
0.6244196295738220214843750000000000000000
0.6682904958724975585937500000000000000000
0.7266310453414916992187500000000000000000
0.8026480674743652343750000000000000000000
0.8999438285827636718750000000000000000000
1.0220334529876708984375000000000000000000
1.1725530624389648437500000000000000000000
1.3545863628387451171875000000000000000000
1.5708944797515869140625000000000000000000
1.8231048583984375000000000000000000000000
2.1119320392608642578125000000000000000000
2.4363050460815429687500000000000000000000
2.7935163974761962890625000000000000000000
3.1784501075744628906250000000000000000000
3.5838005542755126953125000000000000000000
4.0000000000000000000000000000000000000000
3.0000000000000000000000000000000000000000
2.7168502807617187500000000000000000000000
2.4416027069091796875000000000000000000000
2.1808917522430419921875000000000000000000
1.9396849870681762695312500000000000000000
1.7210452556610107421875000000000000000000
1.5267121791839599609375000000000000000000
1.3570147752761840820312500000000000000000
1.2115569114685058593750000000000000000000
1.0889867544174194335937500000000000000000
0.9876390695571899414062500000000000000000
0.9052690863609313964843750000000000000000
0.8396265506744384765625000000000000000000
0.7882208228111267089843750000000000000000
0.7487770915031433105468750000000000000000
0.7190423607826232910156250000000000000000
0.6970940232276916503906250000000000000000
0.6811791062355041503906250000000000000000
0.6698863506317138671875000000000000000000
0.6620150804519653320312500000000000000000
0.6566493511199951171875000000000000000000
0.6530562639236450195312500000000000000000
0.6507043838500976562500000000000000000000
0.6491922140121459960937500000000000000000
0.6482422351837158203125000000000000000000
0.6476560831069946289062500000000000000000
0.6473028659820556640625000000000000000000
0.6470937728881835937500000000000000000000
0.6469729542732238769531250000000000000000
0.6469044685363769531250000000000000000000
0.6468665003776550292968750000000000000000
0.6468458175659179687500000000000000000000
0.6468348503112792968750000000000000000000
0.6468292474746704101562500000000000000000
0.6468263268470764160156250000000000000000
0.6468248963356018066406250000000000000000
0.6468241810798645019531250000000000000000
0.6468238830566406250000000000000000000000
0.6468237042427062988281250000000000000000
0.6468235850334167480468750000000000000000
0.6468235850334167480468750000000000000000
0.6468235254287719726562500000000000000000
0.6468235254287719726562500000000000000000
0.6468235254287719726562500000000000000000
0.6468235254287719726562500000000000000000
0.6468235254287719726562500000000000000000
0.6468235254287719726562500000000000000000
0.6468235254287719726562500000000000000000
0.6468235254287719726562500000000000000000
0.6468235254287719726562500000000000000000
0.6468235254287719726562500000000000000000
0.6468235254287719726562500000000000000000
0.6468235254287719726562500000000000000000
0.6468235254287719726562500000000000000000
0.6468235254287719726562500000000000000000
0.6468235254287719726562500000000000000000
0.6468235254287719726562500000000000000000
0.6468235254287719726562500000000000000000
0.6468235254287719726562500000000000000000
0.6468235850334167480468750000000000000000
0.6468236446380615234375000000000000000000
0.6468237042427062988281250000000000000000
0.6468238830566406250000000000000000000000
0.6468243598937988281250000000000000000000
0.6468253135681152343750000000000000000000
0.6468272209167480468750000000000000000000
0.6468311548233032226562500000000000000000
0.6468387842178344726562500000000000000000
0.6468534469604492187500000000000000000000
0.6468811035156250000000000000000000000000
0.6469320058822631835937500000000000000000
0.6470240354537963867187500000000000000000
0.6471862792968750000000000000000000000000
0.6474671363830566406250000000000000000000
0.6479420661926269531250000000000000000000
0.6487305760383605957031250000000000000000
0.6500094532966613769531250000000000000000
0.6520466208457946777343750000000000000000
0.6552181243896484375000000000000000000000
0.6600676178932189941406250000000000000000
0.6673188209533691406250000000000000000000
0.6779679059982299804687500000000000000000
0.6932699084281921386718750000000000000000
0.7148680686950683593750000000000000000000
0.7447132468223571777343750000000000000000
0.7852294445037841796875000000000000000000
0.8391138315200805664062500000000000000000
0.9095347523689270019531250000000000000000
0.9997650384902954101562500000000000000000
1.1134141683578491210937500000000000000000
1.2538783550262451171875000000000000000000
1.4246118068695068359375000000000000000000
1.6284177303314208984375000000000000000000
1.8677289485931396484375000000000000000000
2.1437647342681884765625000000000000000000
2.4566817283630371093750000000000000000000
2.8045518398284912109375000000000000000000
3.1831915378570556640625000000000000000000
3.5851793289184570312500000000000000000000
4.0000000000000000000000000000000000000000
3.0000000000000000000000000000000000000000
2.7234621047973632812500000000000000000000
2.4565503597259521484375000000000000000000
2.2066442966461181640625000000000000000000
1.9782254695892333984375000000000000000000
1.7736411094665527343750000000000000000000
1.5934902429580688476562500000000000000000
1.4375262260437011718750000000000000000000
1.3045762777328491210937500000000000000000
1.1931884288787841796875000000000000000000
1.1013393402099609375000000000000000000000
1.0269898176193237304687500000000000000000
0.9677964448928833007812500000000000000000
0.9215862154960632324218750000000000000000
0.8861228823661804199218750000000000000000
0.8594615459442138671875000000000000000000
0.8397628664970397949218750000000000000000
0.8255159854888916015625000000000000000000
0.8153911828994750976562500000000000000000
0.8083524703979492187500000000000000000000
0.8035444021224975585937500000000000000000
0.8003336191177368164062500000000000000000
0.7982267141342163085937500000000000000000
0.7968759536743164062500000000000000000000
0.7960249781608581542968750000000000000000
0.7955015301704406738281250000000000000000
0.7951850891113281250000000000000000000000
0.7949984073638916015625000000000000000000
0.7948901653289794921875000000000000000000
0.7948289513587951660156250000000000000000
0.7947949767112731933593750000000000000000
0.7947764396667480468750000000000000000000
0.7947666645050048828125000000000000000000
0.7947616577148437500000000000000000000000
0.7947590351104736328125000000000000000000
0.7947577238082885742187500000000000000000
0.7947571277618408203125000000000000000000
0.7947567701339721679687500000000000000000
0.7947566509246826171875000000000000000000
0.7947565913200378417968750000000000000000
0.7947565913200378417968750000000000000000
0.7947565913200378417968750000000000000000
0.7947565913200378417968750000000000000000
0.7947565913200378417968750000000000000000
0.7947565913200378417968750000000000000000
0.7947565913200378417968750000000000000000
0.7947565913200378417968750000000000000000
0.7947565913200378417968750000000000000000
0.7947565913200378417968750000000000000000
0.7947565913200378417968750000000000000000
0.7947565913200378417968750000000000000000
0.7947565913200378417968750000000000000000
0.7947565913200378417968750000000000000000
0.7947565913200378417968750000000000000000
0.7947565913200378417968750000000000000000
0.7947565913200378417968750000000000000000
0.7947565913200378417968750000000000000000
0.7947565913200378417968750000000000000000
0.7947565913200378417968750000000000000000
0.7947565913200378417968750000000000000000
0.7947565913200378417968750000000000000000
0.7947567701339721679687500000000000000000
0.7947568893432617187500000000000000000000
0.7947572469711303710937500000000000000000
0.7947580814361572265625000000000000000000
0.7947598695755004882812500000000000000000
0.7947632670402526855468750000000000000000
0.7947702407836914062500000000000000000000
0.7947833538055419921875000000000000000000
0.7948080897331237792968750000000000000000
0.7948538064956665039062500000000000000000
0.7949359416961669921875000000000000000000
0.7950814962387084960937500000000000000000
0.7953324913978576660156250000000000000000
0.7957583665847778320312500000000000000000
0.7964633703231811523437500000000000000000
0.7976101636886596679687500000000000000000
0.7994325160980224609375000000000000000000
0.8022773861885070800781250000000000000000
0.8066185712814331054687500000000000000000
0.8131265640258789062500000000000000000000
0.8226695060729980468750000000000000000000
0.8364175558090209960937500000000000000000
0.8558025360107421875000000000000000000000
0.8826619386672973632812500000000000000000
0.9191129207611083984375000000000000000000
0.9677374362945556640625000000000000000000
1.0313251018524169921875000000000000000000
1.1131038665771484375000000000000000000000
1.2163240909576416015625000000000000000000
1.3445478677749633789062500000000000000000
1.5010881423950195312500000000000000000000
1.6893570423126220703125000000000000000000
1.9121880531311035156250000000000000000000
2.1721386909484863281250000000000000000000
2.4705886840820312500000000000000000000000
2.8075757026672363281250000000000000000000
3.1802580356597900390625000000000000000000
3.5818150043487548828125000000000000000000
4.0000000000000000000000000000000000000000
3.0000000000000000000000000000000000000000
2.7264580726623535156250000000000000000000
2.4663436412811279296875000000000000000000
2.2278919219970703125000000000000000000000
2.0146083831787109375000000000000000000000
1.8269724845886230468750000000000000000000
1.6642172336578369140625000000000000000000
1.5247690677642822265625000000000000000000
1.4069662094116210937500000000000000000000
1.3087751865386962890625000000000000000000
1.2282583713531494140625000000000000000000
1.1632211208343505859375000000000000000000
1.1116416454315185546875000000000000000000
1.0713918209075927734375000000000000000000
1.0405982732772827148437500000000000000000
1.0174322128295898437500000000000000000000
1.0003640651702880859375000000000000000000
0.9880023002624511718750000000000000000000
0.9792414903640747070312500000000000000000
0.9731388688087463378906250000000000000000
0.9689822196960449218750000000000000000000
0.9661995172500610351562500000000000000000
0.9643791913986206054687500000000000000000
0.9632086157798767089843750000000000000000
0.9624736309051513671875000000000000000000
0.9620200395584106445312500000000000000000
0.9617468118667602539062500000000000000000
0.9615849256515502929687500000000000000000
0.9614915251731872558593750000000000000000
0.9614385366439819335937500000000000000000
0.9614090919494628906250000000000000000000
0.9613931179046630859375000000000000000000
0.9613846540451049804687500000000000000000
0.9613802433013916015625000000000000000000
0.9613779783248901367187500000000000000000
0.9613768458366394042968750000000000000000
0.9613762497901916503906250000000000000000
0.9613760709762573242187500000000000000000
0.9613758325576782226562500000000000000000
0.9613758325576782226562500000000000000000
0.9613758325576782226562500000000000000000
0.9613758325576782226562500000000000000000
0.9613758325576782226562500000000000000000
0.9613758325576782226562500000000000000000
0.9613758325576782226562500000000000000000
0.9613758325576782226562500000000000000000
0.9613758325576782226562500000000000000000
0.9613758325576782226562500000000000000000
0.9613758325576782226562500000000000000000
0.9613758325576782226562500000000000000000
0.9613758325576782226562500000000000000000
0.9613758325576782226562500000000000000000
0.9613758325576782226562500000000000000000
0.9613758325576782226562500000000000000000
0.9613758325576782226562500000000000000000
0.9613758325576782226562500000000000000000
0.9613758325576782226562500000000000000000
0.9613758325576782226562500000000000000000
0.9613758325576782226562500000000000000000
0.9613758325576782226562500000000000000000
0.9613759517669677734375000000000000000000
0.9613759517669677734375000000000000000000
0.9613760709762573242187500000000000000000
0.9613764286041259765625000000000000000000
0.9613772630691528320312500000000000000000
0.9613786935806274414062500000000000000000
0.9613816738128662109375000000000000000000
0.9613876342773437500000000000000000000000
0.9613989591598510742187500000000000000000
0.9614205360412597656250000000000000000000
0.9614598751068115234375000000000000000000
0.9615312814712524414062500000000000000000
0.9616569280624389648437500000000000000000
0.9618748426437377929687500000000000000000
0.9622428417205810546875000000000000000000
0.9628544449806213378906250000000000000000
0.9638462066650390625000000000000000000000
0.9654270410537719726562500000000000000000
0.9678887724876403808593750000000000000000
0.9716560840606689453125000000000000000000
0.9772927761077880859375000000000000000000
0.9855806827545166015625000000000000000000
0.9975033998489379882812500000000000000000
1.0143613815307617187500000000000000000000
1.0377006530761718750000000000000000000000
1.0694689750671386718750000000000000000000
1.1118505001068115234375000000000000000000
1.1674704551696777343750000000000000000000
1.2391036748886108398437500000000000000000
1.3299465179443359375000000000000000000000
1.4432055950164794921875000000000000000000
1.5824661254882812500000000000000000000000
1.7512125968933105468750000000000000000000
1.9532911777496337890625000000000000000000
2.1923670768737792968750000000000000000000
2.4722008705139160156250000000000000000000
2.7955269813537597656250000000000000000000
3.1628680229187011718750000000000000000000
3.5691466331481933593750000000000000000000
4.0000000000000000000000000000000000000000
3.0000000000000000000000000000000000000000
2.7213892936706542968750000000000000000000
2.4648709297180175781250000000000000000000
2.2391343116760253906250000000000000000000
2.0443911552429199218750000000000000000000
1.8779320716857910156250000000000000000000
1.7364305257797241210937500000000000000000
1.6170361042022705078125000000000000000000
1.5171191692352294921875000000000000000000
1.4345123767852783203125000000000000000000
1.3670420646667480468750000000000000000000
1.3128104209899902343750000000000000000000
1.2698531150817871093750000000000000000000
1.2364501953125000000000000000000000000000
1.2108881473541259765625000000000000000000
1.1917155981063842773437500000000000000000
1.1775727272033691406250000000000000000000
1.1673589944839477539062500000000000000000
1.1601067781448364257812500000000000000000
1.1550700664520263671875000000000000000000
1.1516309976577758789062500000000000000000
1.1493358612060546875000000000000000000000
1.1478302478790283203125000000000000000000
1.1468652486801147460937500000000000000000
1.1462572813034057617187500000000000000000
1.1458834409713745117187500000000000000000
1.1456574201583862304687500000000000000000
1.1455240249633789062500000000000000000000
1.1454467773437500000000000000000000000000
1.1454031467437744140625000000000000000000
1.1453788280487060546875000000000000000000
1.1453655958175659179687500000000000000000
1.1453585624694824218750000000000000000000
1.1453549861907958984375000000000000000000
1.1453530788421630859375000000000000000000
1.1453521251678466796875000000000000000000
1.1453516483306884765625000000000000000000
1.1453514099121093750000000000000000000000
1.1453514099121093750000000000000000000000
1.1453512907028198242187500000000000000000
1.1453512907028198242187500000000000000000
1.1453512907028198242187500000000000000000
1.1453512907028198242187500000000000000000
1.1453512907028198242187500000000000000000
1.1453512907028198242187500000000000000000
1.1453512907028198242187500000000000000000
1.1453512907028198242187500000000000000000
1.1453512907028198242187500000000000000000
1.1453512907028198242187500000000000000000
1.1453512907028198242187500000000000000000
1.1453512907028198242187500000000000000000
1.1453512907028198242187500000000000000000
1.1453512907028198242187500000000000000000
1.1453512907028198242187500000000000000000
1.1453512907028198242187500000000000000000
1.1453512907028198242187500000000000000000
1.1453512907028198242187500000000000000000
1.1453512907028198242187500000000000000000
1.1453512907028198242187500000000000000000
1.1453514099121093750000000000000000000000
1.1453514099121093750000000000000000000000
1.1453514099121093750000000000000000000000
1.1453515291213989257812500000000000000000
1.1453518867492675781250000000000000000000
1.1453523635864257812500000000000000000000
1.1453535556793212890625000000000000000000
1.1453561782836914062500000000000000000000
1.1453609466552734375000000000000000000000
1.1453704833984375000000000000000000000000
1.1453881263732910156250000000000000000000
1.1454209089279174804687500000000000000000
1.1454795598983764648437500000000000000000
1.1455837488174438476562500000000000000000
1.1457632780075073242187500000000000000000
1.1460680961608886718750000000000000000000
1.1465725898742675781250000000000000000000
1.1473937034606933593750000000000000000000
1.1486984491348266601562500000000000000000
1.1507369279861450195312500000000000000000
1.1538487672805786132812500000000000000000
1.1585184335708618164062500000000000000000
1.1653714179992675781250000000000000000000
1.1752581596374511718750000000000000000000
1.1892188787460327148437500000000000000000
1.2086036205291748046875000000000000000000
1.2349748611450195312500000000000000000000
1.2702715396881103515625000000000000000000
1.3166210651397705078125000000000000000000
1.3765629529953002929687500000000000000000
1.4527678489685058593750000000000000000000
1.5483607053756713867187500000000000000000
1.6666023731231689453125000000000000000000
1.8113839626312255859375000000000000000000
1.9869989156723022460937500000000000000000
2.1988480091094970703125000000000000000000
2.4532694816589355468750000000000000000000
2.7577855587005615234375000000000000000000
3.1191334724426269531250000000000000000000
3.5384035110473632812500000000000000000000
4.0000000000000000000000000000000000000000
3.0000000000000000000000000000000000000000
2.6986980438232421875000000000000000000000
2.4414415359497070312500000000000000000000
2.2320353984832763671875000000000000000000
2.0620737075805664062500000000000000000000
1.9227511882781982421875000000000000000000
1.8076382875442504882812500000000000000000
1.7121887207031250000000000000000000000000
1.6333135366439819335937500000000000000000
1.5685455799102783203125000000000000000000
1.5159838199615478515625000000000000000000
1.4738328456878662109375000000000000000000
1.4405801296234130859375000000000000000000
1.4147285223007202148437500000000000000000
1.3950079679489135742187500000000000000000
1.3802024126052856445312500000000000000000
1.3693127632141113281250000000000000000000
1.3614348173141479492187500000000000000000
1.3558577299118041992187500000000000000000
1.3519752025604248046875000000000000000000
1.3493325710296630859375000000000000000000
1.3475638628005981445312500000000000000000
1.3464074134826660156250000000000000000000
1.3456637859344482421875000000000000000000
1.3451972007751464843750000000000000000000
1.3449090719223022460937500000000000000000
1.3447355031967163085937500000000000000000
1.3446327447891235351562500000000000000000
1.3445734977722167968750000000000000000000
1.3445397615432739257812500000000000000000
1.3445211648941040039062500000000000000000
1.3445110321044921875000000000000000000000
1.3445055484771728515625000000000000000000
1.3445026874542236328125000000000000000000
1.3445012569427490234375000000000000000000
1.3445005416870117187500000000000000000000
1.3445003032684326171875000000000000000000
1.3445000648498535156250000000000000000000
1.3445000648498535156250000000000000000000
1.3445000648498535156250000000000000000000
1.3445000648498535156250000000000000000000
1.3445000648498535156250000000000000000000
1.3445000648498535156250000000000000000000
1.3445000648498535156250000000000000000000
1.3445000648498535156250000000000000000000
1.3445000648498535156250000000000000000000
1.3445000648498535156250000000000000000000
1.3445000648498535156250000000000000000000
1.3445000648498535156250000000000000000000
1.3445000648498535156250000000000000000000
1.3445000648498535156250000000000000000000
1.3445000648498535156250000000000000000000
1.3445000648498535156250000000000000000000
1.3445000648498535156250000000000000000000
1.3445000648498535156250000000000000000000
1.3445000648498535156250000000000000000000
1.3445000648498535156250000000000000000000
1.3445000648498535156250000000000000000000
1.3445000648498535156250000000000000000000
1.3445000648498535156250000000000000000000
1.3445000648498535156250000000000000000000
1.3445000648498535156250000000000000000000
1.3445001840591430664062500000000000000000
1.3445003032684326171875000000000000000000
1.3445007801055908203125000000000000000000
1.3445017337799072265625000000000000000000
1.3445036411285400390625000000000000000000
1.3445074558258056640625000000000000000000
1.3445146083831787109375000000000000000000
1.3445284366607666015625000000000000000000
1.3445534706115722656250000000000000000000
1.3445987701416015625000000000000000000000
1.3446786403656005859375000000000000000000
1.3448172807693481445312500000000000000000
1.3450512886047363281250000000000000000000
1.3454403877258300781250000000000000000000
1.3460712432861328125000000000000000000000
1.3470776081085205078125000000000000000000
1.3486449718475341796875000000000000000000
1.3510452508926391601562500000000000000000
1.3546386957168579101562500000000000000000
1.3599277734756469726562500000000000000000
1.3675442934036254882812500000000000000000
1.3783304691314697265625000000000000000000
1.3932895660400390625000000000000000000000
1.4137016534805297851562500000000000000000
1.4410150051116943359375000000000000000000
1.4770073890686035156250000000000000000000
1.5236097574234008789062500000000000000000
1.5831432342529296875000000000000000000000
1.6581106185913085937500000000000000000000
1.7515914440155029296875000000000000000000
1.8671450614929199218750000000000000000000
2.0095634460449218750000000000000000000000
2.1852450370788574218750000000000000000000
2.4036638736724853515625000000000000000000
2.6784424781799316406250000000000000000000
3.0281217098236083984375000000000000000000
3.4707345962524414062500000000000000000000
4.0000000000000000000000000000000000000000
3.0000000000000000000000000000000000000000
2.6354832649230957031250000000000000000000
2.3769891262054443359375000000000000000000
2.1954622268676757812500000000000000000000
2.0616500377655029296875000000000000000000
1.9582042694091796875000000000000000000000
1.8755567073822021484375000000000000000000
1.8084307909011840820312500000000000000000
1.7535774707794189453125000000000000000000
1.7089147567749023437500000000000000000000
1.6727995872497558593750000000000000000000
1.6439692974090576171875000000000000000000
1.6212399005889892578125000000000000000000
1.6036267280578613281250000000000000000000
1.5901803970336914062500000000000000000000
1.5801144838333129882812500000000000000000
1.5726989507675170898437500000000000000000
1.5673496723175048828125000000000000000000
1.5635541677474975585937500000000000000000
1.5609200000762939453125000000000000000000
1.5591220855712890625000000000000000000000
1.5579228401184082031250000000000000000000
1.5571360588073730468750000000000000000000
1.5566320419311523437500000000000000000000
1.5563144683837890625000000000000000000000
1.5561193227767944335937500000000000000000
1.5560013055801391601562500000000000000000
1.5559315681457519531250000000000000000000
1.5558912754058837890625000000000000000000
1.5558685064315795898437500000000000000000
1.5558557510375976562500000000000000000000
1.5558488368988037109375000000000000000000
1.5558451414108276367187500000000000000000
1.5558431148529052734375000000000000000000
1.5558423995971679687500000000000000000000
1.5558418035507202148437500000000000000000
1.5558416843414306640625000000000000000000
1.5558415651321411132812500000000000000000
1.5558415651321411132812500000000000000000
1.5558414459228515625000000000000000000000
1.5558414459228515625000000000000000000000
1.5558414459228515625000000000000000000000
1.5558414459228515625000000000000000000000
1.5558414459228515625000000000000000000000
1.5558414459228515625000000000000000000000
1.5558414459228515625000000000000000000000
1.5558414459228515625000000000000000000000
1.5558414459228515625000000000000000000000
1.5558414459228515625000000000000000000000
1.5558414459228515625000000000000000000000
1.5558414459228515625000000000000000000000
1.5558414459228515625000000000000000000000
1.5558414459228515625000000000000000000000
1.5558414459228515625000000000000000000000
1.5558414459228515625000000000000000000000
1.5558414459228515625000000000000000000000
1.5558414459228515625000000000000000000000
1.5558414459228515625000000000000000000000
1.5558414459228515625000000000000000000000
1.5558414459228515625000000000000000000000
1.5558414459228515625000000000000000000000
1.5558415651321411132812500000000000000000
1.5558415651321411132812500000000000000000
1.5558416843414306640625000000000000000000
1.5558420419692993164062500000000000000000
1.5558426380157470703125000000000000000000
1.5558439493179321289062500000000000000000
1.5558464527130126953125000000000000000000
1.5558514595031738281250000000000000000000
1.5558606386184692382812500000000000000000
1.5558778047561645507812500000000000000000
1.5559084415435791015625000000000000000000
1.5559629201889038085937500000000000000000
1.5560567378997802734375000000000000000000
1.5562162399291992187500000000000000000000
1.5564799308776855468750000000000000000000
1.5569095611572265625000000000000000000000
1.5575920343399047851562500000000000000000
1.5586589574813842773437500000000000000000
1.5602881908416748046875000000000000000000
1.5627348423004150390625000000000000000000
1.5663276910781860351562500000000000000000
1.5715165138244628906250000000000000000000
1.5788519382476806640625000000000000000000
1.5890536308288574218750000000000000000000
1.6029593944549560546875000000000000000000
1.6216218471527099609375000000000000000000
1.6462135314941406250000000000000000000000
1.6781697273254394531250000000000000000000
1.7190628051757812500000000000000000000000
1.7708404064178466796875000000000000000000
1.8357535600662231445312500000000000000000
1.9168481826782226562500000000000000000000
2.0182707309722900390625000000000000000000
2.1465892791748046875000000000000000000000
2.3126921653747558593750000000000000000000
2.5361630916595458984375000000000000000000
2.8523871898651123046875000000000000000000
3.3206527233123779296875000000000000000000
4.0000000000000000000000000000000000000000
3.0000000000000000000000000000000000000000
2.4686381816864013671875000000000000000000
2.2402999401092529296875000000000000000000
2.1179561614990234375000000000000000000000
2.0395479202270507812500000000000000000000
1.9829668998718261718750000000000000000000
1.9393106698989868164062500000000000000000
1.9044535160064697265625000000000000000000
1.8762681484222412109375000000000000000000
1.8534245491027832031250000000000000000000
1.8350385427474975585937500000000000000000
1.8203734159469604492187500000000000000000
1.8088469505310058593750000000000000000000
1.7999086380004882812500000000000000000000
1.7931030988693237304687500000000000000000
1.7880004644393920898437500000000000000000
1.7842514514923095703125000000000000000000
1.7815411090850830078125000000000000000000
1.7796236276626586914062500000000000000000
1.7782891988754272460937500000000000000000
1.7773814201354980468750000000000000000000
1.7767738103866577148437500000000000000000
1.7763767242431640625000000000000000000000
1.7761213779449462890625000000000000000000
1.7759612798690795898437500000000000000000
1.7758623361587524414062500000000000000000
1.7758028507232666015625000000000000000000
1.7757675647735595703125000000000000000000
1.7757470607757568359375000000000000000000
1.7757356166839599609375000000000000000000
1.7757291793823242187500000000000000000000
1.7757256031036376953125000000000000000000
1.7757238149642944335937500000000000000000
1.7757227420806884765625000000000000000000
1.7757222652435302734375000000000000000000
1.7757221460342407226562500000000000000000
1.7757220268249511718750000000000000000000
1.7757220268249511718750000000000000000000
1.7757219076156616210937500000000000000000
1.7757219076156616210937500000000000000000
1.7757219076156616210937500000000000000000
1.7757219076156616210937500000000000000000
1.7757219076156616210937500000000000000000
1.7757219076156616210937500000000000000000
1.7757219076156616210937500000000000000000
1.7757219076156616210937500000000000000000
1.7757219076156616210937500000000000000000
1.7757219076156616210937500000000000000000
1.7757219076156616210937500000000000000000
1.7757219076156616210937500000000000000000
1.7757219076156616210937500000000000000000
1.7757219076156616210937500000000000000000
1.7757219076156616210937500000000000000000
1.7757219076156616210937500000000000000000
1.7757219076156616210937500000000000000000
1.7757219076156616210937500000000000000000
1.7757219076156616210937500000000000000000
1.7757219076156616210937500000000000000000
1.7757219076156616210937500000000000000000
1.7757219076156616210937500000000000000000
1.7757219076156616210937500000000000000000
1.7757219076156616210937500000000000000000
1.7757220268249511718750000000000000000000
1.7757220268249511718750000000000000000000
1.7757222652435302734375000000000000000000
1.7757225036621093750000000000000000000000
1.7757232189178466796875000000000000000000
1.7757245302200317382812500000000000000000
1.7757269144058227539062500000000000000000
1.7757316827774047851562500000000000000000
1.7757402658462524414062500000000000000000
1.7757558822631835937500000000000000000000
1.7757833003997802734375000000000000000000
1.7758308649063110351562500000000000000000
1.7759113311767578125000000000000000000000
1.7760450839996337890625000000000000000000
1.7762618064880371093750000000000000000000
1.7766077518463134765625000000000000000000
1.7771465778350830078125000000000000000000
1.7779722213745117187500000000000000000000
1.7792085409164428710937500000000000000000
1.7810294628143310546875000000000000000000
1.7836532592773437500000000000000000000000
1.7873723506927490234375000000000000000000
1.7925360202789306640625000000000000000000
1.7995924949645996093750000000000000000000
1.8090529441833496093750000000000000000000
1.8215523958206176757812500000000000000000
1.8377943038940429687500000000000000000000
1.8586486577987670898437500000000000000000
1.8851020336151123046875000000000000000000
1.9184521436691284179687500000000000000000
1.9603855609893798828125000000000000000000
2.0135121345520019531250000000000000000000
2.0821642875671386718750000000000000000000
2.1747212409973144531250000000000000000000
2.3092510700225830078125000000000000000000
2.5302867889404296875000000000000000000000
2.9623658657073974609375000000000000000000
4.0000000000000000000000000000000000000000
2.0000000000000000000000000000000000000000
2.0000000000000000000000000000000000000000
2.0000000000000000000000000000000000000000
2.0000000000000000000000000000000000000000
2.0000000000000000000000000000000000000000
2.0000000000000000000000000000000000000000
2.0000000000000000000000000000000000000000
2.0000000000000000000000000000000000000000
2.0000000000000000000000000000000000000000
2.0000000000000000000000000000000000000000
2.0000000000000000000000000000000000000000
2.0000000000000000000000000000000000000000
2.0000000000000000000000000000000000000000
2.0000000000000000000000000000000000000000
2.0000000000000000000000000000000000000000
2.0000000000000000000000000000000000000000
2.0000000000000000000000000000000000000000
2.0000000000000000000000000000000000000000
2.0000000000000000000000000000000000000000
2.0000000000000000000000000000000000000000
2.0000000000000000000000000000000000000000
2.0000000000000000000000000000000000000000
2.0000000000000000000000000000000000000000
2.0000000000000000000000000000000000000000
2.0000000000000000000000000000000000000000
2.0000000000000000000000000000000000000000
2.0000000000000000000000000000000000000000
2.0000000000000000000000000000000000000000
2.0000000000000000000000000000000000000000
2.0000000000000000000000000000000000000000
2.0000000000000000000000000000000000000000
2.0000000000000000000000000000000000000000
2.0000000000000000000000000000000000000000
2.0000000000000000000000000000000000000000
2.0000000000000000000000000000000000000000
2.0000000000000000000000000000000000000000
2.0000000000000000000000000000000000000000
2.0000000000000000000000000000000000000000
2.0000000000000000000000000000000000000000
2.0000000000000000000000000000000000000000
2.0000000000000000000000000000000000000000
2.0000000000000000000000000000000000000000
2.0000000000000000000000000000000000000000
2.0000000000000000000000000000000000000000
2.0000000000000000000000000000000000000000
2.0000000000000000000000000000000000000000
2.0000000000000000000000000000000000000000
2.0000000000000000000000000000000000000000
2.0000000000000000000000000000000000000000
2.0000000000000000000000000000000000000000
2.0000000000000000000000000000000000000000
2.0000000000000000000000000000000000000000
2.0000000000000000000000000000000000000000
2.0000000000000000000000000000000000000000
2.0000000000000000000000000000000000000000
2.0000000000000000000000000000000000000000
2.0000000000000000000000000000000000000000
2.0000000000000000000000000000000000000000
2.0000000000000000000000000000000000000000
2.0000000000000000000000000000000000000000
2.0000000000000000000000000000000000000000
2.0000000000000000000000000000000000000000
2.0000000000000000000000000000000000000000
2.0000000000000000000000000000000000000000
2.0000000000000000000000000000000000000000
2.0000000000000000000000000000000000000000
2.0000000000000000000000000000000000000000
2.0000000000000000000000000000000000000000
2.0000000000000000000000000000000000000000
2.0000000000000000000000000000000000000000
2.0000000000000000000000000000000000000000
2.0000000000000000000000000000000000000000
2.0000000000000000000000000000000000000000
2.0000000000000000000000000000000000000000
2.0000000000000000000000000000000000000000
2.0000000000000000000000000000000000000000
2.0000000000000000000000000000000000000000
2.0000000000000000000000000000000000000000
2.0000000000000000000000000000000000000000
2.0000000000000000000000000000000000000000
2.0000000000000000000000000000000000000000
2.0000000000000000000000000000000000000000
2.0000000000000000000000000000000000000000
2.0000000000000000000000000000000000000000
2.0000000000000000000000000000000000000000
2.0000000000000000000000000000000000000000
2.0000000000000000000000000000000000000000
2.0000000000000000000000000000000000000000
2.0000000000000000000000000000000000000000
2.0000000000000000000000000000000000000000
2.0000000000000000000000000000000000000000
2.0000000000000000000000000000000000000000
2.0000000000000000000000000000000000000000
2.0000000000000000000000000000000000000000
2.0000000000000000000000000000000000000000
2.0000000000000000000000000000000000000000
2.0000000000000000000000000000000000000000
2.0000000000000000000000000000000000000000
2.0000000000000000000000000000000000000000
2.0000000000000000000000000000000000000000
