1.0000000000000000000000000000000000000000
1.0000000000000000000000000000000000000000
1.0000000000000000000000000000000000000000
1.0000000000000000000000000000000000000000
1.0000000000000000000000000000000000000000
1.0000000000000000000000000000000000000000
1.0000000000000000000000000000000000000000
1.0000000000000000000000000000000000000000
1.0000000000000000000000000000000000000000
1.0000000000000000000000000000000000000000
1.0000000000000000000000000000000000000000
1.0000000000000000000000000000000000000000
1.0000000000000000000000000000000000000000
1.0000000000000000000000000000000000000000
1.0000000000000000000000000000000000000000
1.0000000000000000000000000000000000000000
1.0000000000000000000000000000000000000000
1.0000000000000000000000000000000000000000
1.0000000000000000000000000000000000000000
1.0000000000000000000000000000000000000000
1.0000000000000000000000000000000000000000
1.0000000000000000000000000000000000000000
1.0000000000000000000000000000000000000000
1.0000000000000000000000000000000000000000
1.0000000000000000000000000000000000000000
1.0000000000000000000000000000000000000000
1.0000000000000000000000000000000000000000
1.0000000000000000000000000000000000000000
1.0000000000000000000000000000000000000000
1.0000000000000000000000000000000000000000
1.0000000000000000000000000000000000000000
1.0000000000000000000000000000000000000000
1.0000000000000000000000000000000000000000
1.0000000000000000000000000000000000000000
1.0000000000000000000000000000000000000000
1.0000000000000000000000000000000000000000
1.0000000000000000000000000000000000000000
1.0000000000000000000000000000000000000000
1.0000000000000000000000000000000000000000
1.0000000000000000000000000000000000000000
1.0000000000000000000000000000000000000000
1.0000000000000000000000000000000000000000
1.0000000000000000000000000000000000000000
1.0000000000000000000000000000000000000000
1.0000000000000000000000000000000000000000
1.0000000000000000000000000000000000000000
1.0000000000000000000000000000000000000000
1.0000000000000000000000000000000000000000
1.0000000000000000000000000000000000000000
1.0000000000000000000000000000000000000000
1.0000000000000000000000000000000000000000
1.0000000000000000000000000000000000000000
1.0000000000000000000000000000000000000000
1.0000000000000000000000000000000000000000
1.0000000000000000000000000000000000000000
1.0000000000000000000000000000000000000000
1.0000000000000000000000000000000000000000
1.0000000000000000000000000000000000000000
1.0000000000000000000000000000000000000000
1.0000000000000000000000000000000000000000
1.0000000000000000000000000000000000000000
1.0000000000000000000000000000000000000000
1.0000000000000000000000000000000000000000
1.0000000000000000000000000000000000000000
1.0000000000000000000000000000000000000000
1.0000000000000000000000000000000000000000
1.0000000000000000000000000000000000000000
1.0000000000000000000000000000000000000000
1.0000000000000000000000000000000000000000
1.0000000000000000000000000000000000000000
1.0000000000000000000000000000000000000000
1.0000000000000000000000000000000000000000
1.0000000000000000000000000000000000000000
1.0000000000000000000000000000000000000000
1.0000000000000000000000000000000000000000
1.0000000000000000000000000000000000000000
1.0000000000000000000000000000000000000000
1.0000000000000000000000000000000000000000
1.0000000000000000000000000000000000000000
1.0000000000000000000000000000000000000000
1.0000000000000000000000000000000000000000
1.0000000000000000000000000000000000000000
1.0000000000000000000000000000000000000000
1.0000000000000000000000000000000000000000
1.0000000000000000000000000000000000000000
1.0000000000000000000000000000000000000000
1.0000000000000000000000000000000000000000
1.0000000000000000000000000000000000000000
1.0000000000000000000000000000000000000000
1.0000000000000000000000000000000000000000
1.0000000000000000000000000000000000000000
1.0000000000000000000000000000000000000000
1.0000000000000000000000000000000000000000
1.0000000000000000000000000000000000000000
1.0000000000000000000000000000000000000000
1.0000000000000000000000000000000000000000
1.0000000000000000000000000000000000000000
1.0000000000000000000000000000000000000000
1.0000000000000000000000000000000000000000
1.0000000000000000000000000000000000000000
1.0000000000000000000000000000000000000000
1.0000000000000000000000000000000000000000
1.0000000000000000000000000000000000000000
1.0000000000000000000000000000000000000000
1.0000000000000000000000000000000000000000
1.0000000000000000000000000000000000000000
1.0000000000000000000000000000000000000000
1.0000000000000000000000000000000000000000
1.0000000000000000000000000000000000000000
1.0000000000000000000000000000000000000000
1.0000000000000000000000000000000000000000
1.0000000000000000000000000000000000000000
1.0000000000000000000000000000000000000000
1.0000000000000000000000000000000000000000
1.0000000000000000000000000000000000000000
1.0000000000000000000000000000000000000000
1.0000000000000000000000000000000000000000
1.0000000000000000000000000000000000000000
1.0000000000000000000000000000000000000000
1.0000000000000000000000000000000000000000
1.0000000000000000000000000000000000000000
1.0000000000000000000000000000000000000000
1.0000000000000000000000000000000000000000
1.0000000000000000000000000000000000000000
1.0000000000000000000000000000000000000000
1.0000000000000000000000000000000000000000
1.0000000000000000000000000000000000000000
1.0000000000000000000000000000000000000000
1.0000000000000000000000000000000000000000
1.0000000000000000000000000000000000000000
1.0000000000000000000000000000000000000000
1.0000000000000000000000000000000000000000
1.0000000000000000000000000000000000000000
1.0000000000000000000000000000000000000000
1.0000000000000000000000000000000000000000
1.0000000000000000000000000000000000000000
1.0000000000000000000000000000000000000000
1.0000000000000000000000000000000000000000
1.0000000000000000000000000000000000000000
1.0000000000000000000000000000000000000000
1.0000000000000000000000000000000000000000
1.0000000000000000000000000000000000000000
1.0000000000000000000000000000000000000000
1.0000000000000000000000000000000000000000
1.0000000000000000000000000000000000000000
1.0000000000000000000000000000000000000000
1.0000000000000000000000000000000000000000
1.0000000000000000000000000000000000000000
1.0000000000000000000000000000000000000000
1.0000000000000000000000000000000000000000
1.0000000000000000000000000000000000000000
1.0000000000000000000000000000000000000000
1.0000000000000000000000000000000000000000
1.0000000000000000000000000000000000000000
1.0000000000000000000000000000000000000000
1.0000000000000000000000000000000000000000
1.0000000000000000000000000000000000000000
1.0000000000000000000000000000000000000000
1.0000000000000000000000000000000000000000
1.0000000000000000000000000000000000000000
1.0000000000000000000000000000000000000000
1.0000000000000000000000000000000000000000
1.0000000000000000000000000000000000000000
1.0000000000000000000000000000000000000000
1.0000000000000000000000000000000000000000
1.0000000000000000000000000000000000000000
1.0000000000000000000000000000000000000000
1.0000000000000000000000000000000000000000
1.0000000000000000000000000000000000000000
1.0000000000000000000000000000000000000000
1.0000000000000000000000000000000000000000
1.0000000000000000000000000000000000000000
1.0000000000000000000000000000000000000000
1.0000000000000000000000000000000000000000
1.0000000000000000000000000000000000000000
1.0000000000000000000000000000000000000000
1.0000000000000000000000000000000000000000
1.0000000000000000000000000000000000000000
1.0000000000000000000000000000000000000000
1.0000000000000000000000000000000000000000
1.0000000000000000000000000000000000000000
1.0000000000000000000000000000000000000000
1.0000000000000000000000000000000000000000
1.0000000000000000000000000000000000000000
1.0000000000000000000000000000000000000000
1.0000000000000000000000000000000000000000
1.0000000000000000000000000000000000000000
1.0000000000000000000000000000000000000000
1.0000000000000000000000000000000000000000
1.0000000000000000000000000000000000000000
1.0000000000000000000000000000000000000000
1.0000000000000000000000000000000000000000
1.0000000000000000000000000000000000000000
1.0000000000000000000000000000000000000000
1.0000000000000000000000000000000000000000
1.0000000000000000000000000000000000000000
1.0000000000000000000000000000000000000000
1.0000000000000000000000000000000000000000
1.0000000000000000000000000000000000000000
1.0000000000000000000000000000000000000000
3.0000000000000000000000000000000000000000
3.0000000000000000000000000000000000000000
1.9783904552459716796875000000000000000000
1.6359205245971679687500000000000000000000
1.4196521043777465820312500000000000000000
1.2914441823959350585937500000000000000000
1.2044998407363891601562500000000000000000
1.1417773962020874023437500000000000000000
1.0939942598342895507812500000000000000000
1.0563037395477294921875000000000000000000
1.0258984565734863281250000000000000000000
1.0010492801666259765625000000000000000000
0.9806113243103027343750000000000000000000
0.9637740254402160644531250000000000000000
0.9499269723892211914062500000000000000000
0.9385873079299926757812500000000000000000
0.9293563961982727050781250000000000000000
0.9218970537185668945312500000000000000000
0.9159194827079772949218750000000000000000
0.9111730456352233886718750000000000000000
0.9074404835700988769531250000000000000000
0.9045351147651672363281250000000000000000
0.9022973775863647460937500000000000000000
0.9005924463272094726562500000000000000000
0.8993078470230102539062500000000000000000
0.8983507156372070312500000000000000000000
0.8976457715034484863281250000000000000000
0.8971325159072875976562500000000000000000
0.8967629671096801757812500000000000000000
0.8965002894401550292968750000000000000000
0.8963156938552856445312500000000000000000
0.8961874246597290039062500000000000000000
0.8960992693901062011718750000000000000000
0.8960396051406860351562500000000000000000
0.8959995508193969726562500000000000000000
0.8959730863571166992187500000000000000000
0.8959557414054870605468750000000000000000
0.8959445953369140625000000000000000000000
0.8959374427795410156250000000000000000000
0.8959328532218933105468750000000000000000
0.8959301114082336425781250000000000000000
0.8959283828735351562500000000000000000000
0.8959273099899291992187500000000000000000
0.8959266543388366699218750000000000000000
0.8959263563156127929687500000000000000000
0.8959261178970336914062500000000000000000
0.8959259986877441406250000000000000000000
0.8959258794784545898437500000000000000000
0.8959258198738098144531250000000000000000
0.8959258198738098144531250000000000000000
0.8959258198738098144531250000000000000000
0.8959258198738098144531250000000000000000
0.8959259986877441406250000000000000000000
0.8959259986877441406250000000000000000000
0.8959262967109680175781250000000000000000
0.8959265947341918945312500000000000000000
0.8959270715713500976562500000000000000000
0.8959279060363769531250000000000000000000
0.8959292173385620117187500000000000000000
0.8959315419197082519531250000000000000000
0.8959352374076843261718750000000000000000
0.8959413766860961914062500000000000000000
0.8959509134292602539062500000000000000000
0.8959659337997436523437500000000000000000
0.8959891200065612792968750000000000000000
0.8960247039794921875000000000000000000000
0.8960784077644348144531250000000000000000
0.8961585760116577148437500000000000000000
0.8962767720222473144531250000000000000000
0.8964490890502929687500000000000000000000
0.8966972231864929199218750000000000000000
0.8970505595207214355468750000000000000000
0.8975476026535034179687500000000000000000
0.8982386589050292968750000000000000000000
0.8991886377334594726562500000000000000000
0.9004790186882019042968750000000000000000
0.9022127985954284667968750000000000000000
0.9045160412788391113281250000000000000000
0.9075425863265991210937500000000000000000
0.9114769101142883300781250000000000000000
0.9165388941764831542968750000000000000000
0.9229866266250610351562500000000000000000
0.9311219453811645507812500000000000000000
0.9412962198257446289062500000000000000000
0.9539185762405395507812500000000000000000
0.9694700241088867187500000000000000000000
0.9885242581367492675781250000000000000000
1.0117856264114379882812500000000000000000
1.0401527881622314453125000000000000000000
1.0748298168182373046875000000000000000000
1.1175301074981689453125000000000000000000
1.1708490848541259765625000000000000000000
1.2390093803405761718750000000000000000000
1.3293006420135498046875000000000000000000
1.4556741714477539062500000000000000000000
1.6437351703643798828125000000000000000000
1.9636901617050170898437500000000000000000
2.4729881286621093750000000000000000000000
4.0000000000000000000000000000000000000000
4.0000000000000000000000000000000000000000
3.0000000000000000000000000000000000000000
3.0000000000000000000000000000000000000000
2.2856049537658691406250000000000000000000
1.9287550449371337890625000000000000000000
1.6655175685882568359375000000000000000000
1.4829999208450317382812500000000000000000
1.3479340076446533203125000000000000000000
1.2447322607040405273437500000000000000000
1.1633753776550292968750000000000000000000
1.0978401899337768554687500000000000000000
1.0442801713943481445312500000000000000000
1.0001417398452758789062500000000000000000
0.9636381864547729492187500000000000000000
0.9334524869918823242187500000000000000000
0.9085623621940612792968750000000000000000
0.8881397247314453125000000000000000000000
0.8714912533760070800781250000000000000000
0.8580235242843627929687500000000000000000
0.8472221493721008300781250000000000000000
0.8386397361755371093750000000000000000000
0.8318872451782226562500000000000000000000
0.8266288638114929199218750000000000000000
0.8225774765014648437500000000000000000000
0.8194899559020996093750000000000000000000
0.8171628713607788085937500000000000000000
0.8154287338256835937500000000000000000000
0.8141511678695678710937500000000000000000
0.8132210969924926757812500000000000000000
0.8125514984130859375000000000000000000000
0.8120752573013305664062500000000000000000
0.8117405176162719726562500000000000000000
0.8115078806877136230468750000000000000000
0.8113483190536499023437500000000000000000
0.8112400174140930175781250000000000000000
0.8111674189567565917968750000000000000000
0.8111194372177124023437500000000000000000
0.8110880851745605468750000000000000000000
0.8110677599906921386718750000000000000000
0.8110548257827758789062500000000000000000
0.8110466003417968750000000000000000000000
0.8110414743423461914062500000000000000000
0.8110383152961730957031250000000000000000
0.8110365867614746093750000000000000000000
0.8110353350639343261718750000000000000000
0.8110345602035522460937500000000000000000
0.8110343217849731445312500000000000000000
0.8110340237617492675781250000000000000000
0.8110339045524597167968750000000000000000
0.8110338449478149414062500000000000000000
0.8110337257385253906250000000000000000000
0.8110337257385253906250000000000000000000
0.8110338449478149414062500000000000000000
0.8110338449478149414062500000000000000000
0.8110340833663940429687500000000000000000
0.8110343813896179199218750000000000000000
0.8110349774360656738281250000000000000000
0.8110358119010925292968750000000000000000
0.8110374212265014648437500000000000000000
0.8110399246215820312500000000000000000000
0.8110440969467163085937500000000000000000
0.8110510110855102539062500000000000000000
0.8110618591308593750000000000000000000000
0.8110793232917785644531250000000000000000
0.8111065030097961425781250000000000000000
0.8111485242843627929687500000000000000000
0.8112130165100097656250000000000000000000
0.8113104104995727539062500000000000000000
0.8114557266235351562500000000000000000000
0.8116700053215026855468750000000000000000
0.8119822740554809570312500000000000000000
0.8124322891235351562500000000000000000000
0.8130725026130676269531250000000000000000
0.8139732480049133300781250000000000000000
0.8152254223823547363281250000000000000000
0.8169461488723754882812500000000000000000
0.8192837834358215332031250000000000000000
0.8224236369132995605468750000000000000000
0.8265936970710754394531250000000000000000
0.8320714831352233886718750000000000000000
0.8391900062561035156250000000000000000000
0.8483442068099975585937500000000000000000
0.8599978685379028320312500000000000000000
0.8746911883354187011718750000000000000000
0.8930505514144897460937500000000000000000
0.9158008694648742675781250000000000000000
0.9437872767448425292968750000000000000000
0.9780067205429077148437500000000000000000
1.0196636915206909179687500000000000000000
1.0702610015869140625000000000000000000000
1.1317545175552368164062500000000000000000
1.2068145275115966796875000000000000000000
1.2992765903472900390625000000000000000000
1.4149309396743774414062500000000000000000
1.5628477334976196289062500000000000000000
1.7581062316894531250000000000000000000000
2.0241634845733642578125000000000000000000
2.4109435081481933593750000000000000000000
2.9382164478302001953125000000000000000000
4.0000000000000000000000000000000000000000
4.0000000000000000000000000000000000000000
3.0000000000000000000000000000000000000000
3.0000000000000000000000000000000000000000
2.4662914276123046875000000000000000000000
2.1273846626281738281250000000000000000000
1.8495004177093505859375000000000000000000
1.6363856792449951171875000000000000000000
1.4680817127227783203125000000000000000000
1.3333519697189331054687500000000000000000
1.2237560749053955078125000000000000000000
1.1335722208023071289062500000000000000000
1.0587930679321289062500000000000000000000
0.9965513944625854492187500000000000000000
0.9447169303894042968750000000000000000000
0.9016402959823608398437500000000000000000
0.8659923672676086425781250000000000000000
0.8366644978523254394531250000000000000000
0.8127082586288452148437500000000000000000
0.7932987213134765625000000000000000000000
0.7777131795883178710937500000000000000000
0.7653173804283142089843750000000000000000
0.7555570602416992187500000000000000000000
0.7479519844055175781250000000000000000000
0.7420894503593444824218750000000000000000
0.7376196384429931640625000000000000000000
0.7342497110366821289062500000000000000000
0.7317379117012023925781250000000000000000
0.7298868894577026367187500000000000000000
0.7285388112068176269531250000000000000000
0.7275682687759399414062500000000000000000
0.7268779277801513671875000000000000000000
0.7263925671577453613281250000000000000000
0.7260552644729614257812500000000000000000
0.7258238792419433593750000000000000000000
0.7256668806076049804687500000000000000000
0.7255617380142211914062500000000000000000
0.7254920601844787597656250000000000000000
0.7254464030265808105468750000000000000000
0.7254170179367065429687500000000000000000
0.7253981828689575195312500000000000000000
0.7253862619400024414062500000000000000000
0.7253789305686950683593750000000000000000
0.7253743410110473632812500000000000000000
0.7253715395927429199218750000000000000000
0.7253700494766235351562500000000000000000
0.7253690361976623535156250000000000000000
0.7253683805465698242187500000000000000000
0.7253681421279907226562500000000000000000
0.7253679037094116210937500000000000000000
0.7253677248954772949218750000000000000000
0.7253677248954772949218750000000000000000
0.7253676652908325195312500000000000000000
0.7253678441047668457031250000000000000000
0.7253679633140563964843750000000000000000
0.7253682613372802734375000000000000000000
0.7253686785697937011718750000000000000000
0.7253695130348205566406250000000000000000
0.7253708243370056152343750000000000000000
0.7253729701042175292968750000000000000000
0.7253767251968383789062500000000000000000
0.7253827452659606933593750000000000000000
0.7253926992416381835937500000000000000000
0.7254085540771484375000000000000000000000
0.7254337668418884277343750000000000000000
0.7254732847213745117187500000000000000000
0.7255343198776245117187500000000000000000
0.7256276011466979980468750000000000000000
0.7257688641548156738281250000000000000000
0.7259794473648071289062500000000000000000
0.7262902259826660156250000000000000000000
0.7267430424690246582031250000000000000000
0.7273951172828674316406250000000000000000
0.7283231019973754882812500000000000000000
0.7296282649040222167968750000000000000000
0.7314423918724060058593750000000000000000
0.7339349985122680664062500000000000000000
0.7373200654983520507812500000000000000000
0.7418652772903442382812500000000000000000
0.7478995919227600097656250000000000000000
0.7558227181434631347656250000000000000000
0.7661131620407104492187500000000000000000
0.7793372869491577148437500000000000000000
0.7961581349372863769531250000000000000000
0.8173443675041198730468750000000000000000
0.8437811732292175292968750000000000000000
0.8764861822128295898437500000000000000000
0.9166301488876342773437500000000000000000
0.9655739665031433105468750000000000000000
1.0249257087707519531250000000000000000000
1.0966349840164184570312500000000000000000
1.1831457614898681640625000000000000000000
1.2876409292221069335937500000000000000000
1.4144282341003417968750000000000000000000
1.5695478916168212890625000000000000000000
1.7616345882415771484375000000000000000000
2.0034222602844238281250000000000000000000
2.3118755817413330078125000000000000000000
2.7169640064239501953125000000000000000000
3.2136943340301513671875000000000000000000
4.0000000000000000000000000000000000000000
4.0000000000000000000000000000000000000000
3.0000000000000000000000000000000000000000
3.0000000000000000000000000000000000000000
2.5604908466339111328125000000000000000000
2.2481513023376464843750000000000000000000
1.9728662967681884765625000000000000000000
1.7463718652725219726562500000000000000000
1.5581167936325073242187500000000000000000
1.4014360904693603515625000000000000000000
1.2703378200531005859375000000000000000000
1.1602388620376586914062500000000000000000
1.0675990581512451171875000000000000000000
0.9896717071533203125000000000000000000000
0.9242722392082214355468750000000000000000
0.8696131706237792968750000000000000000000
0.8241878747940063476562500000000000000000
0.7866957783699035644531250000000000000000
0.7559948563575744628906250000000000000000
0.7310727834701538085937500000000000000000
0.7110304832458496093750000000000000000000
0.6950706243515014648437500000000000000000
0.6824918985366821289062500000000000000000
0.6726827621459960937500000000000000000000
0.6651162505149841308593750000000000000000
0.6593443155288696289062500000000000000000
0.6549907922744750976562500000000000000000
0.6517443656921386718750000000000000000000
0.6493514180183410644531250000000000000000
0.6476081013679504394531250000000000000000
0.6463528275489807128906250000000000000000
0.6454597115516662597656250000000000000000
0.6448317170143127441406250000000000000000
0.6443952322006225585937500000000000000000
0.6440957188606262207031250000000000000000
0.6438924670219421386718750000000000000000
0.6437563896179199218750000000000000000000
0.6436661481857299804687500000000000000000
0.6436071395874023437500000000000000000000
0.6435691118240356445312500000000000000000
0.6435446739196777343750000000000000000000
0.6435293555259704589843750000000000000000
0.6435197591781616210937500000000000000000
0.6435138583183288574218750000000000000000
0.6435102820396423339843750000000000000000
0.6435081362724304199218750000000000000000
0.6435069441795349121093750000000000000000
0.6435061693191528320312500000000000000000
0.6435058116912841796875000000000000000000
0.6435055732727050781250000000000000000000
0.6435054540634155273437500000000000000000
0.6435054540634155273437500000000000000000
0.6435053348541259765625000000000000000000
0.6435054540634155273437500000000000000000
0.6435056328773498535156250000000000000000
0.6435059309005737304687500000000000000000
0.6435065269470214843750000000000000000000
0.6435074210166931152343750000000000000000
0.6435092687606811523437500000000000000000
0.6435121297836303710937500000000000000000
0.6435168385505676269531250000000000000000
0.6435247659683227539062500000000000000000
0.6435375213623046875000000000000000000000
0.6435580849647521972656250000000000000000
0.6435908079147338867187500000000000000000
0.6436418294906616210937500000000000000000
0.6437209248542785644531250000000000000000
0.6438418030738830566406250000000000000000
0.6440244317054748535156250000000000000000
0.6442970037460327148437500000000000000000
0.6446989774703979492187500000000000000000
0.6452847719192504882812500000000000000000
0.6461283564567565917968750000000000000000
0.6473284363746643066406250000000000000000
0.6490160226821899414062500000000000000000
0.6513611674308776855468750000000000000000
0.6545820236206054687500000000000000000000
0.6589550375938415527343750000000000000000
0.6648242473602294921875000000000000000000
0.6726124286651611328125000000000000000000
0.6828321218490600585937500000000000000000
0.6960959434509277343750000000000000000000
0.7131261229515075683593750000000000000000
0.7347649931907653808593750000000000000000
0.7619835138320922851562500000000000000000
0.7958915829658508300781250000000000000000
0.8377512693405151367187500000000000000000
0.8889951705932617187500000000000000000000
0.9512556791305541992187500000000000000000
1.0264126062393188476562500000000000000000
1.1166684627532958984375000000000000000000
1.2246657609939575195312500000000000000000
1.3536642789840698242187500000000000000000
1.5077939033508300781250000000000000000000
1.6924021244049072265625000000000000000000
1.9144319295883178710937500000000000000000
2.1829648017883300781250000000000000000000
2.5081429481506347656250000000000000000000
2.9058327674865722656250000000000000000000
3.3592445850372314453125000000000000000000
4.0000000000000000000000000000000000000000
4.0000000000000000000000000000000000000000
3.0000000000000000000000000000000000000000
3.0000000000000000000000000000000000000000
2.6150932312011718750000000000000000000000
2.3244926929473876953125000000000000000000
2.0558199882507324218750000000000000000000
1.8238298892974853515625000000000000000000
1.6234756708145141601562500000000000000000
1.4515151977539062500000000000000000000000
1.3041909933090209960937500000000000000000
1.1782224178314208984375000000000000000000
1.0707859992980957031250000000000000000000
0.9794872999191284179687500000000000000000
0.9022754430770874023437500000000000000000
0.8373659253120422363281250000000000000000
0.7831799983978271484375000000000000000000
0.7383021116256713867187500000000000000000
0.7014533877372741699218750000000000000000
0.6714769005775451660156250000000000000000
0.6473282575607299804687500000000000000000
0.6280720233917236328125000000000000000000
0.6128782033920288085937500000000000000000
0.6010187864303588867187500000000000000000
0.5918638110160827636718750000000000000000
0.5848758220672607421875000000000000000000
0.5796021223068237304687500000000000000000
0.5756679773330688476562500000000000000000
0.5727669000625610351562500000000000000000
0.5706528425216674804687500000000000000000
0.5691302418708801269531250000000000000000
0.5680465698242187500000000000000000000000
0.5672844648361206054687500000000000000000
0.5667548179626464843750000000000000000000
0.5663911700248718261718750000000000000000
0.5661445856094360351562500000000000000000
0.5659791827201843261718750000000000000000
0.5658696889877319335937500000000000000000
0.5657981038093566894531250000000000000000
0.5657517313957214355468750000000000000000
0.5657222867012023925781250000000000000000
0.5657035112380981445312500000000000000000
0.5656918883323669433593750000000000000000
0.5656847953796386718750000000000000000000
0.5656805038452148437500000000000000000000
0.5656777620315551757812500000000000000000
0.5656763315200805664062500000000000000000
0.5656753778457641601562500000000000000000
0.5656749010086059570312500000000000000000
0.5656746029853820800781250000000000000000
0.5656744241714477539062500000000000000000
0.5656743645668029785156250000000000000000
0.5656744241714477539062500000000000000000
0.5656744837760925292968750000000000000000
0.5656747817993164062500000000000000000000
0.5656750798225402832031250000000000000000
0.5656757950782775878906250000000000000000
0.5656770467758178710937500000000000000000
0.5656790733337402343750000000000000000000
0.5656825900077819824218750000000000000000
0.5656884312629699707031250000000000000000
0.5656980276107788085937500000000000000000
0.5657135248184204101562500000000000000000
0.5657385587692260742187500000000000000000
0.5657781362533569335937500000000000000000
0.5658401250839233398437500000000000000000
0.5659360885620117187500000000000000000000
0.5660828351974487304687500000000000000000
0.5663045048713684082031250000000000000000
0.5666352510452270507812500000000000000000
0.5671231746673583984375000000000000000000
0.5678337812423706054687500000000000000000
0.5688570141792297363281250000000000000000
0.5703126192092895507812500000000000000000
0.5723587870597839355468750000000000000000
0.5752013921737670898437500000000000000000
0.5791043043136596679687500000000000000000
0.5844008326530456542968750000000000000000
0.5915061235427856445312500000000000000000
0.6009290814399719238281250000000000000000
0.6132853031158447265625000000000000000000
0.6293083429336547851562500000000000000000
0.6498607397079467773437500000000000000000
0.6759425401687622070312500000000000000000
0.7087000608444213867187500000000000000000
0.7494322061538696289062500000000000000000
0.7995991706848144531250000000000000000000
0.8608320951461791992187500000000000000000
0.9349510073661804199218750000000000000000
1.0239923000335693359375000000000000000000
1.1302548646926879882812500000000000000000
1.2563674449920654296875000000000000000000
1.4053862094879150390625000000000000000000
1.5809142589569091796875000000000000000000
1.7872323989868164062500000000000000000000
2.0293445587158203125000000000000000000000
2.3130013942718505859375000000000000000000
2.6432428359985351562500000000000000000000
3.0276858806610107421875000000000000000000
3.4451904296875000000000000000000000000000
4.0000000000000000000000000000000000000000
4.0000000000000000000000000000000000000000
3.0000000000000000000000000000000000000000
3.0000000000000000000000000000000000000000
2.6474771499633789062500000000000000000000
2.3726084232330322265625000000000000000000
2.1104884147644042968750000000000000000000
1.8765796422958374023437500000000000000000
1.6688077449798583984375000000000000000000
1.4862031936645507812500000000000000000000
1.3267406225204467773437500000000000000000
1.1883112192153930664062500000000000000000
1.0688374042510986328125000000000000000000
0.9663659930229187011718750000000000000000
0.8790789842605590820312500000000000000000
0.8052857518196105957031250000000000000000
0.7434110641479492187500000000000000000000
0.6919860839843750000000000000000000000000
0.6496442556381225585937500000000000000000
0.6151221394538879394531250000000000000000
0.5872614383697509765625000000000000000000
0.5650125741958618164062500000000000000000
0.5474360585212707519531250000000000000000
0.5337033271789550781250000000000000000000
0.5230935811996459960937500000000000000000
0.5149891972541809082031250000000000000000
0.5088696479797363281250000000000000000000
0.5043021440505981445312500000000000000000
0.5009328722953796386718750000000000000000
0.4984765946865081787109375000000000000000
0.4967070519924163818359375000000000000000
0.4954473078250885009765625000000000000000
0.4945611953735351562500000000000000000000
0.4939453601837158203125000000000000000000
0.4935223460197448730468750000000000000000
0.4932354092597961425781250000000000000000
0.4930430948734283447265625000000000000000
0.4929156899452209472656250000000000000000
0.4928323328495025634765625000000000000000
0.4927784800529479980468750000000000000000
0.4927441179752349853515625000000000000000
0.4927224218845367431640625000000000000000
0.4927089214324951171875000000000000000000
0.4927005767822265625000000000000000000000
0.4926954805850982666015625000000000000000
0.4926924705505371093750000000000000000000
0.4926906228065490722656250000000000000000
0.4926896095275878906250000000000000000000
0.4926889836788177490234375000000000000000
0.4926887154579162597656250000000000000000
0.4926884174346923828125000000000000000000
0.4926884174346923828125000000000000000000
0.4926884770393371582031250000000000000000
0.4926885664463043212890625000000000000000
0.4926888048648834228515625000000000000000
0.4926892817020416259765625000000000000000
0.4926900863647460937500000000000000000000
0.4926915168762207031250000000000000000000
0.4926939606666564941406250000000000000000
0.4926980137825012207031250000000000000000
0.4927047789096832275390625000000000000000
0.4927158951759338378906250000000000000000
0.4927340149879455566406250000000000000000
0.4927629828453063964843750000000000000000
0.4928091168403625488281250000000000000000
0.4928812086582183837890625000000000000000
0.4929928183555603027343750000000000000000
0.4931634962558746337890625000000000000000
0.4934212565422058105468750000000000000000
0.4938059747219085693359375000000000000000
0.4943731427192687988281250000000000000000
0.4951992928981781005859375000000000000000
0.4963885247707366943359375000000000000000
0.4980798363685607910156250000000000000000
0.5004566907882690429687500000000000000000
0.5037575960159301757812500000000000000000
0.5082880258560180664062500000000000000000
0.5144333243370056152343750000000000000000
0.5226725339889526367187500000000000000000
0.5335924625396728515625000000000000000000
0.5479005575180053710937500000000000000000
0.5664377212524414062500000000000000000000
0.5901885628700256347656250000000000000000
0.6202895641326904296875000000000000000000
0.6580337285995483398437500000000000000000
0.7048742175102233886718750000000000000000
0.7624238729476928710937500000000000000000
0.8324559926986694335937500000000000000000
0.9169055223464965820312500000000000000000
1.0178747177124023437500000000000000000000
1.1376445293426513671875000000000000000000
1.2786958217620849609375000000000000000000
1.4437310695648193359375000000000000000000
1.6356941461563110351562500000000000000000
1.8577541112899780273437500000000000000000
2.1131713390350341796875000000000000000000
2.4051177501678466796875000000000000000000
2.7352528572082519531250000000000000000000
3.1067452430725097656250000000000000000000
3.4975590705871582031250000000000000000000
4.0000000000000000000000000000000000000000
4.0000000000000000000000000000000000000000
3.0000000000000000000000000000000000000000
3.0000000000000000000000000000000000000000
2.6671447753906250000000000000000000000000
2.4029161930084228515625000000000000000000
2.1458899974822998046875000000000000000000
1.9113652706146240234375000000000000000000
1.6987869739532470703125000000000000000000
1.5085948705673217773437500000000000000000
1.3399941921234130859375000000000000000000
1.1918108463287353515625000000000000000000
1.0626310110092163085937500000000000000000
0.9509384036064147949218750000000000000000
0.8551803827285766601562500000000000000000
0.7738062143325805664062500000000000000000
0.7052914500236511230468750000000000000000
0.6481571793556213378906250000000000000000
0.6009869575500488281250000000000000000000
0.5624431967735290527343750000000000000000
0.5312806963920593261718750000000000000000
0.5063580274581909179687500000000000000000
0.4866449832916259765625000000000000000000
0.4712270200252532958984375000000000000000
0.4593048989772796630859375000000000000000
0.4501916766166687011718750000000000000000
0.4433061480522155761718750000000000000000
0.4381642341613769531250000000000000000000
0.4343695640563964843750000000000000000000
0.4316021800041198730468750000000000000000
0.4296078681945800781250000000000000000000
0.4281877875328063964843750000000000000000
0.4271886348724365234375000000000000000000
0.4264940321445465087890625000000000000000
0.4260170459747314453125000000000000000000
0.4256933629512786865234375000000000000000
0.4254763722419738769531250000000000000000
0.4253326356410980224609375000000000000000
0.4252385199069976806640625000000000000000
0.4251778721809387207031250000000000000000
0.4251389503479003906250000000000000000000
0.4251144528388977050781250000000000000000
0.4250993132591247558593750000000000000000
0.4250898361206054687500000000000000000000
0.4250841140747070312500000000000000000000
0.4250807166099548339843750000000000000000
0.4250786900520324707031250000000000000000
0.4250775277614593505859375000000000000000
0.4250768125057220458984375000000000000000
0.4250764250755310058593750000000000000000
0.4250761866569519042968750000000000000000
0.4250761568546295166015625000000000000000
0.4250761568546295166015625000000000000000
0.4250763058662414550781250000000000000000
0.4250765740871429443359375000000000000000
0.4250771105289459228515625000000000000000
0.4250780045986175537109375000000000000000
0.4250795841217041015625000000000000000000
0.4250823557376861572265625000000000000000
0.4250869750976562500000000000000000000000
0.4250945448875427246093750000000000000000
0.4251071512699127197265625000000000000000
0.4251275658607482910156250000000000000000
0.4251603484153747558593750000000000000000
0.4252122342586517333984375000000000000000
0.4252936244010925292968750000000000000000
0.4254195690155029296875000000000000000000
0.4256120324134826660156250000000000000000
0.4259027540683746337890625000000000000000
0.4263365268707275390625000000000000000000
0.4269759654998779296875000000000000000000
0.4279073178768157958984375000000000000000
0.4292475581169128417968750000000000000000
0.4311532378196716308593750000000000000000
0.4338305592536926269531250000000000000000
0.4375473856925964355468750000000000000000
0.4426465630531311035156250000000000000000
0.4495599269866943359375000000000000000000
0.4588236808776855468750000000000000000000
0.4710928499698638916015625000000000000000
0.4871560633182525634765625000000000000000
0.5079472661018371582031250000000000000000
0.5345559120178222656250000000000000000000
0.5682326555252075195312500000000000000000
0.6103916764259338378906250000000000000000
0.6626070737838745117187500000000000000000
0.7266058921813964843750000000000000000000
0.8042562603950500488281250000000000000000
0.8975526094436645507812500000000000000000
1.0085983276367187500000000000000000000000
1.1395879983901977539062500000000000000000
1.2927844524383544921875000000000000000000
1.4704897403717041015625000000000000000000
1.6749929189682006835937500000000000000000
1.9084752798080444335937500000000000000000
2.1728084087371826171875000000000000000000
2.4693348407745361328125000000000000000000
2.7976298332214355468750000000000000000000
3.1585874557495117187500000000000000000000
3.5305752754211425781250000000000000000000
4.0000000000000000000000000000000000000000
4.0000000000000000000000000000000000000000
3.0000000000000000000000000000000000000000
3.0000000000000000000000000000000000000000
2.6791021823883056640625000000000000000000
2.4217267036437988281250000000000000000000
2.1681668758392333984375000000000000000000
1.9333133697509765625000000000000000000000
1.7173566818237304687500000000000000000000
1.5215742588043212890625000000000000000000
1.3460032939910888671875000000000000000000
1.1901686191558837890625000000000000000000
1.0531971454620361328125000000000000000000
0.9339588880538940429687500000000000000000
0.8311591148376464843750000000000000000000
0.7433997988700866699218750000000000000000
0.6692309379577636718750000000000000000000
0.6071907281875610351562500000000000000000
0.5558403134346008300781250000000000000000
0.5137926936149597167968750000000000000000
0.4797382354736328125000000000000000000000
0.4524632096290588378906250000000000000000
0.4308633208274841308593750000000000000000
0.4139524400234222412109375000000000000000
0.4008648395538330078125000000000000000000
0.3908533155918121337890625000000000000000
0.3832843899726867675781250000000000000000
0.3776293396949768066406250000000000000000
0.3734540343284606933593750000000000000000
0.3704079091548919677734375000000000000000
0.3682121038436889648437500000000000000000
0.3666480183601379394531250000000000000000
0.3655473291873931884765625000000000000000
0.3647820651531219482421875000000000000000
0.3642563819885253906250000000000000000000
0.3638996481895446777343750000000000000000
0.3636603951454162597656250000000000000000
0.3635019958019256591796875000000000000000
0.3633983731269836425781250000000000000000
0.3633313775062561035156250000000000000000
0.3632885515689849853515625000000000000000
0.3632615208625793457031250000000000000000
0.3632447123527526855468750000000000000000
0.3632343709468841552734375000000000000000
0.3632280826568603515625000000000000000000
0.3632243275642395019531250000000000000000
0.3632220625877380371093750000000000000000
0.3632207512855529785156250000000000000000
0.3632200360298156738281250000000000000000
0.3632195889949798583984375000000000000000
0.3632193505764007568359375000000000000000
0.3632192909717559814453125000000000000000
0.3632192909717559814453125000000000000000
0.3632194399833679199218750000000000000000
0.3632197976112365722656250000000000000000
0.3632203340530395507812500000000000000000
0.3632213473320007324218750000000000000000
0.3632231056690216064453125000000000000000
0.3632260859012603759765625000000000000000
0.3632311522960662841796875000000000000000
0.3632395863533020019531250000000000000000
0.3632534146308898925781250000000000000000
0.3632759153842926025390625000000000000000
0.3633120357990264892578125000000000000000
0.3633692562580108642578125000000000000000
0.3634589910507202148437500000000000000000
0.3635976910591125488281250000000000000000
0.3638098239898681640625000000000000000000
0.3641301393508911132812500000000000000000
0.3646079897880554199218750000000000000000
0.3653123974800109863281250000000000000000
0.3663380742073059082031250000000000000000
0.3678138256072998046875000000000000000000
0.3699114918708801269531250000000000000000
0.3728576600551605224609375000000000000000
0.3769463300704956054687500000000000000000
0.3825531899929046630859375000000000000000
0.3901510834693908691406250000000000000000
0.4003260731697082519531250000000000000000
0.4137929081916809082031250000000000000000
0.4314098358154296875000000000000000000000
0.4541903138160705566406250000000000000000
0.4833119809627532958984375000000000000000
0.5201200246810913085937500000000000000000
0.5661252140998840332031250000000000000000
0.6229954361915588378906250000000000000000
0.6925393342971801757812500000000000000000
0.7766837477684020996093750000000000000000
0.8774429559707641601562500000000000000000
0.9968825578689575195312500000000000000000
1.1370747089385986328125000000000000000000
1.3000465631484985351562500000000000000000
1.4877110719680786132812500000000000000000
1.7017780542373657226562500000000000000000
1.9436258077621459960937500000000000000000
2.2140879631042480468750000000000000000000
2.5132758617401123046875000000000000000000
2.8395330905914306640625000000000000000000
3.1926443576812744140625000000000000000000
3.5517277717590332031250000000000000000000
4.0000000000000000000000000000000000000000
4.0000000000000000000000000000000000000000
3.0000000000000000000000000000000000000000
3.0000000000000000000000000000000000000000
2.6862435340881347656250000000000000000000
2.4330475330352783203125000000000000000000
2.1815574169158935546875000000000000000000
1.9462649822235107421875000000000000000000
1.7277069091796875000000000000000000000000
1.5276461839675903320312500000000000000000
1.3466664552688598632812500000000000000000
1.1847951412200927734375000000000000000000
1.0415755510330200195312500000000000000000
0.9161985516548156738281250000000000000000
0.8075953722000122070312500000000000000000
0.7145155072212219238281250000000000000000
0.6355901956558227539062500000000000000000
0.5693895816802978515625000000000000000000
0.5144692063331604003906250000000000000000
0.4694117605686187744140625000000000000000
0.4328604638576507568359375000000000000000
0.4035457074642181396484375000000000000000
0.3803038597106933593750000000000000000000
0.3620896935462951660156250000000000000000
0.3479816913604736328125000000000000000000
0.3371821045875549316406250000000000000000
0.3290124535560607910156250000000000000000
0.3229054808616638183593750000000000000000
0.3183945715427398681640625000000000000000
0.3151023685932159423828125000000000000000
0.3127283453941345214843750000000000000000
0.3110369741916656494140625000000000000000
0.3098464310169219970703125000000000000000
0.3090184628963470458984375000000000000000
0.3084496855735778808593750000000000000000
0.3080635964870452880859375000000000000000
0.3078047633171081542968750000000000000000
0.3076332509517669677734375000000000000000
0.3075210452079772949218750000000000000000
0.3074485361576080322265625000000000000000
0.3074021637439727783203125000000000000000
0.3073729872703552246093750000000000000000
0.3073547780513763427734375000000000000000
0.3073435723781585693359375000000000000000
0.3073367476463317871093750000000000000000
0.3073326647281646728515625000000000000000
0.3073302209377288818359375000000000000000
0.3073288202285766601562500000000000000000
0.3073280155658721923828125000000000000000
0.3073275387287139892578125000000000000000
0.3073273003101348876953125000000000000000
0.3073272109031677246093750000000000000000
0.3073272407054901123046875000000000000000
0.3073274195194244384765625000000000000000
0.3073277473449707031250000000000000000000
0.3073283731937408447265625000000000000000
0.3073294758796691894531250000000000000000
0.3073313236236572265625000000000000000000
0.3073346018791198730468750000000000000000
0.3073400855064392089843750000000000000000
0.3073491454124450683593750000000000000000
0.3073641657829284667968750000000000000000
0.3073884844779968261718750000000000000000
0.3074275851249694824218750000000000000000
0.3074895739555358886718750000000000000000
0.3075865805149078369140625000000000000000
0.3077367246150970458984375000000000000000
0.3079661726951599121093750000000000000000
0.3083127439022064208984375000000000000000
0.3088296949863433837890625000000000000000
0.3095914721488952636718750000000000000000
0.3107005953788757324218750000000000000000
0.3122959733009338378906250000000000000000
0.3145631849765777587890625000000000000000
0.3177464604377746582031250000000000000000
0.3221625983715057373046875000000000000000
0.3282159566879272460937500000000000000000
0.3364149332046508789062500000000000000000
0.3473885059356689453125000000000000000000
0.3619025945663452148437500000000000000000
0.3808744549751281738281250000000000000000
0.4053844511508941650390625000000000000000
0.4366829395294189453125000000000000000000
0.4761919379234313964843750000000000000000
0.5254986882209777832031250000000000000000
0.5863412618637084960937500000000000000000
0.6605851650238037109375000000000000000000
0.7501894235610961914062500000000000000000
0.8571637272834777832031250000000000000000
0.9835146069526672363281250000000000000000
1.1311831474304199218750000000000000000000
1.3019694089889526367187500000000000000000
1.4974436759948730468750000000000000000000
1.7188374996185302734375000000000000000000
1.9669088125228881835937500000000000000000
2.2417488098144531250000000000000000000000
2.5426647663116455078125000000000000000000
2.8672928810119628906250000000000000000000
3.2149052619934082031250000000000000000000
3.5653483867645263671875000000000000000000
4.0000000000000000000000000000000000000000
4.0000000000000000000000000000000000000000
3.0000000000000000000000000000000000000000
3.0000000000000000000000000000000000000000
2.6903209686279296875000000000000000000000
2.4394705295562744140625000000000000000000
2.1889863014221191406250000000000000000000
1.9530416727066040039062500000000000000000
1.7323223352432250976562500000000000000000
1.5288690328598022460937500000000000000000
1.3436187505722045898437500000000000000000
1.1769499778747558593750000000000000000000
1.0287178754806518554687500000000000000000
0.8983654975891113281250000000000000000000
0.7850134372711181640625000000000000000000
0.6875401735305786132812500000000000000000
0.6046565175056457519531250000000000000000
0.5349688529968261718750000000000000000000
0.4770379960536956787109375000000000000000
0.4294288158416748046875000000000000000000
0.3907508254051208496093750000000000000000
0.3596916794776916503906250000000000000000
0.3350407183170318603515625000000000000000
0.3157046735286712646484375000000000000000
0.3007161021232604980468750000000000000000
0.2892348468303680419921875000000000000000
0.2805445790290832519531250000000000000000
0.2740452587604522705078125000000000000000
0.2692425847053527832031250000000000000000
0.2657361626625061035156250000000000000000
0.2632068991661071777343750000000000000000
0.2614044547080993652343750000000000000000
0.2601354718208312988281250000000000000000
0.2592528462409973144531250000000000000000
0.2586463689804077148437500000000000000000
0.2582346796989440917968750000000000000000
0.2579585909843444824218750000000000000000
0.2577757239341735839843750000000000000000
0.2576560378074645996093750000000000000000
0.2575786709785461425781250000000000000000
0.2575292587280273437500000000000000000000
0.2574980854988098144531250000000000000000
0.2574786543846130371093750000000000000000
0.2574667036533355712890625000000000000000
0.2574594616889953613281250000000000000000
0.2574550807476043701171875000000000000000
0.2574524879455566406250000000000000000000
0.2574509680271148681640625000000000000000
0.2574501037597656250000000000000000000000
0.2574495971202850341796875000000000000000
0.2574493587017059326171875000000000000000
0.2574492990970611572265625000000000000000
0.2574492990970611572265625000000000000000
0.2574494481086730957031250000000000000000
0.2574498355388641357421875000000000000000
0.2574504613876342773437500000000000000000
0.2574516534805297851562500000000000000000
0.2574536800384521484375000000000000000000
0.2574571371078491210937500000000000000000
0.2574629783630371093750000000000000000000
0.2574726939201354980468750000000000000000
0.2574886679649353027343750000000000000000
0.2575146555900573730468750000000000000000
0.2575562894344329833984375000000000000000
0.2576223909854888916015625000000000000000
0.2577258646488189697265625000000000000000
0.2578859329223632812500000000000000000000
0.2581305801868438720703125000000000000000
0.2584999799728393554687500000000000000000
0.2590509951114654541015625000000000000000
0.2598628401756286621093750000000000000000
0.2610446810722351074218750000000000000000
0.2627442777156829833984375000000000000000
0.2651589512825012207031250000000000000000
0.2685483992099761962890625000000000000000
0.2732488214969635009765625000000000000000
0.2796892523765563964843750000000000000000
0.2884083688259124755859375000000000000000
0.3000716865062713623046875000000000000000
0.3154881298542022705078125000000000000000
0.3356245756149291992187500000000000000000
0.3616165518760681152343750000000000000000
0.3947740197181701660156250000000000000000
0.4365800917148590087890625000000000000000
0.4886814057826995849609375000000000000000
0.5528682470321655273437500000000000000000
0.6310440301895141601562500000000000000000
0.7251824736595153808593750000000000000000
0.8372743725776672363281250000000000000000
0.9692606925964355468750000000000000000000
1.1229568719863891601562500000000000000000
1.2999622821807861328125000000000000000000
1.5015614032745361328125000000000000000000
1.7286083698272705078125000000000000000000
1.9813991785049438476562500000000000000000
2.2595071792602539062500000000000000000000
2.5617237091064453125000000000000000000000
2.8852872848510742187500000000000000000000
3.2292542457580566406250000000000000000000
3.5740599632263183593750000000000000000000
4.0000000000000000000000000000000000000000
4.0000000000000000000000000000000000000000
3.0000000000000000000000000000000000000000
3.0000000000000000000000000000000000000000
2.6924395561218261718750000000000000000000
2.4427123069763183593750000000000000000000
2.1924815177917480468750000000000000000000
1.9556945562362670898437500000000000000000
1.7330913543701171875000000000000000000000
1.5268713235855102539062500000000000000000
1.3381971120834350585937500000000000000000
1.1676900386810302734375000000000000000000
1.0154321193695068359375000000000000000000
0.8810594677925109863281250000000000000000
0.7638435959815979003906250000000000000000
0.6627725362777709960937500000000000000000
0.5766258239746093750000000000000000000000
0.5040470957756042480468750000000000000000
0.4436070919036865234375000000000000000000
0.3938608765602111816406250000000000000000
0.3533944487571716308593750000000000000000
0.3208630383014678955078125000000000000000
0.2950188517570495605468750000000000000000
0.2747301459312438964843750000000000000000
0.2589919865131378173828125000000000000000
0.2469291985034942626953125000000000000000
0.2377940118312835693359375000000000000000
0.2309587895870208740234375000000000000000
0.2259059399366378784179687500000000000000
0.2222156971693038940429687500000000000000
0.2195530682802200317382812500000000000000
0.2176551371812820434570312500000000000000
0.2163186520338058471679687500000000000000
0.2153888940811157226562500000000000000000
0.2147499620914459228515625000000000000000
0.2143161743879318237304687500000000000000
0.2140253037214279174804687500000000000000
0.2138325721025466918945312500000000000000
0.2137064486742019653320312500000000000000
0.2136249244213104248046875000000000000000
0.2135728299617767333984375000000000000000
0.2135400325059890747070312500000000000000
0.2135195285081863403320312500000000000000
0.2135069370269775390625000000000000000000
0.2134992629289627075195312500000000000000
0.2134946584701538085937500000000000000000
0.2134919464588165283203125000000000000000
0.2134903371334075927734375000000000000000
0.2134894132614135742187500000000000000000
0.2134889066219329833984375000000000000000
0.2134886533021926879882812500000000000000
0.2134885042905807495117187500000000000000
0.2134885787963867187500000000000000000000
0.2134887725114822387695312500000000000000
0.2134891450405120849609375000000000000000
0.2134898155927658081054687500000000000000
0.2134910523891448974609375000000000000000
0.2134931981563568115234375000000000000000
0.2134968042373657226562500000000000000000
0.2135030031204223632812500000000000000000
0.2135132253170013427734375000000000000000
0.2135300934314727783203125000000000000000
0.2135574370622634887695312500000000000000
0.2136013060808181762695312500000000000000
0.2136708945035934448242187500000000000000
0.2137799263000488281250000000000000000000
0.2139485329389572143554687500000000000000
0.2142062634229660034179687500000000000000
0.2145953625440597534179687500000000000000
0.2151756584644317626953125000000000000000
0.2160305976867675781250000000000000000000
0.2172748744487762451171875000000000000000
0.2190639525651931762695312500000000000000
0.2216051518917083740234375000000000000000
0.2251711785793304443359375000000000000000
0.2301149070262908935546875000000000000000
0.2368861436843872070312500000000000000000
0.2460490465164184570312500000000000000000
0.2582997083663940429687500000000000000000
0.2744829356670379638671875000000000000000
0.2956064343452453613281250000000000000000
0.3228507637977600097656250000000000000000
0.3575739264488220214843750000000000000000
0.4013074040412902832031250000000000000000
0.4557433724403381347656250000000000000000
0.5227101445198059082031250000000000000000
0.6041356325149536132812500000000000000000
0.7019976377487182617187500000000000000000
0.8182614445686340332031250000000000000000
0.9548045992851257324218750000000000000000
1.1133298873901367187500000000000000000000
1.2952696084976196289062500000000000000000
1.5016791820526123046875000000000000000000
1.7331234216690063476562500000000000000000
1.9895632266998291015625000000000000000000
2.2702162265777587890625000000000000000000
2.5735461711883544921875000000000000000000
2.8965723514556884765625000000000000000000
3.2382748126983642578125000000000000000000
3.5795283317565917968750000000000000000000
4.0000000000000000000000000000000000000000
4.0000000000000000000000000000000000000000
3.0000000000000000000000000000000000000000
3.0000000000000000000000000000000000000000
2.6933197975158691406250000000000000000000
2.4439249038696289062500000000000000000000
2.1934523582458496093750000000000000000000
1.9556995630264282226562500000000000000000
1.7314183712005615234375000000000000000000
1.5228989124298095703125000000000000000000
1.3314483165740966796875000000000000000000
1.1578538417816162109375000000000000000000
1.0023601055145263671875000000000000000000
0.8647477030754089355468750000000000000000
0.7444056272506713867187500000000000000000
0.6404092311859130859375000000000000000000
0.5515969395637512207031250000000000000000
0.4766451716423034667968750000000000000000
0.4141365587711334228515625000000000000000
0.3626214861869812011718750000000000000000
0.3206693828105926513671875000000000000000
0.2869108319282531738281250000000000000000
0.2600691914558410644531250000000000000000
0.2389821559190750122070312500000000000000
0.2226143330335617065429687500000000000000
0.2100620716810226440429687500000000000000
0.2005517035722732543945312500000000000000
0.1934328675270080566406250000000000000000
0.1881685554981231689453125000000000000000
0.1843226253986358642578125000000000000000
0.1815470159053802490234375000000000000000
0.1795680820941925048828125000000000000000
0.1781743019819259643554687500000000000000
0.1772045642137527465820312500000000000000
0.1765380352735519409179687500000000000000
0.1760855019092559814453125000000000000000
0.1757819950580596923828125000000000000000
0.1755809336900711059570312500000000000000
0.1754493415355682373046875000000000000000
0.1753642410039901733398437500000000000000
0.1753099262714385986328125000000000000000
0.1752756386995315551757812500000000000000
0.1752543002367019653320312500000000000000
0.1752411574125289916992187500000000000000
0.1752331554889678955078125000000000000000
0.1752283573150634765625000000000000000000
0.1752255111932754516601562500000000000000
0.1752238571643829345703125000000000000000
0.1752228736877441406250000000000000000000
0.1752223521471023559570312500000000000000
0.1752220690250396728515625000000000000000
0.1752219796180725097656250000000000000000
0.1752219945192337036132812500000000000000
0.1752222031354904174804687500000000000000
0.1752225607633590698242187500000000000000
0.1752233058214187622070312500000000000000
0.1752245724201202392578125000000000000000
0.1752268075942993164062500000000000000000
0.1752306073904037475585937500000000000000
0.1752370297908782958984375000000000000000
0.1752476990222930908203125000000000000000
0.1752652674913406372070312500000000000000
0.1752938032150268554687500000000000000000
0.1753395944833755493164062500000000000000
0.1754121780395507812500000000000000000000
0.1755258738994598388671875000000000000000
0.1757017821073532104492187500000000000000
0.1759705841541290283203125000000000000000
0.1763763725757598876953125000000000000000
0.1769815385341644287109375000000000000000
0.1778729408979415893554687500000000000000
0.1791701614856719970703125000000000000000
0.1810349524021148681640625000000000000000
0.1836832314729690551757812500000000000000
0.1873984336853027343750000000000000000000
0.1925474703311920166015625000000000000000
0.1995975077152252197265625000000000000000
0.2091337442398071289062500000000000000000
0.2218777388334274291992187500000000000000
0.2387036085128784179687500000000000000000
0.2606523931026458740234375000000000000000
0.2889410555362701416015625000000000000000
0.3249656558036804199218750000000000000000
0.3702957034111022949218750000000000000000
0.4266578257083892822265625000000000000000
0.4959078729152679443359375000000000000000
0.5799893140792846679687500000000000000000
0.6808776855468750000000000000000000000000
0.8005115389823913574218750000000000000000
0.9407113194465637207031250000000000000000
1.1030855178833007812500000000000000000000
1.2889306545257568359375000000000000000000
1.4991241693496704101562500000000000000000
1.7340154647827148437500000000000000000000
1.9933249950408935546875000000000000000000
2.2760295867919921875000000000000000000000
2.5803854465484619140625000000000000000000
2.9032921791076660156250000000000000000000
3.2437157630920410156250000000000000000000
3.5828430652618408203125000000000000000000
4.0000000000000000000000000000000000000000
4.0000000000000000000000000000000000000000
3.0000000000000000000000000000000000000000
3.0000000000000000000000000000000000000000
2.6934375762939453125000000000000000000000
2.4438884258270263671875000000000000000000
2.1928749084472656250000000000000000000000
1.9541050195693969726562500000000000000000
1.7283239364624023437500000000000000000000
1.5178743600845336914062500000000000000000
1.3241565227508544921875000000000000000000
1.1480705738067626953125000000000000000000
0.9899767041206359863281250000000000000000
0.8497616052627563476562500000000000000000
0.7269034385681152343750000000000000000000
0.6205453872680664062500000000000000000000
0.5295737981796264648437500000000000000000
0.4526928067207336425781250000000000000000
0.3884965777397155761718750000000000000000
0.3355336487293243408203125000000000000000
0.2923615574836730957031250000000000000000
0.2575926482677459716796875000000000000000
0.2299275845289230346679687500000000000000
0.2081799209117889404296875000000000000000
0.1912900358438491821289062500000000000000
0.1783311814069747924804687500000000000000
0.1685086488723754882812500000000000000000
0.1611535251140594482421875000000000000000
0.1557127088308334350585937500000000000000
0.1517368555068969726562500000000000000000
0.1488667726516723632812500000000000000000
0.1468200981616973876953125000000000000000
0.1453783512115478515625000000000000000000
0.1443751156330108642578125000000000000000
0.1436855047941207885742187500000000000000
0.1432172358036041259765625000000000000000
0.1429031789302825927734375000000000000000
0.1426950991153717041015625000000000000000
0.1425588876008987426757812500000000000000
0.1424708515405654907226562500000000000000
0.1424145996570587158203125000000000000000
0.1423791646957397460937500000000000000000
0.1423570662736892700195312500000000000000
0.1423434764146804809570312500000000000000
0.1423352062702178955078125000000000000000
0.1423302143812179565429687500000000000000
0.1423272639513015747070312500000000000000
0.1423255354166030883789062500000000000000
0.1423245519399642944335937500000000000000
0.1423240005970001220703125000000000000000
0.1423237025737762451171875000000000000000
0.1423236131668090820312500000000000000000
0.1423236429691314697265625000000000000000
0.1423238217830657958984375000000000000000
0.1423242390155792236328125000000000000000
0.1423249989748001098632812500000000000000
0.1423263102769851684570312500000000000000
0.1423286199569702148437500000000000000000
0.1423325389623641967773437500000000000000
0.1423391848802566528320312500000000000000
0.1423502266407012939453125000000000000000
0.1423684060573577880859375000000000000000
0.1423979103565216064453125000000000000000
0.1424452960491180419921875000000000000000
0.1425203979015350341796875000000000000000
0.1426380276679992675781250000000000000000
0.1428200006484985351562500000000000000000
0.1430981010198593139648437500000000000000
0.1435178518295288085937500000000000000000
0.1441437751054763793945312500000000000000
0.1450656950473785400390625000000000000000
0.1464071124792098999023437500000000000000
0.1483351439237594604492187500000000000000
0.1510726362466812133789062500000000000000
0.1549122035503387451171875000000000000000
0.1602321565151214599609375000000000000000
0.1675138920545578002929687500000000000000
0.1773601025342941284179687500000000000000
0.1905128508806228637695312500000000000000
0.2078702151775360107421875000000000000000
0.2304999530315399169921875000000000000000
0.2596481442451477050781250000000000000000
0.2967409789562225341796875000000000000000
0.3433771729469299316406250000000000000000
0.4013096690177917480468750000000000000000
0.4724140763282775878906250000000000000000
0.5586431622505187988281250000000000000000
0.6619672179222106933593750000000000000000
0.7843004465103149414062500000000000000000
0.9274139404296875000000000000000000000000
1.0928403139114379882812500000000000000000
1.2817693948745727539062500000000000000000
1.4949432611465454101562500000000000000000
1.7325537204742431640625000000000000000000
1.9941508769989013671875000000000000000000
2.2785477638244628906250000000000000000000
2.5838708877563476562500000000000000000000
2.9069538116455078125000000000000000000000
3.2467765808105468750000000000000000000000
3.5847358703613281250000000000000000000000
4.0000000000000000000000000000000000000000
4.0000000000000000000000000000000000000000
3.0000000000000000000000000000000000000000
3.0000000000000000000000000000000000000000
2.6931109428405761718750000000000000000000
2.4431290626525878906250000000000000000000
2.1914200782775878906250000000000000000000
1.9516429901123046875000000000000000000000
1.7245299816131591796875000000000000000000
1.5124561786651611328125000000000000000000
1.3168818950653076171875000000000000000000
1.1387840509414672851562500000000000000000
0.9786039590835571289062500000000000000000
0.8363056182861328125000000000000000000000
0.7114329934120178222656250000000000000000
0.6031819581985473632812500000000000000000
0.5104752779006958007812500000000000000000
0.4320404529571533203125000000000000000000
0.3664813041687011718750000000000000000000
0.3123459517955780029296875000000000000000
0.2681835591793060302734375000000000000000
0.2325922995805740356445312500000000000000
0.2042557001113891601562500000000000000000
0.1819681227207183837890625000000000000000
0.1646507829427719116210937500000000000000
0.1513585001230239868164062500000000000000
0.1412796229124069213867187500000000000000
0.1337301284074783325195312500000000000000
0.1281441152095794677734375000000000000000
0.1240611225366592407226562500000000000000
0.1211131364107131958007812500000000000000
0.1190105527639389038085937500000000000000
0.1175292283296585083007812500000000000000
0.1164983138442039489746093750000000000000
0.1157896071672439575195312500000000000000
0.1153083592653274536132812500000000000000
0.1149855479598045349121093750000000000000
0.1147716641426086425781250000000000000000
0.1146316751837730407714843750000000000000
0.1145411729812622070312500000000000000000
0.1144833788275718688964843750000000000000
0.1144469231367111206054687500000000000000
0.1144242137670516967773437500000000000000
0.1144102215766906738281250000000000000000
0.1144017204642295837402343750000000000000
0.1143966168165206909179687500000000000000
0.1143935918807983398437500000000000000000
0.1143918409943580627441406250000000000000
0.1143908128142356872558593750000000000000
0.1143902391195297241210937500000000000000
0.1143899410963058471679687500000000000000
0.1143898516893386840820312500000000000000
0.1143898740410804748535156250000000000000
0.1143900752067565917968750000000000000000
0.1143904700875282287597656250000000000000
0.1143912523984909057617187500000000000000
0.1143926158547401428222656250000000000000
0.1143949776887893676757812500000000000000
0.1143990308046340942382812500000000000000
0.1144058257341384887695312500000000000000
0.1144171804189682006835937500000000000000
0.1144358664751052856445312500000000000000
0.1144661754369735717773437500000000000000
0.1145148724317550659179687500000000000000
0.1145920529961585998535156250000000000000
0.1147129312157630920410156250000000000000
0.1148999333381652832031250000000000000000
0.1151856556534767150878906250000000000000
0.1156169399619102478027343750000000000000
0.1162599772214889526367187500000000000000
0.1172070503234863281250000000000000000000
0.1185848936438560485839843750000000000000
0.1205649822950363159179687500000000000000
0.1233759075403213500976562500000000000000
0.1273176968097686767578125000000000000000
0.1327779889106750488281250000000000000000
0.1402498185634613037109375000000000000000
0.1503498852252960205078125000000000000000
0.1638369113206863403320312500000000000000
0.1816280931234359741210937500000000000000
0.2048125714063644409179687500000000000000
0.2346593886613845825195312500000000000000
0.2726182341575622558593750000000000000000
0.3203104734420776367187500000000000000000
0.3795086145401000976562500000000000000000
0.4521025121212005615234375000000000000000
0.5400505065917968750000000000000000000000
0.6453170180320739746093750000000000000000
0.7697943449020385742187500000000000000000
0.9152144193649291992187500000000000000000
1.0830490589141845703125000000000000000000
1.2744066715240478515625000000000000000000
1.4899290800094604492187500000000000000000
1.7296930551528930664062500000000000000000
1.9931290149688720703125000000000000000000
2.2789411544799804687500000000000000000000
2.5851719379425048828125000000000000000000
2.9086201190948486328125000000000000000000
3.2482852935791015625000000000000000000000
3.5857043266296386718750000000000000000000
4.0000000000000000000000000000000000000000
4.0000000000000000000000000000000000000000
3.0000000000000000000000000000000000000000
3.0000000000000000000000000000000000000000
2.6925494670867919921875000000000000000000
2.4419991970062255859375000000000000000000
2.1895406246185302734375000000000000000000
1.9488103389739990234375000000000000000000
1.7205305099487304687500000000000000000000
1.5070936679840087890625000000000000000000
1.3100004196166992187500000000000000000000
1.1302801370620727539062500000000000000000
0.9684311747550964355468750000000000000000
0.8244725465774536132812500000000000000000
0.6979969143867492675781250000000000000000
0.5882388949394226074218750000000000000000
0.4941499829292297363281250000000000000000
0.4144748747348785400390625000000000000000
0.3478258550167083740234375000000000000000
0.2927510142326354980468750000000000000000
0.2477933913469314575195312500000000000000
0.2115406244993209838867187500000000000000
0.1826627403497695922851562500000000000000
0.1599393188953399658203125000000000000000
0.1422762870788574218750000000000000000000
0.1287139952182769775390625000000000000000
0.1184272542595863342285156250000000000000
0.1107200756669044494628906250000000000000
0.1050159931182861328125000000000000000000
0.1008459180593490600585937500000000000000
0.0978345423936843872070312500000000000000
0.0956864431500434875488281250000000000000
0.0941728502511978149414062500000000000000
0.0931193679571151733398437500000000000000
0.0923951119184494018554687500000000000000
0.0919032618403434753417968750000000000000
0.0915733277797698974609375000000000000000
0.0913547128438949584960937500000000000000
0.0912116318941116333007812500000000000000
0.0911191254854202270507812500000000000000
0.0910600572824478149414062500000000000000
0.0910228043794631958007812500000000000000
0.0909995883703231811523437500000000000000
0.0909852832555770874023437500000000000000
0.0909766033291816711425781250000000000000
0.0909713953733444213867187500000000000000
0.0909683033823966979980468750000000000000
0.0909664779901504516601562500000000000000
0.0909654572606086730957031250000000000000
0.0909648686647415161132812500000000000000
0.0909645706415176391601562500000000000000
0.0909644514322280883789062500000000000000
0.0909644961357116699218750000000000000000
0.0909646898508071899414062500000000000000
0.0909651070833206176757812500000000000000
0.0909658968448638916015625000000000000000
0.0909672901034355163574218750000000000000
0.0909697040915489196777343750000000000000
0.0909738391637802124023437500000000000000
0.0909808054566383361816406250000000000000
0.0909923911094665527343750000000000000000
0.0910114645957946777343750000000000000000
0.0910424590110778808593750000000000000000
0.0910922065377235412597656250000000000000
0.0911710709333419799804687500000000000000
0.0912945941090583801269531250000000000000
0.0914856642484664916992187500000000000000
0.0917776226997375488281250000000000000000
0.0922182798385620117187500000000000000000
0.0928752571344375610351562500000000000000
0.0938427597284317016601562500000000000000
0.0952502042055130004882812500000000000000
0.0972725898027420043945312500000000000000
0.1001431345939636230468750000000000000000
0.1041678190231323242187500000000000000000
0.1097418442368507385253906250000000000000
0.1173675209283828735351562500000000000000
0.1276728212833404541015625000000000000000
0.1414296627044677734375000000000000000000
0.1595705002546310424804687500000000000000
0.1832012534141540527343750000000000000000
0.2136089354753494262695312500000000000000
0.2522614896297454833984375000000000000000
0.3007976412773132324218750000000000000000
0.3610045313835144042968750000000000000000
0.4347823262214660644531250000000000000000
0.5240927934646606445312500000000000000000
0.6308941841125488281250000000000000000000
0.7570614814758300781250000000000000000000
0.9042948484420776367187500000000000000000
1.0740201473236083984375000000000000000000
1.2672841548919677734375000000000000000000
1.4846550226211547851562500000000000000000
1.7261270284652709960937500000000000000000
1.9910482168197631835937500000000000000000
2.2780475616455078125000000000000000000000
2.5851149559020996093750000000000000000000
2.9090299606323242187500000000000000000000
3.2488124370574951171875000000000000000000
3.5860862731933593750000000000000000000000
4.0000000000000000000000000000000000000000
4.0000000000000000000000000000000000000000
3.0000000000000000000000000000000000000000
3.0000000000000000000000000000000000000000
2.6918911933898925781250000000000000000000
2.4407286643981933593750000000000000000000
2.1875319480895996093750000000000000000000
1.9459342956542968750000000000000000000000
1.7166461944580078125000000000000000000000
1.5020731687545776367187500000000000000000
1.3037421703338623046875000000000000000000
1.1227185726165771484375000000000000000000
0.9595401883125305175781250000000000000000
0.8142655491828918457031250000000000000000
0.6865222454071044921875000000000000000000
0.5755736231803894042968750000000000000000
0.4803921580314636230468750000000000000000
0.3997361660003662109375000000000000000000
0.3322241008281707763671875000000000000000
0.2764041423797607421875000000000000000000
0.2308150082826614379882812500000000000000
0.1940359920263290405273437500000000000000
0.1647268980741500854492187500000000000000
0.1416557133197784423828125000000000000000
0.1237165927886962890625000000000000000000
0.1099383383989334106445312500000000000000
0.0994851514697074890136718750000000000000
0.0916515439748764038085937500000000000000
0.0858527943491935729980468750000000000000
0.0816128253936767578125000000000000000000
0.0785505175590515136718750000000000000000
0.0763658359646797180175781250000000000000
0.0748263150453567504882812500000000000000
0.0737547129392623901367187500000000000000
0.0730179250240325927734375000000000000000
0.0725175589323043823242187500000000000000
0.0721818953752517700195312500000000000000
0.0719594731926918029785156250000000000000
0.0718138962984085083007812500000000000000
0.0717197805643081665039062500000000000000
0.0716596916317939758300781250000000000000
0.0716217681765556335449218750000000000000
0.0715981647372245788574218750000000000000
0.0715836286544799804687500000000000000000
0.0715747922658920288085937500000000000000
0.0715694874525070190429687500000000000000
0.0715663433074951171875000000000000000000
0.0715645104646682739257812500000000000000
0.0715634524822235107421875000000000000000
0.0715628564357757568359375000000000000000
0.0715625584125518798828125000000000000000
0.0715624392032623291015625000000000000000
0.0715624839067459106445312500000000000000
0.0715626701712608337402343750000000000000
0.0715631023049354553222656250000000000000
0.0715639069676399230957031250000000000000
0.0715653151273727416992187500000000000000
0.0715677738189697265625000000000000000000
0.0715719833970069885253906250000000000000
0.0715790539979934692382812500000000000000
0.0715908482670783996582031250000000000000
0.0716102421283721923828125000000000000000
0.0716417729854583740234375000000000000000
0.0716923624277114868164062500000000000000
0.0717725902795791625976562500000000000000
0.0718982368707656860351562500000000000000
0.0720925703644752502441406250000000000000
0.0723895207047462463378906250000000000000
0.0728377029299736022949218750000000000000
0.0735058560967445373535156250000000000000
0.0744897648692131042480468750000000000000
0.0759209394454956054687500000000000000000
0.0779772177338600158691406250000000000000
0.0808955058455467224121093750000000000000
0.0849865451455116271972656250000000000000
0.0906515344977378845214843750000000000000
0.0984001234173774719238281250000000000000
0.1088691949844360351562500000000000000000
0.1228411197662353515625000000000000000000
0.1412602365016937255859375000000000000000
0.1652456074953079223632812500000000000000
0.1960982382297515869140625000000000000000
0.2353000193834304809570312500000000000000
0.2845029234886169433593750000000000000000
0.3455052375793457031250000000000000000000
0.4202142357826232910156250000000000000000
0.5105940103530883789062500000000000000000
0.6185976266860961914062500000000000000000
0.7460860013961791992187500000000000000000
0.8947354555130004882812500000000000000000
1.0659364461898803710937500000000000000000
1.2606914043426513671875000000000000000000
1.4795137643814086914062500000000000000000
1.7223399877548217773437500000000000000000
1.9884601831436157226562500000000000000000
2.2764537334442138671875000000000000000000
2.5842754840850830078125000000000000000000
2.9086942672729492187500000000000000000000
3.2487480640411376953125000000000000000000
3.5861134529113769531250000000000000000000
4.0000000000000000000000000000000000000000
4.0000000000000000000000000000000000000000
3.0000000000000000000000000000000000000000
3.0000000000000000000000000000000000000000
2.6912214756011962890625000000000000000000
2.4394614696502685546875000000000000000000
2.1855804920196533203125000000000000000000
1.9432160854339599609375000000000000000000
1.7130711078643798828125000000000000000000
1.4975596666336059570312500000000000000000
1.2982264757156372070312500000000000000000
1.1161611080169677734375000000000000000000
0.9519297480583190917968750000000000000000
0.8056181669235229492187500000000000000000
0.6768795251846313476562500000000000000000
0.5649975538253784179687500000000000000000
0.4689600467681884765625000000000000000000
0.3875351846218109130859375000000000000000
0.3193462491035461425781250000000000000000
0.2629415392875671386718750000000000000000
0.2168560773134231567382812500000000000000
0.1796631515026092529296875000000000000000
0.1500144153833389282226562500000000000000
0.1266690343618392944335937500000000000000
0.1085119470953941345214843750000000000000
0.0945630818605422973632812500000000000000
0.0839782878756523132324218750000000000000
0.0760446414351463317871093750000000000000
0.0701709240674972534179687500000000000000
0.0658755451440811157226562500000000000000
0.0627728775143623352050781250000000000000
0.0605591721832752227783203125000000000000
0.0589990802109241485595703125000000000000
0.0579130761325359344482421875000000000000
0.0571663752198219299316406250000000000000
0.0566592290997505187988281250000000000000
0.0563190169632434844970703125000000000000
0.0560935847461223602294921875000000000000
0.0559460408985614776611328125000000000000
0.0558506436645984649658203125000000000000
0.0557897314429283142089843750000000000000
0.0557513162493705749511718750000000000000
0.0557273812592029571533203125000000000000
0.0557126477360725402832031250000000000000
0.0557036921381950378417968750000000000000
0.0556983165442943572998046875000000000000
0.0556951276957988739013671875000000000000
0.0556932687759399414062500000000000000000
0.0556922033429145812988281250000000000000
0.0556915998458862304687500000000000000000
0.0556912906467914581298828125000000000000
0.0556911751627922058105468750000000000000
0.0556912198662757873535156250000000000000
0.0556914135813713073730468750000000000000
0.0556918457150459289550781250000000000000
0.0556926541030406951904296875000000000000
0.0556940920650959014892578125000000000000
0.0556965768337249755859375000000000000000
0.0557008311152458190917968750000000000000
0.0557080097496509552001953125000000000000
0.0557199604809284210205078125000000000000
0.0557396188378334045410156250000000000000
0.0557715520262718200683593750000000000000
0.0558228306472301483154296875000000000000
0.0559041202068328857421875000000000000000
0.0560314282774925231933593750000000000000
0.0562283620238304138183593750000000000000
0.0565292723476886749267578125000000000000
0.0569834113121032714843750000000000000000
0.0576604120433330535888671875000000000000
0.0586572960019111633300781250000000000000
0.0601072423160076141357421875000000000000
0.0621903166174888610839843750000000000000
0.0651463568210601806640625000000000000000
0.0692898184061050415039062500000000000000
0.0750266015529632568359375000000000000000
0.0828721597790718078613281250000000000000
0.0934702903032302856445312500000000000000
0.1076114997267723083496093750000000000000
0.1262493729591369628906250000000000000000
0.1505131572484970092773437500000000000000
0.1817145496606826782226562500000000000000
0.2213462293148040771484375000000000000000
0.2710701227188110351562500000000000000000
0.3326927125453948974609375000000000000000
0.4081269800662994384765625000000000000000
0.4993380010128021240234375000000000000000
0.6082749366760253906250000000000000000000
0.7367879152297973632812500000000000000000
0.8865350484848022460937500000000000000000
1.0588812828063964843750000000000000000000
1.2547959089279174804687500000000000000000
1.4747540950775146484375000000000000000000
1.7186511754989624023437500000000000000000
1.9857366085052490234375000000000000000000
2.2745566368103027343750000000000000000000
2.5830430984497070312500000000000000000000
2.9079589843750000000000000000000000000000
3.2483563423156738281250000000000000000000
3.5859394073486328125000000000000000000000
4.0000000000000000000000000000000000000000
4.0000000000000000000000000000000000000000
3.0000000000000000000000000000000000000000
3.0000000000000000000000000000000000000000
2.6905913352966308593750000000000000000000
2.4382834434509277343750000000000000000000
2.1837935447692871093750000000000000000000
1.9407689571380615234375000000000000000000
1.7099075317382812500000000000000000000000
1.4936289787292480468750000000000000000000
1.2934906482696533203125000000000000000000
1.1105986833572387695312500000000000000000
0.9455388784408569335937500000000000000000
0.7984164953231811523437500000000000000000
0.6689018011093139648437500000000000000000
0.5562938451766967773437500000000000000000
0.4595913887023925781250000000000000000000
0.3775695860385894775390625000000000000000
0.3088549971580505371093750000000000000000
0.2519958615303039550781250000000000000000
0.2055245935916900634765625000000000000000
0.1680095791816711425781250000000000000000
0.1380963772535324096679687500000000000000
0.1145372837781906127929687500000000000000
0.0962102264165878295898437500000000000000
0.0821281820535659790039062500000000000000
0.0714405924081802368164062500000000000000
0.0634287372231483459472656250000000000000
0.0574963875114917755126953125000000000000
0.0531576685607433319091796875000000000000
0.0500233992934226989746093750000000000000
0.0477869771420955657958984375000000000000
0.0462107844650745391845703125000000000000
0.0451135113835334777832031250000000000000
0.0443590283393859863281250000000000000000
0.0438465885818004608154296875000000000000
0.0435028187930583953857421875000000000000
0.0432750210165977478027343750000000000000
0.0431259274482727050781250000000000000000
0.0430295430123805999755859375000000000000
0.0429679900407791137695312500000000000000
0.0429291687905788421630859375000000000000
0.0429049804806709289550781250000000000000
0.0428901053965091705322265625000000000000
0.0428810566663742065429687500000000000000
0.0428756251931190490722656250000000000000
0.0428724065423011779785156250000000000000
0.0428705252707004547119140625000000000000
0.0428694449365139007568359375000000000000
0.0428688451647758483886718750000000000000
0.0428685359656810760498046875000000000000
0.0428684130311012268066406250000000000000
0.0428684540092945098876953125000000000000
0.0428686551749706268310546875000000000000
0.0428690910339355468750000000000000000000
0.0428699068725109100341796875000000000000
0.0428713522851467132568359375000000000000
0.0428738668560981750488281250000000000000
0.0428781658411026000976562500000000000000
0.0428854115307331085205078125000000000000
0.0428974851965904235839843750000000000000
0.0429173372685909271240234375000000000000
0.0429496094584465026855468750000000000000
0.0430014058947563171386718750000000000000
0.0430835410952568054199218750000000000000
0.0432121567428112030029296875000000000000
0.0434111095964908599853515625000000000000
0.0437151081860065460205078125000000000000
0.0441738888621330261230468750000000000000
0.0448578037321567535400390625000000000000
0.0458648242056369781494140625000000000000
0.0473294295370578765869140625000000000000
0.0494334213435649871826171875000000000000
0.0524189062416553497314453125000000000000
0.0566032528877258300781250000000000000000
0.0623959898948669433593750000000000000000
0.0703170448541641235351562500000000000000
0.0810156017541885375976562500000000000000
0.0952884405851364135742187500000000000000
0.1140962243080139160156250000000000000000
0.1385760009288787841796875000000000000000
0.1700476408004760742187500000000000000000
0.2100119590759277343750000000000000000000
0.2601384520530700683593750000000000000000
0.3222398161888122558593750000000000000000
0.3982330262660980224609375000000000000000
0.4900841116905212402343750000000000000000
0.5997390151023864746093750000000000000000
0.7290401458740234375000000000000000000000
0.8796321153640747070312500000000000000000
1.0528610944747924804687500000000000000000
1.2496726512908935546875000000000000000000
1.4705152511596679687500000000000000000000
1.7152547836303710937500000000000000000000
1.9831130504608154296875000000000000000000
2.2726137638092041015625000000000000000000
2.5816736221313476562500000000000000000000
2.9070508480072021484375000000000000000000
3.2478096485137939453125000000000000000000
3.5856666564941406250000000000000000000000
4.0000000000000000000000000000000000000000
4.0000000000000000000000000000000000000000
3.0000000000000000000000000000000000000000
3.0000000000000000000000000000000000000000
2.6900296211242675781250000000000000000000
2.4372389316558837890625000000000000000000
2.1822237968444824218750000000000000000000
1.9386446475982666015625000000000000000000
1.7071933746337890625000000000000000000000
1.4902956485748291015625000000000000000000
1.2895162105560302734375000000000000000000
1.1059736013412475585937500000000000000000
0.9402670860290527343750000000000000000000
0.7925150990486145019531250000000000000000
0.6624006628990173339843750000000000000000
0.5492328405380249023437500000000000000000
0.4520184397697448730468750000000000000000
0.3695374429225921630859375000000000000000
0.3004186451435089111328125000000000000000
0.2432101219892501831054687500000000000000
0.1964420378208160400390625000000000000000
0.1586791574954986572265625000000000000000
0.1285623162984848022460937500000000000000
0.1048386245965957641601562500000000000000
0.0863805264234542846679687500000000000000
0.0721957311034202575683593750000000000000
0.0614288151264190673828125000000000000000
0.0533565953373908996582031250000000000000
0.0473789647221565246582031250000000000000
0.0430067628622055053710937500000000000000
0.0398480817675590515136718750000000000000
0.0375941097736358642578125000000000000000
0.0360054485499858856201171875000000000000
0.0348994806408882141113281250000000000000
0.0341389738023281097412109375000000000000
0.0336224436759948730468750000000000000000
0.0332759246230125427246093750000000000000
0.0330463051795959472656250000000000000000
0.0328960232436656951904296875000000000000
0.0327988639473915100097656250000000000000
0.0327368229627609252929687500000000000000
0.0326976887881755828857421875000000000000
0.0326733142137527465820312500000000000000
0.0326583087444305419921875000000000000000
0.0326491966843605041503906250000000000000
0.0326437205076217651367187500000000000000
0.0326404795050621032714843750000000000000
0.0326385870575904846191406250000000000000
0.0326374918222427368164062500000000000000
0.0326368883252143859863281250000000000000
0.0326365754008293151855468750000000000000
0.0326364561915397644042968750000000000000
0.0326365008950233459472656250000000000000
0.0326366983354091644287109375000000000000
0.0326371379196643829345703125000000000000
0.0326379612088203430175781250000000000000
0.0326394215226173400878906250000000000000
0.0326419509947299957275390625000000000000
0.0326462760567665100097656250000000000000
0.0326535813510417938232421875000000000000
0.0326657406985759735107421875000000000000
0.0326857604086399078369140625000000000000
0.0327182784676551818847656250000000000000
0.0327704809606075286865234375000000000000
0.0328532531857490539550781250000000000000
0.0329828783869743347167968750000000000000
0.0331833884119987487792968750000000000000
0.0334897637367248535156250000000000000000
0.0339521281421184539794921875000000000000
0.0346413664519786834716796875000000000000
0.0356562025845050811767578125000000000000
0.0371320955455303192138671875000000000000
0.0392522104084491729736328125000000000000
0.0422603674232959747314453125000000000000
0.0464761927723884582519531250000000000000
0.0523119866847991943359375000000000000000
0.0602911189198493957519531250000000000000
0.0710668712854385375976562500000000000000
0.0854407772421836853027343750000000000000
0.1043789386749267578125000000000000000000
0.1290242969989776611328125000000000000000
0.1607028990983963012695312500000000000000
0.2009218037128448486328125000000000000000
0.2513560354709625244140625000000000000000
0.3138231039047241210937500000000000000000
0.3902427554130554199218750000000000000000
0.4825820028781890869140625000000000000000
0.5927843451499938964843750000000000000000
0.7226865291595458984375000000000000000000
0.8739234805107116699218750000000000000000
1.0478281974792480468750000000000000000000
1.2453291416168212890625000000000000000000
1.4668557643890380859375000000000000000000
1.7122539281845092773437500000000000000000
1.9807265996932983398437500000000000000000
2.2707808017730712890625000000000000000000
2.5803248882293701171875000000000000000000
2.9061133861541748046875000000000000000000
3.2472176551818847656250000000000000000000
3.5853602886199951171875000000000000000000
4.0000000000000000000000000000000000000000
4.0000000000000000000000000000000000000000
3.0000000000000000000000000000000000000000
3.0000000000000000000000000000000000000000
2.6895461082458496093750000000000000000000
2.4363455772399902343750000000000000000000
2.1808900833129882812500000000000000000000
1.9368531703948974609375000000000000000000
1.7049245834350585937500000000000000000000
1.4875323772430419921875000000000000000000
1.2862480878829956054687500000000000000000
1.1021982431411743164062500000000000000000
0.9359909296035766601562500000000000000000
0.7877544164657592773437500000000000000000
0.6571802496910095214843750000000000000000
0.5435845851898193359375000000000000000000
0.4459795951843261718750000000000000000000
0.3631487488746643066406250000000000000000
0.2937222123146057128906250000000000000000
0.2362478077411651611328125000000000000000
0.1892538219690322875976562500000000000000
0.1513022482395172119140625000000000000000
0.1210304051637649536132812500000000000000
0.0971812978386878967285156250000000000000
0.0786233693361282348632812500000000000000
0.0643602833151817321777343750000000000000
0.0535328909754753112792968750000000000000
0.0454146303236484527587890625000000000000
0.0394024588167667388916015625000000000000
0.0350047089159488677978515625000000000000
0.0318273976445198059082031250000000000000
0.0295600257813930511474609375000000000000
0.0279618762433528900146484375000000000000
0.0268492549657821655273437500000000000000
0.0260841660201549530029296875000000000000
0.0255645178258419036865234375000000000000
0.0252158939838409423828125000000000000000
0.0249848924577236175537109375000000000000
0.0248336941003799438476562500000000000000
0.0247359499335289001464843750000000000000
0.0246735364198684692382812500000000000000
0.0246341712772846221923828125000000000000
0.0246096439659595489501953125000000000000
0.0245945546776056289672851562500000000000
0.0245853830128908157348632812500000000000
0.0245798788964748382568359375000000000000
0.0245766155421733856201171875000000000000
0.0245747081935405731201171875000000000000
0.0245736129581928253173828125000000000000
0.0245730038732290267944335937500000000000
0.0245726909488439559936523437500000000000
0.0245725717395544052124023437500000000000
0.0245726089924573898315429687500000000000
0.0245728138834238052368164062500000000000
0.0245732571929693222045898437500000000000
0.0245740823447704315185546875000000000000
0.0245755482465028762817382812500000000000
0.0245780982077121734619140625000000000000
0.0245824493467807769775390625000000000000
0.0245897918939590454101562500000000000000
0.0246020276099443435668945312500000000000
0.0246221572160720825195312500000000000000
0.0246548689901828765869140625000000000000
0.0247073806822299957275390625000000000000
0.0247906409204006195068359375000000000000
0.0249210279434919357299804687500000000000
0.0251227281987667083740234375000000000000
0.0254309065639972686767578125000000000000
0.0258959978818893432617187500000000000000
0.0265892799943685531616210937500000000000
0.0276100449264049530029296875000000000000
0.0290945321321487426757812500000000000000
0.0312269032001495361328125000000000000000
0.0342523083090782165527343750000000000000
0.0384920537471771240234375000000000000000
0.0443605668842792510986328125000000000000
0.0523838102817535400390625000000000000000
0.0632181540131568908691406250000000000000
0.0776687562465667724609375000000000000000
0.0967057868838310241699218750000000000000
0.1214766278862953186035156250000000000000
0.1533119827508926391601562500000000000000
0.1937234401702880859375000000000000000000
0.2443903982639312744140625000000000000000
0.3071337938308715820312500000000000000000
0.3838756680488586425781250000000000000000
0.4765835702419281005859375000000000000000
0.5871995687484741210937500000000000000000
0.7175561189651489257812500000000000000000
0.8692815899848937988281250000000000000000
1.0436992645263671875000000000000000000000
1.2417263984680175781250000000000000000000
1.4637783765792846679687500000000000000000
1.7096878290176391601562500000000000000000
1.9786437749862670898437500000000000000000
2.2691435813903808593750000000000000000000
2.5790877342224121093750000000000000000000
2.9052300453186035156250000000000000000000
3.2466461658477783203125000000000000000000
3.5850589275360107421875000000000000000000
4.0000000000000000000000000000000000000000
4.0000000000000000000000000000000000000000
3.0000000000000000000000000000000000000000
3.0000000000000000000000000000000000000000
2.6891427040100097656250000000000000000000
2.4356024265289306640625000000000000000000
2.1797862052917480468750000000000000000000
1.9353797435760498046875000000000000000000
1.7030699253082275390625000000000000000000
1.4852885007858276367187500000000000000000
1.2836105823516845703125000000000000000000
1.0991688966751098632812500000000000000000
0.9325777292251586914062500000000000000000
0.7839716672897338867187500000000000000000
0.6530481576919555664062500000000000000000
0.5391286015510559082031250000000000000000
0.4412285387516021728515625000000000000000
0.3581337034702301025390625000000000000000
0.2884752452373504638671875000000000000000
0.2308004796504974365234375000000000000000
0.1836364269256591796875000000000000000000
0.1455428153276443481445312500000000000000
0.1151542291045188903808593750000000000000
0.0912107080221176147460937500000000000000
0.0725775957107543945312500000000000000000
0.0582555532455444335937500000000000000000
0.0473825968801975250244140625000000000000
0.0392296500504016876220703125000000000000
0.0331914536654949188232421875000000000000
0.0287744589149951934814453125000000000000
0.0255831070244312286376953125000000000000
0.0233056470751762390136718750000000000000
0.0217003393918275833129882812500000000000
0.0205827150493860244750976562500000000000
0.0198141746222972869873046875000000000000
0.0192921720445156097412109375000000000000
0.0189419742673635482788085937500000000000
0.0187099222093820571899414062500000000000
0.0185580421239137649536132812500000000000
0.0184598583728075027465820312500000000000
0.0183971617370843887329101562500000000000
0.0183576215058565139770507812500000000000
0.0183329861611127853393554687500000000000
0.0183178279548883438110351562500000000000
0.0183086190372705459594726562500000000000
0.0183030869811773300170898437500000000000
0.0182998105883598327636718750000000000000
0.0182978976517915725708007812500000000000
0.0182967986911535263061523437500000000000
0.0182961858808994293212890625000000000000
0.0182958710938692092895507812500000000000
0.0182957500219345092773437500000000000000
0.0182957872748374938964843750000000000000
0.0182959921658039093017578125000000000000
0.0182964392006397247314453125000000000000
0.0182972680777311325073242187500000000000
0.0182987414300441741943359375000000000000
0.0183012969791889190673828125000000000000
0.0183056704699993133544921875000000000000
0.0183130446821451187133789062500000000000
0.0183253325521945953369140625000000000000
0.0183455478399991989135742187500000000000
0.0183784030377864837646484375000000000000
0.0184311456978321075439453125000000000000
0.0185147691518068313598632812500000000000
0.0186457335948944091796875000000000000000
0.0188483186066150665283203125000000000000
0.0191578529775142669677734375000000000000
0.0196249838918447494506835937500000000000
0.0203213095664978027343750000000000000000
0.0213465318083763122558593750000000000000
0.0228374656289815902709960937500000000000
0.0249790307134389877319335937500000000000
0.0280173830687999725341796875000000000000
0.0322750806808471679687500000000000000000
0.0381681546568870544433593750000000000000
0.0462244823575019836425781250000000000000
0.0571027807891368865966796875000000000000
0.0716108828783035278320312500000000000000
0.0907220020890235900878906250000000000000
0.1155868172645568847656250000000000000000
0.1475395113229751586914062500000000000000
0.1880950927734375000000000000000000000000
0.2389361113309860229492187500000000000000
0.3018861413002014160156250000000000000000
0.3788689374923706054687500000000000000000
0.4718525409698486328125000000000000000000
0.5827780365943908691406250000000000000000
0.7134751081466674804687500000000000000000
0.8655673861503601074218750000000000000000
1.0403715372085571289062500000000000000000
1.2387965917587280273437500000000000000000
1.4612491130828857421875000000000000000000
1.7075515985488891601562500000000000000000
1.9768848419189453125000000000000000000000
2.2677381038665771484375000000000000000000
2.5780072212219238281250000000000000000000
2.9044449329376220703125000000000000000000
3.2461307048797607421875000000000000000000
3.5847842693328857421875000000000000000000
4.0000000000000000000000000000000000000000
4.0000000000000000000000000000000000000000
3.0000000000000000000000000000000000000000
3.0000000000000000000000000000000000000000
2.6888146400451660156250000000000000000000
2.4349989891052246093750000000000000000000
2.1788938045501708984375000000000000000000
1.9341933727264404296875000000000000000000
1.7015841007232666015625000000000000000000
1.4834997653961181640625000000000000000000
1.2815190553665161132812500000000000000000
1.0967776775360107421875000000000000000000
0.9298949241638183593750000000000000000000
0.7810096740722656250000000000000000000000
0.6498235464096069335937500000000000000000
0.5356609225273132324218750000000000000000
0.4375401139259338378906250000000000000000
0.3542481362819671630859375000000000000000
0.2844166159629821777343750000000000000000
0.2265925407409667968750000000000000000000
0.1793017685413360595703125000000000000000
0.1411023736000061035156250000000000000000
0.1106268614530563354492187500000000000000
0.0866130664944648742675781250000000000000
0.0679239928722381591796875000000000000000
0.0535580515861511230468750000000000000000
0.0426511876285076141357421875000000000000
0.0344724282622337341308593750000000000000
0.0284148566424846649169921875000000000000
0.0239835400134325027465820312500000000000
0.0207817442715167999267578125000000000000
0.0184967778623104095458984375000000000000
0.0168861448764801025390625000000000000000
0.0157647989690303802490234375000000000000
0.0149936918169260025024414062500000000000
0.0144699420779943466186523437500000000000
0.0141185773536562919616699218750000000000
0.0138857485726475715637207031250000000000
0.0137333646416664123535156250000000000000
0.0136348502710461616516113281250000000000
0.0135719496756792068481445312500000000000
0.0135322762653231620788574218750000000000
0.0135075598955154418945312500000000000000
0.0134923551231622695922851562500000000000
0.0134831126779317855834960937500000000000
0.0134775657206773757934570312500000000000
0.0134742800146341323852539062500000000000
0.0134723586961627006530761718750000000000
0.0134712560102343559265136718750000000000
0.0134706422686576843261718750000000000000
0.0134703246876597404479980468750000000000
0.0134702054783701896667480468750000000000
0.0134702427312731742858886718750000000000
0.0134704485535621643066406250000000000000
0.0134708955883979797363281250000000000000
0.0134717281907796859741210937500000000000
0.0134732052683830261230468750000000000000
0.0134757710620760917663574218750000000000
0.0134801566600799560546875000000000000000
0.0134875550866127014160156250000000000000
0.0134998783469200134277343750000000000000
0.0135201588273048400878906250000000000000
0.0135531183332204818725585937500000000000
0.0136060286313295364379882812500000000000
0.0136899231001734733581542968750000000000
0.0138213112950325012207031250000000000000
0.0140245528891682624816894531250000000000
0.0143350884318351745605468750000000000000
0.0148037355393171310424804687500000000000
0.0155023112893104553222656250000000000000
0.0165308360010385513305664062500000000000
0.0180265493690967559814453125000000000000
0.0201749354600906372070312500000000000000
0.0232228823006153106689453125000000000000
0.0274938847869634628295898437500000000000
0.0334051586687564849853515625000000000000
0.0414860136806964874267578125000000000000
0.0523968636989593505859375000000000000000
0.0669475719332695007324218750000000000000
0.0861135348677635192871093750000000000000
0.1110479459166526794433593750000000000000
0.1430874764919281005859375000000000000000
0.1837497204542160034179687500000000000000
0.2347195446491241455078125000000000000000
0.2978224158287048339843750000000000000000
0.3749836087226867675781250000000000000000
0.4681713581085205078125000000000000000000
0.5793262720108032226562500000000000000000
0.7102760672569274902343750000000000000000
0.8626411557197570800781250000000000000000
1.0377339124679565429687500000000000000000
1.2364577054977416992187500000000000000000
1.4592125415802001953125000000000000000000
1.7058145999908447265625000000000000000000
1.9754387140274047851562500000000000000000
2.2665686607360839843750000000000000000000
2.5770974159240722656250000000000000000000
2.9037764072418212890625000000000000000000
3.2456874847412109375000000000000000000000
3.5845463275909423828125000000000000000000
4.0000000000000000000000000000000000000000
4.0000000000000000000000000000000000000000
3.0000000000000000000000000000000000000000
3.0000000000000000000000000000000000000000
2.6885533332824707031250000000000000000000
2.4345202445983886718750000000000000000000
2.1781868934631347656250000000000000000000
1.9332567453384399414062500000000000000000
1.7004158496856689453125000000000000000000
1.4820989370346069335937500000000000000000
1.2798871994018554687500000000000000000000
1.0949194431304931640625000000000000000000
0.9278175234794616699218750000000000000000
0.7787235975265502929687500000000000000000
0.6473416090011596679687500000000000000000
0.5329986810684204101562500000000000000000
0.4347142577171325683593750000000000000000
0.3512765169143676757812500000000000000000
0.2813172042369842529296875000000000000000
0.2233830392360687255859375000000000000000
0.1759988665580749511718750000000000000000
0.1377215683460235595703125000000000000000
0.1071821004152297973632812500000000000000
0.0831165760755538940429687500000000000000
0.0643863007426261901855468750000000000000
0.0499880872666835784912109375000000000000
0.0390562750399112701416015625000000000000
0.0308585260063409805297851562500000000000
0.0247867200523614883422851562500000000000
0.0203448720276355743408203125000000000000
0.0171354021877050399780273437500000000000
0.0148449195548892021179199218750000000000
0.0132303815335035324096679687500000000000
0.0121063012629747390747070312500000000000
0.0113333137705922126770019531250000000000
0.0108082853257656097412109375000000000000
0.0104560600593686103820800781250000000000
0.0102226622402667999267578125000000000000
0.0100699067115783691406250000000000000000
0.0099711548537015914916992187500000000000
0.0099081005901098251342773437500000000000
0.0098683331161737442016601562500000000000
0.0098435599356889724731445312500000000000
0.0098283169791102409362792968750000000000
0.0098190549761056900024414062500000000000
0.0098134940490126609802246093750000000000
0.0098101999610662460327148437500000000000
0.0098082749173045158386230468750000000000
0.0098071694374084472656250000000000000000
0.0098065547645092010498046875000000000000
0.0098062371835112571716308593750000000000
0.0098061161115765571594238281250000000000
0.0098061542958021163940429687500000000000
0.0098063610494136810302734375000000000000
0.0098068099468946456909179687500000000000
0.0098076444119215011596679687500000000000
0.0098091233521699905395507812500000000000
0.0098116956651210784912109375000000000000
0.0098160896450281143188476562500000000000
0.0098235057666897773742675781250000000000
0.0098358569666743278503417968750000000000
0.0098561849445104598999023437500000000000
0.0098892217501997947692871093750000000000
0.0099422549828886985778808593750000000000
0.0100263450294733047485351562500000000000
0.0101580414921045303344726562500000000000
0.0103617627173662185668945312500000000000
0.0106730302795767784118652343750000000000
0.0111427847295999526977539062500000000000
0.0118430033326148986816406250000000000000
0.0128739429637789726257324218750000000000
0.0143731515854597091674804687500000000000
0.0165265277028083801269531250000000000000
0.0195814948529005050659179687500000000000
0.0238622445613145828247070312500000000000
0.0297868363559246063232421875000000000000
0.0378856435418128967285156250000000000000
0.0488203428685665130615234375000000000000
0.0634022131562232971191406250000000000000
0.0826083496212959289550781250000000000000
0.1075936704874038696289062500000000000000
0.1396967619657516479492187500000000000000
0.1804371029138565063476562500000000000000
0.2315011769533157348632812500000000000000
0.2947160303592681884765625000000000000000
0.3720077574253082275390625000000000000000
0.4653452038764953613281250000000000000000
0.5766685009002685546875000000000000000000
0.7078042030334472656250000000000000000000
0.8603705167770385742187500000000000000000
1.0356767177581787109375000000000000000000
1.2346225976943969726562500000000000000000
1.4576036930084228515625000000000000000000
1.7044317722320556640625000000000000000000
1.9742774963378906250000000000000000000000
2.2656214237213134765625000000000000000000
2.5763542652130126953125000000000000000000
2.9032251834869384765625000000000000000000
3.2453198432922363281250000000000000000000
3.5843479633331298828125000000000000000000
4.0000000000000000000000000000000000000000
4.0000000000000000000000000000000000000000
3.0000000000000000000000000000000000000000
3.0000000000000000000000000000000000000000
2.6883499622344970703125000000000000000000
2.4341468811035156250000000000000000000000
2.1776366233825683593750000000000000000000
1.9325304031372070312500000000000000000000
1.6995127201080322265625000000000000000000
1.4810197353363037109375000000000000000000
1.2786341905593872070312500000000000000000
1.0934969186782836914062500000000000000000
0.9262321591377258300781250000000000000000
0.7769836187362670898437500000000000000000
0.6454575061798095703125000000000000000000
0.5309818387031555175781250000000000000000
0.4325775504112243652343750000000000000000
0.3490330874919891357421875000000000000000
0.2789804637432098388671875000000000000000
0.2209659069776535034179687500000000000000
0.1735137253999710083007812500000000000000
0.1351796388626098632812500000000000000000
0.1045935973525047302246093750000000000000
0.0804904401302337646484375000000000000000
0.0617302283644676208496093750000000000000
0.0473085269331932067871093750000000000000
0.0363585911691188812255859375000000000000
0.0281470511108636856079101562500000000000
0.0220649018883705139160156250000000000000
0.0176154077053070068359375000000000000000
0.0144003704190254211425781250000000000000
0.0121058849617838859558105468750000000000
0.0104885129258036613464355468750000000000
0.0093624554574489593505859375000000000000
0.0085881007835268974304199218750000000000
0.0080621466040611267089843750000000000000
0.0077093006111681461334228515625000000000
0.0074754925444722175598144531250000000000
0.0073224687948822975158691406250000000000
0.0072235451079905033111572265625000000000
0.0071603818796575069427490234375000000000
0.0071205450221896171569824218750000000000
0.0070957303978502750396728515625000000000
0.0070804618299007415771484375000000000000
0.0070711821317672729492187500000000000000
0.0070656142197549343109130859375000000000
0.0070623136125504970550537109375000000000
0.0070603862404823303222656250000000000000
0.0070592798292636871337890625000000000000
0.0070586628280580043792724609375000000000
0.0070583447813987731933593750000000000000
0.0070582241751253604888916015625000000000
0.0070582614280283451080322265625000000000
0.0070584686473011970520019531250000000000
0.0070589175447821617126464843750000000000
0.0070597529411315917968750000000000000000
0.0070612370036542415618896484375000000000
0.0070638111792504787445068359375000000000
0.0070682130753993988037109375000000000000
0.0070756399072706699371337890625000000000
0.0070880129933357238769531250000000000000
0.0071083740331232547760009765625000000000
0.0071414657868444919586181640625000000000
0.0071945874951779842376708984375000000000
0.0072788195684552192687988281250000000000
0.0074107376858592033386230468750000000000
0.0076148035004734992980957031250000000000
0.0079266000539064407348632812500000000000
0.0083971498534083366394042968750000000000
0.0090985577553510665893554687500000000000
0.0101312398910522460937500000000000000000
0.0116329733282327651977539062500000000000
0.0137899545952677726745605468750000000000
0.0168499983847141265869140625000000000000
0.0211377926170825958251953125000000000000
0.0270720161497592926025390625000000000000
0.0351838096976280212402343750000000000000
0.0461357459425926208496093750000000000000
0.0607401654124259948730468750000000000000
0.0799753591418266296386718750000000000000
0.1049975380301475524902343750000000000000
0.1371466219425201416015625000000000000000
0.1779434233903884887695312500000000000000
0.2290757596492767333984375000000000000000
0.2923716902732849121093750000000000000000
0.3697581589221954345703125000000000000000
0.4632042050361633300781250000000000000000
0.5746498703956604003906250000000000000000
0.7059208750724792480468750000000000000000
0.8586341142654418945312500000000000000000
1.0340968370437622070312500000000000000000
1.2332061529159545898437500000000000000000
1.4563547372817993164062500000000000000000
1.7033516168594360351562500000000000000000
1.9733642339706420898437500000000000000000
2.2648711204528808593750000000000000000000
2.5757613182067871093750000000000000000000
2.9027833938598632812500000000000000000000
3.2450232505798339843750000000000000000000
3.5841872692108154296875000000000000000000
4.0000000000000000000000000000000000000000
4.0000000000000000000000000000000000000000
3.0000000000000000000000000000000000000000
3.0000000000000000000000000000000000000000
2.6881937980651855468750000000000000000000
2.4338612556457519531250000000000000000000
2.1772167682647705078125000000000000000000
1.9319765567779541015625000000000000000000
1.6988252401351928710937500000000000000000
1.4802008867263793945312500000000000000000
1.2776863574981689453125000000000000000000
1.0924239158630371093750000000000000000000
0.9250392913818359375000000000000000000000
0.7756776809692382812500000000000000000000
0.6440461874008178710937500000000000000000
0.5294741392135620117187500000000000000000
0.4309827685356140136718750000000000000000
0.3473611474037170410156250000000000000000
0.2772410511970520019531250000000000000000
0.2191684991121292114257812500000000000000
0.1716672033071517944335937500000000000000
0.1332922875881195068359375000000000000000
0.1026726812124252319335937500000000000000
0.0785424634814262390136718750000000000000
0.0597607195377349853515625000000000000000
0.0453221425414085388183593750000000000000
0.0343591906130313873291015625000000000000
0.0261377450078725814819335937500000000000
0.0200481750071048736572265625000000000000
0.0155932009220123291015625000000000000000
0.0123741719871759414672851562500000000000
0.0100768189877271652221679687500000000000
0.0084574185311794281005859375000000000000
0.0073299445211887359619140625000000000000
0.0065546147525310516357421875000000000000
0.0060279988683760166168212890625000000000
0.0056747081689536571502685546875000000000
0.0054406085982918739318847656250000000000
0.0052873939275741577148437500000000000000
0.0051883477717638015747070312500000000000
0.0051251053810119628906250000000000000000
0.0050852210260927677154541015625000000000
0.0050603756681084632873535156250000000000
0.0050450894050300121307373046875000000000
0.0050357989966869354248046875000000000000
0.0050302236340939998626708984375000000000
0.0050269206985831260681152343750000000000
0.0050249896012246608734130859375000000000
0.0050238817930221557617187500000000000000
0.0050232647918164730072021484375000000000
0.0050229462794959545135498046875000000000
0.0050228261388838291168212890625000000000
0.0050228624604642391204833984375000000000
0.0050230706110596656799316406250000000000
0.0050235199742019176483154296875000000000
0.0050243563018739223480224609375000000000
0.0050258408300578594207763671875000000000
0.0050284182652831077575683593750000000000
0.0050328257493674755096435546875000000000
0.0050402604974806308746337890625000000000
0.0050526484847068786621093750000000000000
0.0050730332732200622558593750000000000000
0.0051061636768281459808349609375000000000
0.0051593487150967121124267578125000000000
0.0052436804398894309997558593750000000000
0.0053757564164698123931884765625000000000
0.0055800671689212322235107421875000000000
0.0058922395110130310058593750000000000000
0.0063633569516241550445556640625000000000
0.0070656104944646358489990234375000000000
0.0080995354801416397094726562500000000000
0.0096030691638588905334472656250000000000
0.0117626246064901351928710937500000000000
0.0148262903094291687011718750000000000000
0.0191191118210554122924804687500000000000
0.0250602178275585174560546875000000000000
0.0331812873482704162597656250000000000000
0.0441455394029617309570312500000000000000
0.0587660893797874450683593750000000000000
0.0780220478773117065429687500000000000000
0.1030705794692039489746093750000000000000
0.1352525800466537475585937500000000000000
0.1760898232460021972656250000000000000000
0.2272710353136062622070312500000000000000
0.2906250953674316406250000000000000000000
0.3680794239044189453125000000000000000000
0.4616034924983978271484375000000000000000
0.5731371641159057617187500000000000000000
0.7045057415962219238281250000000000000000
0.8573251962661743164062500000000000000000
1.0329015254974365234375000000000000000000
1.2321296930313110351562500000000000000000
1.4554013013839721679687500000000000000000
1.7025226354598999023437500000000000000000
1.9726597070693969726562500000000000000000
2.2642893791198730468750000000000000000000
2.5752990245819091796875000000000000000000
2.9024369716644287109375000000000000000000
3.2447903156280517578125000000000000000000
3.5840611457824707031250000000000000000000
4.0000000000000000000000000000000000000000
4.0000000000000000000000000000000000000000
3.0000000000000000000000000000000000000000
3.0000000000000000000000000000000000000000
2.6880762577056884765625000000000000000000
2.4336457252502441406250000000000000000000
2.1769003868103027343750000000000000000000
1.9315611124038696289062500000000000000000
1.6983110904693603515625000000000000000000
1.4795892238616943359375000000000000000000
1.2769800424575805664062500000000000000000
1.0916261672973632812500000000000000000000
0.9241542816162109375000000000000000000000
0.7747106552124023437500000000000000000000
0.6430031061172485351562500000000000000000
0.5283616781234741210937500000000000000000
0.4298079013824462890625000000000000000000
0.3461309075355529785156250000000000000000
0.2759625911712646484375000000000000000000
0.2178486883640289306640625000000000000000
0.1703123748302459716796875000000000000000
0.1319083273410797119140625000000000000000
0.1012648791074752807617187500000000000000
0.0771153941750526428222656250000000000000
0.0583183541893959045410156250000000000000
0.0438678041100502014160156250000000000000
0.0328956060111522674560546875000000000000
0.0246671419590711593627929687500000000000
0.0185723099857568740844726562500000000000
0.0141134513542056083679199218750000000000
0.0108915939927101135253906250000000000000
0.0085922153666615486145019531250000000000
0.0069713788107037544250488281250000000000
0.0058429040946066379547119140625000000000
0.0050668865442276000976562500000000000000
0.0045398031361401081085205078125000000000
0.0041862004436552524566650390625000000000
0.0039518945850431919097900390625000000000
0.0037985455710440874099731445312500000000
0.0036994132678955793380737304687500000000
0.0036361168604344129562377929687500000000
0.0035961978137493133544921875000000000000
0.0035713315010070800781250000000000000000
0.0035560317337512969970703125000000000000
0.0035467345733195543289184570312500000000
0.0035411543212831020355224609375000000000
0.0035378481261432170867919921875000000000
0.0035359165631234645843505859375000000000
0.0035348075907677412033081054687500000000
0.0035341898910701274871826171875000000000
0.0035338718444108963012695312500000000000
0.0035337503068149089813232421875000000000
0.0035337875597178936004638671875000000000
0.0035339954774826765060424804687500000000
0.0035344448406249284744262695312500000000
0.0035352823324501514434814453125000000000
0.0035367682576179504394531250000000000000
0.0035393475554883480072021484375000000000
0.0035437580663710832595825195312500000000
0.0035511988680809736251831054687500000000
0.0035635966341942548751831054687500000000
0.0035839979536831378936767578125000000000
0.0036171555984765291213989257812500000000
0.0036703844089061021804809570312500000000
0.0037547866813838481903076171875000000000
0.0038869730196893215179443359375000000000
0.0040914565324783325195312500000000000000
0.0044038919731974601745605468750000000000
0.0048754075542092323303222656250000000000
0.0055782557465136051177978515625000000000
0.0066130557097494602203369140625000000000
0.0081178564578294754028320312500000000000
0.0102792242541909217834472656250000000000
0.0133454445749521255493164062500000000000
0.0176418125629425048828125000000000000000
0.0235877707600593566894531250000000000000
0.0317153930664062500000000000000000000000
0.0426883473992347717285156250000000000000
0.0573202781379222869873046875000000000000
0.0765909254550933837890625000000000000000
0.1016580834984779357910156250000000000000
0.1338633596897125244140625000000000000000
0.1747292131185531616210937500000000000000
0.2259450852870941162109375000000000000000
0.2893403172492980957031250000000000000000
0.3668428659439086914062500000000000000000
0.4604224264621734619140625000000000000000
0.5720187425613403320312500000000000000000
0.7034569382667541503906250000000000000000
0.8563524484634399414062500000000000000000
1.0320099592208862304687500000000000000000
1.2313244342803955078125000000000000000000
1.4546849727630615234375000000000000000000
1.7018970251083374023437500000000000000000
1.9721257686614990234375000000000000000000
2.2638461589813232421875000000000000000000
2.5749456882476806640625000000000000000000
2.9021708965301513671875000000000000000000
3.2446105480194091796875000000000000000000
3.5839633941650390625000000000000000000000
4.0000000000000000000000000000000000000000
4.0000000000000000000000000000000000000000
3.0000000000000000000000000000000000000000
3.0000000000000000000000000000000000000000
2.6879887580871582031250000000000000000000
2.4334864616394042968750000000000000000000
2.1766667366027832031250000000000000000000
1.9312540292739868164062500000000000000000
1.6979315280914306640625000000000000000000
1.4791390895843505859375000000000000000000
1.2764610052108764648437500000000000000000
1.0910410881042480468750000000000000000000
0.9235065579414367675781250000000000000000
0.7740042209625244140625000000000000000000
0.6422424912452697753906250000000000000000
0.5275515317916870117187500000000000000000
0.4289534687995910644531250000000000000000
0.3452373147010803222656250000000000000000
0.2750348448753356933593750000000000000000
0.2168916761875152587890625000000000000000
0.1693307012319564819335937500000000000000
0.1309061348438262939453125000000000000000
0.1002459079027175903320312500000000000000
0.0760828852653503417968750000000000000000
0.0572750978171825408935546875000000000000
0.0428161397576332092285156250000000000000
0.0318374671041965484619140625000000000000
0.0236040744930505752563476562500000000000
0.0175055600702762603759765625000000000000
0.0130439829081296920776367187500000000000
0.0098201511427760124206542968750000000000
0.0075193541124463081359863281250000000000
0.0058975163847208023071289062500000000000
0.0047683436423540115356445312500000000000
0.0039918459951877593994140625000000000000
0.0034644373226910829544067382812500000000
0.0031106169335544109344482421875000000000
0.0028761681169271469116210937500000000000
0.0027227257378399372100830078125000000000
0.0026235340628772974014282226562500000000
0.0025601997040212154388427734375000000000
0.0025202571414411067962646484375000000000
0.0024953763931989669799804687500000000000
0.0024800677783787250518798828125000000000
0.0024707652628421783447265625000000000000
0.0024651819840073585510253906250000000000
0.0024618739262223243713378906250000000000
0.0024599411990493535995483398437500000000
0.0024588317610323429107666015625000000000
0.0024582138285040855407714843750000000000
0.0024578950833529233932495117187500000000
0.0024577740114182233810424804687500000000
0.0024578110314905643463134765625000000000
0.0024580196477472782135009765625000000000
0.0024584694765508174896240234375000000000
0.0024593065027147531509399414062500000000
0.0024607931263744831085205078125000000000
0.0024633742868900299072265625000000000000
0.0024677864275872707366943359375000000000
0.0024752321187406778335571289062500000000
0.0024876368697732686996459960937500000000
0.0025080491323024034500122070312500000000
0.0025412254035472869873046875000000000000
0.0025944849476218223571777343750000000000
0.0026789351832121610641479492187500000000
0.0028111983556300401687622070312500000000
0.0030158001463860273361206054687500000000
0.0033284188248217105865478515625000000000
0.0038002107758074998855590820312500000000
0.0045034708455204963684082031250000000000
0.0055388784967362880706787109375000000000
0.0070445621386170387268066406250000000000
0.0092071890830993652343750000000000000000
0.0122751863673329353332519531250000000000
0.0165740288794040679931640625000000000000
0.0225233696401119232177734375000000000000
0.0306555535644292831420898437500000000000
0.0416345857083797454833984375000000000000
0.0562744811177253723144531250000000000000
0.0755553692579269409179687500000000000000
0.1006355509161949157714843750000000000000
0.1328571140766143798828125000000000000000
0.1737430095672607421875000000000000000000
0.2249831259250640869140625000000000000000
0.2884072065353393554687500000000000000000
0.3659436106681823730468750000000000000000
0.4595621228218078613281250000000000000000
0.5712026357650756835937500000000000000000
0.7026900053024291992187500000000000000000
0.8556392788887023925781250000000000000000
1.0313549041748046875000000000000000000000
1.2307304143905639648437500000000000000000
1.4541550874710083007812500000000000000000
1.7014329433441162109375000000000000000000
1.9717277288436889648437500000000000000000
2.2635145187377929687500000000000000000000
2.5746800899505615234375000000000000000000
2.9019708633422851562500000000000000000000
3.2444751262664794921875000000000000000000
3.5838894844055175781250000000000000000000
4.0000000000000000000000000000000000000000
4.0000000000000000000000000000000000000000
3.0000000000000000000000000000000000000000
3.0000000000000000000000000000000000000000
2.6879248619079589843750000000000000000000
2.4333701133728027343750000000000000000000
2.1764965057373046875000000000000000000000
1.9310305118560791015625000000000000000000
1.6976559162139892578125000000000000000000
1.4788122177124023437500000000000000000000
1.2760847806930541992187500000000000000000
1.0906180143356323242187500000000000000000
0.9230387806892395019531250000000000000000
0.7734948992729187011718750000000000000000
0.6416948437690734863281250000000000000000
0.5269691944122314453125000000000000000000
0.4283399581909179687500000000000000000000
0.3445963561534881591796875000000000000000
0.2743700742721557617187500000000000000000
0.2162064611911773681640625000000000000000
0.1686282455921173095703125000000000000000
0.1301894038915634155273437500000000000000
0.0995175093412399291992187500000000000000
0.0753450840711593627929687500000000000000
0.0565298311412334442138671875000000000000
0.0420650467276573181152343750000000000000
0.0310818757861852645874023437500000000000
0.0228450819849967956542968750000000000000
0.0167440157383680343627929687500000000000
0.0122805628925561904907226562500000000000
0.0090553648769855499267578125000000000000
0.0067535890266299247741699218750000000000
0.0051310621201992034912109375000000000000
0.0040014074184000492095947265625000000000
0.0032245791517198085784912109375000000000
0.0026969476602971553802490234375000000000
0.0023429784923791885375976562500000000000
0.0021084309555590152740478515625000000000
0.0019549245480448007583618164062500000000
0.0018556921277195215225219726562500000000
0.0017923321574926376342773437500000000000
0.0017523734131827950477600097656250000000
0.0017274825368076562881469726562500000000
0.0017121679848060011863708496093750000000
0.0017028616275638341903686523437500000000
0.0016972764860838651657104492187500000000
0.0016939673805609345436096191406250000000
0.0016920337220653891563415527343750000000
0.0016909235855564475059509277343750000000
0.0016903057694435119628906250000000000000
0.0016899870242923498153686523437500000000
0.0016898659523576498031616210937500000000
0.0016899028560146689414978027343750000000
0.0016901113558560609817504882812500000000
0.0016905615339055657386779785156250000000
0.0016913987929001450538635253906250000000
0.0016928861150518059730529785156250000000
0.0016954677412286400794982910156250000000
0.0016998822102323174476623535156250000000
0.0017073301132768392562866210937500000000
0.0017197395209223031997680664062500000000
0.0017401592340320348739624023437500000000
0.0017733484273776412010192871093750000000
0.0018266284605488181114196777343750000000
0.0019111118745058774948120117187500000000
0.0020434274338185787200927734375000000000
0.0022481107152998447418212890625000000000
0.0025608541909605264663696289062500000000
0.0030328354332596063613891601562500000000
0.0037363790906965732574462890625000000000
0.0047722025774419307708740234375000000000
0.0062784901820123195648193359375000000000
0.0084419855847954750061035156250000000000
0.0115112047642469406127929687500000000000
0.0158117450773715972900390625000000000000
0.0217634197324514389038085937500000000000
0.0298987533897161483764648437500000000000
0.0408819653093814849853515625000000000000
0.0555273480713367462158203125000000000000
0.0748153105378150939941406250000000000000
0.0999044924974441528320312500000000000000
0.1321373134851455688476562500000000000000
0.1730370670557022094726562500000000000000
0.2242939472198486328125000000000000000000
0.2877381443977355957031250000000000000000
0.3652980029582977294921875000000000000000
0.4589436650276184082031250000000000000000
0.5706149339675903320312500000000000000000
0.7021366357803344726562500000000000000000
0.8551236987113952636718750000000000000000
1.0308800935745239257812500000000000000000
1.2302987575531005859375000000000000000000
1.4537687301635742187500000000000000000000
1.7010933160781860351562500000000000000000
1.9714357852935791015625000000000000000000
2.2632713317871093750000000000000000000000
2.5744843482971191406250000000000000000000
2.9018230438232421875000000000000000000000
3.2443747520446777343750000000000000000000
3.5838344097137451171875000000000000000000
4.0000000000000000000000000000000000000000
4.0000000000000000000000000000000000000000
3.0000000000000000000000000000000000000000
3.0000000000000000000000000000000000000000
2.6878793239593505859375000000000000000000
2.4332866668701171875000000000000000000000
2.1763741970062255859375000000000000000000
1.9308700561523437500000000000000000000000
1.6974580287933349609375000000000000000000
1.4785783290863037109375000000000000000000
1.2758160829544067382812500000000000000000
1.0903160572052001953125000000000000000000
0.9227056503295898437500000000000000000000
0.7731326818466186523437500000000000000000
0.6413059234619140625000000000000000000000
0.5265558958053588867187500000000000000000
0.4279050827026367187500000000000000000000
0.3441424667835235595703125000000000000000
0.2738996148109436035156250000000000000000
0.2157219201326370239257812500000000000000
0.1681319028139114379882812500000000000000
0.1296831965446472167968750000000000000000
0.0990032702684402465820312500000000000000
0.0748243853449821472167968750000000000000
0.0560040175914764404296875000000000000000
0.0415352322161197662353515625000000000000
0.0305489897727966308593750000000000000000
0.0223098602145910263061523437500000000000
0.0162070542573928833007812500000000000000
0.0117423180490732192993164062500000000000
0.0085161868482828140258789062500000000000
0.0062137460336089134216308593750000000000
0.0045907474122941493988037109375000000000
0.0034607662819325923919677734375000000000
0.0026837140321731567382812500000000000000
0.0021559305023401975631713867187500000000
0.0018018599366769194602966308593750000000
0.0015672461595386266708374023437500000000
0.0014136969111859798431396484375000000000
0.0013144367840141057968139648437500000000
0.0012510591186583042144775390625000000000
0.0012110897805541753768920898437500000000
0.0011861922685056924819946289062500000000
0.0011708737583830952644348144531250000000
0.0011615648400038480758666992187500000000
0.0011559783015400171279907226562500000000
0.0011526683811098337173461914062500000000
0.0011507342569530010223388671875000000000
0.0011496238876134157180786132812500000000
0.0011490057222545146942138671875000000000
0.0011486869771033525466918945312500000000
0.0011485657887533307075500488281250000000
0.0011486029252409934997558593750000000000
0.0011488113086670637130737304687500000000
0.0011492614867165684700012207031250000000
0.0011500993277877569198608398437500000000
0.0011515868827700614929199218750000000000
0.0011541692074388265609741210937500000000
0.0011585844913497567176818847656250000000
0.0011660343734547495841979980468750000000
0.0011784465750679373741149902343750000000
0.0011988721089437603950500488281250000000
0.0012320695677772164344787597656250000000
0.0012853636872023344039916992187500000000
0.0013698689872398972511291503906250000000
0.0015022193547338247299194335937500000000
0.0017069578170776367187500000000000000000
0.0020197858102619647979736328125000000000
0.0024918946437537670135498046875000000000
0.0031956299208104610443115234375000000000
0.0042317360639572143554687500000000000000
0.0057384343817830085754394531250000000000
0.0079025169834494590759277343750000000000
0.0109725659713149070739746093750000000000
0.0152742620557546615600585937500000000000
0.0212275199592113494873046875000000000000
0.0293649937957525253295898437500000000000
0.0403510667383670806884765625000000000000
0.0550001747906208038330078125000000000000
0.0742929801344871520996093750000000000000
0.0993883162736892700195312500000000000000
0.1316288113594055175781250000000000000000
0.1725380420684814453125000000000000000000
0.2238064706325531005859375000000000000000
0.2872643470764160156250000000000000000000
0.3648404181003570556640625000000000000000
0.4585047364234924316406250000000000000000
0.5701972246170043945312500000000000000000
0.7017427086830139160156250000000000000000
0.8547558784484863281250000000000000000000
1.0305404663085937500000000000000000000000
1.2299896478652954101562500000000000000000
1.4534910917282104492187500000000000000000
1.7008488178253173828125000000000000000000
1.9712251424789428710937500000000000000000
2.2630944252014160156250000000000000000000
2.5743422508239746093750000000000000000000
2.9017150402069091796875000000000000000000
3.2443015575408935546875000000000000000000
3.5837943553924560546875000000000000000000
4.0000000000000000000000000000000000000000
4.0000000000000000000000000000000000000000
3.0000000000000000000000000000000000000000
3.0000000000000000000000000000000000000000
2.6878466606140136718750000000000000000000
2.4332275390625000000000000000000000000000
2.1762871742248535156250000000000000000000
1.9307565689086914062500000000000000000000
1.6973183155059814453125000000000000000000
1.4784133434295654296875000000000000000000
1.2756266593933105468750000000000000000000
1.0901035070419311523437500000000000000000
0.9224714040756225585937500000000000000000
0.7728782296180725097656250000000000000000
0.6410329937934875488281250000000000000000
0.5262664556503295898437500000000000000000
0.4276007115840911865234375000000000000000
0.3438250422477722167968750000000000000000
0.2735709547996520996093750000000000000000
0.2153836488723754882812500000000000000000
0.1677854657173156738281250000000000000000
0.1293301135301589965820312500000000000000
0.0986447185277938842773437500000000000000
0.0744614452123641967773437500000000000000
0.0556376054883003234863281250000000000000
0.0411661192774772644042968750000000000000
0.0301777925342321395874023437500000000000
0.0219370871782302856445312500000000000000
0.0158331058919429779052734375000000000000
0.0113674998283386230468750000000000000000
0.0081407437101006507873535156250000000000
0.0058378530666232109069824218750000000000
0.0042145396582782268524169921875000000000
0.0030843382701277732849121093750000000000
0.0023071358446031808853149414062500000000
0.0017792505677789449691772460937500000000
0.0014251123648136854171752929687500000000
0.0011904540006071329116821289062500000000
0.0010368759976699948310852050781250000000
0.0009375972440466284751892089843750000000
0.0008742084028199315071105957031250000000
0.0008342316141352057456970214843750000000
0.0008093296783044934272766113281250000000
0.0007940085488371551036834716796875000000
0.0007846982334740459918975830078125000000
0.0007791106472723186016082763671875000000
0.0007758000865578651428222656250000000000
0.0007738657295703887939453125000000000000
0.0007727552438154816627502441406250000000
0.0007721369038335978984832763671875000000
0.0007718182168900966644287109375000000000
0.0007716970285400748252868652343750000000
0.0007717339321970939636230468750000000000
0.0007719425484538078308105468750000000000
0.0007723927265033125877380371093750000000
0.0007732305675745010375976562500000000000
0.0007747182971797883510589599609375000000
0.0007773011457175016403198242187500000000
0.0007817171281203627586364746093750000000
0.0007891681161709129810333251953125000000
0.0008015826460905373096466064453125000000
0.0008220112067647278308868408203125000000
0.0008552145445719361305236816406250000000
0.0009085175697691738605499267578125000000
0.0009930378291755914688110351562500000000
0.0011254115961492061614990234375000000000
0.0013301864964887499809265136718750000000
0.0016430707182735204696655273437500000000
0.0021152650006115436553955078125000000000
0.0028191281016916036605834960937500000000
0.0038554228376597166061401367187500000000
0.0053623961284756660461425781250000000000
0.0075268717482686042785644531250000000000
0.0105974785983562469482421875000000000000
0.0148999486118555068969726562500000000000
0.0208542756736278533935546875000000000000
0.0289931893348693847656250000000000000000
0.0399811714887619018554687500000000000000
0.0546328201889991760253906250000000000000
0.0739288777112960815429687500000000000000
0.0990283414721488952636718750000000000000
0.1312740743160247802734375000000000000000
0.1721897125244140625000000000000000000000
0.2234659194946289062500000000000000000000
0.2869331538677215576171875000000000000000
0.3645201325416564941406250000000000000000
0.4581971168518066406250000000000000000000
0.5699041485786437988281250000000000000000
0.7014657258987426757812500000000000000000
0.8544967770576477050781250000000000000000
1.0303009748458862304687500000000000000000
1.2297710180282592773437500000000000000000
1.4532945156097412109375000000000000000000
1.7006750106811523437500000000000000000000
1.9710750579833984375000000000000000000000
2.2629685401916503906250000000000000000000
2.5742406845092773437500000000000000000000
2.9016382694244384765625000000000000000000
3.2442488670349121093750000000000000000000
3.5837657451629638671875000000000000000000
4.0000000000000000000000000000000000000000
4.0000000000000000000000000000000000000000
3.0000000000000000000000000000000000000000
3.0000000000000000000000000000000000000000
2.6878242492675781250000000000000000000000
2.4331858158111572265625000000000000000000
2.1762268543243408203125000000000000000000
1.9306771755218505859375000000000000000000
1.6972210407257080078125000000000000000000
1.4782984256744384765625000000000000000000
1.2754950523376464843750000000000000000000
1.0899559259414672851562500000000000000000
0.9223089218139648437500000000000000000000
0.7727018594741821289062500000000000000000
0.6408440470695495605468750000000000000000
0.5260661244392395019531250000000000000000
0.4273903965950012207031250000000000000000
0.3436058759689331054687500000000000000000
0.2733441591262817382812500000000000000000
0.2151503562927246093750000000000000000000
0.1675467640161514282226562500000000000000
0.1290868669748306274414062500000000000000
0.0983977988362312316894531250000000000000
0.0742115974426269531250000000000000000000
0.0553854294121265411376953125000000000000
0.0409121252596378326416015625000000000000
0.0299224071204662322998046875000000000000
0.0216806530952453613281250000000000000000
0.0155758829787373542785644531250000000000
0.0111097032204270362854003906250000000000
0.0078825280070304870605468750000000000000
0.0055793402716517448425292968750000000000
0.0039558168500661849975585937500000000000
0.0028254701755940914154052734375000000000
0.0020481678657233715057373046875000000000
0.0015202153008431196212768554687500000000
0.0011660323943942785263061523437500000000
0.0009313448099419474601745605468750000000
0.0007777475984767079353332519531250000000
0.0006784569704905152320861816406250000000
0.0006150602712295949459075927734375000000
0.0005750789423473179340362548828125000000
0.0005501739797182381153106689453125000000
0.0005348512204363942146301269531250000000
0.0005255397991277277469635009765625000000
0.0005199516308493912220001220703125000000
0.0005166407208889722824096679687500000000
0.0005147061310708522796630859375000000000
0.0005135955871082842350006103515625000000
0.0005129771307110786437988281250000000000
0.0005126583855599164962768554687500000000
0.0005125371972098946571350097656250000000
0.0005125742172822356224060058593750000000
0.0005127828335389494895935058593750000000
0.0005132330115884542465209960937500000000
0.0005140710272826254367828369140625000000
0.0005155588733032345771789550781250000000
0.0005181418964639306068420410156250000000
0.0005225583445280790328979492187500000000
0.0005300100310705602169036865234375000000
0.0005424258997663855552673339843750000000
0.0005628568469546735286712646484375000000
0.0005960637936368584632873535156250000000
0.0006493729306384921073913574218750000000
0.0007339027943089604377746582031250000000
0.0008662919281050562858581542968750000000
0.0010710908100008964538574218750000000000
0.0013840118190273642539978027343750000000
0.0018562625627964735031127929687500000000
0.0025602099485695362091064453125000000000
0.0035966292489320039749145507812500000000
0.0051037827506661415100097656250000000000
0.0072685205377638339996337890625000000000
0.0103394957259297370910644531250000000000
0.0146424798294901847839355468750000000000
0.0205975100398063659667968750000000000000
0.0287373848259449005126953125000000000000
0.0397266484797000885009765625000000000000
0.0543799586594104766845703125000000000000
0.0736782029271125793457031250000000000000
0.0987804383039474487304687500000000000000
0.1310296207666397094726562500000000000000
0.1719495952129364013671875000000000000000
0.2232310026884078979492187500000000000000
0.2867044806480407714843750000000000000000
0.3642988801002502441406250000000000000000
0.4579843878746032714843750000000000000000
0.5697010159492492675781250000000000000000
0.7012737989425659179687500000000000000000
0.8543170094490051269531250000000000000000
1.0301344394683837890625000000000000000000
1.2296184301376342773437500000000000000000
1.4531571865081787109375000000000000000000
1.7005535364151000976562500000000000000000
1.9709699153900146484375000000000000000000
2.2628800868988037109375000000000000000000
2.5741691589355468750000000000000000000000
2.9015839099884033203125000000000000000000
3.2442123889923095703125000000000000000000
3.5837454795837402343750000000000000000000
4.0000000000000000000000000000000000000000
4.0000000000000000000000000000000000000000
3.0000000000000000000000000000000000000000
3.0000000000000000000000000000000000000000
2.6878085136413574218750000000000000000000
2.4331574440002441406250000000000000000000
2.1761851310729980468750000000000000000000
1.9306226968765258789062500000000000000000
1.6971540451049804687500000000000000000000
1.4782193899154663085937500000000000000000
1.2754045724868774414062500000000000000000
1.0898545980453491210937500000000000000000
0.9221975207328796386718750000000000000000
0.7725812196731567382812500000000000000000
0.6407149434089660644531250000000000000000
0.5259293913841247558593750000000000000000
0.4272468686103820800781250000000000000000
0.3434564471244812011718750000000000000000
0.2731896340847015380859375000000000000000
0.2149914801120758056640625000000000000000
0.1673842668533325195312500000000000000000
0.1289213746786117553710937500000000000000
0.0982298776507377624511718750000000000000
0.0740417242050170898437500000000000000000
0.0552140064537525177001953125000000000000
0.0407395064830780029296875000000000000000
0.0297488719224929809570312500000000000000
0.0215064175426959991455078125000000000000
0.0154011324048042297363281250000000000000
0.0109345735982060432434082031250000000000
0.0077071236446499824523925781250000000000
0.0054037398658692836761474609375000000000
0.0037800788413733243942260742187500000000
0.0026496362406760454177856445312500000000
0.0018722688546404242515563964843750000000
0.0013442726340144872665405273437500000000
0.0009900603909045457839965820312500000000
0.0007553537725470960140228271484375000000
0.0006017441628500819206237792968750000000
0.0005024457350373268127441406250000000000
0.0004390440881252288818359375000000000000
0.0003990595578216016292572021484375000000
0.0003741528489626944065093994140625000000
0.0003588288673199713230133056640625000000
0.0003495168639346957206726074218750000000
0.0003439283464103937149047851562500000000
0.0003406172036193311214447021484375000000
0.0003386824973858892917633056640625000000
0.0003375717788003385066986083984375000000
0.0003369532932993024587631225585937500000
0.0003366346354596316814422607421875000000
0.0003365134180057793855667114257812500000
0.0003365504089742898941040039062500000000
0.0003367590543348342180252075195312500000
0.0003372092323843389749526977539062500000
0.0003380472189746797084808349609375000000
0.0003395352396182715892791748046875000000
0.0003421184374019503593444824218750000000
0.0003465351765044033527374267578125000000
0.0003539875033311545848846435546875000000
0.0003664040996227413415908813476562500000
0.0003868365020025521516799926757812500000
0.0004200457478873431682586669921875000000
0.0004733588139060884714126586914062500000
0.0005578948766924440860748291015625000000
0.0006902940222062170505523681640625000000
0.0008951084455475211143493652343750000000
0.0012080533197149634361267089843750000000
0.0016803406178951263427734375000000000000
0.0023843427188694477081298828125000000000
0.0034208432771265506744384765625000000000
0.0049281162209808826446533203125000000000
0.0070930235087871551513671875000000000000
0.0101642403751611709594726562500000000000
0.0144675625488162040710449218750000000000
0.0204230584204196929931640625000000000000
0.0285635553300380706787109375000000000000
0.0395536608994007110595703125000000000000
0.0542080812156200408935546875000000000000
0.0735077485442161560058593750000000000000
0.0986118093132972717285156250000000000000
0.1308632791042327880859375000000000000000
0.1717860698699951171875000000000000000000
0.2230709791183471679687500000000000000000
0.2865485846996307373046875000000000000000
0.3641478419303894042968750000000000000000
0.4578390717506408691406250000000000000000
0.5695623159408569335937500000000000000000
0.7011423110961914062500000000000000000000
0.8541935682296752929687500000000000000000
1.0300198793411254882812500000000000000000
1.2295138835906982421875000000000000000000
1.4530627727508544921875000000000000000000
1.7004696130752563476562500000000000000000
1.9708970785140991210937500000000000000000
2.2628188133239746093750000000000000000000
2.5741193294525146484375000000000000000000
2.9015460014343261718750000000000000000000
3.2441864013671875000000000000000000000000
3.5837314128875732421875000000000000000000
4.0000000000000000000000000000000000000000
4.0000000000000000000000000000000000000000
3.0000000000000000000000000000000000000000
3.0000000000000000000000000000000000000000
2.6877977848052978515625000000000000000000
2.4331381320953369140625000000000000000000
2.1761565208435058593750000000000000000000
1.9305856227874755859375000000000000000000
1.6971086263656616210937500000000000000000
1.4781658649444580078125000000000000000000
1.2753432989120483398437500000000000000000
1.0897860527038574218750000000000000000000
0.9221221804618835449218750000000000000000
0.7724997401237487792968750000000000000000
0.6406278014183044433593750000000000000000
0.5258371233940124511718750000000000000000
0.4271501600742340087890625000000000000000
0.3433558344841003417968750000000000000000
0.2730856537818908691406250000000000000000
0.2148846089839935302734375000000000000000
0.1672750413417816162109375000000000000000
0.1288101822137832641601562500000000000000
0.0981170684099197387695312500000000000000
0.0739276334643363952636718750000000000000
0.0550989210605621337890625000000000000000
0.0406236313283443450927734375000000000000
0.0296323988586664199829101562500000000000
0.0213894937187433242797851562500000000000
0.0152838705107569694519042968750000000000
0.0108170639723539352416992187500000000000
0.0075894370675086975097656250000000000000
0.0052859256975352764129638671875000000000
0.0036621745675802230834960937500000000000
0.0025316711980849504470825195312500000000
0.0017542621353641152381896972656250000000
0.0012262372765690088272094726562500000000
0.0008720063487999141216278076171875000000
0.0006372873904183506965637207031250000000
0.0004836699517909437417984008789062500000
0.0003843664308078587055206298828125000000
0.0003209616406820714473724365234375000000
0.0002809751895256340503692626953125000000
0.0002560673165135085582733154296875000000
0.0002407425781711935997009277343750000000
0.0002314300945727154612541198730468750000
0.0002258413733216002583503723144531250000
0.0002225300559075549244880676269531250000
0.0002205953060183674097061157226562500000
0.0002194845874328166246414184570312500000
0.0002188660728279501199722290039062500000
0.0002185473422287032008171081542968750000
0.0002184261393267661333084106445312500000
0.0002184631593991070985794067382812500000
0.0002186717465519905090332031250000000000
0.0002191219682572409510612487792968750000
0.0002199600421590730547904968261718750000
0.0002214480191469192504882812500000000000
0.0002240313915535807609558105468750000000
0.0002284483052790164947509765625000000000
0.0002359009376959875226020812988281250000
0.0002483181015122681856155395507812500000
0.0002687512896955013275146484375000000000
0.0003019620780833065509796142578125000000
0.0003552776470314711332321166992187500000
0.0004398177261464297771453857421875000000
0.0005722230998799204826354980468750000000
0.0007770474767312407493591308593750000000
0.0010900080669671297073364257812500000000
0.0015623187646269798278808593750000000000
0.0022663560230284929275512695312500000000
0.0033029087353497743606567382812500000000
0.0048102587461471557617187500000000000000
0.0069752754643559455871582031250000000000
0.0100466487929224967956542968750000000000
0.0143501879647374153137207031250000000000
0.0203059855848550796508789062500000000000
0.0284468922764062881469726562500000000000
0.0394375361502170562744140625000000000000
0.0540926679968833923339843750000000000000
0.0733932703733444213867187500000000000000
0.0984985083341598510742187500000000000000
0.1307514905929565429687500000000000000000
0.1716761291027069091796875000000000000000
0.2229633033275604248046875000000000000000
0.2864436209201812744140625000000000000000
0.3640460968017578125000000000000000000000
0.4577410817146301269531250000000000000000
0.5694686174392700195312500000000000000000
0.7010535001754760742187500000000000000000
0.8541101217269897460937500000000000000000
1.0299423933029174804687500000000000000000
1.2294424772262573242187500000000000000000
1.4529982805252075195312500000000000000000
1.7004125118255615234375000000000000000000
1.9708477258682250976562500000000000000000
2.2627768516540527343750000000000000000000
2.5740857124328613281250000000000000000000
2.9015202522277832031250000000000000000000
3.2441687583923339843750000000000000000000
3.5837218761444091796875000000000000000000
4.0000000000000000000000000000000000000000
4.0000000000000000000000000000000000000000
3.0000000000000000000000000000000000000000
3.0000000000000000000000000000000000000000
2.6877903938293457031250000000000000000000
2.4331247806549072265625000000000000000000
2.1761374473571777343750000000000000000000
1.9305607080459594726562500000000000000000
1.6970783472061157226562500000000000000000
1.4781299829483032226562500000000000000000
1.2753022909164428710937500000000000000000
1.0897401571273803710937500000000000000000
0.9220720529556274414062500000000000000000
0.7724453210830688476562500000000000000000
0.6405696868896484375000000000000000000000
0.5257757902145385742187500000000000000000
0.4270857870578765869140625000000000000000
0.3432888984680175781250000000000000000000
0.2730165123939514160156250000000000000000
0.2148136645555496215820312500000000000000
0.1672025024890899658203125000000000000000
0.1287363618612289428710937500000000000000
0.0980422347784042358398437500000000000000
0.0738519728183746337890625000000000000000
0.0550226047635078430175781250000000000000
0.0405468121170997619628906250000000000000
0.0295551903545856475830078125000000000000
0.0213119946420192718505859375000000000000
0.0152061525732278823852539062500000000000
0.0107391886413097381591796875000000000000
0.0075114453211426734924316406250000000000
0.0052078524604439735412597656250000000000
0.0035840459167957305908203125000000000000
0.0024535027332603931427001953125000000000
0.0016760665457695722579956054687500000000
0.0011480238754302263259887695312500000000
0.0007937809568829834461212158203125000000
0.0005590541986748576164245605468750000000
0.0004054317250847816467285156250000000000
0.0003061250608880072832107543945312500000
0.0002427183062536641955375671386718750000
0.0002027306472882628440856933593750000000
0.0001778220175765454769134521484375000000
0.0001624968572286888957023620605468750000
0.0001531841116957366466522216796875000000
0.0001475951867178082466125488281250000000
0.0001442838256480172276496887207031250000
0.0001423489738954231142997741699218750000
0.0001412382407579571008682250976562500000
0.0001406197261530905961990356445312500000
0.0001403009810019284486770629882812500000
0.0001401797489961609244346618652343750000
0.0001402167836204171180725097656250000000
0.0001404254144290462136268615722656250000
0.0001408756361342966556549072265625000000
0.0001417137391399592161178588867187500000
0.0001432017306797206401824951171875000000
0.0001457851612940430641174316406250000000
0.0001502022059867158532142639160156250000
0.0001576550275785848498344421386718750000
0.0001700724969850853085517883300781250000
0.0001905063109006732702255249023437500000
0.0002237180306110531091690063476562500000
0.0002770350838545709848403930664062500000
0.0003615777241066098213195800781250000000
0.0004939871141687035560607910156250000000
0.0006988177774474024772644042968750000000
0.0010117879137396812438964843750000000000
0.0014841135125607252120971679687500000000
0.0021881733555346727371215820312500000000
0.0032247595954686403274536132812500000000
0.0047321571037173271179199218750000000000
0.0068972446024417877197265625000000000000
0.0099687175825238227844238281250000000000
0.0142723964527249336242675781250000000000
0.0202283840626478195190429687500000000000
0.0283695515245199203491210937500000000000
0.0393605493009090423583984375000000000000
0.0540161430835723876953125000000000000000
0.0733173415064811706542968750000000000000
0.0984233468770980834960937500000000000000
0.1306772977113723754882812500000000000000
0.1716031283140182495117187500000000000000
0.2228917330503463745117187500000000000000
0.2863738536834716796875000000000000000000
0.3639784157276153564453125000000000000000
0.4576757848262786865234375000000000000000
0.5694060921669006347656250000000000000000
0.7009941935539245605468750000000000000000
0.8540544509887695312500000000000000000000
1.0298905372619628906250000000000000000000
1.2293947935104370117187500000000000000000
1.4529553651809692382812500000000000000000
1.7003742456436157226562500000000000000000
1.9708141088485717773437500000000000000000
2.2627487182617187500000000000000000000000
2.5740628242492675781250000000000000000000
2.9015028476715087890625000000000000000000
3.2441565990447998046875000000000000000000
3.5837154388427734375000000000000000000000
4.0000000000000000000000000000000000000000
4.0000000000000000000000000000000000000000
3.0000000000000000000000000000000000000000
3.0000000000000000000000000000000000000000
2.6877858638763427734375000000000000000000
2.4331161975860595703125000000000000000000
2.1761250495910644531250000000000000000000
1.9305446147918701171875000000000000000000
1.6970579624176025390625000000000000000000
1.4781062602996826171875000000000000000000
1.2752753496170043945312500000000000000000
1.0897099971771240234375000000000000000000
0.9220388531684875488281250000000000000000
0.7724095582962036132812500000000000000000
0.6405314207077026367187500000000000000000
0.5257353782653808593750000000000000000000
0.4270435273647308349609375000000000000000
0.3432449698448181152343750000000000000000
0.2729711830615997314453125000000000000000
0.2147670984268188476562500000000000000000
0.1671549379825592041015625000000000000000
0.1286879926919937133789062500000000000000
0.0979931950569152832031250000000000000000
0.0738023966550827026367187500000000000000
0.0549726262688636779785156250000000000000
0.0404965057969093322753906250000000000000
0.0295046363025903701782226562500000000000
0.0212612543255090713500976562500000000000
0.0151552762836217880249023437500000000000
0.0106882108375430107116699218750000000000
0.0074603958055377006530761718750000000000
0.0051567531190812587738037109375000000000
0.0035329093225300312042236328125000000000
0.0024023414589464664459228515625000000000
0.0016248881584033370018005371093750000000
0.0010968343121930956840515136718750000000
0.0007425840012729167938232421875000000000
0.0005078523536212742328643798828125000000
0.0003542267368175089359283447265625000000
0.0002549180644564330577850341796875000000
0.0001915100729092955589294433593750000000
0.0001515216281404718756675720214843750000
0.0001266125327674672007560729980468750000
0.0001112871104851365089416503906250000000
0.0001019742194330319762229919433593750000
0.0000963852071436122059822082519531250000
0.0000930737733142450451850891113281250000
0.0000911388997337780892848968505859375000
0.0000900281374924816191196441650390625000
0.0000894096083356998860836029052734375000
0.0000890908559085801243782043457031250000
0.0000889696311787702143192291259765625000
0.0000890066585270687937736511230468750000
0.0000892152966116555035114288330078125000
0.0000896655183169059455394744873046875000
0.0000905036285985261201858520507812500000
0.0000919916637940332293510437011718750000
0.0000945751307881437242031097412109375000
0.0000989922336884774267673492431640625000
0.0001064451789716258645057678222656250000
0.0001188628739328123629093170166015625000
0.0001392970152664929628372192382812500000
0.0001725093170534819364547729492187500000
0.0002258273743791505694389343261718750000
0.0003103715425822883844375610351562500000
0.0004427834355738013982772827148437500000
0.0006476179114542901515960693359375000000
0.0009605942177586257457733154296875000000
0.0014329290715977549552917480468750000000
0.0021370030008256435394287109375000000000
0.0031736097298562526702880859375000000000
0.0046810382045805454254150390625000000000
0.0068461694754660129547119140625000000000
0.0099177053198218345642089843750000000000
0.0142214726656675338745117187500000000000
0.0201775841414928436279296875000000000000
0.0283189155161380767822265625000000000000
0.0393101349472999572753906250000000000000
0.0539660267531871795654296875000000000000
0.0732675939798355102539062500000000000000
0.0983740985393524169921875000000000000000
0.1306286454200744628906250000000000000000
0.1715552508831024169921875000000000000000
0.2228448390960693359375000000000000000000
0.2863280177116394042968750000000000000000
0.3639339506626129150390625000000000000000
0.4576329290866851806640625000000000000000
0.5693650841712951660156250000000000000000
0.7009550333023071289062500000000000000000
0.8540176153182983398437500000000000000000
1.0298563241958618164062500000000000000000
1.2293635606765747070312500000000000000000
1.4529266357421875000000000000000000000000
1.7003488540649414062500000000000000000000
1.9707921743392944335937500000000000000000
2.2627301216125488281250000000000000000000
2.5740475654602050781250000000000000000000
2.9014911651611328125000000000000000000000
3.2441487312316894531250000000000000000000
3.5837109088897705078125000000000000000000
4.0000000000000000000000000000000000000000
4.0000000000000000000000000000000000000000
3.0000000000000000000000000000000000000000
3.0000000000000000000000000000000000000000
2.6877827644348144531250000000000000000000
2.4331107139587402343750000000000000000000
2.1761167049407958984375000000000000000000
1.9305336475372314453125000000000000000000
1.6970449686050415039062500000000000000000
1.4780908823013305664062500000000000000000
1.2752577066421508789062500000000000000000
1.0896904468536376953125000000000000000000
0.9220173954963684082031250000000000000000
0.7723863720893859863281250000000000000000
0.6405067443847656250000000000000000000000
0.5257092118263244628906250000000000000000
0.4270160794258117675781250000000000000000
0.3432165086269378662109375000000000000000
0.2729417979717254638671875000000000000000
0.2147369682788848876953125000000000000000
0.1671241521835327148437500000000000000000
0.1286566704511642456054687500000000000000
0.0979614630341529846191406250000000000000
0.0737703368067741394042968750000000000000
0.0549402907490730285644531250000000000000
0.0404639653861522674560546875000000000000
0.0294719431549310684204101562500000000000
0.0212284438312053680419921875000000000000
0.0151223810389637947082519531250000000000
0.0106552531942725181579589843750000000000
0.0074273934587836265563964843750000000000
0.0051237172447144985198974609375000000000
0.0034998510964214801788330078125000000000
0.0023692678660154342651367187500000000000
0.0015918040880933403968811035156250000000
0.0010637431405484676361083984375000000000
0.0007094881730154156684875488281250000000
0.0004747535567730665206909179687500000000
0.0003211259900126606225967407226562500000
0.0002218160807387903332710266113281250000
0.0001584073324920609593391418457031250000
0.0001184184220619499683380126953125000000
0.0000935090210987254977226257324218750000
0.0000781834460212849080562591552734375000
0.0000688704385538585484027862548828125000
0.0000632813753327354788780212402343750000
0.0000599699087615590542554855346679687500
0.0000580350242671556770801544189453125000
0.0000569242511119227856397628784179687500
0.0000563057183171622455120086669921875000
0.0000559869622520636767148971557617187500
0.0000558657411602325737476348876953125000
0.0000559027648705523461103439331054687500
0.0000561113993171602487564086914062500000
0.0000565616355743259191513061523437500000
0.0000573997385799884796142578125000000000
0.0000588877883274108171463012695312500000
0.0000614712771493941545486450195312500000
0.0000658884309814311563968658447265625000
0.0000733414490241557359695434570312500000
0.0000857592676766216754913330078125000000
0.0001061936272890307009220123291015625000
0.0001394062710460275411605834960937500000
0.0001927249250002205371856689453125000000
0.0002772700390778481960296630859375000000
0.0004096834454685449600219726562500000000
0.0006145204533822834491729736328125000000
0.0009275003103539347648620605468750000000
0.0013998410431668162345886230468750000000
0.0021039233542978763580322265625000000000
0.0031405433546751737594604492187500000000
0.0046479906886816024780273437500000000000
0.0068131489679217338562011718750000000000
0.0098847234621644020080566406250000000000
0.0141885457560420036315917968750000000000
0.0201447345316410064697265625000000000000
0.0282861683517694473266601562500000000000
0.0392775312066078186035156250000000000000
0.0539336018264293670654296875000000000000
0.0732354074716567993164062500000000000000
0.0983422249555587768554687500000000000000
0.1305971592664718627929687500000000000000
0.1715242564678192138671875000000000000000
0.2228143960237503051757812500000000000000
0.2862983345985412597656250000000000000000
0.3639050722122192382812500000000000000000
0.4576050341129302978515625000000000000000
0.5693383216857910156250000000000000000000
0.7009297609329223632812500000000000000000
0.8539937138557434082031250000000000000000
1.0298340320587158203125000000000000000000
1.2293429374694824218750000000000000000000
1.4529081583023071289062500000000000000000
1.7003322839736938476562500000000000000000
1.9707777500152587890625000000000000000000
2.2627177238464355468750000000000000000000
2.5740380287170410156250000000000000000000
2.9014837741851806640625000000000000000000
3.2441437244415283203125000000000000000000
3.5837082862854003906250000000000000000000
4.0000000000000000000000000000000000000000
4.0000000000000000000000000000000000000000
3.0000000000000000000000000000000000000000
3.0000000000000000000000000000000000000000
2.6877808570861816406250000000000000000000
2.4331073760986328125000000000000000000000
2.1761116981506347656250000000000000000000
1.9305269718170166015625000000000000000000
1.6970363855361938476562500000000000000000
1.4780807495117187500000000000000000000000
1.2752463817596435546875000000000000000000
1.0896776914596557617187500000000000000000
0.9220034480094909667968750000000000000000
0.7723714113235473632812500000000000000000
0.6404908895492553710937500000000000000000
0.5256924033164978027343750000000000000000
0.4269985556602478027343750000000000000000
0.3431982398033142089843750000000000000000
0.2729229927062988281250000000000000000000
0.2147176563739776611328125000000000000000
0.1671044677495956420898437500000000000000
0.1286366730928421020507812500000000000000
0.0979411900043487548828125000000000000000
0.0737498402595520019531250000000000000000
0.0549196302890777587890625000000000000000
0.0404431819915771484375000000000000000000
0.0294510610401630401611328125000000000000
0.0212074909359216690063476562500000000000
0.0151013731956481933593750000000000000000
0.0106342062354087829589843750000000000000
0.0074063180945813655853271484375000000000
0.0051026223227381706237792968750000000000
0.0034787424374371767044067382812500000000
0.0023481494281440973281860351562500000000
0.0015706794802099466323852539062500000000
0.0010426143417134881019592285156250000000
0.0006883564637973904609680175781250000000
0.0004536199267022311687469482421875000000
0.0002999912831000983715057373046875000000
0.0002006806171266362071037292480468750000
0.0001372714032186195254325866699218750000
0.0000972822163021191954612731933593750000
0.0000723726625437848269939422607421875000
0.0000570469710510224103927612304687500000
0.0000477339126518927514553070068359375000
0.0000421448130509816110134124755859375000
0.0000388333210139535367488861083984375000
0.0000368984256056137382984161376953125000
0.0000357876488124020397663116455078125000
0.0000351691051037050783634185791015625000
0.0000348503526765853166580200195312500000
0.0000347291206708177924156188964843750000
0.0000347661516570951789617538452148437500
0.0000349747933796606957912445068359375000
0.0000354250259988475590944290161132812500
0.0000362631399184465408325195312500000000
0.0000377511933038476854562759399414062500
0.0000403346930397674441337585449218750000
0.0000447518723376560956239700317382812500
0.0000522049376741051673889160156250000000
0.0000646228290861472487449645996093750000
0.0000850573196657933294773101806640625000
0.0001182701889774762094020843505859375000
0.0001715891703497618436813354492187500000
0.0002561348665039986371994018554687500000
0.0003885492042172700166702270507812500000
0.0005933876382187008857727050781250000000
0.0009063698234967887401580810546875000000
0.0013787139905616641044616699218750000000
0.0020828018896281719207763671875000000000
0.0031194293405860662460327148437500000000
0.0046268883161246776580810546875000000000
0.0067920647561550140380859375000000000000
0.0098636625334620475769042968750000000000
0.0141675192862749099731445312500000000000
0.0201237499713897705078125000000000000000
0.0282652527093887329101562500000000000000
0.0392566993832588195800781250000000000000
0.0539128854870796203613281250000000000000
0.0732148438692092895507812500000000000000
0.0983218401670455932617187500000000000000
0.1305770277976989746093750000000000000000
0.1715044081211090087890625000000000000000
0.2227949351072311401367187500000000000000
0.2862792909145355224609375000000000000000
0.3638865947723388671875000000000000000000
0.4575872421264648437500000000000000000000
0.5693212151527404785156250000000000000000
0.7009133696556091308593750000000000000000
0.8539782762527465820312500000000000000000
1.0298196077346801757812500000000000000000
1.2293295860290527343750000000000000000000
1.4528959989547729492187500000000000000000
1.7003215551376342773437500000000000000000
1.9707683324813842773437500000000000000000
2.2627096176147460937500000000000000000000
2.5740313529968261718750000000000000000000
2.9014785289764404296875000000000000000000
3.2441406250000000000000000000000000000000
3.5837063789367675781250000000000000000000
4.0000000000000000000000000000000000000000
4.0000000000000000000000000000000000000000
3.0000000000000000000000000000000000000000
3.0000000000000000000000000000000000000000
2.6877796649932861328125000000000000000000
2.4331049919128417968750000000000000000000
2.1761083602905273437500000000000000000000
1.9305222034454345703125000000000000000000
1.6970310211181640625000000000000000000000
1.4780745506286621093750000000000000000000
1.2752391099929809570312500000000000000000
1.0896697044372558593750000000000000000000
0.9219948053359985351562500000000000000000
0.7723619341850280761718750000000000000000
0.6404806971549987792968750000000000000000
0.5256817936897277832031250000000000000000
0.4269873499870300292968750000000000000000
0.3431867659091949462890625000000000000000
0.2729110717773437500000000000000000000000
0.2147054374217987060546875000000000000000
0.1670920252799987792968750000000000000000
0.1286240071058273315429687500000000000000
0.0979283824563026428222656250000000000000
0.0737369135022163391113281250000000000000
0.0549065954983234405517578125000000000000
0.0404300652444362640380859375000000000000
0.0294378884136676788330078125000000000000
0.0211942698806524276733398437500000000000
0.0150881232693791389465332031250000000000
0.0106209311634302139282226562500000000000
0.0073930257931351661682128906250000000000
0.0050893174484372138977050781250000000000
0.0034654294140636920928955078125000000000
0.0023348305840045213699340820312500000000
0.0015573569107800722122192382812500000000
0.0010292890947312116622924804687500000000
0.0006750295287929475307464599609375000000
0.0004402919730637222528457641601562500000
0.0002866626018658280372619628906250000000
0.0001873514556791633367538452148437500000
0.0001239419798366725444793701171875000000
0.0000839526182971894741058349609375000000
0.0000590429590374696999788284301757812500
0.0000437172202509827911853790283203125000
0.0000344041109201498329639434814453125000
0.0000288150004053022712469100952148437500
0.0000255034974543377757072448730468750000
0.0000235685947700403630733489990234375000
0.0000224578088818816468119621276855468750
0.0000218392633541952818632125854492187500
0.0000215205163840437307953834533691406250
0.0000213992825592868030071258544921875000
0.0000214363135455641895532608032226562500
0.0000216449516301508992910385131835937500
0.0000220951860683271661400794982910156250
0.0000229333036259049549698829650878906250
0.0000244213679252425208687782287597656250
0.0000270048712991410866379737854003906250
0.0000314220633299555629491806030273437500
0.0000388751577702350914478302001953125000
0.0000512930928380228579044342041015625000
0.0000717276561772450804710388183593750000
0.0001049406564561650156974792480468750000
0.0001582598488312214612960815429687500000
0.0002428058942314237356185913085937500000
0.0003752207558136433362960815429687500000
0.0005800600629299879074096679687500000000
0.0008930436451919376850128173828125000000
0.0013653899077326059341430664062500000000
0.0020694809500128030776977539062500000000
0.0031061132904142141342163085937500000000
0.0046135792508721351623535156250000000000
0.0067787664011120796203613281250000000000
0.0098503781482577323913574218750000000000
0.0141542553901672363281250000000000000000
0.0201105158776044845581054687500000000000
0.0282520558685064315795898437500000000000
0.0392435565590858459472656250000000000000
0.0538998134434223175048828125000000000000
0.0732018649578094482421875000000000000000
0.0983089730143547058105468750000000000000
0.1305643022060394287109375000000000000000
0.1714918911457061767578125000000000000000
0.2227826416492462158203125000000000000000
0.2862672507762908935546875000000000000000
0.3638748526573181152343750000000000000000
0.4575758874416351318359375000000000000000
0.5693103671073913574218750000000000000000
0.7009029984474182128906250000000000000000
0.8539685010910034179687500000000000000000
1.0298104286193847656250000000000000000000
1.2293212413787841796875000000000000000000
1.4528882503509521484375000000000000000000
1.7003147602081298828125000000000000000000
1.9707624912261962890625000000000000000000
2.2627046108245849609375000000000000000000
2.5740270614624023437500000000000000000000
2.9014754295349121093750000000000000000000
3.2441382408142089843750000000000000000000
3.5837051868438720703125000000000000000000
4.0000000000000000000000000000000000000000
4.0000000000000000000000000000000000000000
3.0000000000000000000000000000000000000000
3.0000000000000000000000000000000000000000
2.6877787113189697265625000000000000000000
2.4331033229827880859375000000000000000000
2.1761059761047363281250000000000000000000
1.9305197000503540039062500000000000000000
1.6970275640487670898437500000000000000000
1.4780706167221069335937500000000000000000
1.2752345800399780273437500000000000000000
1.0896646976470947265625000000000000000000
0.9219892621040344238281250000000000000000
0.7723560333251953125000000000000000000000
0.6404743194580078125000000000000000000000
0.5256751179695129394531250000000000000000
0.4269804358482360839843750000000000000000
0.3431795239448547363281250000000000000000
0.2729036211967468261718750000000000000000
0.2146978676319122314453125000000000000000
0.1670842617750167846679687500000000000000
0.1286161392927169799804687500000000000000
0.0979204028844833374023437500000000000000
0.0737288445234298706054687500000000000000
0.0548984631896018981933593750000000000000
0.0404218994081020355224609375000000000000
0.0294296778738498687744140625000000000000
0.0211860369890928268432617187500000000000
0.0150798661634325981140136718750000000000
0.0106126610189676284790039062500000000000
0.0073847458697855472564697265625000000000
0.0050810296088457107543945312500000000000
0.0034571359865367412567138671875000000000
0.0023265341296792030334472656250000000000
0.0015490578953176736831665039062500000000
0.0010209886822849512100219726562500000000
0.0006667281268164515495300292968750000000
0.0004319898434914648532867431640625000000
0.0002783600066322833299636840820312500000
0.0001790486130630597472190856933593750000
0.0001156389844254590570926666259765625000
0.0000756495282985270023345947265625000000
0.0000507398217450827360153198242187500000
0.0000354140283889137208461761474609375000
0.0000261009117821231484413146972656250000
0.0000205117830773815512657165527343750000
0.0000172002746694488450884819030761718750
0.0000152653628902044147253036499023437500
0.0000141545824590139091014862060546875000
0.0000135360332933487370610237121582031250
0.0000132172863231971859931945800781250000
0.0000130960515889455564320087432861328125
0.0000131330834847176447510719299316406250
0.0000133417197503149509429931640625000000
0.0000137919560074806213378906250000000000
0.0000146300762935425154864788055419921875
0.0000161181396833853796124458312988281250
0.0000187016521522309631109237670898437500
0.0000231188532779924571514129638671875000
0.0000305719622701872140169143676757812500
0.0000429899228038266301155090332031250000
0.0000634245370747521519660949707031250000
0.0000966376028372906148433685302734375000
0.0001499569334555417299270629882812500000
0.0002345031534787267446517944335937500000
0.0003669183934107422828674316406250000000
0.0005717581952922046184539794921875000000
0.0008847425924614071846008300781250000000
0.0013570900773629546165466308593750000000
0.0020611828658729791641235351562500000000
0.0030978180002421140670776367187500000000
0.0046052886173129081726074218750000000000
0.0067704794928431510925292968750000000000
0.0098421033471822738647460937500000000000
0.0141459926962852478027343750000000000000
0.0201022718101739883422851562500000000000
0.0282438341528177261352539062500000000000
0.0392353609204292297363281250000000000000
0.0538916587829589843750000000000000000000
0.0731937736272811889648437500000000000000
0.0983009561896324157714843750000000000000
0.1305563747882843017578125000000000000000
0.1714840829372406005859375000000000000000
0.2227749377489089965820312500000000000000
0.2862598001956939697265625000000000000000
0.3638675808906555175781250000000000000000
0.4575687944889068603515625000000000000000
0.5693034529685974121093750000000000000000
0.7008965611457824707031250000000000000000
0.8539623022079467773437500000000000000000
1.0298048257827758789062500000000000000000
1.2293159961700439453125000000000000000000
1.4528834819793701171875000000000000000000
1.7003104686737060546875000000000000000000
1.9707587957382202148437500000000000000000
2.2627015113830566406250000000000000000000
2.5740246772766113281250000000000000000000
2.9014735221862792968750000000000000000000
3.2441368103027343750000000000000000000000
3.5837047100067138671875000000000000000000
4.0000000000000000000000000000000000000000
4.0000000000000000000000000000000000000000
3.0000000000000000000000000000000000000000
3.0000000000000000000000000000000000000000
2.6877782344818115234375000000000000000000
2.4331021308898925781250000000000000000000
2.1761047840118408203125000000000000000000
1.9305179119110107421875000000000000000000
1.6970255374908447265625000000000000000000
1.4780681133270263671875000000000000000000
1.2752317190170288085937500000000000000000
1.0896615982055664062500000000000000000000
0.9219858050346374511718750000000000000000
0.7723523378372192382812500000000000000000
0.6404704451560974121093750000000000000000
0.5256710052490234375000000000000000000000
0.4269762039184570312500000000000000000000
0.3431750535964965820312500000000000000000
0.2728990912437438964843750000000000000000
0.2146931439638137817382812500000000000000
0.1670794785022735595703125000000000000000
0.1286112666130065917968750000000000000000
0.0979154780507087707519531250000000000000
0.0737238749861717224121093750000000000000
0.0548934638500213623046875000000000000000
0.0404168628156185150146484375000000000000
0.0294246263802051544189453125000000000000
0.0211809668689966201782226562500000000000
0.0150747867301106452941894531250000000000
0.0106075713410973548889160156250000000000
0.0073796496726572513580322265625000000000
0.0050759301520884037017822265625000000000
0.0034520335029810667037963867187500000000
0.0023214295506477355957031250000000000000
0.0015439520357176661491394042968750000000
0.0010158816585317254066467285156250000000
0.0006616205791942775249481201171875000000
0.0004268819466233253479003906250000000000
0.0002732518478296697139739990234375000000
0.0001739403232932090759277343750000000000
0.0001105305636883713304996490478515625000
0.0000705410784576088190078735351562500000
0.0000456313209724612534046173095703125000
0.0000303055130643770098686218261718750000
0.0000209923782676924020051956176757812500
0.0000154032477439614012837409973144531250
0.0000120917338790604844689369201660156250
0.0000101568220998160541057586669921875000
0.0000090460362116573378443717956542968750
0.0000084274888649815693497657775878906250
0.0000081087409853353165090084075927734375
0.0000079875071605783887207508087158203125
0.0000080245390563504770398139953613281250
0.0000082331753219477832317352294921875000
0.0000086834124886081553995609283447265625
0.0000095215327746700495481491088867187500
0.0000110095988929970189929008483886718750
0.0000135931095428531989455223083496093750
0.0000180103197635617107152938842773437500
0.0000254634323937352746725082397460937500
0.0000378814147552475333213806152343750000
0.0000583160508540458977222442626953125000
0.0000915291602723300457000732421875000000
0.0001448485418222844600677490234375000000
0.0002293949073646217584609985351562500000
0.0003618102928157895803451538085937500000
0.0005666505312547087669372558593750000000
0.0008796352776698768138885498046875000000
0.0013519835192710161209106445312500000000
0.0020560775883495807647705078125000000000
0.0030927143525332212448120117187500000000
0.0046001868322491645812988281250000000000
0.0067653828300535678863525390625000000000
0.0098370090126991271972656250000000000000
0.0141409058123826980590820312500000000000
0.0200971942394971847534179687500000000000
0.0282387733459472656250000000000000000000
0.0392303206026554107666015625000000000000
0.0538866445422172546386718750000000000000
0.0731887891888618469238281250000000000000
0.0982960239052772521972656250000000000000
0.1305514872074127197265625000000000000000
0.1714792549610137939453125000000000000000
0.2227702140808105468750000000000000000000
0.2862551808357238769531250000000000000000
0.3638630807399749755859375000000000000000
0.4575644433498382568359375000000000000000
0.5692993402481079101562500000000000000000
0.7008925676345825195312500000000000000000
0.8539586067199707031250000000000000000000
1.0298011302947998046875000000000000000000
1.2293126583099365234375000000000000000000
1.4528806209564208984375000000000000000000
1.7003076076507568359375000000000000000000
1.9707565307617187500000000000000000000000
2.2626996040344238281250000000000000000000
2.5740232467651367187500000000000000000000
2.9014720916748046875000000000000000000000
3.2441360950469970703125000000000000000000
3.5837039947509765625000000000000000000000
4.0000000000000000000000000000000000000000
4.0000000000000000000000000000000000000000
3.0000000000000000000000000000000000000000
3.0000000000000000000000000000000000000000
2.6877779960632324218750000000000000000000
2.4331016540527343750000000000000000000000
2.1761040687561035156250000000000000000000
1.9305168390274047851562500000000000000000
1.6970241069793701171875000000000000000000
1.4780666828155517578125000000000000000000
1.2752301692962646484375000000000000000000
1.0896596908569335937500000000000000000000
0.9219838380813598632812500000000000000000
0.7723500132560729980468750000000000000000
0.6404681205749511718750000000000000000000
0.5256685018539428710937500000000000000000
0.4269735217094421386718750000000000000000
0.3431723713874816894531250000000000000000
0.2728962600231170654296875000000000000000
0.2146902978420257568359375000000000000000
0.1670765727758407592773437500000000000000
0.1286083161830902099609375000000000000000
0.0979124829173088073730468750000000000000
0.0737208575010299682617187500000000000000
0.0548904314637184143066406250000000000000
0.0404138043522834777832031250000000000000
0.0294215567409992218017578125000000000000
0.0211778841912746429443359375000000000000
0.0150717003270983695983886718750000000000
0.0106044774875044822692871093750000000000
0.0073765525594353675842285156250000000000
0.0050728311762213706970214843750000000000
0.0034489326644688844680786132812500000000
0.0023183277808129787445068359375000000000
0.0015408492181450128555297851562500000000
0.0010127783752977848052978515625000000000
0.0006585168885067105293273925781250000000
0.0004237780813127756118774414062500000000
0.0002701478661037981510162353515625000000
0.0001708362106001004576683044433593750000
0.0001074264073395170271396636962890625000
0.0000674368711770512163639068603515625000
0.0000425271027779672294855117797851562500
0.0000272012839559465646743774414062500000
0.0000178881400643149390816688537597656250
0.0000122990040836157277226448059082031250
0.0000089874874902307055890560150146484375
0.0000070525748014915734529495239257812500
0.0000059417889133328571915626525878906250
0.0000053232406571623869240283966064453125
0.0000050044918680214323103427886962890625
0.0000048832580432645045220851898193359375
0.0000049202899390365928411483764648437500
0.0000051289257498865481466054916381835938
0.0000055791642807889729738235473632812500
0.0000064172863858402706682682037353515625
0.0000079053515946725383400917053222656250
0.0000104888677014969289302825927734375000
0.0000149060779222054407000541687011718750
0.0000223591978283366188406944274902343750
0.0000347771820088382810354232788085937500
0.0000552118362975306808948516845703125000
0.0000884249675436876714229583740234375000
0.0001417444000253453850746154785156250000
0.0002262908237753435969352722167968750000
0.0003587063692975789308547973632812500000
0.0005635466077364981174468994140625000000
0.0008765318198129534721374511718750000000
0.0013488804688677191734313964843750000000
0.0020529748871922492980957031250000000000
0.0030896130483597517013549804687500000000
0.0045970869250595569610595703125000000000
0.0067622857168316841125488281250000000000
0.0098339151591062545776367187500000000000
0.0141378166154026985168457031250000000000
0.0200941115617752075195312500000000000000
0.0282356981188058853149414062500000000000
0.0392272546887397766113281250000000000000
0.0538835935294628143310546875000000000000
0.0731857568025588989257812500000000000000
0.0982930213212966918945312500000000000000
0.1305485367774963378906250000000000000000
0.1714763343334197998046875000000000000000
0.2227673232555389404296875000000000000000
0.2862523198127746582031250000000000000000
0.3638603091239929199218750000000000000000
0.4575618207454681396484375000000000000000
0.5692967772483825683593750000000000000000
0.7008901238441467285156250000000000000000
0.8539563417434692382812500000000000000000
1.0297989845275878906250000000000000000000
1.2293107509613037109375000000000000000000
1.4528788328170776367187500000000000000000
1.7003061771392822265625000000000000000000
1.9707549810409545898437500000000000000000
2.2626984119415283203125000000000000000000
2.5740222930908203125000000000000000000000
2.9014716148376464843750000000000000000000
3.2441356182098388671875000000000000000000
3.5837039947509765625000000000000000000000
4.0000000000000000000000000000000000000000
4.0000000000000000000000000000000000000000
3.0000000000000000000000000000000000000000
3.0000000000000000000000000000000000000000
2.6877777576446533203125000000000000000000
2.4331014156341552734375000000000000000000
2.1761035919189453125000000000000000000000
1.9305160045623779296875000000000000000000
1.6970236301422119140625000000000000000000
1.4780657291412353515625000000000000000000
1.2752292156219482421875000000000000000000
1.0896587371826171875000000000000000000000
0.9219824671745300292968750000000000000000
0.7723488807678222656250000000000000000000
0.6404666900634765625000000000000000000000
0.5256670117378234863281250000000000000000
0.4269720017910003662109375000000000000000
0.3431707024574279785156250000000000000000
0.2728946208953857421875000000000000000000
0.2146885693073272705078125000000000000000
0.1670748293399810791015625000000000000000
0.1286065429449081420898437500000000000000
0.0979106873273849487304687500000000000000
0.0737190470099449157714843750000000000000
0.0548885948956012725830078125000000000000
0.0404119715094566345214843750000000000000
0.0294197089970111846923828125000000000000
0.0211760364472866058349609375000000000000
0.0150698451325297355651855468750000000000
0.0106026222929358482360839843750000000000
0.0073746941052377223968505859375000000000
0.0050709708593785762786865234375000000000
0.0034470721147954463958740234375000000000
0.0023164660669863224029541015625000000000
0.0015389872714877128601074218750000000000
0.0010109160793945193290710449218750000000
0.0006566544761881232261657714843750000000
0.0004219155234750360250473022460937500000
0.0002682851918507367372512817382812500000
0.0001689735072432085871696472167968750000
0.0001055636676028370857238769531250000000
0.0000655741168884560465812683105468750000
0.0000406643339374568313360214233398437500
0.0000253385078394785523414611816406250000
0.0000160253657668363302946090698242187500
0.0000104362261481583118438720703125000000
0.0000071247109190153423696756362915039062
0.0000051897959565394558012485504150390625
0.0000040790100683807395398616790771484375
0.0000034604618122102692723274230957031250
0.0000031417134778166655451059341430664062
0.0000030204787435650359839200973510742188
0.0000030575108667107997462153434753417969
0.0000032661475870554568246006965637207031
0.0000037163856632105307653546333312988281
0.0000045545070861408021301031112670898438
0.0000060425727497204206883907318115234375
0.0000086260897660395130515098571777343750
0.0000130432990772533230483531951904296875
0.0000204964217118686065077781677246093750
0.0000329144168063066899776458740234375000
0.0000533490783709567040205001831054687500
0.0000865622278070077300071716308593750000
0.0001398816675646230578422546386718750000
0.0002244281349703669548034667968750000000
0.0003568436950445175170898437500000000000
0.0005616840790025889873504638671875000000
0.0008746694074943661689758300781250000000
0.0013470184057950973510742187500000000000
0.0020511131733655929565429687500000000000
0.0030877520330250263214111328125000000000
0.0045952266082167625427246093750000000000
0.0067604258656501770019531250000000000000
0.0098320571705698966979980468750000000000
0.0141359595581889152526855468750000000000
0.0200922600924968719482421875000000000000
0.0282338503748178482055664062500000000000
0.0392254181206226348876953125000000000000
0.0538817718625068664550781250000000000000
0.0731839388608932495117187500000000000000
0.0982912108302116394042968750000000000000
0.1305467486381530761718750000000000000000
0.1714745759963989257812500000000000000000
0.2227656096220016479492187500000000000000
0.2862506508827209472656250000000000000000
0.3638586699962615966796875000000000000000
0.4575601518154144287109375000000000000000
0.5692952275276184082031250000000000000000
0.7008886337280273437500000000000000000000
0.8539549112319946289062500000000000000000
1.0297977924346923828125000000000000000000
1.2293095588684082031250000000000000000000
1.4528777599334716796875000000000000000000
1.7003052234649658203125000000000000000000
1.9707542657852172851562500000000000000000
2.2626976966857910156250000000000000000000
2.5740215778350830078125000000000000000000
2.9014713764190673828125000000000000000000
3.2441353797912597656250000000000000000000
3.5837035179138183593750000000000000000000
4.0000000000000000000000000000000000000000
4.0000000000000000000000000000000000000000
3.0000000000000000000000000000000000000000
3.0000000000000000000000000000000000000000
2.6877777576446533203125000000000000000000
2.4331014156341552734375000000000000000000
2.1761031150817871093750000000000000000000
1.9305158853530883789062500000000000000000
1.6970230340957641601562500000000000000000
1.4780653715133666992187500000000000000000
1.2752287387847900390625000000000000000000
1.0896580219268798828125000000000000000000
0.9219818115234375000000000000000000000000
0.7723480463027954101562500000000000000000
0.6404658555984497070312500000000000000000
0.5256661176681518554687500000000000000000
0.4269710481166839599609375000000000000000
0.3431697487831115722656250000000000000000
0.2728936076164245605468750000000000000000
0.2146875560283660888671875000000000000000
0.1670738011598587036132812500000000000000
0.1286054998636245727539062500000000000000
0.0979096218943595886230468750000000000000
0.0737179666757583618164062500000000000000
0.0548875145614147186279296875000000000000
0.0404108837246894836425781250000000000000
0.0294186212122440338134765625000000000000
0.0211749412119388580322265625000000000000
0.0150687471032142639160156250000000000000
0.0106015224009752273559570312500000000000
0.0073735937476158142089843750000000000000
0.0050698695704340934753417968750000000000
0.0034459698945283889770507812500000000000
0.0023153636138886213302612304687500000000
0.0015378843527287244796752929687500000000
0.0010098131606355309486389160156250000000
0.0006555513245984911918640136718750000000
0.0004208122845739126205444335937500000000
0.0002671819529496133327484130859375000000
0.0001678702246863394975662231445312500000
0.0001044603850459679961204528808593750000
0.0000644708270556293427944183349609375000
0.0000395610331906937062740325927734375000
0.0000242352070927154272794723510742187500
0.0000149220577441155910491943359375000000
0.0000093329199444269761443138122558593750
0.0000060214024415472522377967834472656250
0.0000040864883885660674422979354858398438
0.0000029757015909126494079828262329101562
0.0000023571533347421791404485702514648438
0.0000020384050003485754132270812988281250
0.0000019171700387232704088091850280761719
0.0000019542026166163850575685501098632812
0.0000021628388822136912494897842407226562
0.0000026130769583687651902437210083007812
0.0000034511988360463874414563179016113281
0.0000049392647269996814429759979248046875
0.0000075227821980661246925592422485351562
0.0000119399937830166891217231750488281250
0.0000193931173271266743540763854980468750
0.0000318111124215647578239440917968750000
0.0000522457776241935789585113525390625000
0.0000854589379741810262203216552734375000
0.0001387783995596691966056823730468750000
0.0002233248669654130935668945312500000000
0.0003557404852472245693206787109375000000
0.0005605808692052960395812988281250000000
0.0008735662559047341346740722656250000000
0.0013459153706207871437072753906250000000
0.0020500107202678918838500976562500000000
0.0030866493470966815948486328125000000000
0.0045941248536109924316406250000000000000
0.0067593245767056941986083984375000000000
0.0098309572786092758178710937500000000000
0.0141348633915185928344726562500000000000
0.0200911611318588256835937500000000000000
0.0282327588647603988647460937500000000000
0.0392243266105651855468750000000000000000
0.0538806803524494171142578125000000000000
0.0731828585267066955566406250000000000000
0.0982901528477668762207031250000000000000
0.1305456906557083129882812500000000000000
0.1714735180139541625976562500000000000000
0.2227645665407180786132812500000000000000
0.2862496376037597656250000000000000000000
0.3638576865196228027343750000000000000000
0.4575592577457427978515625000000000000000
0.5692942738533020019531250000000000000000
0.7008877992630004882812500000000000000000
0.8539541363716125488281250000000000000000
1.0297970771789550781250000000000000000000
1.2293087244033813476562500000000000000000
1.4528770446777343750000000000000000000000
1.7003046274185180664062500000000000000000
1.9707534313201904296875000000000000000000
2.2626972198486328125000000000000000000000
2.5740211009979248046875000000000000000000
2.9014708995819091796875000000000000000000
3.2441349029541015625000000000000000000000
3.5837032794952392578125000000000000000000
4.0000000000000000000000000000000000000000
4.0000000000000000000000000000000000000000
3.0000000000000000000000000000000000000000
3.0000000000000000000000000000000000000000
2.6877777576446533203125000000000000000000
2.4331011772155761718750000000000000000000
2.1761031150817871093750000000000000000000
1.9305156469345092773437500000000000000000
1.6970227956771850585937500000000000000000
1.4780651330947875976562500000000000000000
1.2752283811569213867187500000000000000000
1.0896576642990112304687500000000000000000
0.9219814538955688476562500000000000000000
0.7723475694656372070312500000000000000000
0.6404653787612915039062500000000000000000
0.5256655812263488769531250000000000000000
0.4269705712795257568359375000000000000000
0.3431691825389862060546875000000000000000
0.2728930115699768066406250000000000000000
0.2146869599819183349609375000000000000000
0.1670731604099273681640625000000000000000
0.1286048740148544311523437500000000000000
0.0979090034961700439453125000000000000000
0.0737173482775688171386718750000000000000
0.0548868775367736816406250000000000000000
0.0404102429747581481933593750000000000000
0.0294179804623126983642578125000000000000
0.0211743004620075225830078125000000000000
0.0150681063532829284667968750000000000000
0.0106008807197213172912597656250000000000
0.0073729516007006168365478515625000000000
0.0050692264921963214874267578125000000000
0.0034453265834599733352661132812500000000
0.0023147200699895620346069335937500000000
0.0015372406924143433570861816406250000000
0.0010091693839058279991149902343750000000
0.0006549075478687882423400878906250000000
0.0004201684205327183008193969726562500000
0.0002665380598045885562896728515625000000
0.0001672263315413147211074829101562500000
0.0001038164700730703771114349365234375000
0.0000638268975308164954185485839843750000
0.0000389171036658808588981628417968750000
0.0000235912775679025799036026000976562500
0.0000142781282193027436733245849609375000
0.0000086889858721406199038028717041015625
0.0000053774697335029486566781997680664062
0.0000034425552257744129747152328491210938
0.0000023317682007473194971680641174316406
0.0000017132199445768492296338081359863281
0.0000013944712691227323375642299652099609
0.0000012732364211842650547623634338378906
0.0000013102688853905419819056987762451172
0.0000015189052646746858954429626464843750
0.0000019691433408297598361968994140625000
0.0000028072654458810575306415557861328125
0.0000042953311094606760889291763305664062
0.0000068788481257797684520483016967773438
0.0000112960606202250346541404724121093750
0.0000187491859833244234323501586914062500
0.0000311671828967519104480743408203125000
0.0000516018553753383457660675048828125000
0.0000848150157253257930278778076171875000
0.0001381344918627291917800903320312500000
0.0002226809738203883171081542968750000000
0.0003550965921021997928619384765625000000
0.0005599370924755930900573730468750000000
0.0008729224791750311851501464843750000000
0.0013452717103064060211181640625000000000
0.0020493667107075452804565429687500000000
0.0030860060360282659530639648437500000000
0.0045934817753732204437255859375000000000
0.0067586814984679222106933593750000000000
0.0098303165286779403686523437500000000000
0.0141342207789421081542968750000000000000
0.0200905241072177886962890625000000000000
0.0282321162521839141845703125000000000000
0.0392236933112144470214843750000000000000
0.0538800433278083801269531250000000000000
0.0731822326779365539550781250000000000000
0.0982895195484161376953125000000000000000
0.1305450648069381713867187500000000000000
0.1714729219675064086914062500000000000000
0.2227639853954315185546875000000000000000
0.2862490713596343994140625000000000000000
0.3638571202754974365234375000000000000000
0.4575586915016174316406250000000000000000
0.5692937970161437988281250000000000000000
0.7008872628211975097656250000000000000000
0.8539536595344543457031250000000000000000
1.0297964811325073242187500000000000000000
1.2293083667755126953125000000000000000000
1.4528765678405761718750000000000000000000
1.7003042697906494140625000000000000000000
1.9707530736923217773437500000000000000000
2.2626967430114746093750000000000000000000
2.5740208625793457031250000000000000000000
2.9014706611633300781250000000000000000000
3.2441349029541015625000000000000000000000
3.5837032794952392578125000000000000000000
4.0000000000000000000000000000000000000000
4.0000000000000000000000000000000000000000
3.0000000000000000000000000000000000000000
3.0000000000000000000000000000000000000000
2.6877777576446533203125000000000000000000
2.4331011772155761718750000000000000000000
2.1761028766632080078125000000000000000000
1.9305156469345092773437500000000000000000
1.6970226764678955078125000000000000000000
1.4780648946762084960937500000000000000000
1.2752282619476318359375000000000000000000
1.0896575450897216796875000000000000000000
0.9219811558723449707031250000000000000000
0.7723473310470581054687500000000000000000
0.6404650807380676269531250000000000000000
0.5256654024124145507812500000000000000000
0.4269701540470123291015625000000000000000
0.3431688547134399414062500000000000000000
0.2728926837444305419921875000000000000000
0.2146866321563720703125000000000000000000
0.1670728325843811035156250000000000000000
0.1286045461893081665039062500000000000000
0.0979086533188819885253906250000000000000
0.0737169831991195678710937500000000000000
0.0548865199089050292968750000000000000000
0.0404098853468894958496093750000000000000
0.0294176153838634490966796875000000000000
0.0211739353835582733154296875000000000000
0.0150677394121885299682617187500000000000
0.0106005128473043441772460937500000000000
0.0073725841939449310302734375000000000000
0.0050688586197793483734130859375000000000
0.0034449584782123565673828125000000000000
0.0023143519647419452667236328125000000000
0.0015368724707514047622680664062500000000
0.0010088012786582112312316894531250000000
0.0006545392097905278205871582031250000000
0.0004198001697659492492675781250000000000
0.0002661698090378195047378540039062500000
0.0001668580953264608979225158691406250000
0.0001034482120303437113761901855468750000
0.0000634586467640474438667297363281250000
0.0000385488492611330002546310424804687500
0.0000232230195251759141683578491210937500
0.0000139098701765760779380798339843750000
0.0000083207287389086559414863586425781250
0.0000050092121455236338078975677490234375
0.0000030742980925424490123987197875976562
0.0000019635110675153555348515510559082031
0.0000013449624702843721024692058563232422
0.0000010262139085170929320156574249267578
0.0000009049790605786256492137908935546875
0.0000009420115247849025763571262359619141
0.0000011506479040690464898943901062011719
0.0000016008858665372827090322971343994141
0.0000024390076305280672386288642883300781
0.0000039270735214813612401485443115234375
0.0000065105914472951553761959075927734375
0.0000109278025774983689188957214355468750
0.0000183809297595871612429618835449218750
0.0000307989248540252447128295898437500000
0.0000512335973326116800308227539062500000
0.0000844467576825991272926330566406250000
0.0001377662265440449118614196777343750000
0.0002223127230536192655563354492187500000
0.0003547283704392611980438232421875000000
0.0005595688708126544952392578125000000000
0.0008725543739274144172668457031250000000
0.0013449034886434674263000488281250000000
0.0020489986054599285125732421875000000000
0.0030856379307806491851806640625000000000
0.0045931139029562473297119140625000000000
0.0067583145573735237121582031250000000000
0.0098299477249383926391601562500000000000
0.0141338538378477096557617187500000000000
0.0200901553034782409667968750000000000000
0.0282317548990249633789062500000000000000
0.0392233282327651977539062500000000000000
0.0538796856999397277832031250000000000000
0.0731818675994873046875000000000000000000
0.0982891693711280822753906250000000000000
0.1305447220802307128906250000000000000000
0.1714725643396377563476562500000000000000
0.2227636277675628662109375000000000000000
0.2862487137317657470703125000000000000000
0.3638567924499511718750000000000000000000
0.4575583934783935546875000000000000000000
0.5692934989929199218750000000000000000000
0.7008870244026184082031250000000000000000
0.8539533615112304687500000000000000000000
1.0297963619232177734375000000000000000000
1.2293081283569335937500000000000000000000
1.4528763294219970703125000000000000000000
1.7003037929534912109375000000000000000000
1.9707529544830322265625000000000000000000
2.2626967430114746093750000000000000000000
2.5740208625793457031250000000000000000000
2.9014704227447509765625000000000000000000
3.2441349029541015625000000000000000000000
3.5837032794952392578125000000000000000000
4.0000000000000000000000000000000000000000
4.0000000000000000000000000000000000000000
3.0000000000000000000000000000000000000000
3.0000000000000000000000000000000000000000
2.6877777576446533203125000000000000000000
2.4331011772155761718750000000000000000000
2.1761028766632080078125000000000000000000
1.9305156469345092773437500000000000000000
1.6970226764678955078125000000000000000000
1.4780647754669189453125000000000000000000
1.2752280235290527343750000000000000000000
1.0896573066711425781250000000000000000000
0.9219810366630554199218750000000000000000
0.7723470926284790039062500000000000000000
0.6404649615287780761718750000000000000000
0.5256651639938354492187500000000000000000
0.4269700050354003906250000000000000000000
0.3431686758995056152343750000000000000000
0.2728925049304962158203125000000000000000
0.2146864384412765502929687500000000000000
0.1670726239681243896484375000000000000000
0.1286043524742126464843750000000000000000
0.0979084521532058715820312500000000000000
0.0737167820334434509277343750000000000000
0.0548863224685192108154296875000000000000
0.0404096804559230804443359375000000000000
0.0294174160808324813842773437500000000000
0.0211737360805273056030273437500000000000
0.0150675382465124130249023437500000000000
0.0106003107503056526184082031250000000000
0.0073723820969462394714355468750000000000
0.0050686569884419441223144531250000000000
0.0034447561483830213546752929687500000000
0.0023141498677432537078857421875000000000
0.0015366703737527132034301757812500000000
0.0010085988324135541915893554687500000000
0.0006543369963765144348144531250000000000
0.0004195978399366140365600585937500000000
0.0002659674792084842920303344726562500000
0.0001666557218413800001144409179687500000
0.0001032458749250508844852447509765625000
0.0000632562878308817744255065917968750000
0.0000383464976039249449968338012695312500
0.0000230206605920102447271347045898437500
0.0000137075157908839173614978790283203125
0.0000081183734437217935919761657714843750
0.0000048068550313473679125308990478515625
0.0000028719409783661831170320510864257812
0.0000017611540670259273611009120941162109
0.0000011426055834817816503345966339111328
0.0000008238570217145024798810482025146484
0.0000007026222306194540578871965408325195
0.0000007396546948257309850305318832397461
0.0000009482911309532937593758106231689453
0.0000013985292071083677001297473907470703
0.0000022366509710991522297263145446777344
0.0000037247173167997971177101135253906250
0.0000063082347878662403672933578491210938
0.0000107254472823115065693855285644531250
0.0000181785726454108953475952148437500000
0.0000305965695588383823633193969726562500
0.0000510312383994460105895996093750000000
0.0000842444060253910720348358154296875000
0.0001375638821627944707870483398437500000
0.0002221103932242840528488159179687500000
0.0003545260406099259853363037109375000000
0.0005593665409833192825317382812500000000
0.0008723519858904182910919189453125000000
0.0013447012752294540405273437500000000000
0.0020487965084612369537353515625000000000
0.0030854358337819576263427734375000000000
0.0045929122716188430786132812500000000000
0.0067581133916974067687988281250000000000
0.0098297465592622756958007812500000000000
0.0141336517408490180969238281250000000000
0.0200899560004472732543945312500000000000
0.0282315518707036972045898437500000000000
0.0392231307923793792724609375000000000000
0.0538794919848442077636718750000000000000
0.0731816738843917846679687500000000000000
0.0982889682054519653320312500000000000000
0.1305445134639739990234375000000000000000
0.1714723557233810424804687500000000000000
0.2227634489536285400390625000000000000000
0.2862485051155090332031250000000000000000
0.3638566136360168457031250000000000000000
0.4575582146644592285156250000000000000000
0.5692933201789855957031250000000000000000
0.7008869051933288574218750000000000000000
0.8539532423019409179687500000000000000000
1.0297962427139282226562500000000000000000
1.2293078899383544921875000000000000000000
1.4528760910034179687500000000000000000000
1.7003036737442016601562500000000000000000
1.9707527160644531250000000000000000000000
2.2626967430114746093750000000000000000000
2.5740208625793457031250000000000000000000
2.9014704227447509765625000000000000000000
3.2441349029541015625000000000000000000000
3.5837032794952392578125000000000000000000
4.0000000000000000000000000000000000000000
4.0000000000000000000000000000000000000000
3.0000000000000000000000000000000000000000
3.0000000000000000000000000000000000000000
2.6877777576446533203125000000000000000000
2.4331011772155761718750000000000000000000
2.1761028766632080078125000000000000000000
1.9305156469345092773437500000000000000000
1.6970226764678955078125000000000000000000
1.4780647754669189453125000000000000000000
1.2752280235290527343750000000000000000000
1.0896573066711425781250000000000000000000
0.9219809770584106445312500000000000000000
0.7723470926284790039062500000000000000000
0.6404648423194885253906250000000000000000
0.5256650447845458984375000000000000000000
0.4269700050354003906250000000000000000000
0.3431686162948608398437500000000000000000
0.2728924155235290527343750000000000000000
0.2146863490343093872070312500000000000000
0.1670725643634796142578125000000000000000
0.1286042630672454833984375000000000000000
0.0979083627462387084960937500000000000000
0.0737167000770568847656250000000000000000
0.0548862218856811523437500000000000000000
0.0404095798730850219726562500000000000000
0.0294173154979944229125976562500000000000
0.0211736373603343963623046875000000000000
0.0150674385949969291687011718750000000000
0.0106002138927578926086425781250000000000
0.0073722833767533302307128906250000000000
0.0050685582682490348815917968750000000000
0.0034446578938513994216918945312500000000
0.0023140506818890571594238281250000000000
0.0015365714207291603088378906250000000000
0.0010084998793900012969970703125000000000
0.0006542379269376397132873535156250000000
0.0004194988287054002285003662109375000000
0.0002658684388734400272369384765625000000
0.0001665566960582509636878967285156250000
0.0001031468273140490055084228515625000000
0.0000631572547717951238155364990234375000
0.0000382474609068594872951507568359375000
0.0000229216238949447870254516601562500000
0.0000136084763653343543410301208496093750
0.0000080193349276669323444366455078125000
0.0000047078174247872084379196166992187500
0.0000027729026896849973127245903015136719
0.0000016621158920315792784094810485839844
0.0000010435676358611090108752250671386719
0.0000007248189035635732579976320266723633
0.0000006035839987816871143877506256103516
0.0000006406165766748017631471157073974609
0.0000008492528422721079550683498382568359
0.0000012994910321140196174383163452148438
0.0000021376129097916418686509132385253906
0.0000036256792554922867566347122192382812
0.0000062091976360534317791461944580078125
0.0000106264087662566453218460083007812500
0.0000180795359483454376459121704101562500
0.0000304975292237941175699234008789062500
0.0000509321980644017457962036132812500000
0.0000841453656903468072414398193359375000
0.0001374648563796654343605041503906250000
0.0002220113528892397880554199218750000000
0.0003544269711710512638092041015625000000
0.0005592674715444445610046386718750000000
0.0008722530910745263099670410156250000000
0.0013446020893752574920654296875000000000
0.0020486977882683277130126953125000000000
0.0030853368807584047317504882812500000000
0.0045928126201033592224121093750000000000
0.0067580132745206356048583984375000000000
0.0098296478390693664550781250000000000000
0.0141335548833012580871582031250000000000
0.0200898591428995132446289062500000000000
0.0282314568758010864257812500000000000000
0.0392230302095413208007812500000000000000
0.0538793914020061492919921875000000000000
0.0731815844774246215820312500000000000000
0.0982888713479042053222656250000000000000
0.1305444240570068359375000000000000000000
0.1714722812175750732421875000000000000000
0.2227633446455001831054687500000000000000
0.2862484455108642578125000000000000000000
0.3638565540313720703125000000000000000000
0.4575580954551696777343750000000000000000
0.5692932009696960449218750000000000000000
0.7008867263793945312500000000000000000000
0.8539531826972961425781250000000000000000
1.0297961235046386718750000000000000000000
1.2293078899383544921875000000000000000000
1.4528760910034179687500000000000000000000
1.7003036737442016601562500000000000000000
1.9707527160644531250000000000000000000000
2.2626967430114746093750000000000000000000
2.5740208625793457031250000000000000000000
2.9014704227447509765625000000000000000000
3.2441349029541015625000000000000000000000
3.5837032794952392578125000000000000000000
4.0000000000000000000000000000000000000000
4.0000000000000000000000000000000000000000
3.0000000000000000000000000000000000000000
3.0000000000000000000000000000000000000000
2.6877777576446533203125000000000000000000
2.4331011772155761718750000000000000000000
2.1761028766632080078125000000000000000000
1.9305156469345092773437500000000000000000
1.6970226764678955078125000000000000000000
1.4780647754669189453125000000000000000000
1.2752279043197631835937500000000000000000
1.0896573066711425781250000000000000000000
0.9219809770584106445312500000000000000000
0.7723470926284790039062500000000000000000
0.6404648423194885253906250000000000000000
0.5256650447845458984375000000000000000000
0.4269700050354003906250000000000000000000
0.3431685864925384521484375000000000000000
0.2728924155235290527343750000000000000000
0.2146863490343093872070312500000000000000
0.1670725196599960327148437500000000000000
0.1286042034626007080078125000000000000000
0.0979083329439163208007812500000000000000
0.0737166628241539001464843750000000000000
0.0548861995339393615722656250000000000000
0.0404095575213432312011718750000000000000
0.0294172875583171844482421875000000000000
0.0211736094206571578979492187500000000000
0.0150674115866422653198242187500000000000
0.0106001859530806541442871093750000000000
0.0073722554370760917663574218750000000000
0.0050685307942330837249755859375000000000
0.0034446306526660919189453125000000000000
0.0023140239063650369644165039062500000000
0.0015365444123744964599609375000000000000
0.0010084729874506592750549316406250000000
0.0006542109185829758644104003906250000000
0.0004194718203507363796234130859375000000
0.0002658414596226066350936889648437500000
0.0001665297022555023431777954101562500000
0.0001031198407872579991817474365234375000
0.0000631302682450041174888610839843750000
0.0000382204671041108667850494384765625000
0.0000228946391871431842446327209472656250
0.0000135814898385433480143547058105468750
0.0000079923493103706277906894683837890625
0.0000046808318074909038841724395751953125
0.0000027459168450150173157453536987304688
0.0000016351299336747615598142147064208984
0.0000010165816775042912922799587249755859
0.0000006978330020501744002103805541992188
0.0000005765981541117071174085140228271484
0.0000006136307320048217661678791046142578
0.0000008222670544455468188971281051635742
0.0000012725051874440396204590797424316406
0.0000021106270651216618716716766357421875
0.0000035986936381959822028875350952148438
0.0000061822111092624254524707794189453125
0.0000105994231489603407680988311767578125
0.0000180525494215544313192367553710937500
0.0000304705426970031112432479858398437500
0.0000509052115376107394695281982421875000
0.0000841183791635558009147644042968750000
0.0001374378480250015854835510253906250000
0.0002219843736384063959121704101562500000
0.0003543999919202178716659545898437500000
0.0005592404631897807121276855468750000000
0.0008722259663045406341552734375000000000
0.0013445753138512372970581054687500000000
0.0020486705470830202102661132812500000000
0.0030853098724037408828735351562500000000
0.0045927860774099826812744140625000000000
0.0067579871974885463714599609375000000000
0.0098296208307147026062011718750000000000
0.0141335278749465942382812500000000000000
0.0200898312032222747802734375000000000000
0.0282314307987689971923828125000000000000
0.0392230078577995300292968750000000000000
0.0538793615996837615966796875000000000000
0.0731815546751022338867187500000000000000
0.0982888489961624145507812500000000000000
0.1305443942546844482421875000000000000000
0.1714722514152526855468750000000000000000
0.2227633297443389892578125000000000000000
0.2862484157085418701171875000000000000000
0.3638565540313720703125000000000000000000
0.4575580954551696777343750000000000000000
0.5692932605743408203125000000000000000000
0.7008867263793945312500000000000000000000
0.8539531826972961425781250000000000000000
1.0297961235046386718750000000000000000000
1.2293078899383544921875000000000000000000
1.4528760910034179687500000000000000000000
1.7003036737442016601562500000000000000000
1.9707527160644531250000000000000000000000
2.2626967430114746093750000000000000000000
2.5740208625793457031250000000000000000000
2.9014704227447509765625000000000000000000
3.2441349029541015625000000000000000000000
3.5837032794952392578125000000000000000000
4.0000000000000000000000000000000000000000
4.0000000000000000000000000000000000000000
3.0000000000000000000000000000000000000000
3.0000000000000000000000000000000000000000
2.6877777576446533203125000000000000000000
2.4331011772155761718750000000000000000000
2.1761028766632080078125000000000000000000
1.9305156469345092773437500000000000000000
1.6970226764678955078125000000000000000000
1.4780647754669189453125000000000000000000
1.2752279043197631835937500000000000000000
1.0896573066711425781250000000000000000000
0.9219809770584106445312500000000000000000
0.7723470926284790039062500000000000000000
0.6404649019241333007812500000000000000000
0.5256651043891906738281250000000000000000
0.4269700050354003906250000000000000000000
0.3431686460971832275390625000000000000000
0.2728924751281738281250000000000000000000
0.2146863639354705810546875000000000000000
0.1670725643634796142578125000000000000000
0.1286042630672454833984375000000000000000
0.0979083627462387084960937500000000000000
0.0737167000770568847656250000000000000000
0.0548862330615520477294921875000000000000
0.0404095947742462158203125000000000000000
0.0294173248112201690673828125000000000000
0.0211736466735601425170898437500000000000
0.0150674488395452499389648437500000000000
0.0106002222746610641479492187500000000000
0.0073722936213016510009765625000000000000
0.0050685680471360683441162109375000000000
0.0034446674399077892303466796875000000000
0.0023140609264373779296875000000000000000
0.0015365814324468374252319335937500000000
0.0010085098911076784133911132812500000000
0.0006542479968629777431488037109375000000
0.0004195088986307382583618164062500000000
0.0002658784796949476003646850585937500000
0.0001665667659835889935493469238281250000
0.0001031568754115141928195953369140625000
0.0000631673028692603111267089843750000000
0.0000382575090043246746063232421875000000
0.0000229316719924099743366241455078125000
0.0000136185244627995416522026062011718750
0.0000080293812061427161097526550292968750
0.0000047178646127576939761638641357421875
0.0000027829494229081319645047187805175781
0.0000016721627389415516518056392669677734
0.0000010536142553974059410393238067626953
0.0000007348655230998701881617307662963867
0.0000006136307320048217661678791046142578
0.0000006506632530545175541192293167114258
0.0000008592995754952426068484783172607422
0.0000013095376516503165476024150848388672
0.0000021476594156411010771989822387695312
0.0000036357257613417459651827812194824219
0.0000062192434597818646579980850219726562
0.0000106364568637218326330184936523437500
0.0000180895822268212214112281799316406250
0.0000305075773212593048810958862304687500
0.0000509422497998457401990890502929687500
0.0000841554137878119945526123046875000000
0.0001374748826492577791213989257812500000
0.0002220213937107473611831665039062500000
0.0003544370410963892936706542968750000000
0.0005592775996774435043334960937500000000
0.0008722630445845425128936767578125000000
0.0013446124503389000892639160156250000000
0.0020487077999860048294067382812500000000
0.0030853473581373691558837890625000000000
0.0045928233303129673004150390625000000000
0.0067580239847302436828613281250000000000
0.0098296580836176872253417968750000000000
0.0141335651278495788574218750000000000000
0.0200898684561252593994140625000000000000
0.0282314624637365341186523437500000000000
0.0392230376601219177246093750000000000000
0.0538793914020061492919921875000000000000
0.0731815919280052185058593750000000000000
0.0982888787984848022460937500000000000000
0.1305444389581680297851562500000000000000
0.1714722812175750732421875000000000000000
0.2227633446455001831054687500000000000000
0.2862484455108642578125000000000000000000
0.3638565540313720703125000000000000000000
0.4575581550598144531250000000000000000000
0.5692932605743408203125000000000000000000
0.7008867859840393066406250000000000000000
0.8539530634880065917968750000000000000000
1.0297961235046386718750000000000000000000
1.2293078899383544921875000000000000000000
1.4528762102127075195312500000000000000000
1.7003037929534912109375000000000000000000
1.9707529544830322265625000000000000000000
2.2626967430114746093750000000000000000000
2.5740208625793457031250000000000000000000
2.9014704227447509765625000000000000000000
3.2441349029541015625000000000000000000000
3.5837032794952392578125000000000000000000
4.0000000000000000000000000000000000000000
4.0000000000000000000000000000000000000000
3.0000000000000000000000000000000000000000
3.0000000000000000000000000000000000000000
2.6877777576446533203125000000000000000000
2.4331011772155761718750000000000000000000
2.1761028766632080078125000000000000000000
1.9305156469345092773437500000000000000000
1.6970226764678955078125000000000000000000
1.4780647754669189453125000000000000000000
1.2752280235290527343750000000000000000000
1.0896574258804321289062500000000000000000
0.9219810366630554199218750000000000000000
0.7723472714424133300781250000000000000000
0.6404650211334228515625000000000000000000
0.5256652235984802246093750000000000000000
0.4269700944423675537109375000000000000000
0.3431687355041503906250000000000000000000
0.2728925645351409912109375000000000000000
0.2146864831447601318359375000000000000000
0.1670726686716079711914062500000000000000
0.1286043673753738403320312500000000000000
0.0979084819555282592773437500000000000000
0.0737168267369270324707031250000000000000
0.0548863522708415985107421875000000000000
0.0404097102582454681396484375000000000000
0.0294174440205097198486328125000000000000
0.0211737602949142456054687500000000000000
0.0150675643235445022583007812500000000000
0.0106003377586603164672851562500000000000
0.0073724067769944667816162109375000000000
0.0050686821341514587402343750000000000000
0.0034447822254151105880737304687500000000
0.0023141754791140556335449218750000000000
0.0015366958687081933021545410156250000000
0.0010086243273690342903137207031250000000
0.0006543623749166727066040039062500000000
0.0004196232184767723083496093750000000000
0.0002659928868524730205535888671875000000
0.0001666811149334535002708435058593750000
0.0001032712534652091562747955322265625000
0.0000632816881989128887653350830078125000
0.0000383718943339772522449493408203125000
0.0000230460609600413590669631958007812500
0.0000137329097924521192908287048339843750
0.0000081437683547846972942352294921875000
0.0000048322517613996751606464385986328125
0.0000028973370262974640354514122009277344
0.0000017865501149572082795202732086181641
0.0000011680016314130625687539577484130859
0.0000008492530696457833983004093170166016
0.0000007280181080204783938825130462646484
0.0000007650506859135930426418781280517578
0.0000009736870651977369561791419982910156
0.0000014239251413528108969330787658691406
0.0000022620470190304331481456756591796875
0.0000037501133647310780361294746398925781
0.0000063336310631711967289447784423828125
0.0000107508440123638138175010681152343750
0.0000182039693754632025957107543945312500
0.0000306219662888906896114349365234375000
0.0000510566351294983178377151489257812500
0.0000842698063934221863746643066406250000
0.0001375892752548679709434509277343750000
0.0002221357717644423246383666992187500000
0.0003545514482539147138595581054687500000
0.0005593919777311384677886962890625000000
0.0008723774808458983898162841796875000000
0.0013447266537696123123168945312500000000
0.0020488221198320388793945312500000000000
0.0030854612123221158981323242187500000000
0.0045929378829896450042724609375000000000
0.0067581376060843467712402343750000000000
0.0098297726362943649291992187500000000000
0.0141336787492036819458007812500000000000
0.0200899802148342132568359375000000000000
0.0282315798103809356689453125000000000000
0.0392231531441211700439453125000000000000
0.0538795106112957000732421875000000000000
0.0731817036867141723632812500000000000000
0.0982889980077743530273437500000000000000
0.1305445432662963867187500000000000000000
0.1714724004268646240234375000000000000000
0.2227634489536285400390625000000000000000
0.2862485647201538085937500000000000000000
0.3638566434383392333984375000000000000000
0.4575582146644592285156250000000000000000
0.5692933797836303710937500000000000000000
0.7008867859840393066406250000000000000000
0.8539531826972961425781250000000000000000
1.0297961235046386718750000000000000000000
1.2293080091476440429687500000000000000000
1.4528763294219970703125000000000000000000
1.7003037929534912109375000000000000000000
1.9707529544830322265625000000000000000000
2.2626967430114746093750000000000000000000
2.5740208625793457031250000000000000000000
2.9014706611633300781250000000000000000000
3.2441349029541015625000000000000000000000
3.5837032794952392578125000000000000000000
4.0000000000000000000000000000000000000000
4.0000000000000000000000000000000000000000
3.0000000000000000000000000000000000000000
3.0000000000000000000000000000000000000000
2.6877777576446533203125000000000000000000
2.4331011772155761718750000000000000000000
2.1761028766632080078125000000000000000000
1.9305156469345092773437500000000000000000
1.6970227956771850585937500000000000000000
1.4780648946762084960937500000000000000000
1.2752281427383422851562500000000000000000
1.0896575450897216796875000000000000000000
0.9219812154769897460937500000000000000000
0.7723473310470581054687500000000000000000
0.6404651999473571777343750000000000000000
0.5256654024124145507812500000000000000000
0.4269703030586242675781250000000000000000
0.3431689143180847167968750000000000000000
0.2728927731513977050781250000000000000000
0.2146867066621780395507812500000000000000
0.1670728772878646850585937500000000000000
0.1286045908927917480468750000000000000000
0.0979087054729461669921875000000000000000
0.0737170502543449401855468750000000000000
0.0548865795135498046875000000000000000000
0.0404099337756633758544921875000000000000
0.0294176731258630752563476562500000000000
0.0211739931255578994750976562500000000000
0.0150677952915430068969726562500000000000
0.0106005677953362464904785156250000000000
0.0073726372793316841125488281250000000000
0.0050689126364886760711669921875000000000
0.0034450120292603969573974609375000000000
0.0023144057486206293106079101562500000000
0.0015369264874607324600219726562500000000
0.0010088549461215734481811523437500000000
0.0006545929354615509510040283203125000000
0.0004198538081254810094833374023437500000
0.0002662233600858598947525024414062500000
0.0001669116609264165163040161132812500000
0.0001035017921822145581245422363281250000
0.0000635122123640030622482299804687500000
0.0000386024112231098115444183349609375000
0.0000232765851251315325498580932617187500
0.0000139634375955210998654365539550781250
0.0000083742961578536778688430786132812500
0.0000050627795644686557352542877197265625
0.0000031278646019927691668272018432617188
0.0000020170778043393511325120925903320312
0.0000013985293207952054217457771301269531
0.0000010797805316542508080601692199707031
0.0000009585456837157835252583026885986328
0.0000009955782616088981740176677703857422
0.0000012042146408930420875549316406250000
0.0000016544527170481160283088684082031250
0.0000024925743673520628362894058227539062
0.0000039806409404263831675052642822265625
0.0000065641579567454755306243896484375000
0.0000109813718154327943921089172363281250
0.0000184344971785321831703186035156250000
0.0000308524940919596701860427856445312500
0.0000512871592945884913206100463867187500
0.0000845003305585123598575592041015625000
0.0001378198066959157586097717285156250000
0.0002223663032054901123046875000000000000
0.0003547819796949625015258789062500000000
0.0005596224800683557987213134765625000000
0.0008726079831831157207489013671875000000
0.0013449571561068296432495117187500000000
0.0020490523893386125564575195312500000000
0.0030856917146593332290649414062500000000
0.0045931674540042877197265625000000000000
0.0067583671770989894866943359375000000000
0.0098300017416477203369140625000000000000
0.0141339078545570373535156250000000000000
0.0200902111828327178955078125000000000000
0.0282318051904439926147460937500000000000
0.0392233841121196746826171875000000000000
0.0538797378540039062500000000000000000000
0.0731819346547126770019531250000000000000
0.0982892215251922607421875000000000000000
0.1305447667837142944335937500000000000000
0.1714726239442825317382812500000000000000
0.2227637022733688354492187500000000000000
0.2862487435340881347656250000000000000000
0.3638568520545959472656250000000000000000
0.4575584530830383300781250000000000000000
0.5692935585975646972656250000000000000000
0.7008870244026184082031250000000000000000
0.8539534807205200195312500000000000000000
1.0297963619232177734375000000000000000000
1.2293080091476440429687500000000000000000
1.4528765678405761718750000000000000000000
1.7003037929534912109375000000000000000000
1.9707530736923217773437500000000000000000
2.2626967430114746093750000000000000000000
2.5740211009979248046875000000000000000000
2.9014706611633300781250000000000000000000
3.2441349029541015625000000000000000000000
3.5837032794952392578125000000000000000000
4.0000000000000000000000000000000000000000
4.0000000000000000000000000000000000000000
3.0000000000000000000000000000000000000000
3.0000000000000000000000000000000000000000
2.6877777576446533203125000000000000000000
2.4331011772155761718750000000000000000000
2.1761031150817871093750000000000000000000
1.9305158853530883789062500000000000000000
1.6970230340957641601562500000000000000000
1.4780651330947875976562500000000000000000
1.2752283811569213867187500000000000000000
1.0896576642990112304687500000000000000000
0.9219814538955688476562500000000000000000
0.7723476290702819824218750000000000000000
0.6404654383659362792968750000000000000000
0.5256656408309936523437500000000000000000
0.4269706308841705322265625000000000000000
0.3431693017482757568359375000000000000000
0.2728931307792663574218750000000000000000
0.2146870791912078857421875000000000000000
0.1670733094215393066406250000000000000000
0.1286049932241439819335937500000000000000
0.0979091152548789978027343750000000000000
0.0737174525856971740722656250000000000000
0.0548869967460632324218750000000000000000
0.0404103621840476989746093750000000000000
0.0294180922210216522216796875000000000000
0.0211744122207164764404296875000000000000
0.0150682153180241584777832031250000000000
0.0106009896844625473022460937500000000000
0.0073730587027966976165771484375000000000
0.0050693345256149768829345703125000000000
0.0034454341512173414230346679687500000000
0.0023148274049162864685058593750000000000
0.0015373482601717114448547363281250000000
0.0010092767188325524330139160156250000000
0.0006550148827955126762390136718750000000
0.0004202756681479513645172119140625000000
0.0002666452783159911632537841796875000000
0.0001673335500527173280715942382812500000
0.0001039237031363882124423980712890625000
0.0000639341378700919449329376220703125000
0.0000390243440051563084125518798828125000
0.0000236985124502098187804222106933593750
0.0000143853667395887896418571472167968750
0.0000087962271209107711911201477050781250
0.0000054847096180310472846031188964843750
0.0000035497953376761870458722114562988281
0.0000024390078579017426818609237670898438
0.0000018204597154181101359426975250244141
0.0000015017109262771555222570896148681641
0.0000013804761920255259610712528228759766
0.0000014175086562318028882145881652832031
0.0000016261450355159468017518520355224609
0.0000020763832253578584641218185424804688
0.0000029145048756618052721023559570312500
0.0000044025709939887747168540954589843750
0.0000069860884650552179664373397827148438
0.0000114033009595004841685295104980468750
0.0000188564263225998729467391967773437500
0.0000312744195980485528707504272460937500
0.0000517090884386561810970306396484375000
0.0000849222487886436283588409423828125000
0.0001382417249260470271110534667968750000
0.0002227882359875366091728210449218750000
0.0003552038397174328565597534179687500000
0.0005600443691946566104888916015625000000
0.0008730298141017556190490722656250000000
0.0013453790452331304550170898437500000000
0.0020494745112955570220947265625000000000
0.0030861133709549903869628906250000000000
0.0045935893431305885314941406250000000000
0.0067587895318865776062011718750000000000
0.0098304226994514465332031250000000000000
0.0141343297436833381652832031250000000000
0.0200906321406364440917968750000000000000
0.0282322280108928680419921875000000000000
0.0392237976193428039550781250000000000000
0.0538801550865173339843750000000000000000
0.0731823369860649108886718750000000000000
0.0982896238565444946289062500000000000000
0.1305451840162277221679687500000000000000
0.1714730262756347656250000000000000000000
0.2227640897035598754882812500000000000000
0.2862491607666015625000000000000000000000
0.3638572692871093750000000000000000000000
0.4575588107109069824218750000000000000000
0.5692938566207885742187500000000000000000
0.7008874416351318359375000000000000000000
0.8539537191390991210937500000000000000000
1.0297967195510864257812500000000000000000
1.2293083667755126953125000000000000000000
1.4528768062591552734375000000000000000000
1.7003042697906494140625000000000000000000
1.9707533121109008789062500000000000000000
2.2626969814300537109375000000000000000000
2.5740211009979248046875000000000000000000
2.9014708995819091796875000000000000000000
3.2441349029541015625000000000000000000000
3.5837035179138183593750000000000000000000
4.0000000000000000000000000000000000000000
4.0000000000000000000000000000000000000000
3.0000000000000000000000000000000000000000
3.0000000000000000000000000000000000000000
2.6877777576446533203125000000000000000000
2.4331014156341552734375000000000000000000
2.1761031150817871093750000000000000000000
1.9305162429809570312500000000000000000000
1.6970233917236328125000000000000000000000
1.4780657291412353515625000000000000000000
1.2752287387847900390625000000000000000000
1.0896580219268798828125000000000000000000
0.9219819903373718261718750000000000000000
0.7723482251167297363281250000000000000000
0.6404660940170288085937500000000000000000
0.5256662964820861816406250000000000000000
0.4269712567329406738281250000000000000000
0.3431699872016906738281250000000000000000
0.2728938460350036621093750000000000000000
0.2146877795457839965820312500000000000000
0.1670739948749542236328125000000000000000
0.1286057233810424804687500000000000000000
0.0979098454117774963378906250000000000000
0.0737181976437568664550781250000000000000
0.0548877306282520294189453125000000000000
0.0404110923409461975097656250000000000000
0.0294188316911458969116210937500000000000
0.0211751516908407211303710937500000000000
0.0150689585134387016296386718750000000000
0.0106017319485545158386230468750000000000
0.0073738046921789646148681640625000000000
0.0050700791180133819580078125000000000000
0.0034461796749383211135864257812500000000
0.0023155729286372661590576171875000000000
0.0015380934346467256546020507812500000000
0.0010100221261382102966308593750000000000
0.0006557602318935096263885498046875000000
0.0004210211336612701416015625000000000000
0.0002673907729331403970718383789062500000
0.0001680790883256122469902038574218750000
0.0001046692341333255171775817871093750000
0.0000646796688670292496681213378906250000
0.0000397698822780512273311614990234375000
0.0000244440489041153341531753540039062500
0.0000151309041029890067875385284423828125
0.0000095417617558268830180168151855468750
0.0000062302460719365626573562622070312500
0.0000042953315642080269753932952880859375
0.0000031845447665546089410781860351562500
0.0000025659962830104632303118705749511719
0.0000022472479486168595030903816223144531
0.0000021260129869915544986724853515625000
0.0000021630453375109937041997909545898438
0.0000023716818304819753393530845642089844
0.0000028219199066370492801070213317871094
0.0000036600413295673206448554992675781250
0.0000051481079026416409760713577270507812
0.0000077316235547186806797981262207031250
0.0000121488374134059995412826538085937500
0.0000196019627765053883194923400878906250
0.0000320199542329646646976470947265625000
0.0000524546267115511000156402587890625000
0.0000856677797855809330940246582031250000
0.0001389872340951114892959594726562500000
0.0002235337451566010713577270507812500000
0.0003559493634384125471115112304687500000
0.0005607898347079753875732421875000000000
0.0008737753378227353096008300781250000000
0.0013461244525387883186340332031250000000
0.0020502195693552494049072265625000000000
0.0030868588946759700775146484375000000000
0.0045943339355289936065673828125000000000
0.0067595345899462699890136718750000000000
0.0098311677575111389160156250000000000000
0.0141350729390978813171386718750000000000
0.0200913734734058380126953125000000000000
0.0282329674810171127319335937500000000000
0.0392245352268218994140625000000000000000
0.0538808889687061309814453125000000000000
0.0731830745935440063476562500000000000000
0.0982903540134429931640625000000000000000
0.1305458992719650268554687500000000000000
0.1714737415313720703125000000000000000000
0.2227648049592971801757812500000000000000
0.2862498164176940917968750000000000000000
0.3638579249382019042968750000000000000000
0.4575594961643218994140625000000000000000
0.5692945718765258789062500000000000000000
0.7008880376815795898437500000000000000000
0.8539543151855468750000000000000000000000
1.0297971963882446289062500000000000000000
1.2293088436126708984375000000000000000000
1.4528772830963134765625000000000000000000
1.7003047466278076171875000000000000000000
1.9707536697387695312500000000000000000000
2.2626976966857910156250000000000000000000
2.5740213394165039062500000000000000000000
2.9014708995819091796875000000000000000000
3.2441353797912597656250000000000000000000
3.5837035179138183593750000000000000000000
4.0000000000000000000000000000000000000000
4.0000000000000000000000000000000000000000
3.0000000000000000000000000000000000000000
3.0000000000000000000000000000000000000000
2.6877779960632324218750000000000000000000
2.4331016540527343750000000000000000000000
2.1761040687561035156250000000000000000000
1.9305168390274047851562500000000000000000
1.6970239877700805664062500000000000000000
1.4780662059783935546875000000000000000000
1.2752295732498168945312500000000000000000
1.0896590948104858398437500000000000000000
0.9219828844070434570312500000000000000000
0.7723491191864013671875000000000000000000
0.6404671072959899902343750000000000000000
0.5256674289703369140625000000000000000000
0.4269724488258361816406250000000000000000
0.3431711196899414062500000000000000000000
0.2728950381278991699218750000000000000000
0.2146890163421630859375000000000000000000
0.1670752465724945068359375000000000000000
0.1286069601774215698242187500000000000000
0.0979111045598983764648437500000000000000
0.0737194567918777465820312500000000000000
0.0548890009522438049316406250000000000000
0.0404123738408088684082031250000000000000
0.0294201131910085678100585937500000000000
0.0211764406412839889526367187500000000000
0.0150702474638819694519042968750000000000
0.0106030227616429328918457031250000000000
0.0073750950396060943603515625000000000000
0.0050713708624243736267089843750000000000
0.0034474711865186691284179687500000000000
0.0023168649058789014816284179687500000000
0.0015393857611343264579772949218750000000
0.0010113144526258111000061035156250000000
0.0006570526747964322566986083984375000000
0.0004223136347718536853790283203125000000
0.0002686832740437239408493041992187500000
0.0001693716039881110191345214843750000000
0.0001059617497958242893218994140625000000
0.0000659721990814432501792907714843750000
0.0000410624124924652278423309326171875000
0.0000257365845754975453019142150878906250
0.0000164234406838659197092056274414062500
0.0000108342983367037959396839141845703125
0.0000075227826528134755790233612060546875
0.0000055878685998322907835245132446289062
0.0000044770818021788727492094039916992188
0.0000038585340007557533681392669677734375
0.0000035397847568674478679895401000976562
0.0000034185500226158183068037033081054688
0.0000034555828278826083987951278686523438
0.0000036642195482272654771804809570312500
0.0000041144567148876376450061798095703125
0.0000049525783651915844529867172241210938
0.0000064406440287712030112743377685546875
0.0000090241610450902953743934631347656250
0.0000134413730847882106900215148925781250
0.0000208944966288981959223747253417968750
0.0000333124880853574723005294799804687500
0.0000537471569259651005268096923828125000
0.0000869603099999949336051940917968750000
0.0001402797643095254898071289062500000000
0.0002248262317152693867683410644531250000
0.0003572418354451656341552734375000000000
0.0005620822194032371044158935546875000000
0.0008750676061026751995086669921875000000
0.0013474167790263891220092773437500000000
0.0020515115465968847274780273437500000000
0.0030881504062563180923461914062500000000
0.0045956252142786979675292968750000000000
0.0067608254030346870422363281250000000000
0.0098324576392769813537597656250000000000
0.0141363618895411491394042968750000000000
0.0200926624238491058349609375000000000000
0.0282342545688152313232421875000000000000
0.0392258241772651672363281250000000000000
0.0538821704685688018798828125000000000000
0.0731843411922454833984375000000000000000
0.0982916206121444702148437500000000000000
0.1305471509695053100585937500000000000000
0.1714749783277511596679687500000000000000
0.2227660119533538818359375000000000000000
0.2862510681152343750000000000000000000000
0.3638591170310974121093750000000000000000
0.4575606286525726318359375000000000000000
0.5692956447601318359375000000000000000000
0.7008891105651855468750000000000000000000
0.8539553880691528320312500000000000000000
1.0297982692718505859375000000000000000000
1.2293097972869873046875000000000000000000
1.4528781175613403320312500000000000000000
1.7003055810928344726562500000000000000000
1.9707543849945068359375000000000000000000
2.2626981735229492187500000000000000000000
2.5740218162536621093750000000000000000000
2.9014716148376464843750000000000000000000
3.2441353797912597656250000000000000000000
3.5837035179138183593750000000000000000000
4.0000000000000000000000000000000000000000
4.0000000000000000000000000000000000000000
3.0000000000000000000000000000000000000000
3.0000000000000000000000000000000000000000
2.6877779960632324218750000000000000000000
2.4331023693084716796875000000000000000000
2.1761045455932617187500000000000000000000
1.9305177927017211914062500000000000000000
1.6970249414443969726562500000000000000000
1.4780672788619995117187500000000000000000
1.2752308845520019531250000000000000000000
1.0896604061126708984375000000000000000000
0.9219843745231628417968750000000000000000
0.7723509073257446289062500000000000000000
0.6404688358306884765625000000000000000000
0.5256692171096801757812500000000000000000
0.4269743561744689941406250000000000000000
0.3431730866432189941406250000000000000000
0.2728970348834991455078125000000000000000
0.2146910727024078369140625000000000000000
0.1670773327350616455078125000000000000000
0.1286090761423110961914062500000000000000
0.0979132503271102905273437500000000000000
0.0737216174602508544921875000000000000000
0.0548911802470684051513671875000000000000
0.0404145568609237670898437500000000000000
0.0294223073869943618774414062500000000000
0.0211786366999149322509765625000000000000
0.0150724472478032112121582031250000000000
0.0106052262708544731140136718750000000000
0.0073772994801402091979980468750000000000
0.0050735771656036376953125000000000000000
0.0034496791195124387741088867187500000000
0.0023190728388726711273193359375000000000
0.0015415941597893834114074707031250000000
0.0010135230841115117073059082031250000000
0.0006592613062821328639984130859375000000
0.0004245224408805370330810546875000000000
0.0002708922256715595722198486328125000000
0.0001715805410640314221382141113281250000
0.0001081707159755751490592956542968750000
0.0000681811798131093382835388183593750000
0.0000432714077760465443134307861328125000
0.0000279455853160470724105834960937500000
0.0000186324396054260432720184326171875000
0.0000130433018057374283671379089355468750
0.0000097317861218471080064773559570312500
0.0000077968734331079758703708648681640625
0.0000066860857259598560631275177001953125
0.0000060675374697893857955932617187500000
0.0000057487891353957820683717727661132812
0.0000056275544011441525071859359741210938
0.0000056645867516635917127132415771484375
0.0000058732230172608979046344757080078125
0.0000063234610934159718453884124755859375
0.0000071615831984672695398330688476562500
0.0000086496484072995372116565704345703125
0.0000112331645141239278018474578857421875
0.0000156503774633165448904037475585937500
0.0000231034973694477230310440063476562500
0.0000355214906448964029550552368164062500
0.0000559561412956099957227706909179687500
0.0000891692980076186358928680419921875000
0.0001424887450411915779113769531250000000
0.0002270351833431050181388854980468750000
0.0003594507579691708087921142578125000000
0.0005642911419272422790527343750000000000
0.0008772763540036976337432861328125000000
0.0013496251776814460754394531250000000000
0.0020537199452519416809082031250000000000
0.0030903583392500877380371093750000000000
0.0045978329144418239593505859375000000000
0.0067630312405526638031005859375000000000
0.0098346620798110961914062500000000000000
0.0141385663300752639770507812500000000000
0.0200948622077703475952148437500000000000
0.0282364524900913238525390625000000000000
0.0392280071973800659179687500000000000000
0.0538843497633934020996093750000000000000
0.0731865242123603820800781250000000000000
0.0982937812805175781250000000000000000000
0.1305492818355560302734375000000000000000
0.1714771091938018798828125000000000000000
0.2227681130170822143554687500000000000000
0.2862531244754791259765625000000000000000
0.3638611435890197753906250000000000000000
0.4575625956058502197265625000000000000000
0.5692974925041198730468750000000000000000
0.7008908987045288085937500000000000000000
0.8539571762084960937500000000000000000000
1.0297998189926147460937500000000000000000
1.2293112277984619140625000000000000000000
1.4528794288635253906250000000000000000000
1.7003066539764404296875000000000000000000
1.9707555770874023437500000000000000000000
2.2626991271972656250000000000000000000000
2.5740227699279785156250000000000000000000
2.9014718532562255859375000000000000000000
3.2441356182098388671875000000000000000000
3.5837039947509765625000000000000000000000
4.0000000000000000000000000000000000000000
4.0000000000000000000000000000000000000000
3.0000000000000000000000000000000000000000
3.0000000000000000000000000000000000000000
2.6877784729003906250000000000000000000000
2.4331028461456298828125000000000000000000
2.1761054992675781250000000000000000000000
1.9305187463760375976562500000000000000000
1.6970266103744506835937500000000000000000
1.4780691862106323242187500000000000000000
1.2752329111099243164062500000000000000000
1.0896627902984619140625000000000000000000
0.9219871759414672851562500000000000000000
0.7723537087440490722656250000000000000000
0.6404718160629272460937500000000000000000
0.5256723761558532714843750000000000000000
0.4269775450229644775390625000000000000000
0.3431764245033264160156250000000000000000
0.2729004621505737304687500000000000000000
0.2146945446729660034179687500000000000000
0.1670808792114257812500000000000000000000
0.1286126673221588134765625000000000000000
0.0979168713092803955078125000000000000000
0.0737252682447433471679687500000000000000
0.0548948533833026885986328125000000000000
0.0404182448983192443847656250000000000000
0.0294260084629058837890625000000000000000
0.0211823433637619018554687500000000000000
0.0150761604309082031250000000000000000000
0.0106089441105723381042480468750000000000
0.0073810205794870853424072265625000000000
0.0050773001275956630706787109375000000000
0.0034534025471657514572143554687500000000
0.0023227981291711330413818359375000000000
0.0015453195665031671524047851562500000000
0.0010172489564865827560424804687500000000
0.0006629877025261521339416503906250000000
0.0004282489826437085866928100585937500000
0.0002746187674347311258316040039062500000
0.0001753072137944400310516357421875000000
0.0001118974396376870572566986083984375000
0.0000719079180271364748477935791015625000
0.0000469981532660312950611114501953125000
0.0000316723380819894373416900634765625000
0.0000223591996473260223865509033203125000
0.0000167700636666268110275268554687500000
0.0000134585479827364906668663024902343750
0.0000115236343845026567578315734863281250
0.0000104128484963439404964447021484375000
0.0000097943020591628737747669219970703125
0.0000094755532700219191610813140869140625
0.0000093543185357702895998954772949218750
0.0000093913504315423779189586639404296875
0.0000095999876066343858838081359863281250
0.0000100502247732947580516338348388671875
0.0000108883450593566522002220153808593750
0.0000123764093586942180991172790527343750
0.0000149599272845080122351646423339843750
0.0000193771356862271204590797424316406250
0.0000268302537733688950538635253906250000
0.0000392482361348811537027359008789062500
0.0000596828940615523606538772583007812500
0.0000928960216697305440902709960937500000
0.0001462154323235154151916503906250000000
0.0002307618269696831703186035156250000000
0.0003631773288361728191375732421875000000
0.0005680175381712615489959716796875000000
0.0008810026338323950767517089843750000000
0.0013533511664718389511108398437500000000
0.0020574454683810472488403320312500000000
0.0030940831638872623443603515625000000000
0.0046015568077564239501953125000000000000
0.0067667537368834018707275390625000000000
0.0098383817821741104125976562500000000000
0.0141422804445028305053710937500000000000
0.0200985725969076156616210937500000000000
0.0282401554286479949951171875000000000000
0.0392317064106464385986328125000000000000
0.0538880415260791778564453125000000000000
0.0731901824474334716796875000000000000000
0.0982974320650100708007812500000000000000
0.1305529177188873291015625000000000000000
0.1714806854724884033203125000000000000000
0.2227716445922851562500000000000000000000
0.2862566113471984863281250000000000000000
0.3638645410537719726562500000000000000000
0.4575658738613128662109375000000000000000
0.5693007707595825195312500000000000000000
0.7008939981460571289062500000000000000000
0.8539600372314453125000000000000000000000
1.0298025608062744140625000000000000000000
1.2293139696121215820312500000000000000000
1.4528818130493164062500000000000000000000
1.7003087997436523437500000000000000000000
1.9707572460174560546875000000000000000000
2.2627007961273193359375000000000000000000
2.5740237236022949218750000000000000000000
2.9014730453491210937500000000000000000000
3.2441363334655761718750000000000000000000
3.5837039947509765625000000000000000000000
4.0000000000000000000000000000000000000000
4.0000000000000000000000000000000000000000
3.0000000000000000000000000000000000000000
3.0000000000000000000000000000000000000000
2.6877789497375488281250000000000000000000
2.4331040382385253906250000000000000000000
2.1761071681976318359375000000000000000000
1.9305207729339599609375000000000000000000
1.6970294713973999023437500000000000000000
1.4780724048614501953125000000000000000000
1.2752364873886108398437500000000000000000
1.0896669626235961914062500000000000000000
0.9219913482666015625000000000000000000000
0.7723583579063415527343750000000000000000
0.6404768228530883789062500000000000000000
0.5256775617599487304687500000000000000000
0.4269829392433166503906250000000000000000
0.3431820273399353027343750000000000000000
0.2729061841964721679687500000000000000000
0.2147003710269927978515625000000000000000
0.1670867800712585449218750000000000000000
0.1286186575889587402343750000000000000000
0.0979229062795639038085937500000000000000
0.0737313479185104370117187500000000000000
0.0549009665846824645996093750000000000000
0.0404243879020214080810546875000000000000
0.0294321663677692413330078125000000000000
0.0211885198950767517089843750000000000000
0.0150823462754487991333007812500000000000
0.0106151374056935310363769531250000000000
0.0073872199282050132751464843750000000000
0.0050835018046200275421142578125000000000
0.0034596070181578397750854492187500000000
0.0023290037643164396286010742187500000000
0.0015515268314629793167114257812500000000
0.0010234568035230040550231933593750000000
0.0006691959570161998271942138671875000000
0.0004344576154835522174835205078125000000
0.0002808276040013879537582397460937500000
0.0001815161376725882291793823242187500000
0.0001181064289994537830352783203125000000
0.0000781169510446488857269287109375000000
0.0000532072153873741626739501953125000000
0.0000378814147552475333213806152343750000
0.0000285682854155311360955238342285156250
0.0000229791530728107318282127380371093750
0.0000196676428458886221051216125488281250
0.0000177327310666441917419433593750000000
0.0000166219469974748790264129638671875000
0.0000160033996507991105318069458007812500
0.0000156846508616581559181213378906250000
0.0000155634170369012281298637390136718750
0.0000156004498421680182218551635742187500
0.0000158090861077653244137763977050781250
0.0000162593223649309948086738586425781250
0.0000170974435604875907301902770996093750
0.0000185855060408357530832290649414062500
0.0000211690203286707401275634765625000000
0.0000255862287303898483514785766601562500
0.0000330393413605634123086929321289062500
0.0000454573128081392496824264526367187500
0.0000658919452689588069915771484375000000
0.0000991050474112853407859802246093750000
0.0001524244144093245267868041992187500000
0.0002369707217440009117126464843750000000
0.0003693860489875078201293945312500000000
0.0005742261419072747230529785156250000000
0.0008872107719071209430694580078125000000
0.0013595587806776165962219238281250000000
0.0020636522676795721054077148437500000000
0.0031002885662019252777099609375000000000
0.0046077603474259376525878906250000000000
0.0067729540169239044189453125000000000000
0.0098445778712630271911621093750000000000
0.0141484709456562995910644531250000000000
0.0201047547161579132080078125000000000000
0.0282463226467370986938476562500000000000
0.0392378605902194976806640625000000000000
0.0538941696286201477050781250000000000000
0.0731962919235229492187500000000000000000
0.0983034968376159667968750000000000000000
0.1305589377880096435546875000000000000000
0.1714866310358047485351562500000000000000
0.2227775156497955322265625000000000000000
0.2862623631954193115234375000000000000000
0.3638702034950256347656250000000000000000
0.4575714170932769775390625000000000000000
0.5693060755729675292968750000000000000000
0.7008991241455078125000000000000000000000
0.8539649844169616699218750000000000000000
1.0298073291778564453125000000000000000000
1.2293183803558349609375000000000000000000
1.4528857469558715820312500000000000000000
1.7003123760223388671875000000000000000000
1.9707603454589843750000000000000000000000
2.2627034187316894531250000000000000000000
2.5740261077880859375000000000000000000000
2.9014747142791748046875000000000000000000
3.2441375255584716796875000000000000000000
3.5837051868438720703125000000000000000000
4.0000000000000000000000000000000000000000
4.0000000000000000000000000000000000000000
3.0000000000000000000000000000000000000000
3.0000000000000000000000000000000000000000
2.6877803802490234375000000000000000000000
2.4331059455871582031250000000000000000000
2.1761100292205810546875000000000000000000
1.9305248260498046875000000000000000000000
1.6970336437225341796875000000000000000000
1.4780776500701904296875000000000000000000
1.2752425670623779296875000000000000000000
1.0896735191345214843750000000000000000000
0.9219986796379089355468750000000000000000
0.7723660469055175781250000000000000000000
0.6404849290847778320312500000000000000000
0.5256861448287963867187500000000000000000
0.4269917607307434082031250000000000000000
0.3431911468505859375000000000000000000000
0.2729155421257019042968750000000000000000
0.2147099226713180541992187500000000000000
0.1670964956283569335937500000000000000000
0.1286284774541854858398437500000000000000
0.0979328379034996032714843750000000000000
0.0737413614988327026367187500000000000000
0.0549110285937786102294921875000000000000
0.0404344946146011352539062500000000000000
0.0294423047453165054321289062500000000000
0.0211986787617206573486328125000000000000
0.0150925246998667716979980468750000000000
0.0106253279373049736022949218750000000000
0.0073974183760583400726318359375000000000
0.0050937072373926639556884765625000000000
0.0034698166418820619583129882812500000000
0.0023392164148390293121337890625000000000
0.0015617408789694309234619140625000000000
0.0010336721315979957580566406250000000000
0.0006794120417907834053039550781250000000
0.0004446741077117621898651123046875000000
0.0002910445036832243204116821289062500000
0.0001917332119774073362350463867187500000
0.0001283236488234251737594604492187500000
0.0000883342436281964182853698730468750000
0.0000634245443507097661495208740234375000
0.0000480987655464559793472290039062500000
0.0000387856489396654069423675537109375000
0.0000331965275108814239501953125000000000
0.0000298850209219381213188171386718750000
0.0000279501145996619015932083129882812500
0.0000268393305304925888776779174804687500
0.0000262207813648274168372154235839843750
0.0000259020362136652693152427673339843750
0.0000257808023889083415269851684570312500
0.0000258178370131645351648330688476562500
0.0000260264696407830342650413513183593750
0.0000264767095359275117516517639160156250
0.0000273148270935053005814552307128906250
0.0000288028913928428664803504943847656250
0.0000313864002237096428871154785156250000
0.0000358035977114923298358917236328125000
0.0000432567067036870867013931274414062500
0.0000556746563233900815248489379882812500
0.0000761092596803791821002960205078125000
0.0001093223108910024166107177734375000000
0.0001626415614737197756767272949218750000
0.0002471877378411591053009033203125000000
0.0003796028613578528165817260742187500000
0.0005844425177201628684997558593750000000
0.0008974266238510608673095703125000000000
0.0013697736430913209915161132812500000000
0.0020738658495247364044189453125000000000
0.0031105002854019403457641601562500000000
0.0046179676428437232971191406250000000000
0.0067831575870513916015625000000000000000
0.0098547749221324920654296875000000000000
0.0141586568206548690795898437500000000000
0.0201149266213178634643554687500000000000
0.0282564759254455566406250000000000000000
0.0392479822039604187011718750000000000000
0.0539042577147483825683593750000000000000
0.0732063427567481994628906250000000000000
0.0983134731650352478027343750000000000000
0.1305688321590423583984375000000000000000
0.1714964210987091064453125000000000000000
0.2227871865034103393554687500000000000000
0.2862718701362609863281250000000000000000
0.3638794720172882080078125000000000000000
0.4575804769992828369140625000000000000000
0.5693148970603942871093750000000000000000
0.7009074687957763671875000000000000000000
0.8539729118347167968750000000000000000000
1.0298147201538085937500000000000000000000
1.2293254137039184570312500000000000000000
1.4528921842575073242187500000000000000000
1.7003183364868164062500000000000000000000
1.9707657098770141601562500000000000000000
2.2627077102661132812500000000000000000000
2.5740299224853515625000000000000000000000
2.9014773368835449218750000000000000000000
3.2441394329071044921875000000000000000000
3.5837054252624511718750000000000000000000
4.0000000000000000000000000000000000000000
4.0000000000000000000000000000000000000000
3.0000000000000000000000000000000000000000
3.0000000000000000000000000000000000000000
2.6877820491790771484375000000000000000000
2.4331088066101074218750000000000000000000
2.1761145591735839843750000000000000000000
1.9305305480957031250000000000000000000000
1.6970411539077758789062500000000000000000
1.4780862331390380859375000000000000000000
1.2752521038055419921875000000000000000000
1.0896842479705810546875000000000000000000
0.9220103025436401367187500000000000000000
0.7723785042762756347656250000000000000000
0.6404981017112731933593750000000000000000
0.5256999135017395019531250000000000000000
0.4270061552524566650390625000000000000000
0.3432059884071350097656250000000000000000
0.2729307115077972412109375000000000000000
0.2147254496812820434570312500000000000000
0.1671122759580612182617187500000000000000
0.1286444514989852905273437500000000000000
0.0979489684104919433593750000000000000000
0.0737576112151145935058593750000000000000
0.0549273788928985595703125000000000000000
0.0404509119689464569091796875000000000000
0.0294587761163711547851562500000000000000
0.0212151929736137390136718750000000000000
0.0151090668514370918273925781250000000000
0.0106418896466493606567382812500000000000
0.0074139945209026336669921875000000000000
0.0051102931611239910125732421875000000000
0.0034864097833633422851562500000000000000
0.0023558137472718954086303710937500000000
0.0015783419366925954818725585937500000000
0.0010502752847969532012939453125000000000
0.0006960164755582809448242187500000000000
0.0004612793272826820611953735351562500000
0.0003076503053307533264160156250000000000
0.0002083393337670713663101196289062500000
0.0001449299452360719442367553710937500000
0.0001049406710080802440643310546875000000
0.0000800310590420849621295928955078125000
0.0000647053166176192462444305419921875000
0.0000553922254766803234815597534179687500
0.0000498031222377903759479522705078125000
0.0000464916265627834945917129516601562500
0.0000445567166025284677743911743164062500
0.0000434459325333591550588607788085937500
0.0000428273924626410007476806640625000000
0.0000425086436735000461339950561523437500
0.0000423874116677325218915939331054687500
0.0000424244426540099084377288818359375000
0.0000426330807385966181755065917968750000
0.0000430833133577834814786911010742187500
0.0000439214309153612703084945678710937500
0.0000454094915767200291156768798828125000
0.0000479929949506185948848724365234375000
0.0000524101851624436676502227783203125000
0.0000598632723267655819654464721679687500
0.0000722811964806169271469116210937500000
0.0000927157452679239213466644287109375000
0.0001259286946151405572891235351562500000
0.0001792478433344513177871704101562500000
0.0002637937723193317651748657226562500000
0.0003962084592785686254501342773437500000
0.0006010474753566086292266845703125000000
0.0009140305337496101856231689453125000000
0.0013863760977983474731445312500000000000
0.0020904657430946826934814453125000000000
0.0031270962208509445190429687500000000000
0.0046345591545104980468750000000000000000
0.0067997402511537075042724609375000000000
0.0098713468760251998901367187500000000000
0.0141752120107412338256835937500000000000
0.0201314575970172882080078125000000000000
0.0282729808241128921508789062500000000000
0.0392644442617893218994140625000000000000
0.0539206489920616149902343750000000000000
0.0732226520776748657226562500000000000000
0.0983296781778335571289062500000000000000
0.1305849105119705200195312500000000000000
0.1715123206377029418945312500000000000000
0.2228028476238250732421875000000000000000
0.2862872779369354248046875000000000000000
0.3638945519924163818359375000000000000000
0.4575951695442199707031250000000000000000
0.5693290829658508300781250000000000000000
0.7009211778640747070312500000000000000000
0.8539859652519226074218750000000000000000
1.0298268795013427734375000000000000000000
1.2293367385864257812500000000000000000000
1.4529026746749877929687500000000000000000
1.7003276348114013671875000000000000000000
1.9707740545272827148437500000000000000000
2.2627151012420654296875000000000000000000
2.5740354061126708984375000000000000000000
2.9014821052551269531250000000000000000000
3.2441430091857910156250000000000000000000
3.5837078094482421875000000000000000000000
4.0000000000000000000000000000000000000000
4.0000000000000000000000000000000000000000
3.0000000000000000000000000000000000000000
3.0000000000000000000000000000000000000000
2.6877846717834472656250000000000000000000
2.4331145286560058593750000000000000000000
2.1761219501495361328125000000000000000000
1.9305404424667358398437500000000000000000
1.6970529556274414062500000000000000000000
1.4780998229980468750000000000000000000000
1.2752676010131835937500000000000000000000
1.0897012948989868164062500000000000000000
0.9220288991928100585937500000000000000000
0.7723984122276306152343750000000000000000
0.6405192613601684570312500000000000000000
0.5257221460342407226562500000000000000000
0.4270291924476623535156250000000000000000
0.3432297408580780029296875000000000000000
0.2729551196098327636718750000000000000000
0.2147503346204757690429687500000000000000
0.1671375483274459838867187500000000000000
0.1286700963973999023437500000000000000000
0.0979748368263244628906250000000000000000
0.0737836882472038269042968750000000000000
0.0549536123871803283691406250000000000000
0.0404772683978080749511718750000000000000
0.0294852163642644882202148437500000000000
0.0212416984140872955322265625000000000000
0.0151356179267168045043945312500000000000
0.0106684742495417594909667968750000000000
0.0074406042695045471191406250000000000000
0.0051369192078709602355957031250000000000
0.0035130470059812068939208984375000000000
0.0023824591189622879028320312500000000000
0.0016049923142418265342712402343750000000
0.0010769290383905172348022460937500000000
0.0007226724410429596900939941406250000000
0.0004879368061665445566177368164062500000
0.0003343085991218686103820800781250000000
0.0002349982241867110133171081542968750000
0.0001715891703497618436813354492187500000
0.0001316001289524137973785400390625000000
0.0001066906261257827281951904296875000000
0.0000913649710128083825111389160156250000
0.0000820519198896363377571105957031250000
0.0000764628493925556540489196777343750000
0.0000731513573555275797843933105468750000
0.0000712164619471877813339233398437500000
0.0000701056851539760828018188476562500000
0.0000694871414452791213989257812500000000
0.0000691683890181593596935272216796875000
0.0000690471570123918354511260986328125000
0.0000690841989126056432723999023437500000
0.0000692928297212347388267517089843750000
0.0000697430659784004092216491699218750000
0.0000705811762600205838680267333984375000
0.0000720692332834005355834960937500000000
0.0000746527293813414871692657470703125000
0.0000790698977652937173843383789062500000
0.0000865229521878063678741455078125000000
0.0000989408217719756066799163818359375000
0.0001193752832477912306785583496093750000
0.0001525880943518131971359252929687500000
0.0002059069956885650753974914550781250000
0.0002904524735640734434127807617187500000
0.0004228664911352097988128662109375000000
0.0006277044303715229034423828125000000000
0.0009406859171576797962188720703125000000
0.0014130288036540150642395019531250000000
0.0021171143744140863418579101562500000000
0.0031537390314042568206787109375000000000
0.0046611926518380641937255859375000000000
0.0068263611756265163421630859375000000000
0.0098979473114013671875000000000000000000
0.0142017873004078865051269531250000000000
0.0201579928398132324218750000000000000000
0.0282994564622640609741210937500000000000
0.0392908528447151184082031250000000000000
0.0539469607174396514892578125000000000000
0.0732488259673118591308593750000000000000
0.0983556881546974182128906250000000000000
0.1306106895208358764648437500000000000000
0.1715378314256668090820312500000000000000
0.2228280305862426757812500000000000000000
0.2863120138645172119140625000000000000000
0.3639187514781951904296875000000000000000
0.4576187133789062500000000000000000000000
0.5693518519401550292968750000000000000000
0.7009430527687072753906250000000000000000
0.8540067672729492187500000000000000000000
1.0298465490341186523437500000000000000000
1.2293549776077270507812500000000000000000
1.4529193639755249023437500000000000000000
1.7003427743911743164062500000000000000000
1.9707872867584228515625000000000000000000
2.2627258300781250000000000000000000000000
2.5740447044372558593750000000000000000000
2.9014892578125000000000000000000000000000
3.2441475391387939453125000000000000000000
3.5837104320526123046875000000000000000000
4.0000000000000000000000000000000000000000
4.0000000000000000000000000000000000000000
3.0000000000000000000000000000000000000000
3.0000000000000000000000000000000000000000
2.6877894401550292968750000000000000000000
2.4331221580505371093750000000000000000000
2.1761336326599121093750000000000000000000
1.9305555820465087890625000000000000000000
1.6970713138580322265625000000000000000000
1.4781215190887451171875000000000000000000
1.2752921581268310546875000000000000000000
1.0897285938262939453125000000000000000000
0.9220582842826843261718750000000000000000
0.7724300622940063476562500000000000000000
0.6405527591705322265625000000000000000000
0.5257571935653686523437500000000000000000
0.4270656704902648925781250000000000000000
0.3432674109935760498046875000000000000000
0.2729937434196472167968750000000000000000
0.2147897779941558837890625000000000000000
0.1671776473522186279296875000000000000000
0.1287106871604919433593750000000000000000
0.0980158671736717224121093750000000000000
0.0738250240683555603027343750000000000000
0.0549951978027820587158203125000000000000
0.0405190400779247283935546875000000000000
0.0295271333307027816772460937500000000000
0.0212837196886539459228515625000000000000
0.0151777165010571479797363281250000000000
0.0107106268405914306640625000000000000000
0.0074827945791184902191162109375000000000
0.0051791369915008544921875000000000000000
0.0035552836488932371139526367187500000000
0.0024247081018984317779541015625000000000
0.0016472500283271074295043945312500000000
0.0011191923404112458229064941406250000000
0.0007649395265616476535797119140625000000
0.0005302062490954995155334472656250000000
0.0003765795263461768627166748046875000000
0.0002772700681816786527633666992187500000
0.0002138615818694233894348144531250000000
0.0001738728897180408239364624023437500000
0.0001489635760663077235221862792968750000
0.0001336380664724856615066528320312500000
0.0001243250881088897585868835449218750000
0.0001187360394396819174289703369140625000
0.0001154245837824419140815734863281250000
0.0001134897029260173439979553222656250000
0.0001123789334087632596492767333984375000
0.0001117603751481510698795318603515625000
0.0001114416372729465365409851074218750000
0.0001113204270950518548488616943359375000
0.0001113574617193080484867095947265625000
0.0001115660852519795298576354980468750000
0.0001120163215091452002525329589843750000
0.0001128544463426806032657623291015625000
0.0001143424742622300982475280761718750000
0.0001169259412563405930995941162109375000
0.0001213430878124199807643890380859375000
0.0001287961058551445603370666503906250000
0.0001412138808518648147583007812500000000
0.0001616481895325705409049987792968750000
0.0001948607387021183967590332031250000000
0.0002481791889294981956481933593750000000
0.0003327240119688212871551513671875000000
0.0004651369526982307434082031250000000000
0.0006699730874970555305480957031250000000
0.0009829516056925058364868164062500000000
0.0014552901266142725944519042968750000000
0.0021593691781163215637207031250000000000
0.0031959838233888149261474609375000000000
0.0047034225426614284515380859375000000000
0.0068685696460306644439697265625000000000
0.0099401259794831275939941406250000000000
0.0142439184710383415222167968750000000000
0.0202000644057989120483398437500000000000
0.0283414423465728759765625000000000000000
0.0393327139317989349365234375000000000000
0.0539886727929115295410156250000000000000
0.0732903257012367248535156250000000000000
0.0983969122171401977539062500000000000000
0.1306515485048294067382812500000000000000
0.1715782433748245239257812500000000000000
0.2228678911924362182617187500000000000000
0.2863511145114898681640625000000000000000
0.3639570176601409912109375000000000000000
0.4576559662818908691406250000000000000000
0.5693877935409545898437500000000000000000
0.7009776234626770019531250000000000000000
0.8540396690368652343750000000000000000000
1.0298776626586914062500000000000000000000
1.2293837070465087890625000000000000000000
1.4529459476470947265625000000000000000000
1.7003663778305053710937500000000000000000
1.9708083868026733398437500000000000000000
2.2627441883087158203125000000000000000000
2.5740597248077392578125000000000000000000
2.9015002250671386718750000000000000000000
3.2441554069519042968750000000000000000000
3.5837147235870361328125000000000000000000
4.0000000000000000000000000000000000000000
4.0000000000000000000000000000000000000000
3.0000000000000000000000000000000000000000
3.0000000000000000000000000000000000000000
2.6877958774566650390625000000000000000000
2.4331345558166503906250000000000000000000
2.1761517524719238281250000000000000000000
1.9305791854858398437500000000000000000000
1.6971000432968139648437500000000000000000
1.4781553745269775390625000000000000000000
1.2753303050994873046875000000000000000000
1.0897707939147949218750000000000000000000
0.9221044778823852539062500000000000000000
0.7724794149398803710937500000000000000000
0.6406049728393554687500000000000000000000
0.5258120298385620117187500000000000000000
0.4271226823329925537109375000000000000000
0.3433262407779693603515625000000000000000
0.2730541825294494628906250000000000000000
0.2148514539003372192382812500000000000000
0.1672403514385223388671875000000000000000
0.1287742257118225097656250000000000000000
0.0980800613760948181152343750000000000000
0.0738897472620010375976562500000000000000
0.0550603047013282775878906250000000000000
0.0405844524502754211425781250000000000000
0.0295927729457616806030273437500000000000
0.0213495232164859771728515625000000000000
0.0152436401695013046264648437500000000000
0.0107766399160027503967285156250000000000
0.0075488700531423091888427734375000000000
0.0052452557720243930816650390625000000000
0.0036214322317391633987426757812500000000
0.0024908774066716432571411132812500000000
0.0017134326044470071792602539062500000000
0.0011853841133415699005126953125000000000
0.0008311372366733849048614501953125000000
0.0005964076844975352287292480468750000000
0.0004427834937814623117446899414062500000
0.0003434755199123173952102661132812500000
0.0002800679940264672040939331054687500000
0.0002400798693997785449028015136718750000
0.0002151709340978413820266723632812500000
0.0001998455991270020604133605957031250000
0.0001905327517306432127952575683593750000
0.0001849437830969691276550292968750000000
0.0001816323638195171952247619628906250000
0.0001796974975150078535079956054687500000
0.0001785867498256266117095947265625000000
0.0001779682061169296503067016601562500000
0.0001776494609657675027847290039062500000
0.0001775282435119152069091796875000000000
0.0001775652781361714005470275878906250000
0.0001777739234967157244682312011718750000
0.0001782241452019661664962768554687500000
0.0001790622336557134985923767089843750000
0.0001805502688512206077575683593750000000
0.0001831337140174582600593566894531250000
0.0001875508169177919626235961914062500000
0.0001950037258211523294448852539062500000
0.0002074213698506355285644531250000000000
0.0002278554311487823724746704101562500000
0.0002610675874166190624237060546875000000
0.0003143852518405765295028686523437500000
0.0003989289980381727218627929687500000000
0.0005313400761224329471588134765625000000
0.0007361733587458729743957519531250000000
0.0010491473367437720298767089843750000000
0.0015214787563309073448181152343750000000
0.0022255473304539918899536132812500000000
0.0032621459104120731353759765625000000000
0.0047695608809590339660644531250000000000
0.0069346725940704345703125000000000000000
0.0100061772391200065612792968750000000000
0.0143099008128046989440917968750000000000
0.0202659461647272109985351562500000000000
0.0284071862697601318359375000000000000000
0.0393982715904712677001953125000000000000
0.0540539696812629699707031250000000000000
0.0733552873134613037109375000000000000000
0.0984614267945289611816406250000000000000
0.1307155191898345947265625000000000000000
0.1716414988040924072265625000000000000000
0.2229301929473876953125000000000000000000
0.2864123582839965820312500000000000000000
0.3640168607234954833984375000000000000000
0.4577141702175140380859375000000000000000
0.5694442391395568847656250000000000000000
0.7010316252708435058593750000000000000000
0.8540910482406616210937500000000000000000
1.0299260616302490234375000000000000000000
1.2294288873672485351562500000000000000000
1.4529871940612792968750000000000000000000
1.7004038095474243164062500000000000000000
1.9708410501480102539062500000000000000000
2.2627720832824707031250000000000000000000
2.5740826129913330078125000000000000000000
2.9015181064605712890625000000000000000000
3.2441673278808593750000000000000000000000
3.5837211608886718750000000000000000000000
4.0000000000000000000000000000000000000000
4.0000000000000000000000000000000000000000
3.0000000000000000000000000000000000000000
3.0000000000000000000000000000000000000000
2.6878066062927246093750000000000000000000
2.4331541061401367187500000000000000000000
2.1761801242828369140625000000000000000000
1.9306157827377319335937500000000000000000
1.6971447467803955078125000000000000000000
1.4782071113586425781250000000000000000000
1.2753893136978149414062500000000000000000
1.0898361206054687500000000000000000000000
0.9221755266189575195312500000000000000000
0.7725557088851928710937500000000000000000
0.6406856775283813476562500000000000000000
0.5258966684341430664062500000000000000000
0.4272107183933258056640625000000000000000
0.3434171974658966064453125000000000000000
0.2731474936008453369140625000000000000000
0.2149467468261718750000000000000000000000
0.1673372834920883178710937500000000000000
0.1288724839687347412109375000000000000000
0.0981793254613876342773437500000000000000
0.0739898085594177246093750000000000000000
0.0551609992980957031250000000000000000000
0.0406856164336204528808593750000000000000
0.0296942889690399169921875000000000000000
0.0214513055980205535888671875000000000000
0.0153456125408411026000976562500000000000
0.0108787510544061660766601562500000000000
0.0076510785147547721862792968750000000000
0.0053475331515073776245117187500000000000
0.0037237578071653842926025390625000000000
0.0025932351127266883850097656250000000000
0.0018158124294131994247436523437500000000
0.0012877786066383123397827148437500000000
0.0009335411596111953258514404296875000000
0.0006988177774474024772644042968750000000
0.0005451975157484412193298339843750000000
0.0004458920157048851251602172851562500000
0.0003824860032182186841964721679687500000
0.0003424987953621894121170043945312500000
0.0003175903693772852420806884765625000000
0.0003022653982043266296386718750000000000
0.0002929527545347809791564941406250000000
0.0002873638877645134925842285156250000000
0.0002840525412466377019882202148437500000
0.0002821176894940435886383056640625000000
0.0002810069709084928035736083984375000000
0.0002803884563036262989044189453125000000
0.0002800697111524641513824462890625000000
0.0002799484936986118555068969726562500000
0.0002799855428747832775115966796875000000
0.0002801941591314971446990966796875000000
0.0002806443662848323583602905273437500000
0.0002814824692904949188232421875000000000
0.0002829704899340867996215820312500000000
0.0002855538914445787668228149414062500000
0.0002899708924815058708190917968750000000
0.0002974236849695444107055664062500000000
0.0003098410670645534992218017578125000000
0.0003302747500129044055938720703125000000
0.0003634861786849796772003173828125000000
0.0004168027953710407018661499023437500000
0.0005013445625081658363342285156250000000
0.0006337527302093803882598876953125000000
0.0008385812980122864246368408203125000000
0.0011515480000525712966918945312500000000
0.0016238682437688112258911132812500000000
0.0023279192391782999038696289062500000000
0.0033644917421042919158935546875000000000
0.0048718689940869808197021484375000000000
0.0070369252935051918029785156250000000000
0.0101083498448133468627929687500000000000
0.0144119588658213615417480468750000000000
0.0203678440302610397338867187500000000000
0.0285088662058115005493164062500000000000
0.0394996553659439086914062500000000000000
0.0541549511253833770751953125000000000000
0.0734557360410690307617187500000000000000
0.0985611975193023681640625000000000000000
0.1308143734931945800781250000000000000000
0.1717392355203628540039062500000000000000
0.2230265587568283081054687500000000000000
0.2865069508552551269531250000000000000000
0.3641093373298645019531250000000000000000
0.4578041136264801025390625000000000000000
0.5695310235023498535156250000000000000000
0.7011150121688842773437500000000000000000
0.8541702032089233398437500000000000000000
1.0300006866455078125000000000000000000000
1.2294982671737670898437500000000000000000
1.4530509710311889648437500000000000000000
1.7004610300064086914062500000000000000000
1.9708917140960693359375000000000000000000
2.2628152370452880859375000000000000000000
2.5741176605224609375000000000000000000000
2.9015452861785888671875000000000000000000
3.2441864013671875000000000000000000000000
3.5837314128875732421875000000000000000000
4.0000000000000000000000000000000000000000
4.0000000000000000000000000000000000000000
3.0000000000000000000000000000000000000000
3.0000000000000000000000000000000000000000
2.6878228187561035156250000000000000000000
2.4331831932067871093750000000000000000000
2.1762228012084960937500000000000000000000
1.9306713342666625976562500000000000000000
1.6972122192382812500000000000000000000000
1.4782863855361938476562500000000000000000
1.2754790782928466796875000000000000000000
1.0899354219436645507812500000000000000000
0.9222838282585144042968750000000000000000
0.7726716995239257812500000000000000000000
0.6408088207244873046875000000000000000000
0.5260258316993713378906250000000000000000
0.4273450970649719238281250000000000000000
0.3435559570789337158203125000000000000000
0.2732899188995361328125000000000000000000
0.2150922268629074096679687500000000000000
0.1674852818250656127929687500000000000000
0.1290224641561508178710937500000000000000
0.0983309149742126464843750000000000000000
0.0741426497697830200195312500000000000000
0.0553147979080677032470703125000000000000
0.0408401489257812500000000000000000000000
0.0298493746668100357055664062500000000000
0.0216067992150783538818359375000000000000
0.0155014041811227798461914062500000000000
0.0110347568988800048828125000000000000000
0.0078072384931147098541259765625000000000
0.0055038020946085453033447265625000000000
0.0038801007904112339019775390625000000000
0.0027496297843754291534423828125000000000
0.0019722413271665573120117187500000000000
0.0014442302053794264793395996093750000000
0.0010900080669671297073364257812500000000
0.0008552944054827094078063964843750000000
0.0007016801973804831504821777343750000000
0.0006023786845616996288299560546875000000
0.0005389751167967915534973144531250000000
0.0004989893641322851181030273437500000000
0.0004740818985737860202789306640625000000
0.0004587573930621147155761718750000000000
0.0004494450986385345458984375000000000000
0.0004438564646989107131958007812500000000
0.0004405451472848653793334960937500000000
0.0004386104119475930929183959960937500000
0.0004374996642582118511199951171875000000
0.0004368811787571758031845092773437500000
0.0004365624918136745691299438476562500000
0.0004364412161521613597869873046875000000
0.0004364782944321632385253906250000000000
0.0004366869106888771057128906250000000000
0.0004371371178422123193740844726562500000
0.0004379752208478748798370361328125000000
0.0004394631832838058471679687500000000000
0.0004420464974828064441680908203125000000
0.0004464633821044117212295532226562500000
0.0004539159126579761505126953125000000000
0.0004663329455070197582244873046875000000
0.0004867659299634397029876708984375000000
0.0005199762526899576187133789062500000000
0.0005732910940423607826232910156250000000
0.0006578299799002707004547119140625000000
0.0007902332581579685211181640625000000000
0.0009950544917955994606018066406250000000
0.0013080093776807188987731933593750000000
0.0017803115770220756530761718750000000000
0.0024843350984156131744384765625000000000
0.0035208673216402530670166015625000000000
0.0050281835719943046569824218750000000000
0.0071931518614292144775390625000000000000
0.0102644506841897964477539062500000000000
0.0145678799599409103393554687500000000000
0.0205235164612531661987304687500000000000
0.0286641959100961685180664062500000000000
0.0396545119583606719970703125000000000000
0.0543091893196105957031250000000000000000
0.0736091434955596923828125000000000000000
0.0987135171890258789062500000000000000000
0.1309653371572494506835937500000000000000
0.1718884408473968505859375000000000000000
0.2231735438108444213867187500000000000000
0.2866512238979339599609375000000000000000
0.3642503917217254638671875000000000000000
0.4579411447048187255859375000000000000000
0.5696635246276855468750000000000000000000
0.7012420892715454101562500000000000000000
0.8542911410331726074218750000000000000000
1.0301144123077392578125000000000000000000
1.2296040058135986328125000000000000000000
1.4531476497650146484375000000000000000000
1.7005484104156494140625000000000000000000
1.9709678888320922851562500000000000000000
2.2628805637359619140625000000000000000000
2.5741715431213378906250000000000000000000
2.9015860557556152343750000000000000000000
3.2442142963409423828125000000000000000000
3.5837471485137939453125000000000000000000
4.0000000000000000000000000000000000000000
4.0000000000000000000000000000000000000000
3.0000000000000000000000000000000000000000
3.0000000000000000000000000000000000000000
2.6878471374511718750000000000000000000000
2.4332277774810791015625000000000000000000
2.1762869358062744140625000000000000000000
1.9307546615600585937500000000000000000000
1.6973140239715576171875000000000000000000
1.4784053564071655273437500000000000000000
1.2756140232086181640625000000000000000000
1.0900851488113403320312500000000000000000
0.9224466085433959960937500000000000000000
0.7728465795516967773437500000000000000000
0.6409941315650939941406250000000000000000
0.5262202620506286621093750000000000000000
0.4275474548339843750000000000000000000000
0.3437649905681610107421875000000000000000
0.2735046148300170898437500000000000000000
0.2153116166591644287109375000000000000000
0.1677084267139434814453125000000000000000
0.1292486786842346191406250000000000000000
0.0985595732927322387695312500000000000000
0.0743732005357742309570312500000000000000
0.0555468313395977020263671875000000000000
0.0410732962191104888916015625000000000000
0.0300833731889724731445312500000000000000
0.0218414235860109329223632812500000000000
0.0157364923506975173950195312500000000000
0.0112701784819364547729492187500000000000
0.0080428980290889739990234375000000000000
0.0057396283373236656188964843750000000000
0.0041160429827868938446044921875000000000
0.0029856509063392877578735351562500000000
0.0022083162330090999603271484375000000000
0.0016803408507257699966430664062500000000
0.0013261418789625167846679687500000000000
0.0010914434678852558135986328125000000000
0.0009378391550853848457336425781250000000
0.0008385436376556754112243652343750000000
0.0007751438533887267112731933593750000000
0.0007351605454459786415100097656250000000
0.0007102544186636805534362792968750000000
0.0006949309026822447776794433593750000000
0.0006856190739199519157409667968750000000
0.0006800306146033108234405517578125000000
0.0006767195882275700569152832031250000000
0.0006747849402017891407012939453125000000
0.0006736742798238992691040039062500000000
0.0006730557652190327644348144531250000000
0.0006727370782755315303802490234375000000
0.0006726158899255096912384033203125000000
0.0006726529099978506565093994140625000000
0.0006728615262545645236968994140625000000
0.0006733116460964083671569824218750000000
0.0006741497782059013843536376953125000000
0.0006756376242265105247497558593750000000
0.0006782208220101892948150634765625000000
0.0006826375611126422882080078125000000000
0.0006900897133164107799530029296875000000
0.0007025060476735234260559082031250000000
0.0007229381008073687553405761718750000000
0.0007561466773040592670440673828125000000
0.0008094586664810776710510253906250000000
0.0008939928375184535980224609375000000000
0.0010263887234032154083251953125000000000
0.0012311979662626981735229492187500000000
0.0015441346913576126098632812500000000000
0.0020164088346064090728759765625000000000
0.0027203897479921579360961914062500000000
0.0037568577099591493606567382812500000000
0.0052640801295638084411621093750000000000
0.0074289115145802497863769531250000000000
0.0105000147596001625061035156250000000000
0.0148031683638691902160644531250000000000
0.0207584165036678314208984375000000000000
0.0288985613733530044555664062500000000000
0.0398881584405899047851562500000000000000
0.0545418672263622283935546875000000000000
0.0738405510783195495605468750000000000000
0.0989432781934738159179687500000000000000
0.1311929672956466674804687500000000000000
0.1721133589744567871093750000000000000000
0.2233951389789581298828125000000000000000
0.2868687510490417480468750000000000000000
0.3644628524780273437500000000000000000000
0.4581476747989654541015625000000000000000
0.5698629021644592285156250000000000000000
0.7014331221580505371093750000000000000000
0.8544728159904479980468750000000000000000
1.0302852392196655273437500000000000000000
1.2297630310058593750000000000000000000000
1.4532930850982666015625000000000000000000
1.7006790637969970703125000000000000000000
1.9710830450057983398437500000000000000000
2.2629787921905517578125000000000000000000
2.5742516517639160156250000000000000000000
2.9016480445861816406250000000000000000000
3.2442569732666015625000000000000000000000
3.5837700366973876953125000000000000000000
4.0000000000000000000000000000000000000000
4.0000000000000000000000000000000000000000
3.0000000000000000000000000000000000000000
3.0000000000000000000000000000000000000000
2.6878831386566162109375000000000000000000
2.4332933425903320312500000000000000000000
2.1763825416564941406250000000000000000000
1.9308786392211914062500000000000000000000
1.6974651813507080078125000000000000000000
1.4785821437835693359375000000000000000000
1.2758146524429321289062500000000000000000
1.0903074741363525390625000000000000000000
0.9226888418197631835937500000000000000000
0.7731065750122070312500000000000000000000
0.6412698030471801757812500000000000000000
0.5265096426010131835937500000000000000000
0.4278486371040344238281250000000000000000
0.3440762460231781005859375000000000000000
0.2738242745399475097656250000000000000000
0.2156382501125335693359375000000000000000
0.1680407822132110595703125000000000000000
0.1295856535434722900390625000000000000000
0.0989001989364624023437500000000000000000
0.0747167170047760009765625000000000000000
0.0558925643563270568847656250000000000000
0.0414207503199577331542968750000000000000
0.0304320994764566421508789062500000000000
0.0221911109983921051025390625000000000000
0.0160868801176548004150390625000000000000
0.0116210738196969032287597656250000000000
0.0083941556513309478759765625000000000000
0.0060911406762897968292236328125000000000
0.0044677322730422019958496093750000000000
0.0033374621998518705368041992187500000000
0.0025602099485695362091064453125000000000
0.0020322892814874649047851562500000000000
0.0016781266313046216964721679687500000000
0.0014434516197070479393005371093750000000
0.0012898622080683708190917968750000000000
0.0011905764695256948471069335937500000000
0.0011271825060248374938964843750000000000
0.0010872028069570660591125488281250000000
0.0010622991248965263366699218750000000000
0.0010469767730683088302612304687500000000
0.0010376656427979469299316406250000000000
0.0010320777073502540588378906250000000000
0.0010287668555974960327148437500000000000
0.0010268322657793760299682617187500000000
0.0010257217800244688987731933593750000000
0.0010251034982502460479736328125000000000
0.0010247847530990839004516601562500000000
0.0010246635647490620613098144531250000000
0.0010247004684060811996459960937500000000
0.0010249090846627950668334960937500000000
0.0010253593791276216506958007812500000000
0.0010261973366141319274902343750000000000
0.0010276850080117583274841308593750000000
0.0010302681475877761840820312500000000000
0.0010346844792366027832031250000000000000
0.0010421361075714230537414550781250000000
0.0010545514523983001708984375000000000000
0.0010749817593023180961608886718750000000
0.0011081877164542675018310546875000000000
0.0011614951072260737419128417968750000000
0.0012460222933441400527954101562500000000
0.0013784065376967191696166992187500000000
0.0015831975033506751060485839843750000000
0.0018961059395223855972290039062500000000
0.0023683365434408187866210937500000000000
0.0030722517985850572586059570312500000000
0.0041086212731897830963134765625000000000
0.0056156991049647331237792968750000000000
0.0077803200110793113708496093750000000000
0.0108511215075850486755371093750000000000
0.0151538532227277755737304687500000000000
0.0211085099726915359497070312500000000000
0.0292478408664464950561523437500000000000
0.0402363464236259460449218750000000000000
0.0548885762691497802734375000000000000000
0.0741853266954421997070312500000000000000
0.0992855429649353027343750000000000000000
0.1315319985151290893554687500000000000000
0.1724483221769332885742187500000000000000
0.2237250357866287231445312500000000000000
0.2871923744678497314453125000000000000000
0.3647789955139160156250000000000000000000
0.4584547579288482666015625000000000000000
0.5701593160629272460937500000000000000000
0.7017171978950500488281250000000000000000
0.8547426462173461914062500000000000000000
1.0305390357971191406250000000000000000000
1.2299983501434326171875000000000000000000
1.4535089731216430664062500000000000000000
1.7008730173110961914062500000000000000000
1.9712537527084350585937500000000000000000
2.2631244659423828125000000000000000000000
2.5743703842163085937500000000000000000000
2.9017391204833984375000000000000000000000
3.2443194389343261718750000000000000000000
3.5838050842285156250000000000000000000000
4.0000000000000000000000000000000000000000
4.0000000000000000000000000000000000000000
3.0000000000000000000000000000000000000000
3.0000000000000000000000000000000000000000
2.6879360675811767578125000000000000000000
2.4333894252777099609375000000000000000000
2.1765222549438476562500000000000000000000
1.9310601949691772460937500000000000000000
1.6976867914199829101562500000000000000000
1.4788410663604736328125000000000000000000
1.2761086225509643554687500000000000000000
1.0906338691711425781250000000000000000000
0.9230443835258483886718750000000000000000
0.7734882235527038574218750000000000000000
0.6416746377944946289062500000000000000000
0.5269348621368408203125000000000000000000
0.4282912611961364746093750000000000000000
0.3445337712764739990234375000000000000000
0.2742943167686462402343750000000000000000
0.2161186635494232177734375000000000000000
0.1685297191143035888671875000000000000000
0.1300814151763916015625000000000000000000
0.0994014441967010498046875000000000000000
0.0752222463488578796386718750000000000000
0.0564014315605163574218750000000000000000
0.0419321581721305847167968750000000000000
0.0309454351663589477539062500000000000000
0.0227058734744787216186523437500000000000
0.0166026968508958816528320312500000000000
0.0121376523748040199279785156250000000000
0.0089112790301442146301269531250000000000
0.0066086500883102416992187500000000000000
0.0049855094403028488159179687500000000000
0.0038554228376597166061401367187500000000
0.0030782953836023807525634765625000000000
0.0025504580698907375335693359375000000000
0.0021963503677397966384887695312500000000
0.0019617108628153800964355468750000000000
0.0018081445014104247093200683593750000000
0.0017088731983676552772521972656250000000
0.0016454883152619004249572753906250000000
0.0016055142041295766830444335937500000000
0.0015806138981133699417114257812500000000
0.0015652934089303016662597656250000000000
0.0015559836756438016891479492187500000000
0.0015503964386880397796630859375000000000
0.0015470859361812472343444824218750000000
0.0015451516956090927124023437500000000000
0.0015440413262695074081420898437500000000
0.0015434229280799627304077148437500000000
0.0015431044157594442367553710937500000000
0.0015429831109941005706787109375000000000
0.0015430201310664415359497070312500000000
0.0015432286309078335762023925781250000000
0.0015436789253726601600646972656250000000
0.0015445166500285267829895019531250000000
0.0015460043214261531829833984375000000000
0.0015485871117562055587768554687500000000
0.0015530029777437448501586914062500000000
0.0015604536747559905052185058593750000000
0.0015728675061836838722229003906250000000
0.0015932954847812652587890625000000000000
0.0016264971345663070678710937500000000000
0.0016797978896647691726684570312500000000
0.0017643135506659746170043945312500000000
0.0018966803327202796936035156250000000000
0.0021014432422816753387451171875000000000
0.0024143080227077007293701171875000000000
0.0028864720370620489120483398437500000000
0.0035902871750295162200927734375000000000
0.0046265074051916599273681640625000000000
0.0061333649791777133941650390625000000000
0.0082976678386330604553222656250000000000
0.0113680157810449600219726562500000000000
0.0156701020896434783935546875000000000000
0.0216238684952259063720703125000000000000
0.0297619756311178207397460937500000000000
0.0407488159835338592529296875000000000000
0.0553988516330718994140625000000000000000
0.0746926963329315185546875000000000000000
0.0997891277074813842773437500000000000000
0.1320307701826095581054687500000000000000
0.1729410141706466674804687500000000000000
0.2242101430892944335937500000000000000000
0.2876681983470916748046875000000000000000
0.3652435541152954101562500000000000000000
0.4589058756828308105468750000000000000000
0.5705946683883666992187500000000000000000
0.7021342515945434570312500000000000000000
0.8551384806632995605468750000000000000000
1.0309109687805175781250000000000000000000
1.2303439378738403320312500000000000000000
1.4538248777389526367187500000000000000000
1.7011569738388061523437500000000000000000
1.9715030193328857421875000000000000000000
2.2633368968963623046875000000000000000000
2.5745444297790527343750000000000000000000
2.9018731117248535156250000000000000000000
3.2444109916687011718750000000000000000000
3.5838553905487060546875000000000000000000
4.0000000000000000000000000000000000000000
4.0000000000000000000000000000000000000000
3.0000000000000000000000000000000000000000
3.0000000000000000000000000000000000000000
2.6880125999450683593750000000000000000000
2.4335284233093261718750000000000000000000
2.1767244338989257812500000000000000000000
1.9313230514526367187500000000000000000000
1.6980075836181640625000000000000000000000
1.4792164564132690429687500000000000000000
1.2765347957611083984375000000000000000000
1.0911066532135009765625000000000000000000
0.9235598444938659667968750000000000000000
0.7740417718887329101562500000000000000000
0.6422621011734008789062500000000000000000
0.5275517702102661132812500000000000000000
0.4289337992668151855468750000000000000000
0.3451980948448181152343750000000000000000
0.2749769985675811767578125000000000000000
0.2168165743350982666015625000000000000000
0.1692400723695755004882812500000000000000
0.1308018416166305541992187500000000000000
0.1001299172639846801757812500000000000000
0.0759570449590682983398437500000000000000
0.0571411438286304473876953125000000000000
0.0426756404340267181396484375000000000000
0.0316917635500431060791015625000000000000
0.0234543234109878540039062500000000000000
0.0173527058213949203491210937500000000000
0.0128887919709086418151855468750000000000
0.0096632316708564758300781250000000000000
0.0073611759580671787261962890625000000000
0.0057384343817830085754394531250000000000
0.0046086232177913188934326171875000000000
0.0038316813297569751739501953125000000000
0.0033039685804396867752075195312500000000
0.0029499433003365993499755859375000000000
0.0027153578121215105056762695312500000000
0.0025618257932364940643310546875000000000
0.0024625761434435844421386718750000000000
0.0023992052301764488220214843750000000000
0.0023592396173626184463500976562500000000
0.0023343444336205720901489257812500000000
0.0023190272040665149688720703125000000000
0.0023097191005945205688476562500000000000
0.0023041327949613332748413085937500000000
0.0023008231073617935180664062500000000000
0.0022988892160356044769287109375000000000
0.0022977790795266628265380859375000000000
0.0022971606813371181488037109375000000000
0.0022968421690165996551513671875000000000
0.0022967210970818996429443359375000000000
0.0022967581171542406082153320312500000000
0.0022969667334109544754028320312500000000
0.0022974167950451374053955078125000000000
0.0022982545197010040283203125000000000000
0.0022997418418526649475097656250000000000
0.0023023239336907863616943359375000000000
0.0023067393340170383453369140625000000000
0.0023141885176301002502441406250000000000
0.0023266002535820007324218750000000000000
0.0023470239248126745223999023437500000000
0.0023802195210009813308715820312500000000
0.0024335095658898353576660156250000000000
0.0025180084630846977233886718750000000000
0.0026503482367843389511108398437500000000
0.0028550694696605205535888671875000000000
0.0031678688246756792068481445312500000000
0.0036399327218532562255859375000000000000
0.0043435962870717048645019531250000000000
0.0053795920684933662414550781250000000000
0.0068861199542880058288574218750000000000
0.0090499464422464370727539062500000000000
0.0121196117252111434936523437500000000000
0.0164207406342029571533203125000000000000
0.0223731733858585357666015625000000000000
0.0305094569921493530273437500000000000000
0.0414938367903232574462890625000000000000
0.0561405904591083526611328125000000000000
0.0754301100969314575195312500000000000000
0.1005209684371948242187500000000000000000
0.1327554434537887573242187500000000000000
0.1736566871404647827148437500000000000000
0.2249146252870559692382812500000000000000
0.2883589565753936767578125000000000000000
0.3659177422523498535156250000000000000000
0.4595603942871093750000000000000000000000
0.5712259411811828613281250000000000000000
0.7027384042739868164062500000000000000000
0.8557120561599731445312500000000000000000
1.0314495563507080078125000000000000000000
1.2308436632156372070312500000000000000000
1.4542818069458007812500000000000000000000
1.7015672922134399414062500000000000000000
1.9718633890151977539062500000000000000000
2.2636439800262451171875000000000000000000
2.5747952461242675781250000000000000000000
2.9020655155181884765625000000000000000000
3.2445435523986816406250000000000000000000
3.5839278697967529296875000000000000000000
4.0000000000000000000000000000000000000000
4.0000000000000000000000000000000000000000
3.0000000000000000000000000000000000000000
3.0000000000000000000000000000000000000000
2.6881220340728759765625000000000000000000
2.4337270259857177734375000000000000000000
2.1770136356353759765625000000000000000000
1.9316991567611694335937500000000000000000
1.6984660625457763671875000000000000000000
1.4797534942626953125000000000000000000000
1.2771446704864501953125000000000000000000
1.0917835235595703125000000000000000000000
0.9242978096008300781250000000000000000000
0.7748347520828247070312500000000000000000
0.6431037187576293945312500000000000000000
0.5284360647201538085937500000000000000000
0.4298549592494964599609375000000000000000
0.3461507558822631835937500000000000000000
0.2759562134742736816406250000000000000000
0.2178178280591964721679687500000000000000
0.1702594161033630371093750000000000000000
0.1318358629941940307617187500000000000000
0.1011756211519241333007812500000000000000
0.0770119652152061462402343750000000000000
0.0582032278180122375488281250000000000000
0.0437432117760181427001953125000000000000
0.0327634885907173156738281250000000000000
0.0245291553437709808349609375000000000000
0.0184298213571310043334960937500000000000
0.0139675717800855636596679687500000000000
0.0107432026416063308715820312500000000000
0.0084419855847954750061035156250000000000
0.0068198340013623237609863281250000000000
0.0056904265657067298889160156250000000000
0.0049137594178318977355957031250000000000
0.0043862317688763141632080078125000000000
0.0040323277935385704040527343750000000000
0.0037978223990648984909057617187500000000
0.0036443411372601985931396484375000000000
0.0035451245494186878204345703125000000000
0.0034817741252481937408447265625000000000
0.0034418206196278333663940429687500000000
0.0034169335849583148956298828125000000000
0.0034016207791864871978759765625000000000
0.0033923157025128602981567382812500000000
0.0033867310266941785812377929687500000000
0.0033834222704172134399414062500000000000
0.0033814888447523117065429687500000000000
0.0033803791739046573638916015625000000000
0.0033797610085457563400268554687500000000
0.0033794422633945941925048828125000000000
0.0033793211914598941802978515625000000000
0.0033793584443628787994384765625000000000
0.0033795665949583053588867187500000000000
0.0033800166565924882888793945312500000000
0.0033808543812483549118041992187500000000
0.0033823407720774412155151367187500000000
0.0033849228639155626296997070312500000000
0.0033893366344273090362548828125000000000
0.0033967841882258653640747070312500000000
0.0034091924317181110382080078125000000000
0.0034296102821826934814453125000000000000
0.0034627958666533231735229492187500000000
0.0035160705447196960449218750000000000000
0.0036005445290356874465942382812500000000
0.0037328444886952638626098632812500000000
0.0039375019259750843048095703125000000000
0.0042502041906118392944335937500000000000
0.0047221193090081214904785156250000000000
0.0054255593568086624145507812500000000000
0.0064612217247486114501953125000000000000
0.0079672625288367271423339843750000000000
0.0101303830742835998535156250000000000000
0.0131990434601902961730957031250000000000
0.0174987558275461196899414062500000000000
0.0234492272138595581054687500000000000000
0.0315828248858451843261718750000000000000
0.0425635799765586853027343750000000000000
0.0572055056691169738769531250000000000000
0.0764887034893035888671875000000000000000
0.1015713661909103393554687500000000000000
0.1337954103946685791015625000000000000000
0.1746834963560104370117187500000000000000
0.2259251177310943603515625000000000000000
0.2893494963645935058593750000000000000000
0.3668841719627380371093750000000000000000
0.4604980945587158203125000000000000000000
0.5721300244331359863281250000000000000000
0.7036036252975463867187500000000000000000
0.8565323948860168457031250000000000000000
1.0322198867797851562500000000000000000000
1.2315578460693359375000000000000000000000
1.4549343585968017578125000000000000000000
1.7021529674530029296875000000000000000000
1.9723771810531616210937500000000000000000
2.2640812397003173828125000000000000000000
2.5751531124114990234375000000000000000000
2.9023401737213134765625000000000000000000
3.2447314262390136718750000000000000000000
3.5840315818786621093750000000000000000000
4.0000000000000000000000000000000000000000
4.0000000000000000000000000000000000000000
3.0000000000000000000000000000000000000000
3.0000000000000000000000000000000000000000
2.6882765293121337890625000000000000000000
2.4340076446533203125000000000000000000000
2.1774218082427978515625000000000000000000
1.9322296380996704101562500000000000000000
1.6991140842437744140625000000000000000000
1.4805116653442382812500000000000000000000
1.2780063152313232421875000000000000000000
1.0927404165267944335937500000000000000000
0.9253412485122680664062500000000000000000
0.7759562730789184570312500000000000000000
0.6442945599555969238281250000000000000000
0.5296877026557922363281250000000000000000
0.4311593174934387207031250000000000000000
0.3475000560283660888671875000000000000000
0.2773434519767761230468750000000000000000
0.2192366570234298706054687500000000000000
0.1717041879892349243164062500000000000000
0.1333016455173492431640625000000000000000
0.1026581972837448120117187500000000000000
0.0785078033804893493652343750000000000000
0.0597093775868415832519531250000000000000
0.0452572777867317199707031250000000000000
0.0342835560441017150878906250000000000000
0.0260537024587392807006835937500000000000
0.0199576802551746368408203125000000000000
0.0154978353530168533325195312500000000000
0.0122751872986555099487304687500000000000
0.0099751967936754226684570312500000000000
0.0083538973703980445861816406250000000000
0.0072250789962708950042724609375000000000
0.0064488137140870094299316406250000000000
0.0059215542860329151153564453125000000000
0.0055678286589682102203369140625000000000
0.0053334394469857215881347656250000000000
0.0051800338551402091979980468750000000000
0.0050808647647500038146972656250000000000
0.0050175441429018974304199218750000000000
0.0049776094965636730194091796875000000000
0.0049527338705956935882568359375000000000
0.0049374280497431755065917968750000000000
0.0049281269311904907226562500000000000000
0.0049225450493395328521728515625000000000
0.0049192374572157859802246093750000000000
0.0049173049628734588623046875000000000000
0.0049161957576870918273925781250000000000
0.0049155773594975471496582031250000000000
0.0049152593128383159637451171875000000000
0.0049151377752423286437988281250000000000
0.0049151750281453132629394531250000000000
0.0049153831787407398223876953125000000000
0.0049158330075442790985107421875000000000
0.0049166698008775711059570312500000000000
0.0049181566573679447174072265625000000000
0.0049207368865609169006347656250000000000
0.0049251490272581577301025390625000000000
0.0049325935542583465576171875000000000000
0.0049449969083070755004882812500000000000
0.0049654068425297737121582031250000000000
0.0049985782243311405181884765625000000000
0.0050518293865025043487548828125000000000
0.0051362658850848674774169921875000000000
0.0052685062400996685028076171875000000000
0.0054730712436139583587646484375000000000
0.0057856305502355098724365234375000000000
0.0062573268078267574310302734375000000000
0.0069604380987584590911865234375000000000
0.0079956147819757461547851562500000000000
0.0095009412616491317749023437500000000000
0.0116630326956510543823242187500000000000
0.0147302243858575820922851562500000000000
0.0190278775990009307861328125000000000000
0.0249754916876554489135742187500000000000
0.0331051871180534362792968750000000000000
0.0440806820988655090332031250000000000000
0.0587156191468238830566406250000000000000
0.0779896602034568786621093750000000000000
0.1030604690313339233398437500000000000000
0.1352694332599639892578125000000000000000
0.1761385053396224975585937500000000000000
0.2273565977811813354492187500000000000000
0.2907522320747375488281250000000000000000
0.3682522177696228027343750000000000000000
0.4618248939514160156250000000000000000000
0.5734084844589233398437500000000000000000
0.7048262357711791992187500000000000000000
0.8576914072036743164062500000000000000000
1.0333069562911987304687500000000000000000
1.2325652837753295898437500000000000000000
1.4558544158935546875000000000000000000000
1.7029781341552734375000000000000000000000
1.9731004238128662109375000000000000000000
2.2646975517272949218750000000000000000000
2.5756556987762451171875000000000000000000
2.9027256965637207031250000000000000000000
3.2449963092803955078125000000000000000000
3.5841770172119140625000000000000000000000
4.0000000000000000000000000000000000000000
4.0000000000000000000000000000000000000000
3.0000000000000000000000000000000000000000
3.0000000000000000000000000000000000000000
2.6884913444519042968750000000000000000000
2.4343981742858886718750000000000000000000
2.1779899597167968750000000000000000000000
1.9329688549041748046875000000000000000000
1.7000169754028320312500000000000000000000
1.4815695285797119140625000000000000000000
1.2792083024978637695312500000000000000000
1.0940759181976318359375000000000000000000
0.9267983436584472656250000000000000000000
0.7775228619575500488281250000000000000000
0.6459586620330810546875000000000000000000
0.5314374566078186035156250000000000000000
0.4329832196235656738281250000000000000000
0.3493875265121459960937500000000000000000
0.2792845070362091064453125000000000000000
0.2212223708629608154296875000000000000000
0.1737266480922698974609375000000000000000
0.1353539079427719116210937500000000000000
0.1047343015670776367187500000000000000000
0.0806027352809906005859375000000000000000
0.0618189796805381774902343750000000000000
0.0473781563341617584228515625000000000000
0.0364129804074764251708984375000000000000
0.0281895212829113006591796875000000000000
0.0220982227474451065063476562500000000000
0.0176418125629425048828125000000000000000
0.0144216390326619148254394531250000000000
0.0121233984827995300292968750000000000000
0.0105033246800303459167480468750000000000
0.0093753533437848091125488281250000000000
0.0085996650159358978271484375000000000000
0.0080727916210889816284179687500000000000
0.0077193244360387325286865234375000000000
0.0074851028621196746826171875000000000000
0.0073318062350153923034667968750000000000
0.0072327060624957084655761718750000000000
0.0071694301441311836242675781250000000000
0.0071295225061476230621337890625000000000
0.0071046627126634120941162109375000000000
0.0070893676020205020904541015625000000000
0.0070800716057419776916503906250000000000
0.0070744929835200309753417968750000000000
0.0070711872540414333343505859375000000000
0.0070692561566829681396484375000000000000
0.0070681474171578884124755859375000000000
0.0070675290189683437347412109375000000000
0.0070672119036316871643066406250000000000
0.0070670903660356998443603515625000000000
0.0070671276189386844635009765625000000000
0.0070673362351953983306884765625000000000
0.0070677855983376502990722656250000000000
0.0070686219260096549987792968750000000000
0.0070701078511774539947509765625000000000
0.0070726871490478515625000000000000000000
0.0070770964957773685455322265625000000000
0.0070845359005033969879150390625000000000
0.0070969327352941036224365234375000000000
0.0071173286996781826019287109375000000000
0.0071504800580441951751708984375000000000
0.0072036972269415855407714843750000000000
0.0072880797088146209716796875000000000000
0.0074202353134751319885253906250000000000
0.0076246648095548152923583984375000000000
0.0079370168969035148620605468750000000000
0.0084083965048193931579589843750000000000
0.0091110337525606155395507812500000000000
0.0101455040276050567626953125000000000000
0.0116498013958334922790527343750000000000
0.0138104083016514778137207031250000000000
0.0168754886835813522338867187500000000000
0.0211701728403568267822265625000000000000
0.0271136816591024398803710937500000000000
0.0352377817034721374511718750000000000000
0.0462057292461395263671875000000000000000
0.0608306415379047393798828125000000000000
0.0800915509462356567382812500000000000000
0.1051454171538352966308593750000000000000
0.1373327821493148803710937500000000000000
0.1781748235225677490234375000000000000000
0.2293593585491180419921875000000000000000
0.2927140593528747558593750000000000000000
0.3701647818088531494140625000000000000000
0.4636789858341217041015625000000000000000
0.5751941204071044921875000000000000000000
0.7065327763557434082031250000000000000000
0.8593079447746276855468750000000000000000
1.0348223447799682617187500000000000000000
1.2339684963226318359375000000000000000000
1.4571347236633300781250000000000000000000
1.7041256427764892578125000000000000000000
1.9741060733795166015625000000000000000000
2.2655520439147949218750000000000000000000
2.5763535499572753906250000000000000000000
2.9032607078552246093750000000000000000000
3.2453627586364746093750000000000000000000
3.5843780040740966796875000000000000000000
4.0000000000000000000000000000000000000000
4.0000000000000000000000000000000000000000
3.0000000000000000000000000000000000000000
3.0000000000000000000000000000000000000000
2.6887867450714111328125000000000000000000
2.4349353313446044921875000000000000000000
2.1787722110748291015625000000000000000000
1.9339863061904907226562500000000000000000
1.7012599706649780273437500000000000000000
1.4830257892608642578125000000000000000000
1.2808642387390136718750000000000000000000
1.0959161520004272460937500000000000000000
0.9288073778152465820312500000000000000000
0.7796838879585266113281250000000000000000
0.6482551097869873046875000000000000000000
0.5338530540466308593750000000000000000000
0.4355022013187408447265625000000000000000
0.3519950211048126220703125000000000000000
0.2819669246673583984375000000000000000000
0.2239672243595123291015625000000000000000
0.1765228956937789916992187500000000000000
0.1381918936967849731445312500000000000000
0.1076057106256484985351562500000000000000
0.0835005715489387512207031250000000000000
0.0647374242544174194335937500000000000000
0.0503124482929706573486328125000000000000
0.0393593087792396545410156250000000000000
0.0311448667198419570922851562500000000000
0.0250602159649133682250976562500000000000
0.0206086672842502593994140625000000000000
0.0173919834196567535400390625000000000000
0.0150962220504879951477050781250000000000
0.0134778842329978942871093750000000000000
0.0123511143028736114501953125000000000000
0.0115762436762452125549316406250000000000
0.0110499244183301925659179687500000000000
0.0106968209147453308105468750000000000000
0.0104628410190343856811523437500000000000
0.0103096980601549148559570312500000000000
0.0102106966078281402587890625000000000000
0.0101474830880761146545410156250000000000
0.0101076150313019752502441406250000000000
0.0100827785208821296691894531250000000000
0.0100674973800778388977050781250000000000
0.0100582111626863479614257812500000000000
0.0100526362657546997070312500000000000000
0.0100493337959051132202148437500000000000
0.0100474040955305099487304687500000000000
0.0100462976843118667602539062500000000000
0.0100456802174448966979980468750000000000
0.0100453607738018035888671875000000000000
0.0100452406331896781921386718750000000000
0.0100452778860926628112792968750000000000
0.0100454855710268020629882812500000000000
0.0100459344685077667236328125000000000000
0.0100467717275023460388183593750000000000
0.0100482553243637084960937500000000000000
0.0100508332252502441406250000000000000000
0.0100552393123507499694824218750000000000
0.0100626721978187561035156250000000000000
0.0100750569254159927368164062500000000000
0.0100954361259937286376953125000000000000
0.0101285567507147789001464843750000000000
0.0101817250251770019531250000000000000000
0.0102660302072763442993164062500000000000
0.0103980610147118568420410156250000000000
0.0106022991240024566650390625000000000000
0.0109143527224659919738769531250000000000
0.0113852815702557563781738281250000000000
0.0120872380211949348449707031250000000000
0.0131207052618265151977539062500000000000
0.0146235348656773567199707031250000000000
0.0167820267379283905029296875000000000000
0.0198441036045551300048828125000000000000
0.0241345781832933425903320312500000000000
0.0300722625106573104858398437500000000000
0.0381884053349494934082031250000000000000
0.0491456650197505950927734375000000000000
0.0637563914060592651367187500000000000000
0.0829987600445747375488281250000000000000
0.1080286875367164611816406250000000000000
0.1401856094598770141601562500000000000000
0.1809894293546676635742187500000000000000
0.2321267426013946533203125000000000000000
0.2954238355159759521484375000000000000000
0.3728053271770477294921875000000000000000
0.4662374854087829589843750000000000000000
0.5776566267013549804687500000000000000000
0.7088848352432250976562500000000000000000
0.8615342378616333007812500000000000000000
1.0369076728820800781250000000000000000000
1.2358977794647216796875000000000000000000
1.4588935375213623046875000000000000000000
1.7057005167007446289062500000000000000000
1.9754846096038818359375000000000000000000
2.2667238712310791015625000000000000000000
2.5773086547851562500000000000000000000000
2.9039924144744873046875000000000000000000
3.2458643913269042968750000000000000000000
3.5846538543701171875000000000000000000000
4.0000000000000000000000000000000000000000
4.0000000000000000000000000000000000000000
3.0000000000000000000000000000000000000000
3.0000000000000000000000000000000000000000
2.6891877651214599609375000000000000000000
2.4356644153594970703125000000000000000000
2.1798336505889892578125000000000000000000
1.9353682994842529296875000000000000000000
1.7029488086700439453125000000000000000000
1.4850056171417236328125000000000000000000
1.2831164598464965820312500000000000000000
1.0984208583831787109375000000000000000000
0.9315426945686340332031250000000000000000
0.7826275825500488281250000000000000000000
0.6513847112655639648437500000000000000000
0.5371464490890502929687500000000000000000
0.4389378428459167480468750000000000000000
0.3555527627468109130859375000000000000000
0.2856279015541076660156250000000000000000
0.2277144938707351684570312500000000000000
0.1803412437438964843750000000000000000000
0.1420679837465286254882812500000000000000
0.1115281209349632263183593750000000000000
0.0874596238136291503906250000000000000000
0.0687250643968582153320312500000000000000
0.0543221160769462585449218750000000000000
0.0433857105672359466552734375000000000000
0.0351838096976280212402343750000000000000
0.0291084405034780502319335937500000000000
0.0246636569499969482421875000000000000000
0.0214518513530492782592773437500000000000
0.0191595517098903656005859375000000000000
0.0175436474382877349853515625000000000000
0.0164185538887977600097656250000000000000
0.0156448315829038619995117187500000000000
0.0151192862540483474731445312500000000000
0.0147666959092020988464355468750000000000
0.0145330522209405899047851562500000000000
0.0143801299855113029479980468750000000000
0.0142812682315707206726074218750000000000
0.0142181413248181343078613281250000000000
0.0141783282160758972167968750000000000000
0.0141535252332687377929687500000000000000
0.0141382664442062377929687500000000000000
0.0141289904713630676269531250000000000000
0.0141234267503023147583007812500000000000
0.0141201261430978775024414062500000000000
0.0141181973740458488464355468750000000000
0.0141170918941497802734375000000000000000
0.0141164762899279594421386718750000000000
0.0141161587089300155639648437500000000000
0.0141160367056727409362792968750000000000
0.0141160739585757255554199218750000000000
0.0141162844374775886535644531250000000000
0.0141167324036359786987304687500000000000
0.0141175668686628341674804687500000000000
0.0141190495342016220092773437500000000000
0.0141216237097978591918945312500000000000
0.0141260232776403427124023437500000000000
0.0141334477812051773071289062500000000000
0.0141458185389637947082519531250000000000
0.0141661707311868667602539062500000000000
0.0141992475837469100952148437500000000000
0.0142523497343063354492187500000000000000
0.0143365431576967239379882812500000000000
0.0144683988764882087707519531250000000000
0.0146723631769418716430664062500000000000
0.0149839986115694046020507812500000000000
0.0154542876407504081726074218750000000000
0.0161552894860506057739257812500000000000
0.0171873401850461959838867187500000000000
0.0186881050467491149902343750000000000000
0.0208436269313097000122070312500000000000
0.0239014830440282821655273437500000000000
0.0281860437244176864624023437500000000000
0.0341155603528022766113281250000000000000
0.0422205701470375061035156250000000000000
0.0531628727912902832031250000000000000000
0.0677537694573402404785156250000000000000
0.0869701951742172241210937500000000000000
0.1119667068123817443847656250000000000000
0.1440811455249786376953125000000000000000
0.1848317533731460571289062500000000000000
0.2359033077955245971679687500000000000000
0.2991202771663665771484375000000000000000
0.3764056265354156494140625000000000000000
0.4697239398956298828125000000000000000000
0.5810102820396423339843750000000000000000
0.7120856046676635742187500000000000000000
0.8645615577697753906250000000000000000000
1.0397408008575439453125000000000000000000
1.2385165691375732421875000000000000000000
1.4612786769866943359375000000000000000000
1.7078338861465454101562500000000000000000
1.9773502349853515625000000000000000000000
2.2683076858520507812500000000000000000000
2.5785992145538330078125000000000000000000
2.9049804210662841796875000000000000000000
3.2465412616729736328125000000000000000000
3.5850250720977783203125000000000000000000
4.0000000000000000000000000000000000000000
4.0000000000000000000000000000000000000000
3.0000000000000000000000000000000000000000
3.0000000000000000000000000000000000000000
2.6897249221801757812500000000000000000000
2.4366412162780761718750000000000000000000
2.1812567710876464843750000000000000000000
1.9372212886810302734375000000000000000000
1.7052147388458251953125000000000000000000
1.4876626729965209960937500000000000000000
1.2861411571502685546875000000000000000000
1.1017862558364868164062500000000000000000
0.9352200627326965332031250000000000000000
0.7865873575210571289062500000000000000000
0.6555966734886169433593750000000000000000
0.5415807366371154785156250000000000000000
0.4435657560825347900390625000000000000000
0.3603467643260955810546875000000000000000
0.2905628085136413574218750000000000000000
0.2327671051025390625000000000000000000000
0.1854908764362335205078125000000000000000
0.1472965925931930541992187500000000000000
0.1168201565742492675781250000000000000000
0.0928018391132354736328125000000000000000
0.0741064995527267456054687500000000000000
0.0597337707877159118652343750000000000000
0.0488203391432762145996093750000000000000
0.0406356826424598693847656250000000000000
0.0345730707049369812011718750000000000000
0.0301376134157180786132812500000000000000
0.0269325263798236846923828125000000000000
0.0246450081467628479003906250000000000000
0.0230324529111385345458984375000000000000
0.0219096858054399490356445312500000000000
0.0211375504732131958007812500000000000000
0.0206130780279636383056640625000000000000
0.0202612001448869705200195312500000000000
0.0200280267745256423950195312500000000000
0.0198754034936428070068359375000000000000
0.0197767391800880432128906250000000000000
0.0197137352079153060913085937500000000000
0.0196739975363016128540039062500000000000
0.0196492411196231842041015625000000000000
0.0196340121328830718994140625000000000000
0.0196247510612010955810546875000000000000
0.0196191966533660888671875000000000000000
0.0196159053593873977661132812500000000000
0.0196139812469482421875000000000000000000
0.0196128748357295989990234375000000000000
0.0196122620254755020141601562500000000000
0.0196119435131549835205078125000000000000
0.0196118224412202835083007812500000000000
0.0196118596941232681274414062500000000000
0.0196120683103799819946289062500000000000
0.0196125172078609466552734375000000000000
0.0196133516728878021240234375000000000000
0.0196148306131362915039062500000000000000
0.0196174010634422302246093750000000000000
0.0196217931807041168212890625000000000000
0.0196292065083980560302734375000000000000
0.0196415521204471588134765625000000000000
0.0196618698537349700927734375000000000000
0.0196948871016502380371093750000000000000
0.0197478905320167541503906250000000000000
0.0198319293558597564697265625000000000000
0.0199635401368141174316406250000000000000
0.0201671253889799118041992187500000000000
0.0204781722277402877807617187500000000000
0.0209475718438625335693359375000000000000
0.0216472428292036056518554687500000000000
0.0226773265749216079711914062500000000000
0.0241752248257398605346679687500000000000
0.0263266172260046005249023437500000000000
0.0293786227703094482421875000000000000000
0.0336549952626228332519531250000000000000
0.0395731925964355468750000000000000000000
0.0476628057658672332763671875000000000000
0.0585844106972217559814453125000000000000
0.0731479004025459289550781250000000000000
0.0923285335302352905273437500000000000000
0.1172789335250854492187500000000000000000
0.1493348181247711181640625000000000000000
0.1900120973587036132812500000000000000000
0.2409931719303131103515625000000000000000
0.3041000962257385253906250000000000000000
0.3812533318996429443359375000000000000000
0.4744156002998352050781250000000000000000
0.5855200290679931640625000000000000000000
0.7163861989974975585937500000000000000000
0.8686255216598510742187500000000000000000
1.0435405969619750976562500000000000000000
1.2420251369476318359375000000000000000000
1.4644703865051269531250000000000000000000
1.7106854915618896484375000000000000000000
1.9798412322998046875000000000000000000000
2.2704203128814697265625000000000000000000
2.5803189277648925781250000000000000000000
2.9062960147857666015625000000000000000000
3.2474410533905029296875000000000000000000
3.5855193138122558593750000000000000000000
4.0000000000000000000000000000000000000000
4.0000000000000000000000000000000000000000
3.0000000000000000000000000000000000000000
3.0000000000000000000000000000000000000000
2.6904349327087402343750000000000000000000
2.4379329681396484375000000000000000000000
2.1831393241882324218750000000000000000000
1.9396734237670898437500000000000000000000
1.7082145214080810546875000000000000000000
1.4911834001541137695312500000000000000000
1.2901510000228881835937500000000000000000
1.1062505245208740234375000000000000000000
0.9401013255119323730468750000000000000000
0.7918466329574584960937500000000000000000
0.6611940264701843261718750000000000000000
0.5474766492843627929687500000000000000000
0.4497218132019042968750000000000000000000
0.3667265772819519042968750000000000000000
0.2971323132514953613281250000000000000000
0.2394953668117523193359375000000000000000
0.1923501789569854736328125000000000000000
0.1542626470327377319335937500000000000000
0.1238719001412391662597656250000000000000
0.0999215617775917053222656250000000000000
0.0812793225049972534179687500000000000000
0.0669475719332695007324218750000000000000
0.0560653209686279296875000000000000000000
0.0479040667414665222167968750000000000000
0.0418588072061538696289062500000000000000
0.0374360196292400360107421875000000000000
0.0342400781810283660888671875000000000000
0.0319590680301189422607421875000000000000
0.0303510874509811401367187500000000000000
0.0292314942926168441772460937500000000000
0.0284615270793437957763671875000000000000
0.0279385149478912353515625000000000000000
0.0275876186788082122802734375000000000000
0.0273550804704427719116210937500000000000
0.0272028800100088119506835937500000000000
0.0271044783294200897216796875000000000000
0.0270416438579559326171875000000000000000
0.0270020123571157455444335937500000000000
0.0269773248583078384399414062500000000000
0.0269621275365352630615234375000000000000
0.0269528981298208236694335937500000000000
0.0269473548978567123413085937500000000000
0.0269440673291683197021484375000000000000
0.0269421525299549102783203125000000000000
0.0269410517066717147827148437500000000000
0.0269404351711273193359375000000000000000
0.0269401185214519500732421875000000000000
0.0269399993121623992919921875000000000000
0.0269400384277105331420898437500000000000
0.0269402451813220977783203125000000000000
0.0269406922161579132080078125000000000000
0.0269415229558944702148437500000000000000
0.0269430018961429595947265625000000000000
0.0269455648958683013916015625000000000000
0.0269499458372592926025390625000000000000
0.0269573386758565902709960937500000000000
0.0269696563482284545898437500000000000000
0.0269899256527423858642578125000000000000
0.0270228590816259384155273437500000000000
0.0270757265388965606689453125000000000000
0.0271595530211925506591796875000000000000
0.0272908266633749008178710937500000000000
0.0274938847869634628295898437500000000000
0.0278041306883096694946289062500000000000
0.0282723065465688705444335937500000000000
0.0289701428264379501342773437500000000000
0.0299975275993347167968750000000000000000
0.0314914919435977935791015625000000000000
0.0336372330784797668457031250000000000000
0.0366812124848365783691406250000000000000
0.0409463718533515930175781250000000000000
0.0468491055071353912353515625000000000000
0.0549176558852195739746093750000000000000
0.0658110007643699645996093750000000000000
0.0803370773792266845703125000000000000000
0.0994688719511032104492187500000000000000
0.1243564113974571228027343750000000000000
0.1563325226306915283203125000000000000000
0.1969099938869476318359375000000000000000
0.2477679699659347534179687500000000000000
0.3107252418994903564453125000000000000000
0.3876992762088775634765625000000000000000
0.4806498587131500244140625000000000000000
0.5915078520774841308593750000000000000000
0.7220917344093322753906250000000000000000
0.8740116953849792480468750000000000000000
1.0485708713531494140625000000000000000000
1.2466641664505004882812500000000000000000
1.4686853885650634765625000000000000000000
1.7144464254379272460937500000000000000000
1.9831221103668212890625000000000000000000
2.2731990814208984375000000000000000000000
2.5825779438018798828125000000000000000000
2.9080221652984619140625000000000000000000
3.2486217021942138671875000000000000000000
3.5861668586730957031250000000000000000000
4.0000000000000000000000000000000000000000
4.0000000000000000000000000000000000000000
3.0000000000000000000000000000000000000000
3.0000000000000000000000000000000000000000
2.6913614273071289062500000000000000000000
2.4396185874938964843750000000000000000000
2.1855967044830322265625000000000000000000
1.9428758621215820312500000000000000000000
1.7121350765228271484375000000000000000000
1.4957876205444335937500000000000000000000
1.2953987121582031250000000000000000000000
1.1120971441268920898437500000000000000000
0.9464986920356750488281250000000000000000
0.7987438440322875976562500000000000000000
0.6685392260551452636718750000000000000000
0.5552179813385009765625000000000000000000
0.4578087329864501953125000000000000000000
0.3751110732555389404296875000000000000000
0.3057695031166076660156250000000000000000
0.2483441531658172607421875000000000000000
0.2013738602399826049804687500000000000000
0.1634287983179092407226562500000000000000
0.1331526488065719604492187500000000000000
0.1092931404709815979003906250000000000000
0.0907220020890235900878906250000000000000
0.0764451101422309875488281250000000000000
0.0656046420335769653320312500000000000000
0.0574747733771800994873046875000000000000
0.0514527931809425354003906250000000000000
0.0470470301806926727294921875000000000000
0.0438633821904659271240234375000000000000
0.0415911301970481872558593750000000000000
0.0399893037974834442138671875000000000000
0.0388739779591560363769531250000000000000
0.0381069332361221313476562500000000000000
0.0375859029591083526611328125000000000000
0.0372363217175006866455078125000000000000
0.0370046570897102355957031250000000000000
0.0368530191481113433837890625000000000000
0.0367549806833267211914062500000000000000
0.0366923734545707702636718750000000000000
0.0366528853774070739746093750000000000000
0.0366282835602760314941406250000000000000
0.0366131439805030822753906250000000000000
0.0366039425134658813476562500000000000000
0.0365984216332435607910156250000000000000
0.0365951471030712127685546875000000000000
0.0365932360291481018066406250000000000000
0.0365921370685100555419921875000000000000
0.0365915298461914062500000000000000000000
0.0365912131965160369873046875000000000000
0.0365910902619361877441406250000000000000
0.0365911275148391723632812500000000000000
0.0365913361310958862304687500000000000000
0.0365917831659317016601562500000000000000
0.0365926101803779602050781250000000000000
0.0365940853953361511230468750000000000000
0.0365966372191905975341796875000000000000
0.0366010069847106933593750000000000000000
0.0366083756089210510253906250000000000000
0.0366206541657447814941406250000000000000
0.0366408452391624450683593750000000000000
0.0366736724972724914550781250000000000000
0.0367263630032539367675781250000000000000
0.0368098877370357513427734375000000000000
0.0369407087564468383789062500000000000000
0.0371430478990077972412109375000000000000
0.0374521948397159576416015625000000000000
0.0379187166690826416015625000000000000000
0.0386140719056129455566406250000000000000
0.0396377965807914733886718750000000000000
0.0411264263093471527099609375000000000000
0.0432645194232463836669921875000000000000
0.0462976582348346710205078125000000000000
0.0505476593971252441406250000000000000000
0.0564294941723346710205078125000000000000
0.0644696205854415893554687500000000000000
0.0753248184919357299804687500000000000000
0.0898004323244094848632812500000000000000
0.1088664084672927856445312500000000000000
0.1336692273616790771484375000000000000000
0.1655379086732864379882812500000000000000
0.2059810906648635864257812500000000000000
0.2566735148429870605468750000000000000000
0.3194297552108764648437500000000000000000
0.3961631059646606445312500000000000000000
0.4888298511505126953125000000000000000000
0.5993582010269165039062500000000000000000
0.7295643091201782226562500000000000000000
0.8810583353042602539062500000000000000000
1.0551435947418212890625000000000000000000
1.2527174949645996093750000000000000000000
1.4741772413253784179687500000000000000000
1.7193396091461181640625000000000000000000
1.9873838424682617187500000000000000000000
2.2768032550811767578125000000000000000000
2.5855038166046142578125000000000000000000
2.9102551937103271484375000000000000000000
3.2501475811004638671875000000000000000000
3.5870029926300048828125000000000000000000
4.0000000000000000000000000000000000000000
4.0000000000000000000000000000000000000000
3.0000000000000000000000000000000000000000
3.0000000000000000000000000000000000000000
2.6925535202026367187500000000000000000000
2.4417877197265625000000000000000000000000
2.1887609958648681640625000000000000000000
1.9470026493072509765625000000000000000000
1.7171907424926757812500000000000000000000
1.5017297267913818359375000000000000000000
1.3021771907806396484375000000000000000000
1.1196556091308593750000000000000000000000
0.9547756910324096679687500000000000000000
0.8076745271682739257812500000000000000000
0.6780565381050109863281250000000000000000
0.5652548074722290039062500000000000000000
0.4682996869087219238281250000000000000000
0.3859932422637939453125000000000000000000
0.3169842064380645751953125000000000000000
0.2598376870155334472656250000000000000000
0.2130979597568511962890625000000000000000
0.1753409653902053833007812500000000000000
0.1452160924673080444335937500000000000000
0.1214766278862953186035156250000000000000
0.1029994711279869079589843750000000000000
0.0887951627373695373535156250000000000000
0.0780099928379058837890625000000000000000
0.0699217170476913452148437500000000000000
0.0639305785298347473144531250000000000000
0.0595474019646644592285156250000000000000
0.0563800446689128875732421875000000000000
0.0541194304823875427246093750000000000000
0.0525257885456085205078125000000000000000
0.0514161475002765655517578125000000000000
0.0506529919803142547607421875000000000000
0.0501345992088317871093750000000000000000
0.0497867763042449951171875000000000000000
0.0495562702417373657226562500000000000000
0.0494053810834884643554687500000000000000
0.0493078306317329406738281250000000000000
0.0492455326020717620849609375000000000000
0.0492062307894229888916015625000000000000
0.0491817519068717956542968750000000000000
0.0491666868329048156738281250000000000000
0.0491575226187705993652343750000000000000
0.0491520278155803680419921875000000000000
0.0491487681865692138671875000000000000000
0.0491468682885169982910156250000000000000
0.0491457767784595489501953125000000000000
0.0491451658308506011962890625000000000000
0.0491448566317558288574218750000000000000
0.0491447336971759796142578125000000000000
0.0491447746753692626953125000000000000000
0.0491449758410453796386718750000000000000
0.0491454191505908966064453125000000000000
0.0491462424397468566894531250000000000000
0.0491477102041244506835937500000000000000
0.0491502545773983001708984375000000000000
0.0491546019911766052246093750000000000000
0.0491619408130645751953125000000000000000
0.0491741597652435302734375000000000000000
0.0491942651569843292236328125000000000000
0.0492269322276115417480468750000000000000
0.0492793731391429901123046875000000000000
0.0493625178933143615722656250000000000000
0.0494927167892456054687500000000000000000
0.0496941059827804565429687500000000000000
0.0500017814338207244873046875000000000000
0.0504660792648792266845703125000000000000
0.0511581115424633026123046875000000000000
0.0521769337356090545654296875000000000000
0.0536584369838237762451171875000000000000
0.0557863041758537292480468750000000000000
0.0588049702346324920654296875000000000000
0.0630347281694412231445312500000000000000
0.0688886791467666625976562500000000000000
0.0768908932805061340332031250000000000000
0.0876952633261680603027343750000000000000
0.1021036282181739807128906250000000000000
0.1210818886756896972656250000000000000000
0.1457719504833221435546875000000000000000
0.1774976551532745361328125000000000000000
0.2177621573209762573242187500000000000000
0.2682345509529113769531250000000000000000
0.3307236433029174804687500000000000000000
0.4071375727653503417968750000000000000000
0.4994280338287353515625000000000000000000
0.6095196008682250976562500000000000000000
0.7392263412475585937500000000000000000000
0.8901578187942504882812500000000000000000
1.0636192560195922851562500000000000000000
1.2605111598968505859375000000000000000000
1.4812357425689697265625000000000000000000
1.7256168127059936523437500000000000000000
1.9928411245346069335937500000000000000000
2.2814104557037353515625000000000000000000
2.5892374515533447265625000000000000000000
2.9131004810333251953125000000000000000000
3.2520890235900878906250000000000000000000
3.5880665779113769531250000000000000000000
4.0000000000000000000000000000000000000000
4.0000000000000000000000000000000000000000
3.0000000000000000000000000000000000000000
3.0000000000000000000000000000000000000000
2.6940655708312988281250000000000000000000
2.4445416927337646484375000000000000000000
2.1927797794342041015625000000000000000000
1.9522485733032226562500000000000000000000
1.7236232757568359375000000000000000000000
1.5092971324920654296875000000000000000000
1.3108185529708862304687500000000000000000
1.1293005943298339843750000000000000000000
0.9653476476669311523437500000000000000000
0.8190910220146179199218750000000000000000
0.6902326345443725585937500000000000000000
0.5781046748161315917968750000000000000000
0.4817389547824859619140625000000000000000
0.3999411165714263916015625000000000000000
0.3313648104667663574218750000000000000000
0.2745814621448516845703125000000000000000
0.2281421869993209838867187500000000000000
0.1906304061412811279296875000000000000000
0.1607029139995574951171875000000000000000
0.1371201872825622558593750000000000000000
0.1187658086419105529785156250000000000000
0.1046563386917114257812500000000000000000
0.0939434990286827087402343750000000000000
0.0859096199274063110351562500000000000000
0.0799588486552238464355468750000000000000
0.0756052434444427490234375000000000000000
0.0724592879414558410644531250000000000000
0.0702138990163803100585937500000000000000
0.0686310082674026489257812500000000000000
0.0675288066267967224121093750000000000000
0.0667707771062850952148437500000000000000
0.0662558451294898986816406250000000000000
0.0659103393554687500000000000000000000000
0.0656813532114028930664062500000000000000
0.0655314698815345764160156250000000000000
0.0654345527291297912597656250000000000000
0.0653726607561111450195312500000000000000
0.0653336197137832641601562500000000000000
0.0653092935681343078613281250000000000000
0.0652943253517150878906250000000000000000
0.0652852207422256469726562500000000000000
0.0652797520160675048828125000000000000000
0.0652765184640884399414062500000000000000
0.0652746260166168212890625000000000000000
0.0652735382318496704101562500000000000000
0.0652729421854019165039062500000000000000
0.0652726292610168457031250000000000000000
0.0652725100517272949218750000000000000000
0.0652725398540496826171875000000000000000
0.0652727484703063964843750000000000000000
0.0652731806039810180664062500000000000000
0.0652740150690078735351562500000000000000
0.0652754604816436767578125000000000000000
0.0652779936790466308593750000000000000000
0.0652823224663734436035156250000000000000
0.0652896016836166381835937500000000000000
0.0653017535805702209472656250000000000000
0.0653217285871505737304687500000000000000
0.0653542056679725646972656250000000000000
0.0654063150286674499511718750000000000000
0.0654889419674873352050781250000000000000
0.0656183212995529174804687500000000000000
0.0658184438943862915039062500000000000000
0.0661241784691810607910156250000000000000
0.0665855258703231811523437500000000000000
0.0672731772065162658691406250000000000000
0.0682855322957038879394531250000000000000
0.0697576403617858886718750000000000000000
0.0718720108270645141601562500000000000000
0.0748715773224830627441406250000000000000
0.0790746733546257019042968750000000000000
0.0848918780684471130371093750000000000000
0.0928441360592842102050781250000000000000
0.1035815477371215820312500000000000000000
0.1179013848304748535156250000000000000000
0.1367642134428024291992187500000000000000
0.1613058596849441528320312500000000000000
0.1928434818983078002929687500000000000000
0.2328730076551437377929687500000000000000
0.2830561697483062744140625000000000000000
0.3451943695545196533203125000000000000000
0.4211890101432800292968750000000000000000
0.5129857063293457031250000000000000000000
0.6225050091743469238281250000000000000000
0.7515584230422973632812500000000000000000
0.9017555117607116699218750000000000000000
1.0744040012359619140625000000000000000000
1.2704098224639892578125000000000000000000
1.4901827573776245117187500000000000000000
1.7335563898086547851562500000000000000000
1.9997282028198242187500000000000000000000
2.2872111797332763671875000000000000000000
2.5939288139343261718750000000000000000000
2.9166691303253173828125000000000000000000
3.2545204162597656250000000000000000000000
3.5893969535827636718750000000000000000000
4.0000000000000000000000000000000000000000
4.0000000000000000000000000000000000000000
3.0000000000000000000000000000000000000000
3.0000000000000000000000000000000000000000
2.6959576606750488281250000000000000000000
2.4479877948760986328125000000000000000000
2.1978130340576171875000000000000000000000
1.9588243961334228515625000000000000000000
1.7316958904266357421875000000000000000000
1.5188050270080566406250000000000000000000
1.3216884136199951171875000000000000000000
1.1414475440979003906250000000000000000000
0.9786761403083801269531250000000000000000
0.8334987759590148925781250000000000000000
0.7056127786636352539062500000000000000000
0.5943486690521240234375000000000000000000
0.4987396299839019775390625000000000000000
0.4175954759120941162109375000000000000000
0.3495758175849914550781250000000000000000
0.2932598888874053955078125000000000000000
0.2472077161073684692382812500000000000000
0.2100119590759277343750000000000000000000
0.1803390085697174072265625000000000000000
0.1569584906101226806640625000000000000000
0.1387625187635421752929687500000000000000
0.1247755289077758789062500000000000000000
0.1141560897231101989746093750000000000000
0.1061925068497657775878906250000000000000
0.1002939194440841674804687500000000000000
0.0959785729646682739257812500000000000000
0.0928602665662765502929687500000000000000
0.0906346291303634643554687500000000000000
0.0890656262636184692382812500000000000000
0.0879731178283691406250000000000000000000
0.0872217118740081787109375000000000000000
0.0867112800478935241699218750000000000000
0.0863687694072723388671875000000000000000
0.0861417874693870544433593750000000000000
0.0859931856393814086914062500000000000000
0.0858971029520034790039062500000000000000
0.0858357399702072143554687500000000000000
0.0857970342040061950683593750000000000000
0.0857729092240333557128906250000000000000
0.0857580751180648803710937500000000000000
0.0857490301132202148437500000000000000000
0.0857436209917068481445312500000000000000
0.0857404023408889770507812500000000000000
0.0857385247945785522460937500000000000000
0.0857374519109725952148437500000000000000
0.0857368558645248413085937500000000000000
0.0857365429401397705078125000000000000000
0.0857364311814308166503906250000000000000
0.0857364609837532043457031250000000000000
0.0857366546988487243652343750000000000000
0.0857371017336845397949218750000000000000
0.0857379063963890075683593750000000000000
0.0857393592596054077148437500000000000000
0.0857418626546859741210937500000000000000
0.0857461541891098022460937500000000000000
0.0857533961534500122070312500000000000000
0.0857654362916946411132812500000000000000
0.0857852548360824584960937500000000000000
0.0858174562454223632812500000000000000000
0.0858691483736038208007812500000000000000
0.0859510898590087890625000000000000000000
0.0860794037580490112304687500000000000000
0.0862778574228286743164062500000000000000
0.0865810588002204895019531250000000000000
0.0870385840535163879394531250000000000000
0.0877204984426498413085937500000000000000
0.0887244269251823425292968750000000000000
0.0901842862367630004882812500000000000000
0.0922810733318328857421875000000000000000
0.0952557772397994995117187500000000000000
0.0994241684675216674804687500000000000000
0.1051935404539108276367187500000000000000
0.1130808368325233459472656250000000000000
0.1237311214208602905273437500000000000000
0.1379358172416687011718750000000000000000
0.1566485166549682617187500000000000000000
0.1809972077608108520507812500000000000000
0.2122902572154998779296875000000000000000
0.2520143687725067138671875000000000000000
0.3018215298652648925781250000000000000000
0.3635038733482360839843750000000000000000
0.4389538764953613281250000000000000000000
0.5301100611686706542968750000000000000000
0.6388874053955078125000000000000000000000
0.7670949697494506835937500000000000000000
0.9163430333137512207031250000000000000000
1.0879434347152709960937500000000000000000
1.2828099727630615234375000000000000000000
1.5013641119003295898437500000000000000000
1.7434526681900024414062500000000000000000
2.0082893371582031250000000000000000000000
2.2944018840789794921875000000000000000000
2.5997288227081298828125000000000000000000
2.9210710525512695312500000000000000000000
3.2575142383575439453125000000000000000000
3.5910325050354003906250000000000000000000
4.0000000000000000000000000000000000000000
4.0000000000000000000000000000000000000000
3.0000000000000000000000000000000000000000
3.0000000000000000000000000000000000000000
2.6982884407043457031250000000000000000000
2.4522368907928466796875000000000000000000
2.2040252685546875000000000000000000000000
1.9669501781463623046875000000000000000000
1.7416852712631225585937500000000000000000
1.5305876731872558593750000000000000000000
1.3351782560348510742187500000000000000000
1.1565427780151367187500000000000000000000
0.9952611923217773437500000000000000000000
0.8514474630355834960937500000000000000000
0.7247924804687500000000000000000000000000
0.6146238446235656738281250000000000000000
0.5199755430221557617187500000000000000000
0.4396621286869049072265625000000000000000
0.3723505139350891113281250000000000000000
0.3166294693946838378906250000000000000000
0.2710700631141662597656250000000000000000
0.2342769354581832885742187500000000000000
0.2049283683300018310546875000000000000000
0.1818055808544158935546875000000000000000
0.1638116091489791870117187500000000000000
0.1499808430671691894531250000000000000000
0.1394805759191513061523437500000000000000
0.1316066682338714599609375000000000000000
0.1257747411727905273437500000000000000000
0.1215082257986068725585937500000000000000
0.1184252724051475524902343750000000000000
0.1162248626351356506347656250000000000000
0.1146736517548561096191406250000000000000
0.1135934963822364807128906250000000000000
0.1128505915403366088867187500000000000000
0.1123458966612815856933593750000000000000
0.1120072752237319946289062500000000000000
0.1117828339338302612304687500000000000000
0.1116358861327171325683593750000000000000
0.1115408688783645629882812500000000000000
0.1114801913499832153320312500000000000000
0.1114419102668762207031250000000000000000
0.1114180535078048706054687500000000000000
0.1114033460617065429687500000000000000000
0.1113944277167320251464843750000000000000
0.1113890781998634338378906250000000000000
0.1113858968019485473632812500000000000000
0.1113840490579605102539062500000000000000
0.1113829761743545532226562500000000000000
0.1113823801279067993164062500000000000000
0.1113820672035217285156250000000000000000
0.1113819479942321777343750000000000000000
0.1113819926977157592773437500000000000000
0.1113822013139724731445312500000000000000
0.1113826185464859008789062500000000000000
0.1113834232091903686523437500000000000000
0.1113848537206649780273437500000000000000
0.1113873347640037536621093750000000000000
0.1113915890455245971679687500000000000000
0.1113987416028976440429687500000000000000
0.1114106550812721252441406250000000000000
0.1114302501082420349121093750000000000000
0.1114621385931968688964843750000000000000
0.1115132570266723632812500000000000000000
0.1115943342447280883789062500000000000000
0.1117212772369384765625000000000000000000
0.1119176000356674194335937500000000000000
0.1122175231575965881347656250000000000000
0.1126700863242149353027343750000000000000
0.1133446469902992248535156250000000000000
0.1143377199769020080566406250000000000000
0.1157818064093589782714843750000000000000
0.1178560405969619750976562500000000000000
0.1207987517118453979492187500000000000000
0.1249225288629531860351562500000000000000
0.1306304484605789184570312500000000000000
0.1384342163801193237304687500000000000000
0.1489726006984710693359375000000000000000
0.1630292832851409912109375000000000000000
0.1815490573644638061523437500000000000000
0.2056497335433959960937500000000000000000
0.2366285026073455810546875000000000000000
0.2759600281715393066406250000000000000000
0.3252841234207153320312500000000000000000
0.3863806426525115966796875000000000000000
0.4611311852931976318359375000000000000000
0.5514649152755737304687500000000000000000
0.6592904329299926757812500000000000000000
0.7864142060279846191406250000000000000000
0.9344479441642761230468750000000000000000
1.1047104597091674804687500000000000000000
1.2981271743774414062500000000000000000000
1.5151358842849731445312500000000000000000
1.7556031942367553710937500000000000000000
2.0187647342681884765625000000000000000000
2.3031706809997558593750000000000000000000
2.6067776679992675781250000000000000000000
2.9264042377471923828125000000000000000000
3.2611320018768310546875000000000000000000
3.5930066108703613281250000000000000000000
4.0000000000000000000000000000000000000000
4.0000000000000000000000000000000000000000
3.0000000000000000000000000000000000000000
3.0000000000000000000000000000000000000000
2.7011160850524902343750000000000000000000
2.4573960304260253906250000000000000000000
2.2115774154663085937500000000000000000000
1.9768447875976562500000000000000000000000
1.7538688182830810546875000000000000000000
1.5449848175048828125000000000000000000000
1.3516905307769775390625000000000000000000
1.1750509738922119140625000000000000000000
1.0156271457672119140625000000000000000000
0.8735181093215942382812500000000000000000
0.7484048008918762207031250000000000000000
0.6396099925041198730468750000000000000000
0.5461683273315429687500000000000000000000
0.4668988585472106933593750000000000000000
0.4004777073860168457031250000000000000000
0.3455052077770233154296875000000000000000
0.3005661964416503906250000000000000000000
0.2642799913883209228515625000000000000000
0.2353398352861404418945312500000000000000
0.2125416547060012817382812500000000000000
0.1948021799325942993164062500000000000000
0.1811682283878326416015625000000000000000
0.1708181202411651611328125000000000000000
0.1630572974681854248046875000000000000000
0.1573093831539154052734375000000000000000
0.1531044542789459228515625000000000000000
0.1500660777091979980468750000000000000000
0.1478975117206573486328125000000000000000
0.1463687419891357421875000000000000000000
0.1453042179346084594726562500000000000000
0.1445720493793487548828125000000000000000
0.1440746486186981201171875000000000000000
0.1437408775091171264648437500000000000000
0.1435196548700332641601562500000000000000
0.1433748155832290649414062500000000000000
0.1432811766862869262695312500000000000000
0.1432213485240936279296875000000000000000
0.1431836038827896118164062500000000000000
0.1431600749492645263671875000000000000000
0.1431455910205841064453125000000000000000
0.1431367844343185424804687500000000000000
0.1431314945220947265625000000000000000000
0.1431283652782440185546875000000000000000
0.1431265473365783691406250000000000000000
0.1431255042552947998046875000000000000000
0.1431249082088470458984375000000000000000
0.1431245952844619750976562500000000000000
0.1431244760751724243164062500000000000000
0.1431245058774948120117187500000000000000
0.1431247144937515258789062500000000000000
0.1431251317262649536132812500000000000000
0.1431259214878082275390625000000000000000
0.1431273370981216430664062500000000000000
0.1431297957897186279296875000000000000000
0.1431339681148529052734375000000000000000
0.1431410461664199829101562500000000000000
0.1431528031826019287109375000000000000000
0.1431721448898315429687500000000000000000
0.1432035416364669799804687500000000000000
0.1432540118694305419921875000000000000000
0.1433339416980743408203125000000000000000
0.1434591114521026611328125000000000000000
0.1436527371406555175781250000000000000000
0.1439485102891921997070312500000000000000
0.1443948000669479370117187500000000000000
0.1450599730014801025390625000000000000000
0.1460392922163009643554687500000000000000
0.1474633812904357910156250000000000000000
0.1495089083909988403320312500000000000000
0.1524110585451126098632812500000000000000
0.1564781963825225830078125000000000000000
0.1621081233024597167968750000000000000000
0.1698059141635894775390625000000000000000
0.1802022010087966918945312500000000000000
0.1940710246562957763671875000000000000000
0.2123458683490753173828125000000000000000
0.2361315786838531494140625000000000000000
0.2667111456394195556640625000000000000000
0.3055439889430999755859375000000000000000
0.3542541265487670898437500000000000000000
0.4146062433719635009765625000000000000000
0.4884678721427917480468750000000000000000
0.5777567028999328613281250000000000000000
0.6843737363815307617187500000000000000000
0.8101223111152648925781250000000000000000
0.9566179513931274414062500000000000000000
1.1251890659332275390625000000000000000000
1.3167780637741088867187500000000000000000
1.5318462848663330078125000000000000000000
1.7702884674072265625000000000000000000000
2.0313715934753417968750000000000000000000
2.3136768341064453125000000000000000000000
2.6151857376098632812500000000000000000000
2.9327397346496582031250000000000000000000
3.2654159069061279296875000000000000000000
3.5953381061553955078125000000000000000000
4.0000000000000000000000000000000000000000
4.0000000000000000000000000000000000000000
3.0000000000000000000000000000000000000000
3.0000000000000000000000000000000000000000
2.7044894695281982421875000000000000000000
2.4635584354400634765625000000000000000000
2.2206130027770996093750000000000000000000
1.9887069463729858398437500000000000000000
1.7685091495513916015625000000000000000000
1.5623233318328857421875000000000000000000
1.3716204166412353515625000000000000000000
1.1974351406097412109375000000000000000000
1.0403031110763549804687500000000000000000
0.9003027677536010742187500000000000000000
0.7770999670028686523437500000000000000000
0.6700103282928466796875000000000000000000
0.5780674815177917480468750000000000000000
0.5000960230827331542968750000000000000000
0.4347823560237884521484375000000000000000
0.3807411193847656250000000000000000000000
0.3365740776062011718750000000000000000000
0.3009186685085296630859375000000000000000
0.2724868655204772949218750000000000000000
0.2500927150249481201171875000000000000000
0.2326699793338775634765625000000000000000
0.2192809581756591796875000000000000000000
0.2091177999973297119140625000000000000000
0.2014977186918258666992187500000000000000
0.1958543658256530761718750000000000000000
0.1917261630296707153320312500000000000000
0.1887432783842086791992187500000000000000
0.1866144090890884399414062500000000000000
0.1851135790348052978515625000000000000000
0.1840685456991195678710937500000000000000
0.1833497881889343261718750000000000000000
0.1828614622354507446289062500000000000000
0.1825337707996368408203125000000000000000
0.1823165714740753173828125000000000000000
0.1821743547916412353515625000000000000000
0.1820823848247528076171875000000000000000
0.1820236593484878540039062500000000000000
0.1819866001605987548828125000000000000000
0.1819634735584259033203125000000000000000
0.1819492727518081665039062500000000000000
0.1819406151771545410156250000000000000000
0.1819354295730590820312500000000000000000
0.1819323152303695678710937500000000000000
0.1819305419921875000000000000000000000000
0.1819295138120651245117187500000000000000
0.1819289475679397583007812500000000000000
0.1819286346435546875000000000000000000000
0.1819285005331039428710937500000000000000
0.1819285750389099121093750000000000000000
0.1819287240505218505859375000000000000000
0.1819291710853576660156250000000000000000
0.1819299459457397460937500000000000000000
0.1819313466548919677734375000000000000000
0.1819337457418441772460937500000000000000
0.1819378584623336791992187500000000000000
0.1819448024034500122070312500000000000000
0.1819563508033752441406250000000000000000
0.1819753348827362060546875000000000000000
0.1820062249898910522460937500000000000000
0.1820557713508605957031250000000000000000
0.1821343451738357543945312500000000000000
0.1822573244571685791015625000000000000000
0.1824475079774856567382812500000000000000
0.1827380508184432983398437500000000000000
0.1831764727830886840820312500000000000000
0.1838299334049224853515625000000000000000
0.1847919523715972900390625000000000000000
0.1861909627914428710937500000000000000000
0.1882005482912063598632812500000000000000
0.1910518854856491088867187500000000000000
0.1950480490922927856445312500000000000000
0.2005802690982818603515625000000000000000
0.2081451863050460815429687500000000000000
0.2183633744716644287109375000000000000000
0.2319966554641723632812500000000000000000
0.2499642074108123779296875000000000000000
0.2733547091484069824218750000000000000000
0.3034330904483795166015625000000000000000
0.3416395485401153564453125000000000000000
0.3895783126354217529296875000000000000000
0.4489948153495788574218750000000000000000
0.5217387676239013671875000000000000000000
0.6097139716148376464843750000000000000000
0.7148116827011108398437500000000000000000
0.8388327360153198242187500000000000000000
0.9833978414535522460937500000000000000000
1.1498501300811767578125000000000000000000
1.3391562700271606445312500000000000000000
1.5518100261688232421875000000000000000000
1.7877471446990966796875000000000000000000
2.0462779998779296875000000000000000000000
2.3260264396667480468750000000000000000000
2.6250119209289550781250000000000000000000
2.9401025772094726562500000000000000000000
3.2703716754913330078125000000000000000000
3.5980257987976074218750000000000000000000
4.0000000000000000000000000000000000000000
4.0000000000000000000000000000000000000000
3.0000000000000000000000000000000000000000
3.0000000000000000000000000000000000000000
2.7084422111511230468750000000000000000000
2.4707903861999511718750000000000000000000
2.2312417030334472656250000000000000000000
2.0026981830596923828125000000000000000000
1.7858269214630126953125000000000000000000
1.5828938484191894531250000000000000000000
1.3953306674957275390625000000000000000000
1.2241325378417968750000000000000000000000
1.0697995424270629882812500000000000000000
0.9323806762695312500000000000000000000000
0.8115215301513671875000000000000000000000
0.7065260410308837890625000000000000000000
0.6164257526397705078125000000000000000000
0.5400505661964416503906250000000000000000
0.4760991930961608886718750000000000000000
0.4232037663459777832031250000000000000000
0.3799862861633300781250000000000000000000
0.3451068401336669921875000000000000000000
0.3173002302646636962890625000000000000000
0.2954028844833374023437500000000000000000
0.2783695459365844726562500000000000000000
0.2652817368507385253906250000000000000000
0.2553482949733734130859375000000000000000
0.2479012757539749145507812500000000000000
0.2423865050077438354492187500000000000000
0.2383525669574737548828125000000000000000
0.2354379594326019287109375000000000000000
0.2333578616380691528320312500000000000000
0.2318914830684661865234375000000000000000
0.2308703958988189697265625000000000000000
0.2301681339740753173828125000000000000000
0.2296909838914871215820312500000000000000
0.2293707877397537231445312500000000000000
0.2291585206985473632812500000000000000000
0.2290195673704147338867187500000000000000
0.2289296835660934448242187500000000000000
0.2288722991943359375000000000000000000000
0.2288360595703125000000000000000000000000
0.2288134843111038208007812500000000000000
0.2287995517253875732421875000000000000000
0.2287911176681518554687500000000000000000
0.2287860363721847534179687500000000000000
0.2287830412387847900390625000000000000000
0.2287812680006027221679687500000000000000
0.2287802696228027343750000000000000000000
0.2287797033786773681640625000000000000000
0.2287793904542922973632812500000000000000
0.2287792712450027465820312500000000000000
0.2287793159484863281250000000000000000000
0.2287794798612594604492187500000000000000
0.2287799417972564697265625000000000000000
0.2287807017564773559570312500000000000000
0.2287820577621459960937500000000000000000
0.2287843972444534301757812500000000000000
0.2287884503602981567382812500000000000000
0.2287952154874801635742187500000000000000
0.2288065254688262939453125000000000000000
0.2288250923156738281250000000000000000000
0.2288552969694137573242187500000000000000
0.2289037704467773437500000000000000000000
0.2289805710315704345703125000000000000000
0.2291008234024047851562500000000000000000
0.2292867898941040039062500000000000000000
0.2295708656311035156250000000000000000000
0.2299995422363281250000000000000000000000
0.2306384742259979248046875000000000000000
0.2315791398286819458007812500000000000000
0.2329471409320831298828125000000000000000
0.2349123060703277587890625000000000000000
0.2377007305622100830078125000000000000000
0.2416091710329055786132812500000000000000
0.2470203936100006103515625000000000000000
0.2544209361076354980468750000000000000000
0.2644186615943908691406250000000000000000
0.2777601778507232666015625000000000000000
0.2953469157218933105468750000000000000000
0.3182473778724670410156250000000000000000
0.3477039635181427001953125000000000000000
0.3851327598094940185546875000000000000000
0.4321132600307464599609375000000000000000
0.4903664588928222656250000000000000000000
0.5617204308509826660156250000000000000000
0.6480606794357299804687500000000000000000
0.7512674331665039062500000000000000000000
0.8731387257575988769531250000000000000000
1.0153028964996337890625000000000000000000
1.1791242361068725585937500000000000000000
1.3656022548675537109375000000000000000000
1.5752774477005004882812500000000000000000
1.8081414699554443359375000000000000000000
2.0635669231414794921875000000000000000000
2.3402378559112548828125000000000000000000
2.6362273693084716796875000000000000000000
2.9484417438507080078125000000000000000000
3.2759463787078857421875000000000000000000
3.6010353565216064453125000000000000000000
4.0000000000000000000000000000000000000000
4.0000000000000000000000000000000000000000
3.0000000000000000000000000000000000000000
3.0000000000000000000000000000000000000000
2.7129805088043212890625000000000000000000
2.4791133403778076171875000000000000000000
2.2435126304626464843750000000000000000000
2.0189123153686523437500000000000000000000
1.8059759140014648437500000000000000000000
1.6069189310073852539062500000000000000000
1.4231212139129638671875000000000000000000
1.2555234432220458984375000000000000000000
1.1045759916305541992187500000000000000000
0.9702876210212707519531250000000000000000
0.8522751927375793457031250000000000000000
0.7498261332511901855468750000000000000000
0.6619672775268554687500000000000000000000
0.5875344276428222656250000000000000000000
0.5252407789230346679687500000000000000000
0.4737389981746673583984375000000000000000
0.4316763877868652343750000000000000000000
0.3977403044700622558593750000000000000000
0.3706935346126556396484375000000000000000
0.3493997752666473388671875000000000000000
0.3328394591808319091796875000000000000000
0.3201172947883605957031250000000000000000
0.3104628920555114746093750000000000000000
0.3032258450984954833984375000000000000000
0.2978671491146087646484375000000000000000
0.2939477264881134033203125000000000000000
0.2911159396171569824218750000000000000000
0.2890950739383697509765625000000000000000
0.2876704335212707519531250000000000000000
0.2866784930229187011718750000000000000000
0.2859962284564971923828125000000000000000
0.2855326533317565917968750000000000000000
0.2852215766906738281250000000000000000000
0.2850153744220733642578125000000000000000
0.2848803400993347167968750000000000000000
0.2847930192947387695312500000000000000000
0.2847372293472290039062500000000000000000
0.2847020030021667480468750000000000000000
0.2846800684928894042968750000000000000000
0.2846665680408477783203125000000000000000
0.2846583425998687744140625000000000000000
0.2846533954143524169921875000000000000000
0.2846505045890808105468750000000000000000
0.2846487462520599365234375000000000000000
0.2846477925777435302734375000000000000000
0.2846472263336181640625000000000000000000
0.2846469283103942871093750000000000000000
0.2846468091011047363281250000000000000000
0.2846468389034271240234375000000000000000
0.2846470475196838378906250000000000000000
0.2846474349498748779296875000000000000000
0.2846481800079345703125000000000000000000
0.2846495509147644042968750000000000000000
0.2846518158912658691406250000000000000000
0.2846557497978210449218750000000000000000
0.2846623063087463378906250000000000000000
0.2846733331680297851562500000000000000000
0.2846913933753967285156250000000000000000
0.2847207784652709960937500000000000000000
0.2847678959369659423828125000000000000000
0.2848425805568695068359375000000000000000
0.2849594950675964355468750000000000000000
0.2851402759552001953125000000000000000000
0.2854164838790893554687500000000000000000
0.2858332693576812744140625000000000000000
0.2864544689655303955078125000000000000000
0.2873690724372863769531250000000000000000
0.2886992096900939941406250000000000000000
0.2906100749969482421875000000000000000000
0.2933217883110046386718750000000000000000
0.2971230149269104003906250000000000000000
0.3023865818977355957031250000000000000000
0.3095862269401550292968750000000000000000
0.3193144202232360839843750000000000000000
0.3322990238666534423828125000000000000000
0.3494196832180023193359375000000000000000
0.3717198669910430908203125000000000000000
0.4004141390323638916015625000000000000000
0.4368886947631835937500000000000000000000
0.4826920628547668457031250000000000000000
0.5395151376724243164062500000000000000000
0.6091583967208862304687500000000000000000
0.6934849023818969726562500000000000000000
0.7943607568740844726562500000000000000000
0.9135810732841491699218750000000000000000
1.0527857542037963867187500000000000000000
1.2133661508560180664062500000000000000000
1.3963685035705566406250000000000000000000
1.6023960113525390625000000000000000000000
1.8315184116363525390625000000000000000000
2.0831956863403320312500000000000000000000
2.3562002182006835937500000000000000000000
2.6486783027648925781250000000000000000000
2.9575915336608886718750000000000000000000
3.2820010185241699218750000000000000000000
3.6042790412902832031250000000000000000000
4.0000000000000000000000000000000000000000
4.0000000000000000000000000000000000000000
3.0000000000000000000000000000000000000000
3.0000000000000000000000000000000000000000
2.7180700302124023437500000000000000000000
2.4884791374206542968750000000000000000000
2.2573857307434082031250000000000000000000
2.0373420715332031250000000000000000000000
1.8290033340454101562500000000000000000000
1.6345186233520507812500000000000000000000
1.4551945924758911132812500000000000000000
1.2918970584869384765625000000000000000000
1.1450082063674926757812500000000000000000
1.0144817829132080078125000000000000000000
0.8998947143554687500000000000000000000000
0.8005116581916809082031250000000000000000
0.7153518795967102050781250000000000000000
0.6432577371597290039062500000000000000000
0.5829590559005737304687500000000000000000
0.5331338644027709960937500000000000000000
0.4924597144126892089843750000000000000000
0.4596571326255798339843750000000000000000
0.4335228502750396728515625000000000000000
0.4129535555839538574218750000000000000000
0.3969607353210449218750000000000000000000
0.3846771419048309326171875000000000000000
0.3753572106361389160156250000000000000000
0.3683719038963317871093750000000000000000
0.3632002472877502441406250000000000000000
0.3594179153442382812500000000000000000000
0.3566854894161224365234375000000000000000
0.3547355234622955322265625000000000000000
0.3533609509468078613281250000000000000000
0.3524038791656494140625000000000000000000
0.3517455756664276123046875000000000000000
0.3512983322143554687500000000000000000000
0.3509981930255889892578125000000000000000
0.3507992029190063476562500000000000000000
0.3506689369678497314453125000000000000000
0.3505846560001373291015625000000000000000
0.3505308330059051513671875000000000000000
0.3504968285560607910156250000000000000000
0.3504756689071655273437500000000000000000
0.3504626154899597167968750000000000000000
0.3504546880722045898437500000000000000000
0.3504499495029449462890625000000000000000
0.3504470884799957275390625000000000000000
0.3504454493522644042968750000000000000000
0.3504444658756256103515625000000000000000
0.3504439294338226318359375000000000000000
0.3504436612129211425781250000000000000000
0.3504435420036315917968750000000000000000
0.3504436016082763671875000000000000000000
0.3504437804222106933593750000000000000000
0.3504441380500793457031250000000000000000
0.3504448533058166503906250000000000000000
0.3504461348056793212890625000000000000000
0.3504483699798583984375000000000000000000
0.3504521548748016357421875000000000000000
0.3504585325717926025390625000000000000000
0.3504691720008850097656250000000000000000
0.3504866361618041992187500000000000000000
0.3505149781703948974609375000000000000000
0.3505604863166809082031250000000000000000
0.3506326079368591308593750000000000000000
0.3507454693317413330078125000000000000000
0.3509200513362884521484375000000000000000
0.3511868119239807128906250000000000000000
0.3515892326831817626953125000000000000000
0.3521890938282012939453125000000000000000
0.3530723154544830322265625000000000000000
0.3543568551540374755859375000000000000000
0.3562024235725402832031250000000000000000
0.3588216304779052734375000000000000000000
0.3624936938285827636718750000000000000000
0.3675791621208190917968750000000000000000
0.3745365440845489501953125000000000000000
0.3839392960071563720703125000000000000000
0.3964928388595581054687500000000000000000
0.4130501151084899902343750000000000000000
0.4346238672733306884765625000000000000000
0.4623947143554687500000000000000000000000
0.4977119863033294677734375000000000000000
0.5420861244201660156250000000000000000000
0.5971702933311462402343750000000000000000
0.6647304296493530273437500000000000000000
0.7466019392013549804687500000000000000000
0.8446326255798339843750000000000000000000
0.9606139063835144042968750000000000000000
1.0962001085281372070312500000000000000000
1.2528195381164550781250000000000000000000
1.4315788745880126953125000000000000000000
1.6331672668457031250000000000000000000000
1.8577619791030883789062500000000000000000
2.1049449443817138671875000000000000000000
2.3736145496368408203125000000000000000000
2.6620280742645263671875000000000000000000
2.9672255516052246093750000000000000000000
3.2882697582244873046875000000000000000000
3.6075930595397949218750000000000000000000
4.0000000000000000000000000000000000000000
4.0000000000000000000000000000000000000000
3.0000000000000000000000000000000000000000
3.0000000000000000000000000000000000000000
2.7236142158508300781250000000000000000000
2.4987378120422363281250000000000000000000
2.2726898193359375000000000000000000000000
2.0578348636627197265625000000000000000000
1.8548082113265991210937500000000000000000
1.6656669378280639648437500000000000000000
1.4916150569915771484375000000000000000000
1.3334136009216308593750000000000000000000
1.1913512945175170898437500000000000000000
1.0653069019317626953125000000000000000000
0.9548045992851257324218750000000000000000
0.8590780496597290039062500000000000000000
0.7771364450454711914062500000000000000000
0.7078285813331604003906250000000000000000
0.6499050855636596679687500000000000000000
0.6020740270614624023437500000000000000000
0.5630499124526977539062500000000000000000
0.5315933227539062500000000000000000000000
0.5065416693687438964843750000000000000000
0.4868314266204833984375000000000000000000
0.4715110361576080322265625000000000000000
0.4597468376159667968750000000000000000000
0.4508227705955505371093750000000000000000
0.4441354870796203613281250000000000000000
0.4391849935054779052734375000000000000000
0.4355649352073669433593750000000000000000
0.4329498410224914550781250000000000000000
0.4310838282108306884765625000000000000000
0.4297684729099273681640625000000000000000
0.4288526475429534912109375000000000000000
0.4282227158546447753906250000000000000000
0.4277947545051574707031250000000000000000
0.4275075495243072509765625000000000000000
0.4273171424865722656250000000000000000000
0.4271924495697021484375000000000000000000
0.4271118044853210449218750000000000000000
0.4270602762699127197265625000000000000000
0.4270277619361877441406250000000000000000
0.4270074963569641113281250000000000000000
0.4269950389862060546875000000000000000000
0.4269874095916748046875000000000000000000
0.4269828796386718750000000000000000000000
0.4269801080226898193359375000000000000000
0.4269785284996032714843750000000000000000
0.4269775748252868652343750000000000000000
0.4269770979881286621093750000000000000000
0.4269768297672271728515625000000000000000
0.4269767403602600097656250000000000000000
0.4269767403602600097656250000000000000000
0.4269769191741943359375000000000000000000
0.4269772469997406005859375000000000000000
0.4269780218601226806640625000000000000000
0.4269791543483734130859375000000000000000
0.4269813001155853271484375000000000000000
0.4269849658012390136718750000000000000000
0.4269910752773284912109375000000000000000
0.4270012974739074707031250000000000000000
0.4270179271697998046875000000000000000000
0.4270451068878173828125000000000000000000
0.4270887374877929687500000000000000000000
0.4271577894687652587890625000000000000000
0.4272659420967102050781250000000000000000
0.4274331033229827880859375000000000000000
0.4276885390281677246093750000000000000000
0.4280739426612854003906250000000000000000
0.4286484718322753906250000000000000000000
0.4294943213462829589843750000000000000000
0.4307247698307037353515625000000000000000
0.4324926733970642089843750000000000000000
0.4350019395351409912109375000000000000000
0.4385203719139099121093750000000000000000
0.4433940052986145019531250000000000000000
0.4500628411769866943359375000000000000000
0.4590779244899749755859375000000000000000
0.4711174070835113525390625000000000000000
0.4870020449161529541015625000000000000000
0.5077077746391296386718750000000000000000
0.5343737006187438964843750000000000000000
0.5683043003082275390625000000000000000000
0.6109630465507507324218750000000000000000
0.6639567017555236816406250000000000000000
0.7290081381797790527343750000000000000000
0.8079172372817993164062500000000000000000
0.9025082588195800781250000000000000000000
1.0145668983459472656250000000000000000000
1.1457654237747192382812500000000000000000
1.2975775003433227539062500000000000000000
1.4711887836456298828125000000000000000000
1.6674025058746337890625000000000000000000
1.8865416049957275390625000000000000000000
2.1283590793609619140625000000000000000000
2.3919332027435302734375000000000000000000
2.6756863594055175781250000000000000000000
2.9767813682556152343750000000000000000000
3.2943000793457031250000000000000000000000
3.6107025146484375000000000000000000000000
4.0000000000000000000000000000000000000000
4.0000000000000000000000000000000000000000
3.0000000000000000000000000000000000000000
3.0000000000000000000000000000000000000000
2.7294242382049560546875000000000000000000
2.5095896720886230468750000000000000000000
2.2890698909759521484375000000000000000000
2.0800385475158691406250000000000000000000
1.8830896615982055664062500000000000000000
1.7001476287841796875000000000000000000000
1.5322681665420532226562500000000000000000
1.3800660371780395507812500000000000000000
1.2437026500701904296875000000000000000000
1.1229568719863891601562500000000000000000
1.0172837972640991210937500000000000000000
0.9258780479431152343750000000000000000000
0.8477350473403930664062500000000000000000
0.7817123532295227050781250000000000000000
0.7265855073928833007812500000000000000000
0.6810997724533081054687500000000000000000
0.6440138220787048339843750000000000000000
0.6141363382339477539062500000000000000000
0.5903537869453430175781250000000000000000
0.5716494917869567871093750000000000000000
0.5571159124374389648437500000000000000000
0.5459591150283813476562500000000000000000
0.5374978184700012207031250000000000000000
0.5311584472656250000000000000000000000000
0.5264663696289062500000000000000000000000
0.5230355858802795410156250000000000000000
0.5205576419830322265625000000000000000000
0.5187894701957702636718750000000000000000
0.5175432562828063964843750000000000000000
0.5166755318641662597656250000000000000000
0.5160786509513854980468750000000000000000
0.5156732797622680664062500000000000000000
0.5154011845588684082031250000000000000000
0.5152207612991333007812500000000000000000
0.5151026844978332519531250000000000000000
0.5150262117385864257812500000000000000000
0.5149773359298706054687500000000000000000
0.5149465799331665039062500000000000000000
0.5149273872375488281250000000000000000000
0.5149155259132385253906250000000000000000
0.5149083137512207031250000000000000000000
0.5149039626121520996093750000000000000000
0.5149013996124267578125000000000000000000
0.5148998498916625976562500000000000000000
0.5148990154266357421875000000000000000000
0.5148985385894775390625000000000000000000
0.5148983001708984375000000000000000000000
0.5148981809616088867187500000000000000000
0.5148981809616088867187500000000000000000
0.5148983597755432128906250000000000000000
0.5148987174034118652343750000000000000000
0.5148993134498596191406250000000000000000
0.5149005055427551269531250000000000000000
0.5149025321006774902343750000000000000000
0.5149059891700744628906250000000000000000
0.5149117708206176757812500000000000000000
0.5149214863777160644531250000000000000000
0.5149372816085815429687500000000000000000
0.5149630904197692871093750000000000000000
0.5150043964385986328125000000000000000000
0.5150699019432067871093750000000000000000
0.5151724219322204589843750000000000000000
0.5153309106826782226562500000000000000000
0.5155731439590454101562500000000000000000
0.5159386396408081054687500000000000000000
0.5164833664894104003906250000000000000000
0.5172855854034423828125000000000000000000
0.5184524655342102050781250000000000000000
0.5201293230056762695312500000000000000000
0.5225096344947814941406250000000000000000
0.5258478522300720214843750000000000000000
0.5304726362228393554687500000000000000000
0.5368024110794067382812500000000000000000
0.5453616380691528320312500000000000000000
0.5567959547042846679687500000000000000000
0.5718880295753479003906250000000000000000
0.5915694832801818847656250000000000000000
0.6169296503067016601562500000000000000000
0.6492186784744262695312500000000000000000
0.6898431777954101562500000000000000000000
0.7403525114059448242187500000000000000000
0.8024157285690307617187500000000000000000
0.8777874708175659179687500000000000000000
0.9682611227035522460937500000000000000000
1.0756123065948486328125000000000000000000
1.2015314102172851562500000000000000000000
1.3475480079650878906250000000000000000000
1.5149468183517456054687500000000000000000
1.7046773433685302734375000000000000000000
1.9172579050064086914062500000000000000000
2.1526777744293212890625000000000000000000
2.4102749824523925781250000000000000000000
2.6887202262878417968750000000000000000000
2.9853708744049072265625000000000000000000
3.2993736267089843750000000000000000000000
3.6131634712219238281250000000000000000000
4.0000000000000000000000000000000000000000
4.0000000000000000000000000000000000000000
3.0000000000000000000000000000000000000000
3.0000000000000000000000000000000000000000
2.7351753711700439453125000000000000000000
2.5205216407775878906250000000000000000000
2.3059103488922119140625000000000000000000
2.1033318042755126953125000000000000000000
1.9132883548736572265625000000000000000000
1.7375046014785766601562500000000000000000
1.5768196582794189453125000000000000000000
1.4316445589065551757812500000000000000000
1.3019692897796630859375000000000000000000
1.1874427795410156250000000000000000000000
1.0874330997467041015625000000000000000000
1.0010859966278076171875000000000000000000
0.9273827672004699707031250000000000000000
0.8651922941207885742187500000000000000000
0.8133223652839660644531250000000000000000
0.7705628275871276855468750000000000000000
0.7357265353202819824218750000000000000000
0.7076795697212219238281250000000000000000
0.6853660345077514648437500000000000000000
0.6678250432014465332031250000000000000000
0.6542005538940429687500000000000000000000
0.6437448263168334960937500000000000000000
0.6358174085617065429687500000000000000000
0.6298793554306030273437500000000000000000
0.6254849433898925781250000000000000000000
0.6222724318504333496093750000000000000000
0.6199522614479064941406250000000000000000
0.6182968616485595703125000000000000000000
0.6171301603317260742187500000000000000000
0.6163178682327270507812500000000000000000
0.6157592535018920898437500000000000000000
0.6153796911239624023437500000000000000000
0.6151249408721923828125000000000000000000
0.6149560809135437011718750000000000000000
0.6148454546928405761718750000000000000000
0.6147739887237548828125000000000000000000
0.6147282719612121582031250000000000000000
0.6146993637084960937500000000000000000000
0.6146814227104187011718750000000000000000
0.6146703362464904785156250000000000000000
0.6146636009216308593750000000000000000000
0.6146594882011413574218750000000000000000
0.6146571040153503417968750000000000000000
0.6146557331085205078125000000000000000000
0.6146548986434936523437500000000000000000
0.6146543622016906738281250000000000000000
0.6146541237831115722656250000000000000000
0.6146540641784667968750000000000000000000
0.6146540641784667968750000000000000000000
0.6146541833877563476562500000000000000000
0.6146545410156250000000000000000000000000
0.6146551370620727539062500000000000000000
0.6146562695503234863281250000000000000000
0.6146581172943115234375000000000000000000
0.6146613359451293945312500000000000000000
0.6146668195724487304687500000000000000000
0.6146758198738098144531250000000000000000
0.6146907210350036621093750000000000000000
0.6147148609161376953125000000000000000000
0.6147536039352416992187500000000000000000
0.6148149371147155761718750000000000000000
0.6149110198020935058593750000000000000000
0.6150595545768737792968750000000000000000
0.6152864694595336914062500000000000000000
0.6156288385391235351562500000000000000000
0.6161392927169799804687500000000000000000
0.6168909072875976562500000000000000000000
0.6179844141006469726562500000000000000000
0.6195559501647949218750000000000000000000
0.6217870712280273437500000000000000000000
0.6249165534973144531250000000000000000000
0.6292530298233032226562500000000000000000
0.6351898908615112304687500000000000000000
0.6432199478149414062500000000000000000000
0.6539513468742370605468750000000000000000
0.6681215167045593261718750000000000000000
0.6866098642349243164062500000000000000000
0.7104466557502746582031250000000000000000
0.7408168911933898925781250000000000000000
0.7790580391883850097656250000000000000000
0.8266498446464538574218750000000000000000
0.8851944208145141601562500000000000000000
0.9563881158828735351562500000000000000000
1.0419819355010986328125000000000000000000
1.1437342166900634765625000000000000000000
1.2633521556854248046875000000000000000000
1.4024274349212646484375000000000000000000
1.5623630285263061523437500000000000000000
1.7442929744720458984375000000000000000000
1.9489905834197998046875000000000000000000
2.1767668724060058593750000000000000000000
2.4273302555084228515625000000000000000000
2.6997311115264892578125000000000000000000
2.9916453361511230468750000000000000000000
3.3023788928985595703125000000000000000000
3.6142792701721191406250000000000000000000
4.0000000000000000000000000000000000000000
4.0000000000000000000000000000000000000000
3.0000000000000000000000000000000000000000
3.0000000000000000000000000000000000000000
2.7403283119201660156250000000000000000000
2.5307009220123291015625000000000000000000
2.3222358226776123046875000000000000000000
2.1267385482788085937500000000000000000000
1.9445205926895141601562500000000000000000
1.7769941091537475585937500000000000000000
1.6246818304061889648437500000000000000000
1.4877109527587890625000000000000000000000
1.3658454418182373046875000000000000000000
1.2585704326629638671875000000000000000000
1.1651480197906494140625000000000000000000
1.0846698284149169921875000000000000000000
1.0161035060882568359375000000000000000000
0.9583358764648437500000000000000000000000
0.9102152585983276367187500000000000000000
0.8705880045890808105468750000000000000000
0.8383313417434692382812500000000000000000
0.8123796582221984863281250000000000000000
0.7917455434799194335937500000000000000000
0.7755326628684997558593750000000000000000
0.7629449367523193359375000000000000000000
0.7532881498336791992187500000000000000000
0.7459684610366821289062500000000000000000
0.7404869794845581054687500000000000000000
0.7364313006401062011718750000000000000000
0.7334666848182678222656250000000000000000
0.7313259840011596679687500000000000000000
0.7297986745834350585937500000000000000000
0.7287224531173706054687500000000000000000
0.7279731035232543945312500000000000000000
0.7274577021598815917968750000000000000000
0.7271075248718261718750000000000000000000
0.7268726229667663574218750000000000000000
0.7267168760299682617187500000000000000000
0.7266148328781127929687500000000000000000
0.7265487909317016601562500000000000000000
0.7265066504478454589843750000000000000000
0.7264800667762756347656250000000000000000
0.7264634370803833007812500000000000000000
0.7264532446861267089843750000000000000000
0.7264469861984252929687500000000000000000
0.7264432907104492187500000000000000000000
0.7264410257339477539062500000000000000000
0.7264397144317626953125000000000000000000
0.7264389991760253906250000000000000000000
0.7264384627342224121093750000000000000000
0.7264382243156433105468750000000000000000
0.7264381647109985351562500000000000000000
0.7264382243156433105468750000000000000000
0.7264384031295776367187500000000000000000
0.7264386415481567382812500000000000000000
0.7264392971992492675781250000000000000000
0.7264402508735656738281250000000000000000
0.7264419794082641601562500000000000000000
0.7264449596405029296875000000000000000000
0.7264499664306640625000000000000000000000
0.7264583110809326171875000000000000000000
0.7264720201492309570312500000000000000000
0.7264943718910217285156250000000000000000
0.7265301942825317382812500000000000000000
0.7265867590904235839843750000000000000000
0.7266754508018493652343750000000000000000
0.7268125414848327636718750000000000000000
0.7270220518112182617187500000000000000000
0.7273380756378173828125000000000000000000
0.7278094291687011718750000000000000000000
0.7285034060478210449218750000000000000000
0.7295132279396057128906250000000000000000
0.7309644818305969238281250000000000000000
0.7330253720283508300781250000000000000000
0.7359164357185363769531250000000000000000
0.7399235963821411132812500000000000000000
0.7454107999801635742187500000000000000000
0.7528352737426757812500000000000000000000
0.7627609968185424804687500000000000000000
0.7758731842041015625000000000000000000000
0.7929900884628295898437500000000000000000
0.8150726556777954101562500000000000000000
0.8432286381721496582031250000000000000000
0.8787131309509277343750000000000000000000
0.9229205250740051269531250000000000000000
0.9773703813552856445312500000000000000000
1.0436844825744628906250000000000000000000
1.1235563755035400390625000000000000000000
1.2187130451202392578125000000000000000000
1.3308713436126708984375000000000000000000
1.4616861343383789062500000000000000000000
1.6126949787139892578125000000000000000000
1.7852531671524047851562500000000000000000
1.9804567098617553710937500000000000000000
2.1990456581115722656250000000000000000000
2.4412515163421630859375000000000000000000
2.7067012786865234375000000000000000000000
2.9936020374298095703125000000000000000000
3.3016185760498046875000000000000000000000
3.6129536628723144531250000000000000000000
4.0000000000000000000000000000000000000000
4.0000000000000000000000000000000000000000
3.0000000000000000000000000000000000000000
3.0000000000000000000000000000000000000000
2.7439997196197509765625000000000000000000
2.5388171672821044921875000000000000000000
2.3365626335144042968750000000000000000000
2.1488208770751953125000000000000000000000
1.9755100011825561523437500000000000000000
1.8175481557846069335937500000000000000000
1.6749927997589111328125000000000000000000
1.5475857257843017578125000000000000000000
1.4348020553588867187500000000000000000000
1.3359279632568359375000000000000000000000
1.2501065731048583984375000000000000000000
1.1763734817504882812500000000000000000000
1.1136887073516845703125000000000000000000
1.0609682798385620117187500000000000000000
1.0171139240264892578125000000000000000000
0.9810411334037780761718750000000000000000
0.9517054557800292968750000000000000000000
0.9281221628189086914062500000000000000000
0.9093828201293945312500000000000000000000
0.8946666717529296875000000000000000000000
0.8832456469535827636718750000000000000000
0.8744872212409973144531250000000000000000
0.8678504824638366699218750000000000000000
0.8628814816474914550781250000000000000000
0.8592057228088378906250000000000000000000
0.8565193414688110351562500000000000000000
0.8545796275138854980468750000000000000000
0.8531961441040039062500000000000000000000
0.8522210121154785156250000000000000000000
0.8515422940254211425781250000000000000000
0.8510755300521850585937500000000000000000
0.8507583737373352050781250000000000000000
0.8505455255508422851562500000000000000000
0.8504044413566589355468750000000000000000
0.8503120541572570800781250000000000000000
0.8502521514892578125000000000000000000000
0.8502140045166015625000000000000000000000
0.8501898646354675292968750000000000000000
0.8501747846603393554687500000000000000000
0.8501656651496887207031250000000000000000
0.8501599431037902832031250000000000000000
0.8501566052436828613281250000000000000000
0.8501545786857604980468750000000000000000
0.8501533269882202148437500000000000000000
0.8501526117324829101562500000000000000000
0.8501521944999694824218750000000000000000
0.8501520156860351562500000000000000000000
0.8501518964767456054687500000000000000000
0.8501518964767456054687500000000000000000
0.8501520156860351562500000000000000000000
0.8501523137092590332031250000000000000000
0.8501527905464172363281250000000000000000
0.8501538038253784179687500000000000000000
0.8501553535461425781250000000000000000000
0.8501580357551574707031250000000000000000
0.8501626253128051757812500000000000000000
0.8501702547073364257812500000000000000000
0.8501826524734497070312500000000000000000
0.8502028584480285644531250000000000000000
0.8502353429794311523437500000000000000000
0.8502866625785827636718750000000000000000
0.8503670692443847656250000000000000000000
0.8504913449287414550781250000000000000000
0.8506811857223510742187500000000000000000
0.8509677648544311523437500000000000000000
0.8513950109481811523437500000000000000000
0.8520242571830749511718750000000000000000
0.8529397845268249511718750000000000000000
0.8542559742927551269531250000000000000000
0.8561250567436218261718750000000000000000
0.8587476611137390136718750000000000000000
0.8623834848403930664062500000000000000000
0.8673637509346008300781250000000000000000
0.8741043806076049804687500000000000000000
0.8831192851066589355468750000000000000000
0.8950337171554565429687500000000000000000
0.9105957746505737304687500000000000000000
0.9306852221488952636718750000000000000000
0.9563199877738952636718750000000000000000
0.9886574745178222656250000000000000000000
1.0289895534515380859375000000000000000000
1.0787338018417358398437500000000000000000
1.1394169330596923828125000000000000000000
1.2126533985137939453125000000000000000000
1.3001198768615722656250000000000000000000
1.4035245180130004882812500000000000000000
1.5245774984359741210937500000000000000000
1.6649553775787353515625000000000000000000
1.8262646198272705078125000000000000000000
2.0099911689758300781250000000000000000000
2.2174286842346191406250000000000000000000
2.4495317935943603515625000000000000000000
2.7067909240722656250000000000000000000000
2.9883017539978027343750000000000000000000
3.2944884300231933593750000000000000000000
3.6074299812316894531250000000000000000000
4.0000000000000000000000000000000000000000
4.0000000000000000000000000000000000000000
3.0000000000000000000000000000000000000000
3.0000000000000000000000000000000000000000
2.7447087764739990234375000000000000000000
2.5428071022033691406250000000000000000000
2.3466842174530029296875000000000000000000
2.1675457954406738281250000000000000000000
2.0045247077941894531250000000000000000000
1.8577539920806884765625000000000000000000
1.7266212701797485351562500000000000000000
1.6103627681732177734375000000000000000000
1.5081000328063964843750000000000000000000
1.4188961982727050781250000000000000000000
1.3417707681655883789062500000000000000000
1.2757121324539184570312500000000000000000
1.2196875810623168945312500000000000000000
1.1726588010787963867187500000000000000000
1.1335986852645874023437500000000000000000
1.1015093326568603515625000000000000000000
1.0754386186599731445312500000000000000000
1.0544967651367187500000000000000000000000
1.0378673076629638671875000000000000000000
1.0248148441314697265625000000000000000000
1.0146899223327636718750000000000000000000
1.0069279670715332031250000000000000000000
1.0010479688644409179687500000000000000000
0.9966467618942260742187500000000000000000
0.9933916330337524414062500000000000000000
0.9910129308700561523437500000000000000000
0.9892956614494323730468750000000000000000
0.9880709648132324218750000000000000000000
0.9872080087661743164062500000000000000000
0.9866070747375488281250000000000000000000
0.9861940145492553710937500000000000000000
0.9859133958816528320312500000000000000000
0.9857248067855834960937500000000000000000
0.9855999946594238281250000000000000000000
0.9855181574821472167968750000000000000000
0.9854653477668762207031250000000000000000
0.9854313731193542480468750000000000000000
0.9854100942611694335937500000000000000000
0.9853966832160949707031250000000000000000
0.9853885769844055175781250000000000000000
0.9853836894035339355468750000000000000000
0.9853805303573608398437500000000000000000
0.9853787422180175781250000000000000000000
0.9853777885437011718750000000000000000000
0.9853771924972534179687500000000000000000
0.9853767156600952148437500000000000000000
0.9853765368461608886718750000000000000000
0.9853764772415161132812500000000000000000
0.9853764772415161132812500000000000000000
0.9853766560554504394531250000000000000000
0.9853767156600952148437500000000000000000
0.9853774309158325195312500000000000000000
0.9853781461715698242187500000000000000000
0.9853795170783996582031250000000000000000
0.9853819012641906738281250000000000000000
0.9853860735893249511718750000000000000000
0.9853927493095397949218750000000000000000
0.9854037165641784667968750000000000000000
0.9854216575622558593750000000000000000000
0.9854503870010375976562500000000000000000
0.9854958653450012207031250000000000000000
0.9855670928955078125000000000000000000000
0.9856770634651184082031250000000000000000
0.9858452677726745605468750000000000000000
0.9860991239547729492187500000000000000000
0.9864775538444519042968750000000000000000
0.9870349764823913574218750000000000000000
0.9878460764884948730468750000000000000000
0.9890121221542358398437500000000000000000
0.9906685948371887207031250000000000000000
0.9929930567741394042968750000000000000000
0.9962162971496582031250000000000000000000
1.0006325244903564453125000000000000000000
1.0066117048263549804687500000000000000000
1.0146114826202392578125000000000000000000
1.0251888036727905273437500000000000000000
1.0390123128890991210937500000000000000000
1.0568690299987792968750000000000000000000
1.0796728134155273437500000000000000000000
1.1084666252136230468750000000000000000000
1.1444208621978759765625000000000000000000
1.1888287067413330078125000000000000000000
1.2430968284606933593750000000000000000000
1.3087322711944580078125000000000000000000
1.3873317241668701171875000000000000000000
1.4805665016174316406250000000000000000000
1.5901747941970825195312500000000000000000
1.7179582118988037109375000000000000000000
1.8657824993133544921875000000000000000000
2.0355744361877441406250000000000000000000
2.2293045520782470703125000000000000000000
2.4488883018493652343750000000000000000000
2.6960835456848144531250000000000000000000
2.9714484214782714843750000000000000000000
3.2769436836242675781250000000000000000000
3.5947909355163574218750000000000000000000
4.0000000000000000000000000000000000000000
4.0000000000000000000000000000000000000000
3.0000000000000000000000000000000000000000
3.0000000000000000000000000000000000000000
2.7398941516876220703125000000000000000000
2.5394062995910644531250000000000000000000
2.3493731021881103515625000000000000000000
2.1801447868347167968750000000000000000000
2.0293443202972412109375000000000000000000
1.8958784341812133789062500000000000000000
1.7782121896743774414062500000000000000000
1.6749532222747802734375000000000000000000
1.5848280191421508789062500000000000000000
1.5066722631454467773437500000000000000000
1.4394003152847290039062500000000000000000
1.3819770812988281250000000000000000000000
1.3334038257598876953125000000000000000000
1.2927131652832031250000000000000000000000
1.2589706182479858398437500000000000000000
1.2312844991683959960937500000000000000000
1.2088139057159423828125000000000000000000
1.1907783746719360351562500000000000000000
1.1764658689498901367187500000000000000000
1.1652381420135498046875000000000000000000
1.1565320491790771484375000000000000000000
1.1498602628707885742187500000000000000000
1.1448078155517578125000000000000000000000
1.1410266160964965820312500000000000000000
1.1382305622100830078125000000000000000000
1.1361879110336303710937500000000000000000
1.1347132921218872070312500000000000000000
1.1336615085601806640625000000000000000000
1.1329205036163330078125000000000000000000
1.1324049234390258789062500000000000000000
1.1320502758026123046875000000000000000000
1.1318092346191406250000000000000000000000
1.1316475868225097656250000000000000000000
1.1315402984619140625000000000000000000000
1.1314700841903686523437500000000000000000
1.1314245462417602539062500000000000000000
1.1313955783843994140625000000000000000000
1.1313772201538085937500000000000000000000
1.1313658952713012695312500000000000000000
1.1313588619232177734375000000000000000000
1.1313545703887939453125000000000000000000
1.1313519477844238281250000000000000000000
1.1313503980636596679687500000000000000000
1.1313494443893432617187500000000000000000
1.1313489675521850585937500000000000000000
1.1313487291336059570312500000000000000000
1.1313483715057373046875000000000000000000
1.1313483715057373046875000000000000000000
1.1313483715057373046875000000000000000000
1.1313486099243164062500000000000000000000
1.1313488483428955078125000000000000000000
1.1313492059707641601562500000000000000000
1.1313498020172119140625000000000000000000
1.1313512325286865234375000000000000000000
1.1313531398773193359375000000000000000000
1.1313565969467163085937500000000000000000
1.1313621997833251953125000000000000000000
1.1313717365264892578125000000000000000000
1.1313872337341308593750000000000000000000
1.1314117908477783203125000000000000000000
1.1314510107040405273437500000000000000000
1.1315120458602905273437500000000000000000
1.1316066980361938476562500000000000000000
1.1317511796951293945312500000000000000000
1.1319692134857177734375000000000000000000
1.1322944164276123046875000000000000000000
1.1327731609344482421875000000000000000000
1.1334700584411621093750000000000000000000
1.1344721317291259765625000000000000000000
1.1358954906463623046875000000000000000000
1.1378937959671020507812500000000000000000
1.1406649351119995117187500000000000000000
1.1444628238677978515625000000000000000000
1.1496064662933349609375000000000000000000
1.1564906835556030273437500000000000000000
1.1655972003936767578125000000000000000000
1.1775045394897460937500000000000000000000
1.1928961277008056640625000000000000000000
1.2125670909881591796875000000000000000000
1.2374280691146850585937500000000000000000
1.2685075998306274414062500000000000000000
1.3069493770599365234375000000000000000000
1.3540101051330566406250000000000000000000
1.4110559225082397460937500000000000000000
1.4795620441436767578125000000000000000000
1.5611170530319213867187500000000000000000
1.6574395895004272460937500000000000000000
1.7704093456268310546875000000000000000000
1.9021171331405639648437500000000000000000
2.0549354553222656250000000000000000000000
2.2315957546234130859375000000000000000000
2.4352130889892578125000000000000000000000
2.6693160533905029296875000000000000000000
2.9367957115173339843750000000000000000000
3.2425994873046875000000000000000000000000
3.5699913501739501953125000000000000000000
4.0000000000000000000000000000000000000000
4.0000000000000000000000000000000000000000
3.0000000000000000000000000000000000000000
3.0000000000000000000000000000000000000000
2.7247209548950195312500000000000000000000
2.5232574939727783203125000000000000000000
2.3399021625518798828125000000000000000000
2.1829648017883300781250000000000000000000
2.0472884178161621093750000000000000000000
1.9299739599227905273437500000000000000000
1.8283073902130126953125000000000000000000
1.7402013540267944335937500000000000000000
1.6639986038208007812500000000000000000000
1.5983533859252929687500000000000000000000
1.5421236753463745117187500000000000000000
1.4942989349365234375000000000000000000000
1.4539536237716674804687500000000000000000
1.4202246665954589843750000000000000000000
1.3922994136810302734375000000000000000000
1.3694140911102294921875000000000000000000
1.3508577346801757812500000000000000000000
1.3359751701354980468750000000000000000000
1.3241721391677856445312500000000000000000
1.3149173259735107421875000000000000000000
1.3077441453933715820312500000000000000000
1.3022487163543701171875000000000000000000
1.2980880737304687500000000000000000000000
1.2949751615524291992187500000000000000000
1.2926737070083618164062500000000000000000
1.2909924983978271484375000000000000000000
1.2897789478302001953125000000000000000000
1.2889134883880615234375000000000000000000
1.2883039712905883789062500000000000000000
1.2878795862197875976562500000000000000000
1.2875876426696777343750000000000000000000
1.2873895168304443359375000000000000000000
1.2872564792633056640625000000000000000000
1.2871682643890380859375000000000000000000
1.2871105670928955078125000000000000000000
1.2870731353759765625000000000000000000000
1.2870491743087768554687500000000000000000
1.2870341539382934570312500000000000000000
1.2870247364044189453125000000000000000000
1.2870188951492309570312500000000000000000
1.2870153188705444335937500000000000000000
1.2870132923126220703125000000000000000000
1.2870119810104370117187500000000000000000
1.2870112657546997070312500000000000000000
1.2870109081268310546875000000000000000000
1.2870104312896728515625000000000000000000
1.2870104312896728515625000000000000000000
1.2870103120803833007812500000000000000000
1.2870103120803833007812500000000000000000
1.2870106697082519531250000000000000000000
1.2870106697082519531250000000000000000000
1.2870109081268310546875000000000000000000
1.2870115041732788085937500000000000000000
1.2870124578475952148437500000000000000000
1.2870142459869384765625000000000000000000
1.2870171070098876953125000000000000000000
1.2870218753814697265625000000000000000000
1.2870295047760009765625000000000000000000
1.2870423793792724609375000000000000000000
1.2870626449584960937500000000000000000000
1.2870947122573852539062500000000000000000
1.2871451377868652343750000000000000000000
1.2872231006622314453125000000000000000000
1.2873419523239135742187500000000000000000
1.2875213623046875000000000000000000000000
1.2877891063690185546875000000000000000000
1.2881833314895629882812500000000000000000
1.2887570858001708984375000000000000000000
1.2895821332931518554687500000000000000000
1.2907545566558837890625000000000000000000
1.2924003601074218750000000000000000000000
1.2946833372116088867187500000000000000000
1.2978129386901855468750000000000000000000
1.3020523786544799804687500000000000000000
1.3077286481857299804687500000000000000000
1.3152402639389038085937500000000000000000
1.3250668048858642578125000000000000000000
1.3377760648727416992187500000000000000000
1.3540307283401489257812500000000000000000
1.3745920658111572265625000000000000000000
1.4003248214721679687500000000000000000000
1.4321960210800170898437500000000000000000
1.4712802171707153320312500000000000000000
1.5187611579895019531250000000000000000000
1.5759413242340087890625000000000000000000
1.6442639827728271484375000000000000000000
1.7253501415252685546875000000000000000000
1.8210653066635131835937500000000000000000
1.9336267709732055664062500000000000000000
2.0657632350921630859375000000000000000000
2.2209398746490478515625000000000000000000
2.4036033153533935546875000000000000000000
2.6195576190948486328125000000000000000000
2.8751790523529052734375000000000000000000
3.1809389591217041015625000000000000000000
3.5234749317169189453125000000000000000000
4.0000000000000000000000000000000000000000
4.0000000000000000000000000000000000000000
3.0000000000000000000000000000000000000000
3.0000000000000000000000000000000000000000
2.6903743743896484375000000000000000000000
2.4860305786132812500000000000000000000000
2.3118755817413330078125000000000000000000
2.1716620922088623046875000000000000000000
2.0555038452148437500000000000000000000000
1.9581161737442016601562500000000000000000
1.8754953145980834960937500000000000000000
1.8049383163452148437500000000000000000000
1.7445278167724609375000000000000000000000
1.6928522586822509765625000000000000000000
1.6488078832626342773437500000000000000000
1.6114797592163085937500000000000000000000
1.5800713300704956054687500000000000000000
1.5538640022277832031250000000000000000000
1.5321972370147705078125000000000000000000
1.5144608020782470703125000000000000000000
1.5000917911529541015625000000000000000000
1.4885752201080322265625000000000000000000
1.4794466495513916015625000000000000000000
1.4722917079925537109375000000000000000000
1.4667479991912841796875000000000000000000
1.4625023603439331054687500000000000000000
1.4592884778976440429687500000000000000000
1.4568842649459838867187500000000000000000
1.4551072120666503906250000000000000000000
1.4538091421127319335937500000000000000000
1.4528725147247314453125000000000000000000
1.4522043466567993164062500000000000000000
1.4517338275909423828125000000000000000000
1.4514060020446777343750000000000000000000
1.4511809349060058593750000000000000000000
1.4510277509689331054687500000000000000000
1.4509252309799194335937500000000000000000
1.4508571624755859375000000000000000000000
1.4508124589920043945312500000000000000000
1.4507837295532226562500000000000000000000
1.4507653713226318359375000000000000000000
1.4507536888122558593750000000000000000000
1.4507462978363037109375000000000000000000
1.4507417678833007812500000000000000000000
1.4507391452789306640625000000000000000000
1.4507374763488769531250000000000000000000
1.4507365226745605468750000000000000000000
1.4507358074188232421875000000000000000000
1.4507356882095336914062500000000000000000
1.4507353305816650390625000000000000000000
1.4507353305816650390625000000000000000000
1.4507353305816650390625000000000000000000
1.4507352113723754882812500000000000000000
1.4507352113723754882812500000000000000000
1.4507353305816650390625000000000000000000
1.4507358074188232421875000000000000000000
1.4507361650466918945312500000000000000000
1.4507369995117187500000000000000000000000
1.4507383108139038085937500000000000000000
1.4507404565811157226562500000000000000000
1.4507441520690917968750000000000000000000
1.4507499933242797851562500000000000000000
1.4507600069046020507812500000000000000000
1.4507757425308227539062500000000000000000
1.4508002996444702148437500000000000000000
1.4508392810821533203125000000000000000000
1.4508993625640869140625000000000000000000
1.4509913921356201171875000000000000000000
1.4511297941207885742187500000000000000000
1.4513365030288696289062500000000000000000
1.4516412019729614257812500000000000000000
1.4520841836929321289062500000000000000000
1.4527215957641601562500000000000000000000
1.4536271095275878906250000000000000000000
1.4548987150192260742187500000000000000000
1.4566627740859985351562500000000000000000
1.4590814113616943359375000000000000000000
1.4623587131500244140625000000000000000000
1.4667479991912841796875000000000000000000
1.4725582599639892578125000000000000000000
1.4801625013351440429687500000000000000000
1.4900025129318237304687500000000000000000
1.5025950670242309570312500000000000000000
1.5185366868972778320312500000000000000000
1.5385065078735351562500000000000000000000
1.5632704496383666992187500000000000000000
1.5936855077743530273437500000000000000000
1.6307092905044555664062500000000000000000
1.6754134893417358398437500000000000000000
1.7290163040161132812500000000000000000000
1.7929359674453735351562500000000000000000
1.8688805103302001953125000000000000000000
1.9590070247650146484375000000000000000000
2.0661675930023193359375000000000000000000
2.1943118572235107421875000000000000000000
2.3490569591522216796875000000000000000000
2.5386986732482910156250000000000000000000
2.7742505073547363281250000000000000000000
3.0756099224090576171875000000000000000000
3.4377772808074951171875000000000000000000
4.0000000000000000000000000000000000000000
4.0000000000000000000000000000000000000000
3.0000000000000000000000000000000000000000
3.0000000000000000000000000000000000000000
2.6133742332458496093750000000000000000000
2.4109432697296142578125000000000000000000
2.2550969123840332031250000000000000000000
2.1406817436218261718750000000000000000000
2.0511269569396972656250000000000000000000
1.9788688421249389648437500000000000000000
1.9190467596054077148437500000000000000000
1.8687578439712524414062500000000000000000
1.8261379003524780273437500000000000000000
1.7899253368377685546875000000000000000000
1.7592004537582397460937500000000000000000
1.7332429885864257812500000000000000000000
1.7114502191543579101562500000000000000000
1.6932957172393798828125000000000000000000
1.6783044338226318359375000000000000000000
1.6660436391830444335937500000000000000000
1.6561174392700195312500000000000000000000
1.6481660604476928710937500000000000000000
1.6418659687042236328125000000000000000000
1.6369297504425048828125000000000000000000
1.6331062316894531250000000000000000000000
1.6301784515380859375000000000000000000000
1.6279624700546264648437500000000000000000
1.6263052225112915039062500000000000000000
1.6250801086425781250000000000000000000000
1.6241855621337890625000000000000000000000
1.6235401630401611328125000000000000000000
1.6230796575546264648437500000000000000000
1.6227552890777587890625000000000000000000
1.6225296258926391601562500000000000000000
1.6223742961883544921875000000000000000000
1.6222690343856811523437500000000000000000
1.6221983432769775390625000000000000000000
1.6221513748168945312500000000000000000000
1.6221206188201904296875000000000000000000
1.6221008300781250000000000000000000000000
1.6220880746841430664062500000000000000000
1.6220802068710327148437500000000000000000
1.6220750808715820312500000000000000000000
1.6220718622207641601562500000000000000000
1.6220700740814208984375000000000000000000
1.6220690011978149414062500000000000000000
1.6220681667327880859375000000000000000000
1.6220678091049194335937500000000000000000
1.6220676898956298828125000000000000000000
1.6220676898956298828125000000000000000000
1.6220674514770507812500000000000000000000
1.6220674514770507812500000000000000000000
1.6220674514770507812500000000000000000000
1.6220674514770507812500000000000000000000
1.6220676898956298828125000000000000000000
1.6220676898956298828125000000000000000000
1.6220680475234985351562500000000000000000
1.6220686435699462890625000000000000000000
1.6220695972442626953125000000000000000000
1.6220710277557373046875000000000000000000
1.6220734119415283203125000000000000000000
1.6220775842666625976562500000000000000000
1.6220842599868774414062500000000000000000
1.6220951080322265625000000000000000000000
1.6221122741699218750000000000000000000000
1.6221389770507812500000000000000000000000
1.6221803426742553710937500000000000000000
1.6222436428070068359375000000000000000000
1.6223394870758056640625000000000000000000
1.6224819421768188476562500000000000000000
1.6226917505264282226562500000000000000000
1.6229972839355468750000000000000000000000
1.6234366893768310546875000000000000000000
1.6240609884262084960937500000000000000000
1.6249377727508544921875000000000000000000
1.6261543035507202148437500000000000000000
1.6278225183486938476562500000000000000000
1.6300834417343139648437500000000000000000
1.6331121921539306640625000000000000000000
1.6371223926544189453125000000000000000000
1.6423724889755249023437500000000000000000
1.6491687297821044921875000000000000000000
1.6578705310821533203125000000000000000000
1.6688930988311767578125000000000000000000
1.6827116012573242187500000000000000000000
1.6998637914657592773437500000000000000000
1.7209570407867431640625000000000000000000
1.7466751337051391601562500000000000000000
1.7777971029281616210937500000000000000000
1.8152259588241577148437500000000000000000
1.8600447177886962890625000000000000000000
1.9136120080947875976562500000000000000000
1.9777320623397827148437500000000000000000
2.0549480915069580078125000000000000000000
2.1490671634674072265625000000000000000000
2.2660408020019531250000000000000000000000
2.4157874584197998046875000000000000000000
2.6137433052062988281250000000000000000000
2.8931319713592529296875000000000000000000
3.2659862041473388671875000000000000000000
4.0000000000000000000000000000000000000000
4.0000000000000000000000000000000000000000
3.0000000000000000000000000000000000000000
3.0000000000000000000000000000000000000000
2.4729881286621093750000000000000000000000
2.2885322570800781250000000000000000000000
2.1670546531677246093750000000000000000000
2.0901973247528076171875000000000000000000
2.0345971584320068359375000000000000000000
1.9918590784072875976562500000000000000000
1.9574245214462280273437500000000000000000
1.9289290904998779296875000000000000000000
1.9050025939941406250000000000000000000000
1.8847885131835937500000000000000000000000
1.8676998615264892578125000000000000000000
1.8532969951629638671875000000000000000000
1.8412252664566040039062500000000000000000
1.8311805725097656250000000000000000000000
1.8228927850723266601562500000000000000000
1.8161189556121826171875000000000000000000
1.8106374740600585937500000000000000000000
1.8062484264373779296875000000000000000000
1.8027713298797607421875000000000000000000
1.8000481128692626953125000000000000000000
1.7979389429092407226562500000000000000000
1.7963237762451171875000000000000000000000
1.7951018810272216796875000000000000000000
1.7941879034042358398437500000000000000000
1.7935127019882202148437500000000000000000
1.7930195331573486328125000000000000000000
1.7926633358001708984375000000000000000000
1.7924095392227172851562500000000000000000
1.7922309637069702148437500000000000000000
1.7921063899993896484375000000000000000000
1.7920207977294921875000000000000000000000
1.7919628620147705078125000000000000000000
1.7919237613677978515625000000000000000000
1.7918980121612548828125000000000000000000
1.7918812036514282226562500000000000000000
1.7918701171875000000000000000000000000000
1.7918632030487060546875000000000000000000
1.7918586730957031250000000000000000000000
1.7918560504913330078125000000000000000000
1.7918542623519897460937500000000000000000
1.7918529510498046875000000000000000000000
1.7918525934219360351562500000000000000000
1.7918522357940673828125000000000000000000
1.7918517589569091796875000000000000000000
1.7918517589569091796875000000000000000000
1.7918516397476196289062500000000000000000
1.7918516397476196289062500000000000000000
1.7918516397476196289062500000000000000000
1.7918516397476196289062500000000000000000
1.7918516397476196289062500000000000000000
1.7918516397476196289062500000000000000000
1.7918517589569091796875000000000000000000
1.7918519973754882812500000000000000000000
1.7918522357940673828125000000000000000000
1.7918529510498046875000000000000000000000
1.7918536663055419921875000000000000000000
1.7918550968170166015625000000000000000000
1.7918571233749389648437500000000000000000
1.7918609380722045898437500000000000000000
1.7918668985366821289062500000000000000000
1.7918764352798461914062500000000000000000
1.7918910980224609375000000000000000000000
1.7919139862060546875000000000000000000000
1.7919490337371826171875000000000000000000
1.7920014858245849609375000000000000000000
1.7920802831649780273437500000000000000000
1.7921959161758422851562500000000000000000
1.7923643589019775390625000000000000000000
1.7926067113876342773437500000000000000000
1.7929509878158569335937500000000000000000
1.7934345006942749023437500000000000000000
1.7941055297851562500000000000000000000000
1.7950258255004882812500000000000000000000
1.7962734699249267578125000000000000000000
1.7979443073272705078125000000000000000000
1.8001575469970703125000000000000000000000
1.8030555248260498046875000000000000000000
1.8068081140518188476562500000000000000000
1.8116142749786376953125000000000000000000
1.8177047967910766601562500000000000000000
1.8253438472747802734375000000000000000000
1.8348329067230224609375000000000000000000
1.8465118408203125000000000000000000000000
1.8607683181762695312500000000000000000000
1.8780473470687866210937500000000000000000
1.8988740444183349609375000000000000000000
1.9238917827606201171875000000000000000000
1.9539340734481811523437500000000000000000
1.9901552200317382812500000000000000000000
2.0342793464660644531250000000000000000000
2.0890910625457763671875000000000000000000
2.1593978404998779296875000000000000000000
2.2544279098510742187500000000000000000000
2.3911378383636474609375000000000000000000
2.6163020133972167968750000000000000000000
2.9675858020782470703125000000000000000000
4.0000000000000000000000000000000000000000
4.0000000000000000000000000000000000000000
2.0000000000000000000000000000000000000000
2.0000000000000000000000000000000000000000
2.0000000000000000000000000000000000000000
2.0000000000000000000000000000000000000000
2.0000000000000000000000000000000000000000
2.0000000000000000000000000000000000000000
2.0000000000000000000000000000000000000000
2.0000000000000000000000000000000000000000
2.0000000000000000000000000000000000000000
2.0000000000000000000000000000000000000000
2.0000000000000000000000000000000000000000
2.0000000000000000000000000000000000000000
2.0000000000000000000000000000000000000000
2.0000000000000000000000000000000000000000
2.0000000000000000000000000000000000000000
2.0000000000000000000000000000000000000000
2.0000000000000000000000000000000000000000
2.0000000000000000000000000000000000000000
2.0000000000000000000000000000000000000000
2.0000000000000000000000000000000000000000
2.0000000000000000000000000000000000000000
2.0000000000000000000000000000000000000000
2.0000000000000000000000000000000000000000
2.0000000000000000000000000000000000000000
2.0000000000000000000000000000000000000000
2.0000000000000000000000000000000000000000
2.0000000000000000000000000000000000000000
2.0000000000000000000000000000000000000000
2.0000000000000000000000000000000000000000
2.0000000000000000000000000000000000000000
2.0000000000000000000000000000000000000000
2.0000000000000000000000000000000000000000
2.0000000000000000000000000000000000000000
2.0000000000000000000000000000000000000000
2.0000000000000000000000000000000000000000
2.0000000000000000000000000000000000000000
2.0000000000000000000000000000000000000000
2.0000000000000000000000000000000000000000
2.0000000000000000000000000000000000000000
2.0000000000000000000000000000000000000000
2.0000000000000000000000000000000000000000
2.0000000000000000000000000000000000000000
2.0000000000000000000000000000000000000000
2.0000000000000000000000000000000000000000
2.0000000000000000000000000000000000000000
2.0000000000000000000000000000000000000000
2.0000000000000000000000000000000000000000
2.0000000000000000000000000000000000000000
2.0000000000000000000000000000000000000000
2.0000000000000000000000000000000000000000
2.0000000000000000000000000000000000000000
2.0000000000000000000000000000000000000000
2.0000000000000000000000000000000000000000
2.0000000000000000000000000000000000000000
2.0000000000000000000000000000000000000000
2.0000000000000000000000000000000000000000
2.0000000000000000000000000000000000000000
2.0000000000000000000000000000000000000000
2.0000000000000000000000000000000000000000
2.0000000000000000000000000000000000000000
2.0000000000000000000000000000000000000000
2.0000000000000000000000000000000000000000
2.0000000000000000000000000000000000000000
2.0000000000000000000000000000000000000000
2.0000000000000000000000000000000000000000
2.0000000000000000000000000000000000000000
2.0000000000000000000000000000000000000000
2.0000000000000000000000000000000000000000
2.0000000000000000000000000000000000000000
2.0000000000000000000000000000000000000000
2.0000000000000000000000000000000000000000
2.0000000000000000000000000000000000000000
2.0000000000000000000000000000000000000000
2.0000000000000000000000000000000000000000
2.0000000000000000000000000000000000000000
2.0000000000000000000000000000000000000000
2.0000000000000000000000000000000000000000
2.0000000000000000000000000000000000000000
2.0000000000000000000000000000000000000000
2.0000000000000000000000000000000000000000
2.0000000000000000000000000000000000000000
2.0000000000000000000000000000000000000000
2.0000000000000000000000000000000000000000
2.0000000000000000000000000000000000000000
2.0000000000000000000000000000000000000000
2.0000000000000000000000000000000000000000
2.0000000000000000000000000000000000000000
2.0000000000000000000000000000000000000000
2.0000000000000000000000000000000000000000
2.0000000000000000000000000000000000000000
2.0000000000000000000000000000000000000000
2.0000000000000000000000000000000000000000
2.0000000000000000000000000000000000000000
2.0000000000000000000000000000000000000000
2.0000000000000000000000000000000000000000
2.0000000000000000000000000000000000000000
2.0000000000000000000000000000000000000000
2.0000000000000000000000000000000000000000
2.0000000000000000000000000000000000000000
2.0000000000000000000000000000000000000000
2.0000000000000000000000000000000000000000
2.0000000000000000000000000000000000000000
2.0000000000000000000000000000000000000000
2.0000000000000000000000000000000000000000
2.0000000000000000000000000000000000000000
2.0000000000000000000000000000000000000000
2.0000000000000000000000000000000000000000
2.0000000000000000000000000000000000000000
2.0000000000000000000000000000000000000000
2.0000000000000000000000000000000000000000
2.0000000000000000000000000000000000000000
2.0000000000000000000000000000000000000000
2.0000000000000000000000000000000000000000
2.0000000000000000000000000000000000000000
2.0000000000000000000000000000000000000000
2.0000000000000000000000000000000000000000
2.0000000000000000000000000000000000000000
2.0000000000000000000000000000000000000000
2.0000000000000000000000000000000000000000
2.0000000000000000000000000000000000000000
2.0000000000000000000000000000000000000000
2.0000000000000000000000000000000000000000
2.0000000000000000000000000000000000000000
2.0000000000000000000000000000000000000000
2.0000000000000000000000000000000000000000
2.0000000000000000000000000000000000000000
2.0000000000000000000000000000000000000000
2.0000000000000000000000000000000000000000
2.0000000000000000000000000000000000000000
2.0000000000000000000000000000000000000000
2.0000000000000000000000000000000000000000
2.0000000000000000000000000000000000000000
2.0000000000000000000000000000000000000000
2.0000000000000000000000000000000000000000
2.0000000000000000000000000000000000000000
2.0000000000000000000000000000000000000000
2.0000000000000000000000000000000000000000
2.0000000000000000000000000000000000000000
2.0000000000000000000000000000000000000000
2.0000000000000000000000000000000000000000
2.0000000000000000000000000000000000000000
2.0000000000000000000000000000000000000000
2.0000000000000000000000000000000000000000
2.0000000000000000000000000000000000000000
2.0000000000000000000000000000000000000000
2.0000000000000000000000000000000000000000
2.0000000000000000000000000000000000000000
2.0000000000000000000000000000000000000000
2.0000000000000000000000000000000000000000
2.0000000000000000000000000000000000000000
2.0000000000000000000000000000000000000000
2.0000000000000000000000000000000000000000
2.0000000000000000000000000000000000000000
2.0000000000000000000000000000000000000000
2.0000000000000000000000000000000000000000
2.0000000000000000000000000000000000000000
2.0000000000000000000000000000000000000000
2.0000000000000000000000000000000000000000
2.0000000000000000000000000000000000000000
2.0000000000000000000000000000000000000000
2.0000000000000000000000000000000000000000
2.0000000000000000000000000000000000000000
2.0000000000000000000000000000000000000000
2.0000000000000000000000000000000000000000
2.0000000000000000000000000000000000000000
2.0000000000000000000000000000000000000000
2.0000000000000000000000000000000000000000
2.0000000000000000000000000000000000000000
2.0000000000000000000000000000000000000000
2.0000000000000000000000000000000000000000
2.0000000000000000000000000000000000000000
2.0000000000000000000000000000000000000000
2.0000000000000000000000000000000000000000
2.0000000000000000000000000000000000000000
2.0000000000000000000000000000000000000000
2.0000000000000000000000000000000000000000
2.0000000000000000000000000000000000000000
2.0000000000000000000000000000000000000000
2.0000000000000000000000000000000000000000
2.0000000000000000000000000000000000000000
2.0000000000000000000000000000000000000000
2.0000000000000000000000000000000000000000
2.0000000000000000000000000000000000000000
2.0000000000000000000000000000000000000000
2.0000000000000000000000000000000000000000
2.0000000000000000000000000000000000000000
2.0000000000000000000000000000000000000000
2.0000000000000000000000000000000000000000
2.0000000000000000000000000000000000000000
2.0000000000000000000000000000000000000000
2.0000000000000000000000000000000000000000
2.0000000000000000000000000000000000000000
2.0000000000000000000000000000000000000000
2.0000000000000000000000000000000000000000
2.0000000000000000000000000000000000000000
2.0000000000000000000000000000000000000000
2.0000000000000000000000000000000000000000
2.0000000000000000000000000000000000000000
2.0000000000000000000000000000000000000000
2.0000000000000000000000000000000000000000
