1.0000000000000000000000000000000000000000
1.0000000000000000000000000000000000000000
1.0000000000000000000000000000000000000000
1.0000000000000000000000000000000000000000
1.0000000000000000000000000000000000000000
1.0000000000000000000000000000000000000000
1.0000000000000000000000000000000000000000
1.0000000000000000000000000000000000000000
1.0000000000000000000000000000000000000000
1.0000000000000000000000000000000000000000
1.0000000000000000000000000000000000000000
1.0000000000000000000000000000000000000000
1.0000000000000000000000000000000000000000
1.0000000000000000000000000000000000000000
1.0000000000000000000000000000000000000000
1.0000000000000000000000000000000000000000
1.0000000000000000000000000000000000000000
1.0000000000000000000000000000000000000000
1.0000000000000000000000000000000000000000
1.0000000000000000000000000000000000000000
1.0000000000000000000000000000000000000000
1.0000000000000000000000000000000000000000
1.0000000000000000000000000000000000000000
1.0000000000000000000000000000000000000000
1.0000000000000000000000000000000000000000
1.0000000000000000000000000000000000000000
1.0000000000000000000000000000000000000000
1.0000000000000000000000000000000000000000
1.0000000000000000000000000000000000000000
1.0000000000000000000000000000000000000000
1.0000000000000000000000000000000000000000
1.0000000000000000000000000000000000000000
1.0000000000000000000000000000000000000000
1.0000000000000000000000000000000000000000
1.0000000000000000000000000000000000000000
1.0000000000000000000000000000000000000000
1.0000000000000000000000000000000000000000
1.0000000000000000000000000000000000000000
1.0000000000000000000000000000000000000000
1.0000000000000000000000000000000000000000
1.0000000000000000000000000000000000000000
1.0000000000000000000000000000000000000000
1.0000000000000000000000000000000000000000
1.0000000000000000000000000000000000000000
1.0000000000000000000000000000000000000000
1.0000000000000000000000000000000000000000
1.0000000000000000000000000000000000000000
1.0000000000000000000000000000000000000000
1.0000000000000000000000000000000000000000
1.0000000000000000000000000000000000000000
1.0000000000000000000000000000000000000000
1.0000000000000000000000000000000000000000
1.0000000000000000000000000000000000000000
1.0000000000000000000000000000000000000000
1.0000000000000000000000000000000000000000
1.0000000000000000000000000000000000000000
1.0000000000000000000000000000000000000000
1.0000000000000000000000000000000000000000
1.0000000000000000000000000000000000000000
1.0000000000000000000000000000000000000000
1.0000000000000000000000000000000000000000
1.0000000000000000000000000000000000000000
1.0000000000000000000000000000000000000000
1.0000000000000000000000000000000000000000
1.0000000000000000000000000000000000000000
1.0000000000000000000000000000000000000000
1.0000000000000000000000000000000000000000
1.0000000000000000000000000000000000000000
1.0000000000000000000000000000000000000000
1.0000000000000000000000000000000000000000
1.0000000000000000000000000000000000000000
1.0000000000000000000000000000000000000000
1.0000000000000000000000000000000000000000
1.0000000000000000000000000000000000000000
1.0000000000000000000000000000000000000000
1.0000000000000000000000000000000000000000
1.0000000000000000000000000000000000000000
1.0000000000000000000000000000000000000000
1.0000000000000000000000000000000000000000
1.0000000000000000000000000000000000000000
1.0000000000000000000000000000000000000000
1.0000000000000000000000000000000000000000
1.0000000000000000000000000000000000000000
1.0000000000000000000000000000000000000000
1.0000000000000000000000000000000000000000
1.0000000000000000000000000000000000000000
1.0000000000000000000000000000000000000000
1.0000000000000000000000000000000000000000
1.0000000000000000000000000000000000000000
1.0000000000000000000000000000000000000000
1.0000000000000000000000000000000000000000
1.0000000000000000000000000000000000000000
1.0000000000000000000000000000000000000000
1.0000000000000000000000000000000000000000
1.0000000000000000000000000000000000000000
1.0000000000000000000000000000000000000000
1.0000000000000000000000000000000000000000
1.0000000000000000000000000000000000000000
1.0000000000000000000000000000000000000000
1.0000000000000000000000000000000000000000
3.0000000000000000000000000000000000000000
1.9217313528060913085937500000000000000000
1.5317647457122802734375000000000000000000
1.3421313762664794921875000000000000000000
1.2293276786804199218750000000000000000000
1.1531200408935546875000000000000000000000
1.0974395275115966796875000000000000000000
1.0547921657562255859375000000000000000000
1.0212298631668090820312500000000000000000
0.9944463968276977539062500000000000000000
0.9729622602462768554687500000000000000000
0.9557437896728515625000000000000000000000
0.9420131444931030273437500000000000000000
0.9311504364013671875000000000000000000000
0.9226428270339965820312500000000000000000
0.9160568118095397949218750000000000000000
0.9110232591629028320312500000000000000000
0.9072284698486328125000000000000000000000
0.9044085741043090820312500000000000000000
0.9023440480232238769531250000000000000000
0.9008557200431823730468750000000000000000
0.8997996449470520019531250000000000000000
0.8990620374679565429687500000000000000000
0.8985553979873657226562500000000000000000
0.8982130289077758789062500000000000000000
0.8979854583740234375000000000000000000000
0.8978368043899536132812500000000000000000
0.8977414369583129882812500000000000000000
0.8976812362670898437500000000000000000000
0.8976438641548156738281250000000000000000
0.8976210355758666992187500000000000000000
0.8976075053215026855468750000000000000000
0.8975993990898132324218750000000000000000
0.8975948095321655273437500000000000000000
0.8975921869277954101562500000000000000000
0.8975908160209655761718750000000000000000
0.8975899815559387207031250000000000000000
0.8975895643234252929687500000000000000000
0.8975893855094909667968750000000000000000
0.8975892066955566406250000000000000000000
0.8975892066955566406250000000000000000000
0.8975892066955566406250000000000000000000
0.8975890874862670898437500000000000000000
0.8975890874862670898437500000000000000000
0.8975890874862670898437500000000000000000
0.8975890874862670898437500000000000000000
0.8975890874862670898437500000000000000000
0.8975890874862670898437500000000000000000
0.8975890874862670898437500000000000000000
0.8975890874862670898437500000000000000000
0.8975890874862670898437500000000000000000
0.8975890874862670898437500000000000000000
0.8975890874862670898437500000000000000000
0.8975890874862670898437500000000000000000
0.8975890874862670898437500000000000000000
0.8975890874862670898437500000000000000000
0.8975890874862670898437500000000000000000
0.8975890874862670898437500000000000000000
0.8975890874862670898437500000000000000000
0.8975892066955566406250000000000000000000
0.8975892066955566406250000000000000000000
0.8975893855094909667968750000000000000000
0.8975896835327148437500000000000000000000
0.8975902795791625976562500000000000000000
0.8975914120674133300781250000000000000000
0.8975933194160461425781250000000000000000
0.8975967168807983398437500000000000000000
0.8976029157638549804687500000000000000000
0.8976137042045593261718750000000000000000
0.8976319432258605957031250000000000000000
0.8976625204086303710937500000000000000000
0.8977124094963073730468750000000000000000
0.8977931737899780273437500000000000000000
0.8979213833808898925781250000000000000000
0.8981209993362426757812500000000000000000
0.8984265327453613281250000000000000000000
0.8988867998123168945312500000000000000000
0.8995683789253234863281250000000000000000
0.9005613327026367187500000000000000000000
0.9019843935966491699218750000000000000000
0.9039918780326843261718750000000000000000
0.9067796468734741210937500000000000000000
0.9105927348136901855468750000000000000000
0.9157320261001586914062500000000000000000
0.9225611686706542968750000000000000000000
0.9315153360366821289062500000000000000000
0.9431103467941284179687500000000000000000
0.9579581022262573242187500000000000000000
0.9767901301383972167968750000000000000000
1.0005022287368774414062500000000000000000
1.0302327871322631835937500000000000000000
1.0675132274627685546875000000000000000000
1.1145538091659545898437500000000000000000
1.1748178005218505859375000000000000000000
1.2542462348937988281250000000000000000000
1.3641145229339599609375000000000000000000
1.5285741090774536132812500000000000000000
1.8080383539199829101562500000000000000000
2.3878350257873535156250000000000000000000
4.0000000000000000000000000000000000000000
3.0000000000000000000000000000000000000000
2.3518848419189453125000000000000000000000
1.9041197299957275390625000000000000000000
1.6195052862167358398437500000000000000000
1.4277499914169311523437500000000000000000
1.2898437976837158203125000000000000000000
1.1856256723403930664062500000000000000000
1.1042382717132568359375000000000000000000
1.0394308567047119140625000000000000000000
0.9873256683349609375000000000000000000000
0.9453236460685729980468750000000000000000
0.9115475416183471679687500000000000000000
0.8845487833023071289062500000000000000000
0.8631528019905090332031250000000000000000
0.8463740348815917968750000000000000000000
0.8333727717399597167968750000000000000000
0.8234285116195678710937500000000000000000
0.8159273862838745117187500000000000000000
0.8103507161140441894531250000000000000000
0.8062663078308105468750000000000000000000
0.8033210635185241699218750000000000000000
0.8012305498123168945312500000000000000000
0.7997702360153198242187500000000000000000
0.7987669110298156738281250000000000000000
0.7980887889862060546875000000000000000000
0.7976381778717041015625000000000000000000
0.7973437905311584472656250000000000000000
0.7971547842025756835937500000000000000000
0.7970354557037353515625000000000000000000
0.7969614267349243164062500000000000000000
0.7969163656234741210937500000000000000000
0.7968894243240356445312500000000000000000
0.7968734502792358398437500000000000000000
0.7968643307685852050781250000000000000000
0.7968591451644897460937500000000000000000
0.7968562841415405273437500000000000000000
0.7968546748161315917968750000000000000000
0.7968538403511047363281250000000000000000
0.7968534231185913085937500000000000000000
0.7968532443046569824218750000000000000000
0.7968531250953674316406250000000000000000
0.7968530058860778808593750000000000000000
0.7968530058860778808593750000000000000000
0.7968530058860778808593750000000000000000
0.7968530058860778808593750000000000000000
0.7968530058860778808593750000000000000000
0.7968530058860778808593750000000000000000
0.7968530058860778808593750000000000000000
0.7968530058860778808593750000000000000000
0.7968530058860778808593750000000000000000
0.7968530058860778808593750000000000000000
0.7968530058860778808593750000000000000000
0.7968530058860778808593750000000000000000
0.7968530058860778808593750000000000000000
0.7968530058860778808593750000000000000000
0.7968530058860778808593750000000000000000
0.7968530058860778808593750000000000000000
0.7968530058860778808593750000000000000000
0.7968530058860778808593750000000000000000
0.7968531250953674316406250000000000000000
0.7968532443046569824218750000000000000000
0.7968536019325256347656250000000000000000
0.7968541383743286132812500000000000000000
0.7968553304672241210937500000000000000000
0.7968574166297912597656250000000000000000
0.7968612909317016601562500000000000000000
0.7968682050704956054687500000000000000000
0.7968804836273193359375000000000000000000
0.7969017624855041503906250000000000000000
0.7969378232955932617187500000000000000000
0.7969982624053955078125000000000000000000
0.7970974445343017578125000000000000000000
0.7972575426101684570312500000000000000000
0.7975111007690429687500000000000000000000
0.7979063391685485839843750000000000000000
0.7985116243362426757812500000000000000000
0.7994229197502136230468750000000000000000
0.8007724881172180175781250000000000000000
0.8027378320693969726562500000000000000000
0.8055542111396789550781250000000000000000
0.8095258474349975585937500000000000000000
0.8150396347045898437500000000000000000000
0.8225782513618469238281250000000000000000
0.8327331542968750000000000000000000000000
0.8462189435958862304687500000000000000000
0.8638863563537597656250000000000000000000
0.8867408633232116699218750000000000000000
0.9159657359123229980468750000000000000000
0.9529647827148437500000000000000000000000
0.9994324445724487304687500000000000000000
1.0574854612350463867187500000000000000000
1.1299009323120117187500000000000000000000
1.2205599546432495117187500000000000000000
1.3352873325347900390625000000000000000000
1.4834970235824584960937500000000000000000
1.6815421581268310546875000000000000000000
1.9597610235214233398437500000000000000000
2.3767921924591064453125000000000000000000
3.0382187366485595703125000000000000000000
4.0000000000000000000000000000000000000000
3.0000000000000000000000000000000000000000
2.5222883224487304687500000000000000000000
2.1214704513549804687500000000000000000000
1.8135917186737060546875000000000000000000
1.5801542997360229492187500000000000000000
1.4000636339187622070312500000000000000000
1.2581183910369873046875000000000000000000
1.1443619728088378906250000000000000000000
1.0522787570953369140625000000000000000000
0.9774414896965026855468750000000000000000
0.9166741371154785156250000000000000000000
0.8675591349601745605468750000000000000000
0.8281572461128234863281250000000000000000
0.7968487143516540527343750000000000000000
0.7722481489181518554687500000000000000000
0.7531569004058837890625000000000000000000
0.7385378479957580566406250000000000000000
0.7275001406669616699218750000000000000000
0.7192881107330322265625000000000000000000
0.7132702469825744628906250000000000000000
0.7089284658432006835937500000000000000000
0.7058453559875488281250000000000000000000
0.7036911249160766601562500000000000000000
0.7022105455398559570312500000000000000000
0.7012098431587219238281250000000000000000
0.7005444765090942382812500000000000000000
0.7001098394393920898437500000000000000000
0.6998306512832641601562500000000000000000
0.6996544599533081054687500000000000000000
0.6995452046394348144531250000000000000000
0.6994786262512207031250000000000000000000
0.6994387507438659667968750000000000000000
0.6994153857231140136718750000000000000000
0.6994017958641052246093750000000000000000
0.6993941664695739746093750000000000000000
0.6993899345397949218750000000000000000000
0.6993875503540039062500000000000000000000
0.6993863582611083984375000000000000000000
0.6993856430053710937500000000000000000000
0.6993854045867919921875000000000000000000
0.6993852257728576660156250000000000000000
0.6993851065635681152343750000000000000000
0.6993850469589233398437500000000000000000
0.6993850469589233398437500000000000000000
0.6993850469589233398437500000000000000000
0.6993850469589233398437500000000000000000
0.6993850469589233398437500000000000000000
0.6993850469589233398437500000000000000000
0.6993850469589233398437500000000000000000
0.6993850469589233398437500000000000000000
0.6993850469589233398437500000000000000000
0.6993850469589233398437500000000000000000
0.6993850469589233398437500000000000000000
0.6993850469589233398437500000000000000000
0.6993850469589233398437500000000000000000
0.6993850469589233398437500000000000000000
0.6993850469589233398437500000000000000000
0.6993850469589233398437500000000000000000
0.6993851065635681152343750000000000000000
0.6993852257728576660156250000000000000000
0.6993854641914367675781250000000000000000
0.6993858814239501953125000000000000000000
0.6993867754936218261718750000000000000000
0.6993884444236755371093750000000000000000
0.6993915438652038574218750000000000000000
0.6993973255157470703125000000000000000000
0.6994075775146484375000000000000000000000
0.6994255781173706054687500000000000000000
0.6994569897651672363281250000000000000000
0.6995103955268859863281250000000000000000
0.6995996236801147460937500000000000000000
0.6997461318969726562500000000000000000000
0.6999824047088623046875000000000000000000
0.7003569006919860839843750000000000000000
0.7009402513504028320312500000000000000000
0.7018335461616516113281250000000000000000
0.7031782865524291992187500000000000000000
0.7051690220832824707031250000000000000000
0.7080674171447753906250000000000000000000
0.7122193574905395507812500000000000000000
0.7180715799331665039062500000000000000000
0.7261920571327209472656250000000000000000
0.7372870445251464843750000000000000000000
0.7522209286689758300781250000000000000000
0.7720328569412231445312500000000000000000
0.7979550957679748535156250000000000000000
0.8314325213432312011718750000000000000000
0.8741496205329895019531250000000000000000
0.9280751347541809082031250000000000000000
0.9955377578735351562500000000000000000000
1.0793639421463012695312500000000000000000
1.1831223964691162109375000000000000000000
1.3115512132644653320312500000000000000000
1.4713038206100463867187500000000000000000
1.6722097396850585937500000000000000000000
1.9293022155761718750000000000000000000000
2.2655272483825683593750000000000000000000
2.7127089500427246093750000000000000000000
3.2988090515136718750000000000000000000000
4.0000000000000000000000000000000000000000
3.0000000000000000000000000000000000000000
2.6038932800292968750000000000000000000000
2.2445383071899414062500000000000000000000
1.9392780065536499023437500000000000000000
1.6875746250152587890625000000000000000000
1.4814932346343994140625000000000000000000
1.3124238252639770507812500000000000000000
1.1732609272003173828125000000000000000000
1.0585688352584838867187500000000000000000
0.9642044305801391601562500000000000000000
0.8869204521179199218750000000000000000000
0.8240725398063659667968750000000000000000
0.7734282612800598144531250000000000000000
0.7330533862113952636718750000000000000000
0.7012494802474975585937500000000000000000
0.6765203475952148437500000000000000000000
0.6575556397438049316406250000000000000000
0.6432197690010070800781250000000000000000
0.6325436830520629882812500000000000000000
0.6247140169143676757812500000000000000000
0.6190615892410278320312500000000000000000
0.6150456070899963378906250000000000000000
0.6122384667396545410156250000000000000000
0.6103082895278930664062500000000000000000
0.6090031862258911132812500000000000000000
0.6081355810165405273437500000000000000000
0.6075684428215026855468750000000000000000
0.6072041988372802734375000000000000000000
0.6069742441177368164062500000000000000000
0.6068314909934997558593750000000000000000
0.6067446470260620117187500000000000000000
0.6066925525665283203125000000000000000000
0.6066619157791137695312500000000000000000
0.6066442728042602539062500000000000000000
0.6066343188285827636718750000000000000000
0.6066287755966186523437500000000000000000
0.6066257953643798828125000000000000000000
0.6066241860389709472656250000000000000000
0.6066232919692993164062500000000000000000
0.6066228151321411132812500000000000000000
0.6066225767135620117187500000000000000000
0.6066225767135620117187500000000000000000
0.6066223978996276855468750000000000000000
0.6066223978996276855468750000000000000000
0.6066223978996276855468750000000000000000
0.6066223978996276855468750000000000000000
0.6066223978996276855468750000000000000000
0.6066223978996276855468750000000000000000
0.6066223978996276855468750000000000000000
0.6066223978996276855468750000000000000000
0.6066223978996276855468750000000000000000
0.6066223978996276855468750000000000000000
0.6066223978996276855468750000000000000000
0.6066223978996276855468750000000000000000
0.6066223978996276855468750000000000000000
0.6066223978996276855468750000000000000000
0.6066223978996276855468750000000000000000
0.6066223978996276855468750000000000000000
0.6066225171089172363281250000000000000000
0.6066226363182067871093750000000000000000
0.6066228747367858886718750000000000000000
0.6066235303878784179687500000000000000000
0.6066247224807739257812500000000000000000
0.6066269278526306152343750000000000000000
0.6066309213638305664062500000000000000000
0.6066383719444274902343750000000000000000
0.6066517829895019531250000000000000000000
0.6066753864288330078125000000000000000000
0.6067163944244384765625000000000000000000
0.6067860722541809082031250000000000000000
0.6069024801254272460937500000000000000000
0.6070936322212219238281250000000000000000
0.6074019670486450195312500000000000000000
0.6078904867172241210937500000000000000000
0.6086513400077819824218750000000000000000
0.6098160743713378906250000000000000000000
0.6115690469741821289062500000000000000000
0.6141630411148071289062500000000000000000
0.6179385185241699218750000000000000000000
0.6233438253402709960937500000000000000000
0.6309586763381958007812500000000000000000
0.6415172815322875976562500000000000000000
0.6559311747550964355468750000000000000000
0.6753118038177490234375000000000000000000
0.7009894847869873046875000000000000000000
0.7345311045646667480468750000000000000000
0.7777575850486755371093750000000000000000
0.8327647447586059570312500000000000000000
0.9019562602043151855468750000000000000000
0.9881023168563842773437500000000000000000
1.0944434404373168945312500000000000000000
1.2248706817626953125000000000000000000000
1.3842208385467529296875000000000000000000
1.5787250995635986328125000000000000000000
1.8166097402572631835937500000000000000000
2.1086630821228027343750000000000000000000
2.4679875373840332031250000000000000000000
2.9067244529724121093750000000000000000000
3.4259624481201171875000000000000000000000
4.0000000000000000000000000000000000000000
3.0000000000000000000000000000000000000000
2.6472809314727783203125000000000000000000
2.3153879642486572265625000000000000000000
2.0176987648010253906250000000000000000000
1.7587286233901977539062500000000000000000
1.5371867418289184570312500000000000000000
1.3493430614471435546875000000000000000000
1.1909943819046020507812500000000000000000
1.0582435131072998046875000000000000000000
0.9476755261421203613281250000000000000000
0.8563146591186523437500000000000000000000
0.7815343737602233886718750000000000000000
0.7209818363189697265625000000000000000000
0.6725305318832397460937500000000000000000
0.6342568993568420410156250000000000000000
0.6044321060180664062500000000000000000000
0.5815197825431823730468750000000000000000
0.5641759037971496582031250000000000000000
0.5512450933456420898437500000000000000000
0.5417534708976745605468750000000000000000
0.5348958969116210937500000000000000000000
0.5300207734107971191406250000000000000000
0.5266112089157104492187500000000000000000
0.5242658853530883789062500000000000000000
0.5226795077323913574218750000000000000000
0.5216245055198669433593750000000000000000
0.5209347605705261230468750000000000000000
0.5204916596412658691406250000000000000000
0.5202118158340454101562500000000000000000
0.5200382471084594726562500000000000000000
0.5199323892593383789062500000000000000000
0.5198690891265869140625000000000000000000
0.5198318362236022949218750000000000000000
0.5198103189468383789062500000000000000000
0.5197981595993041992187500000000000000000
0.5197914242744445800781250000000000000000
0.5197877287864685058593750000000000000000
0.5197857618331909179687500000000000000000
0.5197846293449401855468750000000000000000
0.5197841525077819824218750000000000000000
0.5197838544845581054687500000000000000000
0.5197837352752685546875000000000000000000
0.5197836756706237792968750000000000000000
0.5197836756706237792968750000000000000000
0.5197836756706237792968750000000000000000
0.5197836756706237792968750000000000000000
0.5197836756706237792968750000000000000000
0.5197836160659790039062500000000000000000
0.5197836160659790039062500000000000000000
0.5197836160659790039062500000000000000000
0.5197836160659790039062500000000000000000
0.5197836160659790039062500000000000000000
0.5197836160659790039062500000000000000000
0.5197836160659790039062500000000000000000
0.5197836756706237792968750000000000000000
0.5197836756706237792968750000000000000000
0.5197836756706237792968750000000000000000
0.5197837352752685546875000000000000000000
0.5197837352752685546875000000000000000000
0.5197838544845581054687500000000000000000
0.5197842717170715332031250000000000000000
0.5197850465774536132812500000000000000000
0.5197864770889282226562500000000000000000
0.5197890400886535644531250000000000000000
0.5197939872741699218750000000000000000000
0.5198030471801757812500000000000000000000
0.5198193788528442382812500000000000000000
0.5198481678962707519531250000000000000000
0.5198980569839477539062500000000000000000
0.5199828147888183593750000000000000000000
0.5201244950294494628906250000000000000000
0.5203570723533630371093750000000000000000
0.5207320451736450195312500000000000000000
0.5213261842727661132812500000000000000000
0.5222512483596801757812500000000000000000
0.5236668586730957031250000000000000000000
0.5257965922355651855468750000000000000000
0.5289471149444580078125000000000000000000
0.5335301756858825683593750000000000000000
0.5400879979133605957031250000000000000000
0.5493201017379760742187500000000000000000
0.5621103048324584960937500000000000000000
0.5795533061027526855468750000000000000000
0.6029778718948364257812500000000000000000
0.6339660882949829101562500000000000000000
0.6743677854537963867187500000000000000000
0.7263103723526000976562500000000000000000
0.7922062873840332031250000000000000000000
0.8747652173042297363281250000000000000000
0.9770163297653198242187500000000000000000
1.1023571491241455078125000000000000000000
1.2546349763870239257812500000000000000000
1.4382723569869995117187500000000000000000
1.6584117412567138671875000000000000000000
1.9209874868392944335937500000000000000000
2.2324631214141845703125000000000000000000
2.5986618995666503906250000000000000000000
3.0218133926391601562500000000000000000000
3.4954879283905029296875000000000000000000
4.0000000000000000000000000000000000000000
3.0000000000000000000000000000000000000000
2.6715068817138671875000000000000000000000
2.3565428256988525390625000000000000000000
2.0653038024902343750000000000000000000000
1.8033571243286132812500000000000000000000
1.5723699331283569335937500000000000000000
1.3715704679489135742187500000000000000000
1.1989753246307373046875000000000000000000
1.0521260499954223632812500000000000000000
0.9284470677375793457031250000000000000000
0.8253934979438781738281250000000000000000
0.7405056953430175781250000000000000000000
0.6714348793029785156250000000000000000000
0.6159602403640747070312500000000000000000
0.5720102787017822265625000000000000000000
0.5376829504966735839843750000000000000000
0.5112629532814025878906250000000000000000
0.4912340641021728515625000000000000000000
0.4762833714485168457031250000000000000000
0.4652980864048004150390625000000000000000
0.4573548436164855957031250000000000000000
0.4517039656639099121093750000000000000000
0.4477496147155761718750000000000000000000
0.4450283050537109375000000000000000000000
0.4431867599487304687500000000000000000000
0.4419616162776947021484375000000000000000
0.4411605000495910644531250000000000000000
0.4406456053256988525390625000000000000000
0.4403204321861267089843750000000000000000
0.4401186406612396240234375000000000000000
0.4399956762790679931640625000000000000000
0.4399220347404479980468750000000000000000
0.4398787617683410644531250000000000000000
0.4398537576198577880859375000000000000000
0.4398396015167236328125000000000000000000
0.4398317337036132812500000000000000000000
0.4398274421691894531250000000000000000000
0.4398250579833984375000000000000000000000
0.4398239254951477050781250000000000000000
0.4398232102394104003906250000000000000000
0.4398229718208312988281250000000000000000
0.4398228228092193603515625000000000000000
0.4398227334022521972656250000000000000000
0.4398226737976074218750000000000000000000
0.4398226737976074218750000000000000000000
0.4398226141929626464843750000000000000000
0.4398226141929626464843750000000000000000
0.4398226141929626464843750000000000000000
0.4398226141929626464843750000000000000000
0.4398226141929626464843750000000000000000
0.4398226141929626464843750000000000000000
0.4398226141929626464843750000000000000000
0.4398226141929626464843750000000000000000
0.4398226141929626464843750000000000000000
0.4398226141929626464843750000000000000000
0.4398226737976074218750000000000000000000
0.4398226737976074218750000000000000000000
0.4398227334022521972656250000000000000000
0.4398228228092193603515625000000000000000
0.4398230612277984619140625000000000000000
0.4398234784603118896484375000000000000000
0.4398242831230163574218750000000000000000
0.4398259520530700683593750000000000000000
0.4398290216922760009765625000000000000000
0.4398347437381744384765625000000000000000
0.4398452639579772949218750000000000000000
0.4398642480373382568359375000000000000000
0.4398976862430572509765625000000000000000
0.4399556219577789306640625000000000000000
0.4400542378425598144531250000000000000000
0.4402188658714294433593750000000000000000
0.4404891133308410644531250000000000000000
0.4409247040748596191406250000000000000000
0.4416146874427795410156250000000000000000
0.4426886439323425292968750000000000000000
0.4443318247795104980468750000000000000000
0.4468028545379638671875000000000000000000
0.4504563808441162109375000000000000000000
0.4557682871818542480468750000000000000000
0.4633644223213195800781250000000000000000
0.4740498661994934082031250000000000000000
0.4888401031494140625000000000000000000000
0.5089882612228393554687500000000000000000
0.5360094308853149414062500000000000000000
0.5716969966888427734375000000000000000000
0.6181313991546630859375000000000000000000
0.6776787638664245605468750000000000000000
0.7529813051223754882812500000000000000000
0.8469412922859191894531250000000000000000
0.9627024531364440917968750000000000000000
1.1036345958709716796875000000000000000000
1.2733188867568969726562500000000000000000
1.4755247831344604492187500000000000000000
1.7141393423080444335937500000000000000000
1.9929523468017578125000000000000000000000
2.3151249885559082031250000000000000000000
2.6820821762084960937500000000000000000000
3.0916633605957031250000000000000000000000
3.5359187126159667968750000000000000000000
4.0000000000000000000000000000000000000000
3.0000000000000000000000000000000000000000
2.6851747035980224609375000000000000000000
2.3801810741424560546875000000000000000000
2.0931470394134521484375000000000000000000
1.8295795917510986328125000000000000000000
1.5923879146575927734375000000000000000000
1.3824508190155029296875000000000000000000
1.1992795467376708984375000000000000000000
1.0415475368499755859375000000000000000000
0.9074384570121765136718750000000000000000
0.7948626279830932617187500000000000000000
0.7015925049781799316406250000000000000000
0.6253550052642822265625000000000000000000
0.5639041662216186523437500000000000000000
0.5150803327560424804687500000000000000000
0.4768585562705993652343750000000000000000
0.4473866522312164306640625000000000000000
0.4250102639198303222656250000000000000000
0.4082865118980407714843750000000000000000
0.3959856629371643066406250000000000000000
0.3870835900306701660156250000000000000000
0.3807460367679595947265625000000000000000
0.3763085305690765380859375000000000000000
0.3732530474662780761718750000000000000000
0.3711845278739929199218750000000000000000
0.3698078989982604980468750000000000000000
0.3689073920249938964843750000000000000000
0.3683284819126129150390625000000000000000
0.3679627776145935058593750000000000000000
0.3677358031272888183593750000000000000000
0.3675974905490875244140625000000000000000
0.3675146102905273437500000000000000000000
0.3674659132957458496093750000000000000000
0.3674377799034118652343750000000000000000
0.3674218654632568359375000000000000000000
0.3674129545688629150390625000000000000000
0.3674080967903137207031250000000000000000
0.3674055039882659912109375000000000000000
0.3674041628837585449218750000000000000000
0.3674034476280212402343750000000000000000
0.3674030900001525878906250000000000000000
0.3674029111862182617187500000000000000000
0.3674028217792510986328125000000000000000
0.3674027919769287109375000000000000000000
0.3674027323722839355468750000000000000000
0.3674027323722839355468750000000000000000
0.3674027323722839355468750000000000000000
0.3674027323722839355468750000000000000000
0.3674027323722839355468750000000000000000
0.3674027323722839355468750000000000000000
0.3674027323722839355468750000000000000000
0.3674027323722839355468750000000000000000
0.3674027323722839355468750000000000000000
0.3674027323722839355468750000000000000000
0.3674027323722839355468750000000000000000
0.3674027323722839355468750000000000000000
0.3674028217792510986328125000000000000000
0.3674028515815734863281250000000000000000
0.3674029409885406494140625000000000000000
0.3674031794071197509765625000000000000000
0.3674036860466003417968750000000000000000
0.3674046397209167480468750000000000000000
0.3674064278602600097656250000000000000000
0.3674098849296569824218750000000000000000
0.3674163222312927246093750000000000000000
0.3674282431602478027343750000000000000000
0.3674495518207550048828125000000000000000
0.3674871921539306640625000000000000000000
0.3675523996353149414062500000000000000000
0.3676632344722747802734375000000000000000
0.3678484559059143066406250000000000000000
0.3681522309780120849609375000000000000000
0.3686419129371643066406250000000000000000
0.3694173693656921386718750000000000000000
0.3706240057945251464843750000000000000000
0.3724693953990936279296875000000000000000
0.3752434551715850830078125000000000000000
0.3793429732322692871093750000000000000000
0.3852999806404113769531250000000000000000
0.3938126266002655029296875000000000000000
0.4057778716087341308593750000000000000000
0.4223237037658691406250000000000000000000
0.4448377490043640136718750000000000000000
0.4749903082847595214843750000000000000000
0.5147470235824584960937500000000000000000
0.5663701891899108886718750000000000000000
0.6324049234390258789062500000000000000000
0.7156500816345214843750000000000000000000
0.8191136121749877929687500000000000000000
0.9459534883499145507812500000000000000000
1.0994049310684204101562500000000000000000
1.2826875448226928710937500000000000000000
1.4988816976547241210937500000000000000000
1.7507379055023193359375000000000000000000
2.0403628349304199218750000000000000000000
2.3686985969543457031250000000000000000000
2.7347285747528076171875000000000000000000
3.1344742774963378906250000000000000000000
3.5601272583007812500000000000000000000000
4.0000000000000000000000000000000000000000
3.0000000000000000000000000000000000000000
2.6927003860473632812500000000000000000000
2.3932254314422607421875000000000000000000
2.1084132194519042968750000000000000000000
1.8434747457504272460937500000000000000000
1.6018167734146118164062500000000000000000
1.3852081298828125000000000000000000000000
1.1941087245941162109375000000000000000000
1.0280035734176635742187500000000000000000
0.8856849670410156250000000000000000000000
0.7654699087142944335937500000000000000000
0.6653677225112915039062500000000000000000
0.5832131505012512207031250000000000000000
0.5167754888534545898437500000000000000000
0.4638488888740539550781250000000000000000
0.4223254621028900146484375000000000000000
0.3902505636215209960937500000000000000000
0.3658621907234191894531250000000000000000
0.3476123809814453125000000000000000000000
0.3341755270957946777343750000000000000000
0.3244428932666778564453125000000000000000
0.3175090849399566650390625000000000000000
0.3126510977745056152343750000000000000000
0.3093043565750122070312500000000000000000
0.3070376813411712646484375000000000000000
0.3055285811424255371093750000000000000000
0.3045410513877868652343750000000000000000
0.3039060831069946289062500000000000000000
0.3035048842430114746093750000000000000000
0.3032558262348175048828125000000000000000
0.3031039834022521972656250000000000000000
0.3030130267143249511718750000000000000000
0.3029595613479614257812500000000000000000
0.3029286861419677734375000000000000000000
0.3029112219810485839843750000000000000000
0.3029014468193054199218750000000000000000
0.3028961122035980224609375000000000000000
0.3028932511806488037109375000000000000000
0.3028917610645294189453125000000000000000
0.3028909862041473388671875000000000000000
0.3028905987739562988281250000000000000000
0.3028904199600219726562500000000000000000
0.3028903305530548095703125000000000000000
0.3028902709484100341796875000000000000000
0.3028902411460876464843750000000000000000
0.3028902411460876464843750000000000000000
0.3028902411460876464843750000000000000000
0.3028902113437652587890625000000000000000
0.3028902113437652587890625000000000000000
0.3028902113437652587890625000000000000000
0.3028902113437652587890625000000000000000
0.3028902113437652587890625000000000000000
0.3028902113437652587890625000000000000000
0.3028902411460876464843750000000000000000
0.3028902411460876464843750000000000000000
0.3028902411460876464843750000000000000000
0.3028902411460876464843750000000000000000
0.3028903603553771972656250000000000000000
0.3028904795646667480468750000000000000000
0.3028907179832458496093750000000000000000
0.3028912544250488281250000000000000000000
0.3028922975063323974609375000000000000000
0.3028942942619323730468750000000000000000
0.3028981089591979980468750000000000000000
0.3029052019119262695312500000000000000000
0.3029182255268096923828125000000000000000
0.3029416203498840332031250000000000000000
0.3029829263687133789062500000000000000000
0.3030544519424438476562500000000000000000
0.3031761050224304199218750000000000000000
0.3033792376518249511718750000000000000000
0.3037125468254089355468750000000000000000
0.3042495548725128173828125000000000000000
0.3050997257232666015625000000000000000000
0.3064222335815429687500000000000000000000
0.3084440231323242187500000000000000000000
0.3114820122718811035156250000000000000000
0.3159694075584411621093750000000000000000
0.3224861323833465576171875000000000000000
0.3317923247814178466796875000000000000000
0.3448624312877655029296875000000000000000
0.3629187643527984619140625000000000000000
0.3874604105949401855468750000000000000000
0.4202839434146881103515625000000000000000
0.4634920954704284667968750000000000000000
0.5194867253303527832031250000000000000000
0.5909422636032104492187500000000000000000
0.6807580590248107910156250000000000000000
0.7919874191284179687500000000000000000000
0.9277437329292297363281250000000000000000
1.0910830497741699218750000000000000000000
1.2848565578460693359375000000000000000000
1.5115294456481933593750000000000000000000
1.7729421854019165039062500000000000000000
2.0699946880340576171875000000000000000000
2.4022290706634521484375000000000000000000
2.7673232555389404296875000000000000000000
3.1605925559997558593750000000000000000000
3.5747196674346923828125000000000000000000
4.0000000000000000000000000000000000000000
3.0000000000000000000000000000000000000000
2.6965630054473876953125000000000000000000
2.3998067378997802734375000000000000000000
2.1157729625701904296875000000000000000000
1.8493897914886474609375000000000000000000
1.6042463779449462890625000000000000000000
1.3825894594192504882812500000000000000000
1.1854634284973144531250000000000000000000
1.0129082202911376953125000000000000000000
0.8641703724861145019531250000000000000000
0.7378960847854614257812500000000000000000
0.6323054432868957519531250000000000000000
0.5453447103500366210937500000000000000000
0.4748182296752929687500000000000000000000
0.4185007512569427490234375000000000000000
0.3742299675941467285156250000000000000000
0.3399768173694610595703125000000000000000
0.3138964176177978515625000000000000000000
0.2943581044673919677734375000000000000000
0.2799585461616516113281250000000000000000
0.2695201337337493896484375000000000000000
0.2620782852172851562500000000000000000000
0.2568612694740295410156250000000000000000
0.2532653808593750000000000000000000000000
0.2508288919925689697265625000000000000000
0.2492061406373977661132812500000000000000
0.2481439560651779174804687500000000000000
0.2474607527256011962890625000000000000000
0.2470289468765258789062500000000000000000
0.2467608749866485595703125000000000000000
0.2465974092483520507812500000000000000000
0.2464994639158248901367187500000000000000
0.2464418709278106689453125000000000000000
0.2464086264371871948242187500000000000000
0.2463897913694381713867187500000000000000
0.2463792860507965087890625000000000000000
0.2463735640048980712890625000000000000000
0.2463704794645309448242187500000000000000
0.2463688552379608154296875000000000000000
0.2463680505752563476562500000000000000000
0.2463676184415817260742187500000000000000
0.2463674098253250122070312500000000000000
0.2463673055171966552734375000000000000000
0.2463672608137130737304687500000000000000
0.2463672608137130737304687500000000000000
0.2463672459125518798828125000000000000000
0.2463672459125518798828125000000000000000
0.2463672459125518798828125000000000000000
0.2463672459125518798828125000000000000000
0.2463672459125518798828125000000000000000
0.2463672459125518798828125000000000000000
0.2463672459125518798828125000000000000000
0.2463672459125518798828125000000000000000
0.2463672459125518798828125000000000000000
0.2463672459125518798828125000000000000000
0.2463672459125518798828125000000000000000
0.2463672906160354614257812500000000000000
0.2463673353195190429687500000000000000000
0.2463674545288085937500000000000000000000
0.2463677376508712768554687500000000000000
0.2463683336973190307617187500000000000000
0.2463694065809249877929687500000000000000
0.2463715970516204833984375000000000000000
0.2463756799697875976562500000000000000000
0.2463833093643188476562500000000000000000
0.2463973313570022583007812500000000000000
0.2464225590229034423828125000000000000000
0.2464669942855834960937500000000000000000
0.2465440034866333007812500000000000000000
0.2466749399900436401367187500000000000000
0.2468935698270797729492187500000000000000
0.2472521513700485229492187500000000000000
0.2478298395872116088867187500000000000000
0.2487441599369049072265625000000000000000
0.2501659989356994628906250000000000000000
0.2523388564586639404296875000000000000000
0.2556024193763732910156250000000000000000
0.2604206502437591552734375000000000000000
0.2674138844013214111328125000000000000000
0.2773938775062561035156250000000000000000
0.2913994193077087402343750000000000000000
0.3107303380966186523437500000000000000000
0.3369760513305664062500000000000000000000
0.3720337450504302978515625000000000000000
0.4181128442287445068359375000000000000000
0.4777196943759918212890625000000000000000
0.5536195635795593261718750000000000000000
0.6487718820571899414062500000000000000000
0.7662383317947387695312500000000000000000
0.9090610742568969726562500000000000000000
1.0801126956939697265625000000000000000000
1.2819180488586425781250000000000000000000
1.5164424180984497070312500000000000000000
1.7848479747772216796875000000000000000000
2.0872130393981933593750000000000000000000
2.4222214221954345703125000000000000000000
2.7868611812591552734375000000000000000000
3.1762073040008544921875000000000000000000
3.5834076404571533203125000000000000000000
4.0000000000000000000000000000000000000000
3.0000000000000000000000000000000000000000
2.6982362270355224609375000000000000000000
2.4024829864501953125000000000000000000000
2.1182875633239746093750000000000000000000
1.8503601551055908203125000000000000000000
1.6023489236831665039062500000000000000000
1.3767588138580322265625000000000000000000
1.1749904155731201171875000000000000000000
0.9974535107612609863281250000000000000000
0.8437176942825317382812500000000000000000
0.7126806974411010742187500000000000000000
0.6027352213859558105468750000000000000000
0.5119269490242004394531250000000000000000
0.4381011128425598144531250000000000000000
0.3790282607078552246093750000000000000000
0.3325112462043762207031250000000000000000
0.2964677512645721435546875000000000000000
0.2689903378486633300781250000000000000000
0.2483839094638824462890625000000000000000
0.2331836223602294921875000000000000000000
0.2221563756465911865234375000000000000000
0.2142896354198455810546875000000000000000
0.2087717056274414062500000000000000000000
0.2049665898084640502929687500000000000000
0.2023872584104537963867187500000000000000
0.2006687670946121215820312500000000000000
0.1995435804128646850585937500000000000000
0.1988196671009063720703125000000000000000
0.1983620524406433105468750000000000000000
0.1980778723955154418945312500000000000000
0.1979045569896697998046875000000000000000
0.1978007256984710693359375000000000000000
0.1977396607398986816406250000000000000000
0.1977043896913528442382812500000000000000
0.1976844072341918945312500000000000000000
0.1976732611656188964843750000000000000000
0.1976671814918518066406250000000000000000
0.1976639181375503540039062500000000000000
0.1976622045040130615234375000000000000000
0.1976613402366638183593750000000000000000
0.1976608932018280029296875000000000000000
0.1976606845855712890625000000000000000000
0.1976605802774429321289062500000000000000
0.1976605206727981567382812500000000000000
0.1976604759693145751953125000000000000000
0.1976604759693145751953125000000000000000
0.1976604759693145751953125000000000000000
0.1976604759693145751953125000000000000000
0.1976604759693145751953125000000000000000
0.1976604759693145751953125000000000000000
0.1976604759693145751953125000000000000000
0.1976604759693145751953125000000000000000
0.1976604759693145751953125000000000000000
0.1976604759693145751953125000000000000000
0.1976604759693145751953125000000000000000
0.1976605057716369628906250000000000000000
0.1976605206727981567382812500000000000000
0.1976605951786041259765625000000000000000
0.1976607441902160644531250000000000000000
0.1976610124111175537109375000000000000000
0.1976616233587265014648437500000000000000
0.1976628005504608154296875000000000000000
0.1976650953292846679687500000000000000000
0.1976694315671920776367187500000000000000
0.1976775377988815307617187500000000000000
0.1976924091577529907226562500000000000000
0.1977191418409347534179687500000000000000
0.1977662742137908935546875000000000000000
0.1978479027748107910156250000000000000000
0.1979866772890090942382812500000000000000
0.1982183903455734252929687500000000000000
0.1985983550548553466796875000000000000000
0.1992103159427642822265625000000000000000
0.2001786530017852783203125000000000000000
0.2016840726137161254882812500000000000000
0.2039838284254074096679687500000000000000
0.2074366360902786254882812500000000000000
0.2125318348407745361328125000000000000000
0.2199231684207916259765625000000000000000
0.2304645776748657226562500000000000000000
0.2452472895383834838867187500000000000000
0.2656335532665252685546875000000000000000
0.2932845652103424072265625000000000000000
0.3301763832569122314453125000000000000000
0.3785997033119201660156250000000000000000
0.4411377906799316406250000000000000000000
0.5206177830696105957031250000000000000000
0.6200331449508666992187500000000000000000
0.7424334287643432617187500000000000000000
0.8907836675643920898437500000000000000000
1.0677934885025024414062500000000000000000
1.2757189273834228515625000000000000000000
1.5161453485488891601562500000000000000000
1.7897504568099975585937500000000000000000
2.0960676670074462890625000000000000000000
2.4332618713378906250000000000000000000000
2.7979571819305419921875000000000000000000
3.1851716041564941406250000000000000000000
3.5884127616882324218750000000000000000000
4.0000000000000000000000000000000000000000
3.0000000000000000000000000000000000000000
2.6986312866210937500000000000000000000000
2.4028725624084472656250000000000000000000
2.1179640293121337890625000000000000000000
1.8484656810760498046875000000000000000000
1.5980358123779296875000000000000000000000
1.3693219423294067382812500000000000000000
1.1639425754547119140625000000000000000000
0.9825493097305297851562500000000000000000
0.8249365091323852539062500000000000000000
0.6901859045028686523437500000000000000000
0.5768224000930786132812500000000000000000
0.4829746186733245849609375000000000000000
0.4065253734588623046875000000000000000000
0.3452488183975219726562500000000000000000
0.2969257235527038574218750000000000000000
0.2594358623027801513671875000000000000000
0.2308250963687896728515625000000000000000
0.2093488872051239013671875000000000000000
0.1934944689273834228515625000000000000000
0.1819848716259002685546875000000000000000
0.1737692058086395263671875000000000000000
0.1680035740137100219726562500000000000000
0.1640259325504302978515625000000000000000
0.1613286435604095458984375000000000000000
0.1595309674739837646484375000000000000000
0.1583536118268966674804687500000000000000
0.1575959473848342895507812500000000000000
0.1571168899536132812500000000000000000000
0.1568193733692169189453125000000000000000
0.1566378772258758544921875000000000000000
0.1565291285514831542968750000000000000000
0.1564651727676391601562500000000000000000
0.1564282178878784179687500000000000000000
0.1564072668552398681640625000000000000000
0.1563955992460250854492187500000000000000
0.1563892364501953125000000000000000000000
0.1563858240842819213867187500000000000000
0.1563840359449386596679687500000000000000
0.1563831120729446411132812500000000000000
0.1563826501369476318359375000000000000000
0.1563824266195297241210937500000000000000
0.1563823074102401733398437500000000000000
0.1563822776079177856445312500000000000000
0.1563822329044342041015625000000000000000
0.1563822329044342041015625000000000000000
0.1563822180032730102539062500000000000000
0.1563822031021118164062500000000000000000
0.1563822031021118164062500000000000000000
0.1563822031021118164062500000000000000000
0.1563822031021118164062500000000000000000
0.1563822031021118164062500000000000000000
0.1563822031021118164062500000000000000000
0.1563822180032730102539062500000000000000
0.1563822329044342041015625000000000000000
0.1563822329044342041015625000000000000000
0.1563822776079177856445312500000000000000
0.1563823521137237548828125000000000000000
0.1563824862241744995117187500000000000000
0.1563827991485595703125000000000000000000
0.1563834249973297119140625000000000000000
0.1563846617937088012695312500000000000000
0.1563870608806610107421875000000000000000
0.1563916057348251342773437500000000000000
0.1564000993967056274414062500000000000000
0.1564156711101531982421875000000000000000
0.1564436405897140502929687500000000000000
0.1564930081367492675781250000000000000000
0.1565784513950347900390625000000000000000
0.1567237824201583862304687500000000000000
0.1569663137197494506835937500000000000000
0.1573639810085296630859375000000000000000
0.1580043286085128784179687500000000000000
0.1590173542499542236328125000000000000000
0.1605917811393737792968750000000000000000
0.1629962474107742309570312500000000000000
0.1666048318147659301757812500000000000000
0.1719277054071426391601562500000000000000
0.1796454489231109619140625000000000000000
0.1906461417675018310546875000000000000000
0.2060627043247222900390625000000000000000
0.2273068130016326904296875000000000000000
0.2560958266258239746093750000000000000000
0.2944664359092712402343750000000000000000
0.3447704315185546875000000000000000000000
0.4096466600894927978515625000000000000000
0.4919641017913818359375000000000000000000
0.5947332382202148437500000000000000000000
0.7209837436676025390625000000000000000000
0.8736095428466796875000000000000000000000
1.0551850795745849609375000000000000000000
1.2677595615386962890625000000000000000000
1.5126388072967529296875000000000000000000
1.7901653051376342773437500000000000000000
2.0995173454284667968750000000000000000000
2.4385454654693603515625000000000000000000
2.8036828041076660156250000000000000000000
3.1899523735046386718750000000000000000000
3.5911211967468261718750000000000000000000
4.0000000000000000000000000000000000000000
3.0000000000000000000000000000000000000000
2.6983199119567871093750000000000000000000
2.4020073413848876953125000000000000000000
2.1161150932312011718750000000000000000000
1.8451011180877685546875000000000000000000
1.5926221609115600585937500000000000000000
1.3614042997360229492187500000000000000000
1.1532016992568969726562500000000000000000
0.9688224792480468750000000000000000000000
0.8082146644592285156250000000000000000000
0.6705898642539978027343750000000000000000
0.5545715689659118652343750000000000000000
0.4583517611026763916015625000000000000000
0.3798455297946929931640625000000000000000
0.3168327212333679199218750000000000000000
0.2670803666114807128906250000000000000000
0.2284411638975143432617187500000000000000
0.1989264041185379028320312500000000000000
0.1767541915178298950195312500000000000000
0.1603747308254241943359375000000000000000
0.1484768837690353393554687500000000000000
0.1399797499179840087890625000000000000000
0.1340139061212539672851562500000000000000
0.1298965513706207275390625000000000000000
0.1271035820245742797851562500000000000000
0.1252416074275970458984375000000000000000
0.1240218132734298706054687500000000000000
0.1232366710901260375976562500000000000000
0.1227401643991470336914062500000000000000
0.1224317178130149841308593750000000000000
0.1222435683012008666992187500000000000000
0.1221308112144470214843750000000000000000
0.1220644861459732055664062500000000000000
0.1220261603593826293945312500000000000000
0.1220044344663619995117187500000000000000
0.1219923347234725952148437500000000000000
0.1219857558608055114746093750000000000000
0.1219822019338607788085937500000000000000
0.1219803541898727416992187500000000000000
0.1219793930649757385253906250000000000000
0.1219789162278175354003906250000000000000
0.1219786629080772399902343750000000000000
0.1219785436987876892089843750000000000000
0.1219784840941429138183593750000000000000
0.1219784766435623168945312500000000000000
0.1219784617424011230468750000000000000000
0.1219784468412399291992187500000000000000
0.1219784244894981384277343750000000000000
0.1219784244894981384277343750000000000000
0.1219784244894981384277343750000000000000
0.1219784244894981384277343750000000000000
0.1219784244894981384277343750000000000000
0.1219784244894981384277343750000000000000
0.1219784393906593322753906250000000000000
0.1219784468412399291992187500000000000000
0.1219784617424011230468750000000000000000
0.1219785064458847045898437500000000000000
0.1219785809516906738281250000000000000000
0.1219787448644638061523437500000000000000
0.1219790577888488769531250000000000000000
0.1219796985387802124023437500000000000000
0.1219809800386428833007812500000000000000
0.1219834685325622558593750000000000000000
0.1219881922006607055664062500000000000000
0.1219969987869262695312500000000000000000
0.1220131367444992065429687500000000000000
0.1220421567559242248535156250000000000000
0.1220933347940444946289062500000000000000
0.1221819147467613220214843750000000000000
0.1223325282335281372070312500000000000000
0.1225839033722877502441406250000000000000
0.1229959577322006225585937500000000000000
0.1236593946814537048339843750000000000000
0.1247086897492408752441406250000000000000
0.1263391077518463134765625000000000000000
0.1288283169269561767578125000000000000000
0.1325628757476806640625000000000000000000
0.1380694508552551269531250000000000000000
0.1460500359535217285156250000000000000000
0.1574196070432662963867187500000000000000
0.1733438670635223388671875000000000000000
0.1952729970216751098632812500000000000000
0.2249674797058105468750000000000000000000
0.2645098567008972167968750000000000000000
0.3162974119186401367187500000000000000000
0.3830086290836334228515625000000000000000
0.4675405025482177734375000000000000000000
0.5729110836982727050781250000000000000000
0.7021287679672241210937500000000000000000
0.8580275774002075195312500000000000000000
1.0430769920349121093750000000000000000000
1.2591722011566162109375000000000000000000
1.5074201822280883789062500000000000000000
1.7879356145858764648437500000000000000000
2.0996670722961425781250000000000000000000
2.4402744770050048828125000000000000000000
2.8060860633850097656250000000000000000000
3.1921534538269042968750000000000000000000
3.5924174785614013671875000000000000000000
4.0000000000000000000000000000000000000000
3.0000000000000000000000000000000000000000
2.6976587772369384765625000000000000000000
2.4005398750305175781250000000000000000000
2.1135802268981933593750000000000000000000
1.8411731719970703125000000000000000000000
1.5869698524475097656250000000000000000000
1.3537437915802001953125000000000000000000
1.1433322429656982421875000000000000000000
0.9566465616226196289062500000000000000000
0.7937366962432861328125000000000000000000
0.6539050340652465820312500000000000000000
0.5358449816703796386718750000000000000000
0.4377961754798889160156250000000000000000
0.3576983213424682617187500000000000000000
0.2933373749256134033203125000000000000000
0.2424711734056472778320312500000000000000
0.2029331624507904052734375000000000000000
0.1727091968059539794921875000000000000000
0.1499892771244049072265625000000000000000
0.1331955939531326293945312500000000000000
0.1209907308220863342285156250000000000000
0.1122704744338989257812500000000000000000
0.1061456203460693359375000000000000000000
0.1019171252846717834472656250000000000000
0.0990479066967964172363281250000000000000
0.0971346199512481689453125000000000000000
0.0958809480071067810058593750000000000000
0.0950738340616226196289062500000000000000
0.0945633500814437866210937500000000000000
0.0942462086677551269531250000000000000000
0.0940526872873306274414062500000000000000
0.0939367264509201049804687500000000000000
0.0938685014843940734863281250000000000000
0.0938290804624557495117187500000000000000
0.0938067287206649780273437500000000000000
0.0937942862510681152343750000000000000000
0.0937875062227249145507812500000000000000
0.0937838628888130187988281250000000000000
0.0937819406390190124511718750000000000000
0.0937809571623802185058593750000000000000
0.0937804654240608215332031250000000000000
0.0937802046537399291992187500000000000000
0.0937800928950309753417968750000000000000
0.0937800332903861999511718750000000000000
0.0937799960374832153320312500000000000000
0.0937799960374832153320312500000000000000
0.0937799960374832153320312500000000000000
0.0937799811363220214843750000000000000000
0.0937799811363220214843750000000000000000
0.0937799811363220214843750000000000000000
0.0937799811363220214843750000000000000000
0.0937799811363220214843750000000000000000
0.0937799885869026184082031250000000000000
0.0937799885869026184082031250000000000000
0.0937799960374832153320312500000000000000
0.0937800183892250061035156250000000000000
0.0937800556421279907226562500000000000000
0.0937801301479339599609375000000000000000
0.0937802940607070922851562500000000000000
0.0937806218862533569335937500000000000000
0.0937812924385070800781250000000000000000
0.0937826037406921386718750000000000000000
0.0937851518392562866210937500000000000000
0.0937900096178054809570312500000000000000
0.0937990695238113403320312500000000000000
0.0938156768679618835449218750000000000000
0.0938455164432525634765625000000000000000
0.0938981398940086364746093750000000000000
0.0939892455935478210449218750000000000000
0.0941440910100936889648437500000000000000
0.0944025143980979919433593750000000000000
0.0948261022567749023437500000000000000000
0.0955079495906829833984375000000000000000
0.0965861603617668151855468750000000000000
0.0982611402869224548339843750000000000000
0.1008177623152732849121093750000000000000
0.1046523451805114746093750000000000000000
0.1103045120835304260253906250000000000000
0.1184929385781288146972656250000000000000
0.1301536113023757934570312500000000000000
0.1464774012565612792968750000000000000000
0.1689440160989761352539062500000000000000
0.1993465721607208251953125000000000000000
0.2398020923137664794921875000000000000000
0.2927409112453460693359375000000000000000
0.3608700633049011230468750000000000000000
0.4471048712730407714843750000000000000000
0.5544663667678833007812500000000000000000
0.6859436631202697753906250000000000000000
0.8443237543106079101562500000000000000000
1.0319974422454833984375000000000000000000
1.2507488727569580078125000000000000000000
1.5015474557876586914062500000000000000000
1.7843539714813232421875000000000000000000
2.0979695320129394531250000000000000000000
2.4399373531341552734375000000000000000000
2.8065295219421386718750000000000000000000
3.1928219795227050781250000000000000000000
3.5928730964660644531250000000000000000000
4.0000000000000000000000000000000000000000
3.0000000000000000000000000000000000000000
2.6968691349029541015625000000000000000000
2.3988730907440185546875000000000000000000
2.1108794212341308593750000000000000000000
1.8372423648834228515625000000000000000000
1.5816081762313842773437500000000000000000
1.3467795848846435546875000000000000000000
1.1346471309661865234375000000000000000000
0.9461873769760131835937500000000000000000
0.7815198302268981933593750000000000000000
0.6400076746940612792968750000000000000000
0.5203937292098999023437500000000000000000
0.4209509789943695068359375000000000000000
0.3396377265453338623046875000000000000000
0.2742444872856140136718750000000000000000
0.2225231677293777465820312500000000000000
0.1822931468486785888671875000000000000000
0.1515216827392578125000000000000000000000
0.1283778846263885498046875000000000000000
0.1112628579139709472656250000000000000000
0.0988192707300186157226562500000000000000
0.0899252146482467651367187500000000000000
0.0836762934923171997070312500000000000000
0.0793609097599983215332031250000000000000
0.0764320269227027893066406250000000000000
0.0744785368442535400390625000000000000000
0.0731982737779617309570312500000000000000
0.0723739117383956909179687500000000000000
0.0718524456024169921875000000000000000000
0.0715284496545791625976562500000000000000
0.0713307261466979980468750000000000000000
0.0712122172117233276367187500000000000000
0.0711425095796585083007812500000000000000
0.0711022168397903442382812500000000000000
0.0710793733596801757812500000000000000000
0.0710666552186012268066406250000000000000
0.0710597187280654907226562500000000000000
0.0710560008883476257324218750000000000000
0.0710540413856506347656250000000000000000
0.0710530355572700500488281250000000000000
0.0710525214672088623046875000000000000000
0.0710522681474685668945312500000000000000
0.0710521489381790161132812500000000000000
0.0710520893335342407226562500000000000000
0.0710520595312118530273437500000000000000
0.0710520446300506591796875000000000000000
0.0710520371794700622558593750000000000000
0.0710520297288894653320312500000000000000
0.0710520297288894653320312500000000000000
0.0710520297288894653320312500000000000000
0.0710520297288894653320312500000000000000
0.0710520297288894653320312500000000000000
0.0710520371794700622558593750000000000000
0.0710520446300506591796875000000000000000
0.0710520520806312561035156250000000000000
0.0710520595312118530273437500000000000000
0.0710521116852760314941406250000000000000
0.0710521861910820007324218750000000000000
0.0710523501038551330566406250000000000000
0.0710526853799819946289062500000000000000
0.0710533708333969116210937500000000000000
0.0710547119379043579101562500000000000000
0.0710573196411132812500000000000000000000
0.0710622817277908325195312500000000000000
0.0710715427994728088378906250000000000000
0.0710885077714920043945312500000000000000
0.0711189955472946166992187500000000000000
0.0711727663874626159667968750000000000000
0.0712658390402793884277343750000000000000
0.0714240223169326782226562500000000000000
0.0716879963874816894531250000000000000000
0.0721205994486808776855468750000000000000
0.0728168934583663940429687500000000000000
0.0739177465438842773437500000000000000000
0.0756276026368141174316406250000000000000
0.0782368555665016174316406250000000000000
0.0821494385600090026855468750000000000000
0.0879149287939071655273437500000000000000
0.0962648913264274597167968750000000000000
0.1081512123346328735351562500000000000000
0.1247840300202369689941406250000000000000
0.1476652026176452636718750000000000000000
0.1786123812198638916015625000000000000000
0.2197678089141845703125000000000000000000
0.2735861539840698242187500000000000000000
0.3427945077419281005859375000000000000000
0.4303205907344818115234375000000000000000
0.5391860604286193847656250000000000000000
0.6723641157150268554687500000000000000000
0.8326070904731750488281250000000000000000
1.0222482681274414062500000000000000000000
1.2429945468902587890625000000000000000000
1.4957202672958374023437500000000000000000
1.7802854776382446289062500000000000000000
2.0953946113586425781250000000000000000000
2.4385206699371337890625000000000000000000
2.8059020042419433593750000000000000000000
3.1926350593566894531250000000000000000000
3.5928542613983154296875000000000000000000
4.0000000000000000000000000000000000000000
3.0000000000000000000000000000000000000000
2.6960797309875488281250000000000000000000
2.3972430229187011718750000000000000000000
2.1083157062530517578125000000000000000000
1.8336292505264282226562500000000000000000
1.5768281221389770507812500000000000000000
1.3407329320907592773437500000000000000000
1.1272685527801513671875000000000000000000
0.9374545812606811523437500000000000000000
0.7714554071426391601562500000000000000000
0.6286756992340087890625000000000000000000
0.5078914165496826171875000000000000000000
0.4073988795280456542968750000000000000000
0.3251693844795227050781250000000000000000
0.2589967250823974609375000000000000000000
0.2066283673048019409179687500000000000000
0.1658737063407897949218750000000000000000
0.1346862614154815673828125000000000000000
0.1112197190523147583007812500000000000000
0.0938594788312911987304687500000000000000
0.0812334120273590087890625000000000000000
0.0722062736749649047851562500000000000000
0.0658621713519096374511718750000000000000
0.0614800676703453063964843750000000000000
0.0585052892565727233886718750000000000000
0.0565208382904529571533203125000000000000
0.0552200786769390106201171875000000000000
0.0543824210762977600097656250000000000000
0.0538524799048900604248046875000000000000
0.0535231716930866241455078125000000000000
0.0533221960067749023437500000000000000000
0.0532017424702644348144531250000000000000
0.0531308464705944061279296875000000000000
0.0530899055302143096923828125000000000000
0.0530666820704936981201171875000000000000
0.0530537553131580352783203125000000000000
0.0530466921627521514892578125000000000000
0.0530429184436798095703125000000000000000
0.0530409328639507293701171875000000000000
0.0530399009585380554199218750000000000000
0.0530393831431865692138671875000000000000
0.0530391260981559753417968750000000000000
0.0530390031635761260986328125000000000000
0.0530389435589313507080078125000000000000
0.0530389063060283660888671875000000000000
0.0530388951301574707031250000000000000000
0.0530388876795768737792968750000000000000
0.0530388839542865753173828125000000000000
0.0530388839542865753173828125000000000000
0.0530388839542865753173828125000000000000
0.0530388839542865753173828125000000000000
0.0530388839542865753173828125000000000000
0.0530388839542865753173828125000000000000
0.0530388951301574707031250000000000000000
0.0530389025807380676269531250000000000000
0.0530389174818992614746093750000000000000
0.0530389547348022460937500000000000000000
0.0530390366911888122558593750000000000000
0.0530392043292522430419921875000000000000
0.0530395433306694030761718750000000000000
0.0530402436852455139160156250000000000000
0.0530416145920753479003906250000000000000
0.0530442595481872558593750000000000000000
0.0530493073165416717529296875000000000000
0.0530587211251258850097656250000000000000
0.0530759692192077636718750000000000000000
0.0531069561839103698730468750000000000000
0.0531616099178791046142578125000000000000
0.0532562024891376495361328125000000000000
0.0534169562160968780517578125000000000000
0.0536851994693279266357421875000000000000
0.0541247613728046417236328125000000000000
0.0548321679234504699707031250000000000000
0.0559504441916942596435546875000000000000
0.0576870664954185485839843750000000000000
0.0603367276489734649658203125000000000000
0.0643090605735778808593750000000000000000
0.0701612457633018493652343750000000000000
0.0786345303058624267578125000000000000000
0.0906928032636642456054687500000000000000
0.1075605750083923339843750000000000000000
0.1307561993598937988281250000000000000000
0.1621153503656387329101562500000000000000
0.2037988901138305664062500000000000000000
0.2582788467407226562500000000000000000000
0.3282965719699859619140625000000000000000
0.4167882502079010009765625000000000000000
0.5267751812934875488281250000000000000000
0.6612190008163452148437500000000000000000
0.8228465318679809570312500000000000000000
1.0139510631561279296875000000000000000000
1.2361859083175659179687500000000000000000
1.4903618097305297851562500000000000000000
1.7762718200683593750000000000000000000000
2.0925600528717041015625000000000000000000
2.4366528987884521484375000000000000000000
2.8047711849212646484375000000000000000000
3.1920242309570312500000000000000000000000
3.5925953388214111328125000000000000000000
4.0000000000000000000000000000000000000000
3.0000000000000000000000000000000000000000
2.6953606605529785156250000000000000000000
2.3957755565643310546875000000000000000000
2.1060464382171630859375000000000000000000
1.8304917812347412109375000000000000000000
1.5727560520172119140625000000000000000000
1.3356722593307495117187500000000000000000
1.1211872100830078125000000000000000000000
0.9303486943244934082031250000000000000000
0.7633502483367919921875000000000000000000
0.6196240186691284179687500000000000000000
0.4979680478572845458984375000000000000000
0.3966945409774780273437500000000000000000
0.3137832283973693847656250000000000000000
0.2470301836729049682617187500000000000000
0.1941793859004974365234375000000000000000
0.1530329138040542602539062500000000000000
0.1215342730283737182617187500000000000000
0.0978258922696113586425781250000000000000
0.0802816078066825866699218750000000000000
0.0675183683633804321289062500000000000000
0.0583910048007965087890625000000000000000
0.0519751720130443572998046875000000000000
0.0475426800549030303955078125000000000000
0.0445332117378711700439453125000000000000
0.0425253361463546752929687500000000000000
0.0412090644240379333496093750000000000000
0.0403613112866878509521484375000000000000
0.0398249402642250061035156250000000000000
0.0394916087388992309570312500000000000000
0.0392881594598293304443359375000000000000
0.0391662269830703735351562500000000000000
0.0390944704413414001464843750000000000000
0.0390530042350292205810546875000000000000
0.0390294902026653289794921875000000000000
0.0390164032578468322753906250000000000000
0.0390092507004737854003906250000000000000
0.0390054285526275634765625000000000000000
0.0390034131705760955810546875000000000000
0.0390023775398731231689453125000000000000
0.0390018559992313385009765625000000000000
0.0390015915036201477050781250000000000000
0.0390014648437500000000000000000000000000
0.0390014015138149261474609375000000000000
0.0390013754367828369140625000000000000000
0.0390013605356216430664062500000000000000
0.0390013530850410461425781250000000000000
0.0390013530850410461425781250000000000000
0.0390013530850410461425781250000000000000
0.0390013530850410461425781250000000000000
0.0390013530850410461425781250000000000000
0.0390013530850410461425781250000000000000
0.0390013530850410461425781250000000000000
0.0390013530850410461425781250000000000000
0.0390013679862022399902343750000000000000
0.0390013828873634338378906250000000000000
0.0390014201402664184570312500000000000000
0.0390015020966529846191406250000000000000
0.0390016697347164154052734375000000000000
0.0390020199120044708251953125000000000000
0.0390027165412902832031250000000000000000
0.0390041060745716094970703125000000000000
0.0390067845582962036132812500000000000000
0.0390118993818759918212890625000000000000
0.0390214323997497558593750000000000000000
0.0390388891100883483886718750000000000000
0.0390702560544013977050781250000000000000
0.0391255728900432586669921875000000000000
0.0392213240265846252441406250000000000000
0.0393840298056602478027343750000000000000
0.0396555140614509582519531250000000000000
0.0401003323495388031005859375000000000000
0.0408161431550979614257812500000000000000
0.0419475771486759185791015625000000000000
0.0437044203281402587890625000000000000000
0.0463845208287239074707031250000000000000
0.0504018366336822509765625000000000000000
0.0563191957771778106689453125000000000000
0.0648850128054618835449218750000000000000
0.0770720988512039184570312500000000000000
0.0941155403852462768554687500000000000000
0.1175457611680030822753906250000000000000
0.1492116004228591918945312500000000000000
0.1912873089313507080078125000000000000000
0.2462574243545532226562500000000000000000
0.3168733716011047363281250000000000000000
0.4060772955417633056640625000000000000000
0.5168899297714233398437500000000000000000
0.6522647738456726074218750000000000000000
0.8149107098579406738281250000000000000000
1.0070937871932983398437500000000000000000
1.2304311990737915039062500000000000000000
1.4856913089752197265625000000000000000000
1.7726234197616577148437500000000000000000
2.0898320674896240234375000000000000000000
2.4347162246704101562500000000000000000000
2.8034834861755371093750000000000000000000
3.1912534236907958984375000000000000000000
3.5922381877899169921875000000000000000000
4.0000000000000000000000000000000000000000
3.0000000000000000000000000000000000000000
2.6947438716888427734375000000000000000000
2.3945257663726806640625000000000000000000
2.1041340827941894531250000000000000000000
1.8278808593750000000000000000000000000000
1.5694111585617065429687500000000000000000
1.3315668106079101562500000000000000000000
1.1163086891174316406250000000000000000000
0.9247031211853027343750000000000000000000
0.7569627165794372558593750000000000000000
0.6125375032424926757812500000000000000000
0.4902400076389312744140625000000000000000
0.3883926570415496826171875000000000000000
0.3049807250499725341796875000000000000000
0.2378013581037521362304687500000000000000
0.1845960468053817749023437500000000000000
0.1431613266468048095703125000000000000000
0.1114335209131240844726562500000000000000
0.0875467658042907714843750000000000000000
0.0698665827512741088867187500000000000000
0.0570018999278545379638671875000000000000
0.0478003434836864471435546875000000000000
0.0413313172757625579833984375000000000000
0.0368614457547664642333984375000000000000
0.0338262133300304412841796875000000000000
0.0318009220063686370849609375000000000000
0.0304731037467718124389648437500000000000
0.0296178404241800308227539062500000000000
0.0290766768157482147216796875000000000000
0.0287403427064418792724609375000000000000
0.0285350568592548370361328125000000000000
0.0284120105206966400146484375000000000000
0.0283395946025848388671875000000000000000
0.0282977558672428131103515625000000000000
0.0282740294933319091796875000000000000000
0.0282608214765787124633789062500000000000
0.0282536093145608901977539062500000000000
0.0282497443258762359619140625000000000000
0.0282477140426635742187500000000000000000
0.0282466672360897064208984375000000000000
0.0282461345195770263671875000000000000000
0.0282458756119012832641601562500000000000
0.0282457470893859863281250000000000000000
0.0282456837594509124755859375000000000000
0.0282456576824188232421875000000000000000
0.0282456427812576293945312500000000000000
0.0282456371933221817016601562500000000000
0.0282456334680318832397460937500000000000
0.0282456334680318832397460937500000000000
0.0282456334680318832397460937500000000000
0.0282456334680318832397460937500000000000
0.0282456334680318832397460937500000000000
0.0282456371933221817016601562500000000000
0.0282456390559673309326171875000000000000
0.0282456465065479278564453125000000000000
0.0282456632703542709350585937500000000000
0.0282457061111927032470703125000000000000
0.0282457824796438217163085937500000000000
0.0282459519803524017333984375000000000000
0.0282463040202856063842773437500000000000
0.0282470081001520156860351562500000000000
0.0282484050840139389038085937500000000000
0.0282511170953512191772460937500000000000
0.0282562710344791412353515625000000000000
0.0282658897340297698974609375000000000000
0.0282835103571414947509765625000000000000
0.0283151622861623764038085937500000000000
0.0283709727227687835693359375000000000000
0.0284675769507884979248046875000000000000
0.0286317411810159683227539062500000000000
0.0289056245237588882446289062500000000000
0.0293543636798858642578125000000000000000
0.0300764143466949462890625000000000000000
0.0312176160514354705810546875000000000000
0.0329894423484802246093750000000000000000
0.0356920957565307617187500000000000000000
0.0397426895797252655029296875000000000000
0.0457081869244575500488281250000000000000
0.0543422810733318328857421875000000000000
0.0666242390871047973632812500000000000000
0.0837968364357948303222656250000000000000
0.1073992401361465454101562500000000000000
0.1392897218465805053710937500000000000000
0.1816521883010864257812500000000000000000
0.2369800359010696411132812500000000000000
0.3080318868160247802734375000000000000000
0.3977538943290710449218750000000000000000
0.5091668367385864257812500000000000000000
0.6452182531356811523437500000000000000000
0.8086051940917968750000000000000000000000
1.0015754699707031250000000000000000000000
1.2257219552993774414062500000000000000000
1.4817855358123779296875000000000000000000
1.7694871425628662109375000000000000000000
2.0874063968658447265625000000000000000000
2.4329228401184082031250000000000000000000
2.8022379875183105468750000000000000000000
3.1904754638671875000000000000000000000000
3.5918662548065185546875000000000000000000
4.0000000000000000000000000000000000000000
3.0000000000000000000000000000000000000000
2.6942381858825683593750000000000000000000
2.3935055732727050781250000000000000000000
2.1025841236114501953125000000000000000000
1.8257820606231689453125000000000000000000
1.5667469501495361328125000000000000000000
1.3283261060714721679687500000000000000000
1.1124904155731201171875000000000000000000
0.9203176498413085937500000000000000000000
0.7520328760147094726562500000000000000000
0.6070975065231323242187500000000000000000
0.4843338131904602050781250000000000000000
0.3820701241493225097656250000000000000000
0.2982954680919647216796875000000000000000
0.2308074533939361572265625000000000000000
0.1773453354835510253906250000000000000000
0.1357017457485198974609375000000000000000
0.1038077101111412048339843750000000000000
0.0797914937138557434082031250000000000000
0.0620125457644462585449218750000000000000
0.0490740835666656494140625000000000000000
0.0398185104131698608398437500000000000000
0.0333107225596904754638671875000000000000
0.0288135744631290435791015625000000000000
0.0257595367729663848876953125000000000000
0.0237215161323547363281250000000000000000
0.0223852526396512985229492187500000000000
0.0215244926512241363525390625000000000000
0.0209798216819763183593750000000000000000
0.0206412989646196365356445312500000000000
0.0204346589744091033935546875000000000000
0.0203108005225658416748046875000000000000
0.0202379040420055389404296875000000000000
0.0201957859098911285400390625000000000000
0.0201719030737876892089843750000000000000
0.0201586075127124786376953125000000000000
0.0201513469219207763671875000000000000000
0.0201474558562040328979492187500000000000
0.0201454088091850280761718750000000000000
0.0201443582773208618164062500000000000000
0.0201438255608081817626953125000000000000
0.0201435592025518417358398437500000000000
0.0201434325426816940307617187500000000000
0.0201433710753917694091796875000000000000
0.0201433412730693817138671875000000000000
0.0201433282345533370971679687500000000000
0.0201433207839727401733398437500000000000
0.0201433189213275909423828125000000000000
0.0201433189213275909423828125000000000000
0.0201433189213275909423828125000000000000
0.0201433189213275909423828125000000000000
0.0201433189213275909423828125000000000000
0.0201433207839727401733398437500000000000
0.0201433245092630386352539062500000000000
0.0201433338224887847900390625000000000000
0.0201433487236499786376953125000000000000
0.0201433897018432617187500000000000000000
0.0201434697955846786499023437500000000000
0.0201436411589384078979492187500000000000
0.0201439913362264633178710937500000000000
0.0201447028666734695434570312500000000000
0.0201461091637611389160156250000000000000
0.0201488379389047622680664062500000000000
0.0201540254056453704833984375000000000000
0.0201637130230665206909179687500000000000
0.0201814416795969009399414062500000000000
0.0202133022248744964599609375000000000000
0.0202694777399301528930664062500000000000
0.0203667096793651580810546875000000000000
0.0205319300293922424316406250000000000000
0.0208075754344463348388671875000000000000
0.0212591700255870819091796875000000000000
0.0219857729971408843994140625000000000000
0.0231340993195772171020507812500000000000
0.0249168407171964645385742187500000000000
0.0276359077543020248413085937500000000000
0.0317106917500495910644531250000000000000
0.0377111434936523437500000000000000000000
0.0463947542011737823486328125000000000000
0.0587454326450824737548828125000000000000
0.0760114341974258422851562500000000000000
0.0997381880879402160644531250000000000000
0.1317906677722930908203125000000000000000
0.1743595600128173828125000000000000000000
0.2299446165561676025390625000000000000000
0.3013094663619995117187500000000000000000
0.3914033472537994384765625000000000000000
0.5032469034194946289062500000000000000000
0.6397840380668640136718750000000000000000
0.8037040829658508300781250000000000000000
0.9972424507141113281250000000000000000000
1.2219767570495605468750000000000000000000
1.4786298274993896484375000000000000000000
1.7669041156768798828125000000000000000000
2.0853629112243652343750000000000000000000
2.4313747882843017578125000000000000000000
2.8011355400085449218750000000000000000000
3.1897718906402587890625000000000000000000
3.5915241241455078125000000000000000000000
4.0000000000000000000000000000000000000000
3.0000000000000000000000000000000000000000
2.6938376426696777343750000000000000000000
2.3927004337310791015625000000000000000000
2.1013662815093994140625000000000000000000
1.8241443634033203125000000000000000000000
1.5646817684173583984375000000000000000000
1.3258315324783325195312500000000000000000
1.1095702648162841796875000000000000000000
0.9169834852218627929687500000000000000000
0.7483044266700744628906250000000000000000
0.6030016541481018066406250000000000000000
0.4799030721187591552734375000000000000000
0.3773414790630340576171875000000000000000
0.2933076918125152587890625000000000000000
0.2255992442369461059570312500000000000000
0.1719538569450378417968750000000000000000
0.1301611959934234619140625000000000000000
0.0981484726071357727050781250000000000000
0.0740397423505783081054687500000000000000
0.0561902001500129699707031250000000000000
0.0431989356875419616699218750000000000000
0.0339046791195869445800781250000000000000
0.0273691061884164810180664062500000000000
0.0228524040430784225463867187500000000000
0.0197848584502935409545898437500000000000
0.0177377033978700637817382812500000000000
0.0163953751325607299804687500000000000000
0.0155306626111268997192382812500000000000
0.0149834724143147468566894531250000000000
0.0146433655172586441040039062500000000000
0.0144357560202479362487792968750000000000
0.0143113108351826667785644531250000000000
0.0142380716279149055480957031250000000000
0.0141957551240921020507812500000000000000
0.0141717549413442611694335937500000000000
0.0141583979129791259765625000000000000000
0.0141511019319295883178710937500000000000
0.0141471922397613525390625000000000000000
0.0141451386734843254089355468750000000000
0.0141440797597169876098632812500000000000
0.0141435442492365837097167968750000000000
0.0141432788223028182983398437500000000000
0.0141431493684649467468261718750000000000
0.0141430869698524475097656250000000000000
0.0141430599614977836608886718750000000000
0.0141430450603365898132324218750000000000
0.0141430394724011421203613281250000000000
0.0141430376097559928894042968750000000000
0.0141430366784334182739257812500000000000
0.0141430366784334182739257812500000000000
0.0141430366784334182739257812500000000000
0.0141430366784334182739257812500000000000
0.0141430404037237167358398437500000000000
0.0141430441290140151977539062500000000000
0.0141430497169494628906250000000000000000
0.0141430664807558059692382812500000000000
0.0141431065276265144348144531250000000000
0.0141431884840130805969238281250000000000
0.0141433598473668098449707031250000000000
0.0141437146812677383422851562500000000000
0.0141444262117147445678710937500000000000
0.0141458408907055854797363281250000000000
0.0141485799103975296020507812500000000000
0.0141537934541702270507812500000000000000
0.0141635239124298095703125000000000000000
0.0141813382506370544433593750000000000000
0.0142133440822362899780273437500000000000
0.0142697840929031372070312500000000000000
0.0143674667924642562866210937500000000000
0.0145334480330348014831542968750000000000
0.0148103563115000724792480468750000000000
0.0152639951556921005249023437500000000000
0.0159938689321279525756835937500000000000
0.0171472914516925811767578125000000000000
0.0189378466457128524780273437500000000000
0.0216686539351940155029296875000000000000
0.0257607251405715942382812500000000000000
0.0317861363291740417480468750000000000000
0.0405050553381443023681640625000000000000
0.0529046729207038879394531250000000000000
0.0702371224761009216308593750000000000000
0.0940522253513336181640625000000000000000
0.1262196600437164306640625000000000000000
0.1689349263906478881835937500000000000000
0.2247021943330764770507812500000000000000
0.2962886095046997070312500000000000000000
0.3866456151008605957031250000000000000000
0.4987939894199371337890625000000000000000
0.6356756091117858886718750000000000000000
0.7999743223190307617187500000000000000000
0.9939182996749877929687500000000000000000
1.2190744876861572265625000000000000000000
1.4761548042297363281250000000000000000000
1.7648500204086303710937500000000000000000
2.0837130546569824218750000000000000000000
2.4301040172576904296875000000000000000000
2.8002159595489501953125000000000000000000
3.1891765594482421875000000000000000000000
3.5912322998046875000000000000000000000000
4.0000000000000000000000000000000000000000
3.0000000000000000000000000000000000000000
2.6935300827026367187500000000000000000000
2.3920831680297851562500000000000000000000
2.1004366874694824218750000000000000000000
1.8228992223739624023437500000000000000000
1.5631204843521118164062500000000000000000
1.3239552974700927734375000000000000000000
1.1073851585388183593750000000000000000000
0.9145007133483886718750000000000000000000
0.7455397844314575195312500000000000000000
0.5999757647514343261718750000000000000000
0.4766402840614318847656250000000000000000
0.3738683462142944335937500000000000000000
0.2896519303321838378906250000000000000000
0.2217883616685867309570312500000000000000
0.1680141240358352661132812500000000000000
0.1261166334152221679687500000000000000000
0.0940204486250877380371093750000000000000
0.0698466598987579345703125000000000000000
0.0519474446773529052734375000000000000000
0.0389190204441547393798828125000000000000
0.0295975115150213241577148437500000000000
0.0230423640459775924682617187500000000000
0.0185118708759546279907226562500000000000
0.0154347997158765792846679687500000000000
0.0133811933919787406921386718750000000000
0.0120345791801810264587402343750000000000
0.0111670773476362228393554687500000000000
0.0106181036680936813354492187500000000000
0.0102768819779157638549804687500000000000
0.0100685870274901390075683593750000000000
0.0099437283352017402648925781250000000000
0.0098702441900968551635742187500000000000
0.0098277851939201354980468750000000000000
0.0098037067800760269165039062500000000000
0.0097903031855821609497070312500000000000
0.0097829839214682579040527343750000000000
0.0097790611907839775085449218750000000000
0.0097770001739263534545898437500000000000
0.0097759384661912918090820312500000000000
0.0097754001617431640625000000000000000000
0.0097751338034868240356445312500000000000
0.0097750043496489524841308593750000000000
0.0097749419510364532470703125000000000000
0.0097749140113592147827148437500000000000
0.0097749000415205955505371093750000000000
0.0097748953849077224731445312500000000000
0.0097748916596174240112304687500000000000
0.0097748916596174240112304687500000000000
0.0097748916596174240112304687500000000000
0.0097748916596174240112304687500000000000
0.0097748916596174240112304687500000000000
0.0097748925909399986267089843750000000000
0.0097748972475528717041015625000000000000
0.0097749046981334686279296875000000000000
0.0097749233245849609375000000000000000000
0.0097749605774879455566406250000000000000
0.0097750425338745117187500000000000000000
0.0097752157598733901977539062500000000000
0.0097755705937743186950683593750000000000
0.0097762867808341979980468750000000000000
0.0097777033224701881408691406250000000000
0.0097804525867104530334472656250000000000
0.0097856838256120681762695312500000000000
0.0097954450175166130065917968750000000000
0.0098133180290460586547851562500000000000
0.0098454309627413749694824218750000000000
0.0099020516499876976013183593750000000000
0.0100000556558370590209960937500000000000
0.0101665705442428588867187500000000000000
0.0104443663731217384338378906250000000000
0.0108994506299495697021484375000000000000
0.0116316219791769981384277343750000000000
0.0127886338159441947937011718750000000000
0.0145846875384449958801269531250000000000
0.0173237454146146774291992187500000000000
0.0214279610663652420043945312500000000000
0.0274708904325962066650390625000000000000
0.0362145565450191497802734375000000000000
0.0486484542489051818847656250000000000000
0.0660274177789688110351562500000000000000
0.0899043008685111999511718750000000000000
0.1221520677208900451660156250000000000000
0.1649695038795471191406250000000000000000
0.2208638936281204223632812500000000000000
0.2926048636436462402343750000000000000000
0.3831455111503601074218750000000000000000
0.4955067634582519531250000000000000000000
0.6326292753219604492187500000000000000000
0.7971937060356140136718750000000000000000
0.9914234280586242675781250000000000000000
1.2168791294097900390625000000000000000000
1.4742650985717773437500000000000000000000
1.7632652521133422851562500000000000000000
2.0824246406555175781250000000000000000000
2.4291005134582519531250000000000000000000
2.7994818687438964843750000000000000000000
3.1886968612670898437500000000000000000000
3.5909962654113769531250000000000000000000
4.0000000000000000000000000000000000000000
3.0000000000000000000000000000000000000000
2.6933002471923828125000000000000000000000
2.3916225433349609375000000000000000000000
2.0997452735900878906250000000000000000000
1.8219760656356811523437500000000000000000
1.5619668960571289062500000000000000000000
1.3225748538970947265625000000000000000000
1.1057842969894409179687500000000000000000
0.9126886129379272460937500000000000000000
0.7435292005538940429687500000000000000000
0.5977821350097656250000000000000000000000
0.4742812514305114746093750000000000000000
0.3713629245758056640625000000000000000000
0.2870197296142578125000000000000000000000
0.2190485745668411254882812500000000000000
0.1651850342750549316406250000000000000000
0.1232149824500083923339843750000000000000
0.0910610333085060119628906250000000000000
0.0668422132730484008789062500000000000000
0.0489085949957370758056640625000000000000
0.0358544364571571350097656250000000000000
0.0265140570700168609619140625000000000000
0.0199453383684158325195312500000000000000
0.0154052823781967163085937500000000000000
0.0123216053470969200134277343750000000000
0.0102635249495506286621093750000000000000
0.0089139379560947418212890625000000000000
0.0080444989725947380065917968750000000000
0.0074942894279956817626953125000000000000
0.0071522900834679603576660156250000000000
0.0069435192272067070007324218750000000000
0.0068183750845491886138916015625000000000
0.0067447200417518615722656250000000000000
0.0067021632567048072814941406250000000000
0.0066780275665223598480224609375000000000
0.0066645951010286808013916015625000000000
0.0066572576761245727539062500000000000000
0.0066533265635371208190917968750000000000
0.0066512599587440490722656250000000000000
0.0066501945257186889648437500000000000000
0.0066496566869318485260009765625000000000
0.0066493889316916465759277343750000000000
0.0066492604091763496398925781250000000000
0.0066491984762251377105712890625000000000
0.0066491691395640373229980468750000000000
0.0066491561010479927062988281250000000000
0.0066491500474512577056884765625000000000
0.0066491477191448211669921875000000000000
0.0066491467878222465515136718750000000000
0.0066491463221609592437744140625000000000
0.0066491467878222465515136718750000000000
0.0066491477191448211669921875000000000000
0.0066491486504673957824707031250000000000
0.0066491523757576942443847656250000000000
0.0066491598263382911682128906250000000000
0.0066491775214672088623046875000000000000
0.0066492157056927680969238281250000000000
0.0066492990590631961822509765625000000000
0.0066494704224169254302978515625000000000
0.0066498266533017158508300781250000000000
0.0066505447030067443847656250000000000000
0.0066519649699330329895019531250000000000
0.0066547207534313201904296875000000000000
0.0066599631682038307189941406250000000000
0.0066697471775114536285400390625000000000
0.0066876607015728950500488281250000000000
0.0067198448814451694488525390625000000000
0.0067765964195132255554199218750000000000
0.0068748174235224723815917968750000000000
0.0070417053066194057464599609375000000000
0.0073201158083975315093994140625000000000
0.0077761993743479251861572265625000000000
0.0085099618881940841674804687500000000000
0.0096694575622677803039550781250000000000
0.0114693082869052886962890625000000000000
0.0142140667885541915893554687500000000000
0.0183266606181859970092773437500000000000
0.0243816748261451721191406250000000000000
0.0331424139440059661865234375000000000000
0.0455999337136745452880859375000000000000
0.0630109235644340515136718750000000000000
0.0869302973151206970214843750000000000000
0.1192333102226257324218750000000000000000
0.1621209830045700073242187500000000000000
0.2181026935577392578125000000000000000000
0.2899500131607055664062500000000000000000
0.3806168437004089355468750000000000000000
0.4931248724460601806640625000000000000000
0.6304135918617248535156250000000000000000
0.7951620817184448242187500000000000000000
0.9895904660224914550781250000000000000000
1.2152556180953979492187500000000000000000
1.4728575944900512695312500000000000000000
1.7620748281478881835937500000000000000000
2.0814495086669921875000000000000000000000
2.4283339977264404296875000000000000000000
2.7989165782928466796875000000000000000000
3.1883258819580078125000000000000000000000
3.5908119678497314453125000000000000000000
4.0000000000000000000000000000000000000000
3.0000000000000000000000000000000000000000
2.6931321620941162109375000000000000000000
2.3912868499755859375000000000000000000000
2.0992419719696044921875000000000000000000
1.8213064670562744140625000000000000000000
1.5611331462860107421875000000000000000000
1.3215805292129516601562500000000000000000
1.1046351194381713867187500000000000000000
0.9113920331001281738281250000000000000000
0.7420948743820190429687500000000000000000
0.5962213277816772460937500000000000000000
0.4726065993309020996093750000000000000000
0.3695878982543945312500000000000000000000
0.2851579189300537109375000000000000000000
0.2171132862567901611328125000000000000000
0.1631888151168823242187500000000000000000
0.1211692690849304199218750000000000000000
0.0889759510755538940429687500000000000000
0.0647264495491981506347656250000000000000
0.0467694066464900970458984375000000000000
0.0336977168917655944824218750000000000000
0.0243444778025150299072265625000000000000
0.0177665166556835174560546875000000000000
0.0132199423387646675109863281250000000000
0.0101317642256617546081542968750000000000
0.0080706309527158737182617187500000000000
0.0067190178669989109039306640625000000000
0.0058482578024268150329589843750000000000
0.0052972030825912952423095703125000000000
0.0049546761438250541687011718750000000000
0.0047455807216465473175048828125000000000
0.0046202396042644977569580078125000000000
0.0045464695431292057037353515625000000000
0.0045038466341793537139892578125000000000
0.0044796727597713470458984375000000000000
0.0044662179425358772277832031250000000000
0.0044588698074221611022949218750000000000
0.0044549321755766868591308593750000000000
0.0044528623111546039581298828125000000000
0.0044517950154840946197509765625000000000
0.0044512553140521049499511718750000000000
0.0044509889557957649230957031250000000000
0.0044508590362966060638427734375000000000
0.0044507971033453941345214843750000000000
0.0044507682323455810546875000000000000000
0.0044507551938295364379882812500000000000
0.0044507486745715141296386718750000000000
0.0044507463462650775909423828125000000000
0.0044507449492812156677246093750000000000
0.0044507449492812156677246093750000000000
0.0044507449492812156677246093750000000000
0.0044507458806037902832031250000000000000
0.0044507468119263648986816406250000000000
0.0044507505372166633605957031250000000000
0.0044507584534585475921630859375000000000
0.0044507766142487525939941406250000000000
0.0044508147984743118286132812500000000000
0.0044508972205221652984619140625000000000
0.0044510699808597564697265625000000000000
0.0044514266774058341979980468750000000000
0.0044521456584334373474121093750000000000
0.0044535682536661624908447265625000000000
0.0044563282281160354614257812500000000000
0.0044615790247917175292968750000000000000
0.0044713774695992469787597656250000000000
0.0044893184676766395568847656250000000000
0.0045215529389679431915283203125000000000
0.0045783901587128639221191406250000000000
0.0046767611056566238403320312500000000000
0.0048439023084938526153564453125000000000
0.0051227309741079807281494140625000000000
0.0055794934742152690887451171875000000000
0.0063143363222479820251464843750000000000
0.0074755186215043067932128906250000000000
0.0092779509723186492919921875000000000000
0.0120265800505876541137695312500000000000
0.0161448661237955093383789062500000000000
0.0222080741077661514282226562500000000000
0.0309803821146488189697265625000000000000
0.0434539169073104858398437500000000000000
0.0608865916728973388671875000000000000000
0.0848347470164299011230468750000000000000
0.1171751394867897033691406250000000000000
0.1601103544235229492187500000000000000000
0.2161512076854705810546875000000000000000
0.2880704402923583984375000000000000000000
0.3788229525089263916015625000000000000000
0.4914305210113525390625000000000000000000
0.6288324594497680664062500000000000000000
0.7937064766883850097656250000000000000000
0.9882712364196777343750000000000000000000
1.2140810489654541015625000000000000000000
1.4718329906463623046875000000000000000000
1.7612028121948242187500000000000000000000
2.0807301998138427734375000000000000000000
2.4277651309967041015625000000000000000000
2.7984950542449951171875000000000000000000
3.1880474090576171875000000000000000000000
3.5906739234924316406250000000000000000000
4.0000000000000000000000000000000000000000
3.0000000000000000000000000000000000000000
2.6930127143859863281250000000000000000000
2.3910479545593261718750000000000000000000
2.0988843441009521484375000000000000000000
1.8208318948745727539062500000000000000000
1.5605432987213134765625000000000000000000
1.3208789825439453125000000000000000000000
1.1038262844085693359375000000000000000000
0.9104821085929870605468750000000000000000
0.7410907745361328125000000000000000000000
0.5951312780380249023437500000000000000000
0.4714393019676208496093750000000000000000
0.3683528006076812744140625000000000000000
0.2838642597198486328125000000000000000000
0.2157701998949050903320312500000000000000
0.1618048250675201416015625000000000000000
0.1197520494461059570312500000000000000000
0.0875323340296745300292968750000000000000
0.0632622689008712768554687500000000000000
0.0452895164489746093750000000000000000000
0.0322060771286487579345703125000000000000
0.0228442214429378509521484375000000000000
0.0162600614130496978759765625000000000000
0.0117091247811913490295410156250000000000
0.0086179282516241073608398437500000000000
0.0065547497943043708801269531250000000000
0.0052017769776284694671630859375000000000
0.0043301326222717761993408203125000000000
0.0037785121239721775054931640625000000000
0.0034356308169662952423095703125000000000
0.0032263167668133974075317382812500000000
0.0031008447986096143722534179687500000000
0.0030269972048699855804443359375000000000
0.0029843291267752647399902343750000000000
0.0029601301066577434539794921875000000000
0.0029466615524142980575561523437500000000
0.0029393050353974103927612304687500000000
0.0029353634454309940338134765625000000000
0.0029332912527024745941162109375000000000
0.0029322232585400342941284179687500000000
0.0029316835571080446243286132812500000000
0.0029314158018678426742553710937500000000
0.0029312861151993274688720703125000000000
0.0029312239494174718856811523437500000000
0.0029311950784176588058471679687500000000
0.0029311818070709705352783203125000000000
0.0029311757534742355346679687500000000000
0.0029311734251677989959716796875000000000
0.0029311724938452243804931640625000000000
0.0029311720281839370727539062500000000000
0.0029311722610145807266235351562500000000
0.0029311727266758680343627929687500000000
0.0029311743564903736114501953125000000000
0.0029311776161193847656250000000000000000
0.0029311852995306253433227539062500000000
0.0029312029946595430374145507812500000000
0.0029312414117157459259033203125000000000
0.0029313240665942430496215820312500000000
0.0029314975254237651824951171875000000000
0.0029318542219698429107666015625000000000
0.0029325741343200206756591796875000000000
0.0029339981265366077423095703125000000000
0.0029367608949542045593261718750000000000
0.0029420168139040470123291015625000000000
0.0029518257360905408859252929687500000000
0.0029697853606194257736206054687500000000
0.0030020526610314846038818359375000000000
0.0030589476227760314941406250000000000000
0.0031574186868965625762939453125000000000
0.0033247279934585094451904296875000000000
0.0036038360558450222015380859375000000000
0.0040610521100461483001708984375000000000
0.0047966162674129009246826171875000000000
0.0059589250013232231140136718750000000000
0.0077630802989006042480468750000000000000
0.0105142910033464431762695312500000000000
0.0146363722160458564758300781250000000000
0.0207050479948520660400390625000000000000
0.0294850729405879974365234375000000000000
0.0419692732393741607666015625000000000000
0.0594163946807384490966796875000000000000
0.0833837166428565979003906250000000000000
0.1157490238547325134277343750000000000000
0.1587159037590026855468750000000000000000
0.2147962152957916259765625000000000000000
0.2867634296417236328125000000000000000000
0.3775731027126312255859375000000000000000
0.4902473092079162597656250000000000000000
0.6277250051498413085937500000000000000000
0.7926837205886840820312500000000000000000
0.9873405694961547851562500000000000000000
1.2132487297058105468750000000000000000000
1.4711034297943115234375000000000000000000
1.7605791091918945312500000000000000000000
2.0802130699157714843750000000000000000000
2.4273540973663330078125000000000000000000
2.7981889247894287109375000000000000000000
3.1878447532653808593750000000000000000000
3.5905728340148925781250000000000000000000
4.0000000000000000000000000000000000000000
3.0000000000000000000000000000000000000000
2.6929287910461425781250000000000000000000
2.3908810615539550781250000000000000000000
2.0986351966857910156250000000000000000000
1.8205016851425170898437500000000000000000
1.5601344108581542968750000000000000000000
1.3203938007354736328125000000000000000000
1.1032683849334716796875000000000000000000
0.9098556637763977050781250000000000000000
0.7404009699821472167968750000000000000000
0.5943838357925415039062500000000000000000
0.4706404805183410644531250000000000000000
0.3675087094306945800781250000000000000000
0.2829813659191131591796875000000000000000
0.2148545533418655395507812500000000000000
0.1608620584011077880859375000000000000000
0.1187873482704162597656250000000000000000
0.0865502133965492248535156250000000000000
0.0622665695846080780029296875000000000000
0.0442834757268428802490234375000000000000
0.0311922840774059295654296875000000000000
0.0218247510492801666259765625000000000000
0.0152365146204829216003417968750000000000
0.0106826992705464363098144531250000000000
0.0075895143672823905944824218750000000000
0.0055249906145036220550537109375000000000
0.0041711227968335151672363281250000000000
0.0032988954335451126098632812500000000000
0.0027469021733850240707397460937500000000
0.0024037878029048442840576171875000000000
0.0021943310275673866271972656250000000000
0.0020687724463641643524169921875000000000
0.0019948740955442190170288085937500000000
0.0019521759822964668273925781250000000000
0.0019279608968645334243774414062500000000
0.0019144825637340545654296875000000000000
0.0019071210408583283424377441406250000000
0.0019031766569241881370544433593750000000
0.0019011031836271286010742187500000000000
0.0019000346073880791664123535156250000000
0.0018994942074641585350036621093750000000
0.0018992268014699220657348632812500000000
0.0018990965327247977256774902343750000000
0.0018990347161889076232910156250000000000
0.0018990056123584508895874023437500000000
0.0018989924574270844459533691406250000000
0.0018989865202456712722778320312500000000
0.0018989840755239129066467285156250000000
0.0018989829113706946372985839843750000000
0.0018989827949553728103637695312500000000
0.0018989827949553728103637695312500000000
0.0018989832606166601181030273437500000000
0.0018989847740158438682556152343750000000
0.0018989881500601768493652343750000000000
0.0018989959498867392539978027343750000000
0.0018990135286003351211547851562500000000
0.0018990520620718598365783691406250000000
0.0018991346005350351333618164062500000000
0.0018993078265339136123657226562500000000
0.0018996649887412786483764648437500000000
0.0019003853667527437210083007812500000000
0.0019018106395378708839416503906250000000
0.0019045751541852951049804687500000000000
0.0019098346820101141929626464843750000000
0.0019196501234546303749084472656250000000
0.0019376218551769852638244628906250000000
0.0019699106924235820770263671875000000000
0.0020268436055630445480346679687500000000
0.0021253800950944423675537109375000000000
0.0022928004618734121322631835937500000000
0.0025720919948071241378784179687500000000
0.0030296056065708398818969726562500000000
0.0037656431086361408233642578125000000000
0.0049286908470094203948974609375000000000
0.0067339749075472354888916015625000000000
0.0094868792220950126647949218750000000000
0.0136114489287137985229492187500000000000
0.0196837056428194046020507812500000000000
0.0284687932580709457397460937500000000000
0.0409599766135215759277343750000000000000
0.0584165826439857482910156250000000000000
0.0823964774608612060546875000000000000000
0.1147781163454055786132812500000000000000
0.1577657312154769897460937500000000000000
0.2138719111680984497070312500000000000000
0.2858706712722778320312500000000000000000
0.3767179846763610839843750000000000000000
0.4894360601902008056640625000000000000000
0.6269639730453491210937500000000000000000
0.7919787764549255371093750000000000000000
0.9866970777511596679687500000000000000000
1.2126710414886474609375000000000000000000
1.4705952405929565429687500000000000000000
1.7601423263549804687500000000000000000000
2.0798494815826416015625000000000000000000
2.4270639419555664062500000000000000000000
2.7979722023010253906250000000000000000000
3.1877000331878662109375000000000000000000
3.5905005931854248046875000000000000000000
4.0000000000000000000000000000000000000000
3.0000000000000000000000000000000000000000
2.6928718090057373046875000000000000000000
2.3907673358917236328125000000000000000000
2.0984654426574707031250000000000000000000
1.8202772140502929687500000000000000000000
1.5598564147949218750000000000000000000000
1.3200645446777343750000000000000000000000
1.1028907299041748046875000000000000000000
0.9094324111938476562500000000000000000000
0.7399358749389648437500000000000000000000
0.5938807129859924316406250000000000000000
0.4701035022735595703125000000000000000000
0.3669422268867492675781250000000000000000
0.2823894619941711425781250000000000000000
0.2142412960529327392578125000000000000000
0.1602311730384826660156250000000000000000
0.1181422024965286254882812500000000000000
0.0858937352895736694335937500000000000000
0.0616012886166572570800781250000000000000
0.0436114668846130371093750000000000000000
0.0305152647197246551513671875000000000000
0.0211440511047840118408203125000000000000
0.0145531697198748588562011718750000000000
0.0099974907934665679931640625000000000000
0.0069030201993882656097412109375000000000
0.0048376233316957950592041015625000000000
0.0034831769298762083053588867187500000000
0.0026105726137757301330566406250000000000
0.0020583388395607471466064453125000000000
0.0017150733619928359985351562500000000000
0.0015055239200592041015625000000000000000
0.0013799096923321485519409179687500000000
0.0013059782795608043670654296875000000000
0.0012632615398615598678588867187500000000
0.0012390352785587310791015625000000000000
0.0012255508918315172195434570312500000000
0.0012181862257421016693115234375000000000
0.0012142399791628122329711914062500000000
0.0012121658073738217353820800781250000000
0.0012110964162275195121765136718750000000
0.0012105561327189207077026367187500000000
0.0012102882610633969306945800781250000000
0.0012101581087335944175720214843750000000
0.0012100961757823824882507324218750000000
0.0012100671883672475814819335937500000000
0.0012100540334358811378479003906250000000
0.0012100480962544679641723632812500000000
0.0012100455351173877716064453125000000000
0.0012100444873794913291931152343750000000
0.0012100441381335258483886718750000000000
0.0012100441381335258483886718750000000000
0.0012100448366254568099975585937500000000
0.0012100461171939969062805175781250000000
0.0012100494932383298873901367187500000000
0.0012100574094802141189575195312500000000
0.0012100749881938099861145019531250000000
0.0012101135216653347015380859375000000000
0.0012101961765438318252563476562500000000
0.0012103697517886757850646972656250000000
0.0012107266811653971672058105468750000000
0.0012114474084228277206420898437500000000
0.0012128731468692421913146972656250000000
0.0012156388256698846817016601562500000000
0.0012209007982164621353149414062500000000
0.0012307205470278859138488769531250000000
0.0012486999621614813804626464843750000000
0.0012810027692466974258422851562500000000
0.0013379602460190653800964355468750000000
0.0014365387614816427230834960937500000000
0.0016040302580222487449645996093750000000
0.0018834399525076150894165039062500000000
0.0023411451838910579681396484375000000000
0.0030774879269301891326904296875000000000
0.0042410111054778099060058593750000000000
0.0060470239259302616119384765625000000000
0.0088010197505354881286621093750000000000
0.0129271922633051872253417968750000000000
0.0190017577260732650756835937500000000000
0.0277901031076908111572265625000000000000
0.0402857996523380279541015625000000000000
0.0577484965324401855468750000000000000000
0.0817364901304244995117187500000000000000
0.1141286492347717285156250000000000000000
0.1571297347545623779296875000000000000000
0.2132525742053985595703125000000000000000
0.2852717339992523193359375000000000000000
0.3761433959007263183593750000000000000000
0.4888899922370910644531250000000000000000
0.6264505982398986816406250000000000000000
0.7915019989013671875000000000000000000000
0.9862607121467590332031250000000000000000
1.2122781276702880859375000000000000000000
1.4702483415603637695312500000000000000000
1.7598435878753662109375000000000000000000
2.0795993804931640625000000000000000000000
2.4268641471862792968750000000000000000000
2.7978222370147705078125000000000000000000
3.1876006126403808593750000000000000000000
3.5904507637023925781250000000000000000000
4.0000000000000000000000000000000000000000
3.0000000000000000000000000000000000000000
2.6928339004516601562500000000000000000000
2.3906912803649902343750000000000000000000
2.0983524322509765625000000000000000000000
1.8201271295547485351562500000000000000000
1.5596712827682495117187500000000000000000
1.3198459148406982421875000000000000000000
1.1026397943496704101562500000000000000000
0.9091519117355346679687500000000000000000
0.7396280169486999511718750000000000000000
0.5935482382774353027343750000000000000000
0.4697491526603698730468750000000000000000
0.3665687441825866699218750000000000000000
0.2819996774196624755859375000000000000000
0.2138378322124481201171875000000000000000
0.1598164141178131103515625000000000000000
0.1177183240652084350585937500000000000000
0.0854626223444938659667968750000000000000
0.0611645504832267761230468750000000000000
0.0431704595685005187988281250000000000000
0.0300710536539554595947265625000000000000
0.0206974986940622329711914062500000000000
0.0141049325466156005859375000000000000000
0.0095480671152472496032714843750000000000
0.0064527774229645729064941406250000000000
0.0043868264183402061462402343750000000000
0.0030320114456117153167724609375000000000
0.0021591675467789173126220703125000000000
0.0016067806864157319068908691406250000000
0.0012634195154532790184020996093750000000
0.0010538112837821245193481445312500000000
0.0009281616657972335815429687500000000000
0.0008542093564756214618682861328125000000
0.0008114803349599242210388183593750000000
0.0007872472633607685565948486328125000000
0.0007737592677585780620574951171875000000
0.0007663925644010305404663085937500000000
0.0007624451536685228347778320312500000000
0.0007603702833876013755798339843750000000
0.0007593006594106554985046386718750000000
0.0007587600266560912132263183593750000000
0.0007584920967929065227508544921875000000
0.0007583620608784258365631103515625000000
0.0007583000115118920803070068359375000000
0.0007582711987197399139404296875000000000
0.0007582579273730516433715820312500000000
0.0007582519901916384696960449218750000000
0.0007582494872622191905975341796875000000
0.0007582484395243227481842041015625000000
0.0007582480320706963539123535156250000000
0.0007582481484860181808471679687500000000
0.0007582486723549664020538330078125000000
0.0007582501275464892387390136718750000000
0.0007582535617984831333160400390625000000
0.0007582613616250455379486083984375000000
0.0007582789985463023185729980468750000000
0.0007583175320178270339965820312500000000
0.0007584001286886632442474365234375000000
0.0007585737039335072040557861328125000000
0.0007589309243485331535339355468750000000
0.0007596517680212855339050292968750000000
0.0007610778557136654853820800781250000000
0.0007638443494215607643127441406250000000
0.0007691077189520001411437988281250000000
0.0007789300871081650257110595703125000000
0.0007969145663082599639892578125000000000
0.0008292259881272912025451660156250000000
0.0008861989481374621391296386718750000000
0.0009848042391240596771240234375000000000
0.0011523406719788908958435058593750000000
0.0014318249886855483055114746093750000000
0.0018896518740803003311157226562500000000
0.0026261876337230205535888671875000000000
0.0037900127936154603958129882812500000000
0.0055964863859117031097412109375000000000
0.0083511732518672943115234375000000000000
0.0124783618375658988952636718750000000000
0.0185543913394212722778320312500000000000
0.0273447968065738677978515625000000000000
0.0398433506488800048828125000000000000000
0.0573099255561828613281250000000000000000
0.0813030675053596496582031250000000000000
0.1137019023299217224121093750000000000000
0.1567114889621734619140625000000000000000
0.2128449678421020507812500000000000000000
0.2848771214485168457031250000000000000000
0.3757643103599548339843750000000000000000
0.4885291457176208496093750000000000000000
0.6261106133460998535156250000000000000000
0.7911856174468994140625000000000000000000
0.9859703183174133300781250000000000000000
1.2120159864425659179687500000000000000000
1.4700162410736083984375000000000000000000
1.7596428394317626953125000000000000000000
2.0794310569763183593750000000000000000000
2.4267289638519287109375000000000000000000
2.7977204322814941406250000000000000000000
3.1875326633453369140625000000000000000000
3.5904166698455810546875000000000000000000
4.0000000000000000000000000000000000000000
3.0000000000000000000000000000000000000000
2.6928088665008544921875000000000000000000
2.3906416893005371093750000000000000000000
2.0982780456542968750000000000000000000000
1.8200294971466064453125000000000000000000
1.5595505237579345703125000000000000000000
1.3197029829025268554687500000000000000000
1.1024763584136962890625000000000000000000
0.9089694023132324218750000000000000000000
0.7394281625747680664062500000000000000000
0.5933325886726379394531250000000000000000
0.4695195257663726806640625000000000000000
0.3663270771503448486328125000000000000000
0.2817476689815521240234375000000000000000
0.2135771214962005615234375000000000000000
0.1595486104488372802734375000000000000000
0.1174447685480117797851562500000000000000
0.0851845145225524902343750000000000000000
0.0608829185366630554199218750000000000000
0.0428861379623413085937500000000000000000
0.0297847278416156768798828125000000000000
0.0204097051173448562622070312500000000000
0.0138160837814211845397949218750000000000
0.0092584770172834396362304687500000000000
0.0061626755632460117340087890625000000000
0.0040963776409626007080078125000000000000
0.0027413326315581798553466796875000000000
0.0018683394882827997207641601562500000000
0.0013158567016944289207458496093750000000
0.0009724356932565569877624511718750000000
0.0007627907907590270042419433593750000000
0.0006371191702783107757568359375000000000
0.0005631538806483149528503417968750000000
0.0005204174085520207881927490234375000000
0.0004961800295859575271606445312500000000
0.0004826896474696695804595947265625000000
0.0004753216053359210491180419921875000000
0.0004713736125268042087554931640625000000
0.0004692984221037477254867553710937500000
0.0004682286526076495647430419921875000000
0.0004676879325415939092636108398437500000
0.0004674198571592569351196289062500000000
0.0004672897630371153354644775390625000000
0.0004672277718782424926757812500000000000
0.0004671989008784294128417968750000000000
0.0004671856877394020557403564453125000000
0.0004671797505579888820648193359375000000
0.0004671771603170782327651977539062500000
0.0004671761416830122470855712890625000000
0.0004671757633332163095474243164062500000
0.0004671757924370467662811279296875000000
0.0004671763745136559009552001953125000000
0.0004671778006013482809066772460937500000
0.0004671812639571726322174072265625000000
0.0004671891219913959503173828125000000000
0.0004672067298088222742080688476562500000
0.0004672452923841774463653564453125000000
0.0004673278308473527431488037109375000000
0.0004675014351960271596908569335937500000
0.0004678587429225444793701171875000000000
0.0004685797321144491434097290039062500000
0.0004700060817413032054901123046875000000
0.0004727730993181467056274414062500000000
0.0004780372255481779575347900390625000000
0.0004878613108303397893905639648437500000
0.0005058486713096499443054199218750000000
0.0005381656228564679622650146484375000000
0.0005951483035460114479064941406250000000
0.0006937700673006474971771240234375000000
0.0008613344980403780937194824218750000000
0.0011408654972910881042480468750000000000
0.0015987673541530966758728027343750000000
0.0023354231379926204681396484375000000000
0.0034994359593838453292846679687500000000
0.0053061959333717823028564453125000000000
0.0080613140016794204711914062500000000000
0.0121891330927610397338867187500000000000
0.0182660762220621109008789062500000000000
0.0270577706396579742431640625000000000000
0.0395581014454364776611328125000000000000
0.0570270903408527374267578125000000000000
0.0810234323143959045410156250000000000000
0.1134264618158340454101562500000000000000
0.1564413458108901977539062500000000000000
0.2125814855098724365234375000000000000000
0.2846217453479766845703125000000000000000
0.3755187392234802246093750000000000000000
0.4882949888706207275390625000000000000000
0.6258897781372070312500000000000000000000
0.7909796833992004394531250000000000000000
0.9857808947563171386718750000000000000000
1.2118446826934814453125000000000000000000
1.4698640108108520507812500000000000000000
1.7595107555389404296875000000000000000000
2.0793201923370361328125000000000000000000
2.4266395568847656250000000000000000000000
2.7976534366607666015625000000000000000000
3.1874878406524658203125000000000000000000
3.5903942584991455078125000000000000000000
4.0000000000000000000000000000000000000000
3.0000000000000000000000000000000000000000
2.6927928924560546875000000000000000000000
2.3906095027923583984375000000000000000000
2.0982306003570556640625000000000000000000
1.8199665546417236328125000000000000000000
1.5594730377197265625000000000000000000000
1.3196114301681518554687500000000000000000
1.1023719310760498046875000000000000000000
0.9088528752326965332031250000000000000000
0.7393004894256591796875000000000000000000
0.5931951403617858886718750000000000000000
0.4693734645843505859375000000000000000000
0.3661734461784362792968750000000000000000
0.2815876305103302001953125000000000000000
0.2134116888046264648437500000000000000000
0.1593787521123886108398437500000000000000
0.1172713488340377807617187500000000000000
0.0850082859396934509277343750000000000000
0.0607045218348503112792968750000000000000
0.0427060835063457489013671875000000000000
0.0296034403145313262939453125000000000000
0.0202275104820728302001953125000000000000
0.0136332409456372261047363281250000000000
0.0090751787647604942321777343750000000000
0.0059790620580315589904785156250000000000
0.0039125517942011356353759765625000000000
0.0025573659222573041915893554687500000000
0.0016842803452163934707641601562500000000
0.0011317393509671092033386230468750000000
0.0007882816717028617858886718750000000000
0.0005786141846328973770141601562500000000
0.0004529291763901710510253906250000000000
0.0003789559414144605398178100585937500000
0.0003362148418091237545013427734375000000
0.0003119749017059803009033203125000000000
0.0002984830352943390607833862304687500000
0.0002911142655648291110992431640625000000
0.0002871658070944249629974365234375000000
0.0002850903838407248258590698242187500000
0.0002840204979293048381805419921875000000
0.0002834797196555882692337036132812500000
0.0002832117024809122085571289062500000000
0.0002830814919434487819671630859375000000
0.0002830195589922368526458740234375000000
0.0002829906297847628593444824218750000000
0.0002829774166457355022430419921875000000
0.0002829715085681527853012084960937500000
0.0002829689474310725927352905273437500000
0.0002829678705893456935882568359375000000
0.0002829675213433802127838134765625000000
0.0002829676086548715829849243164062500000
0.0002829681034199893474578857421875000000
0.0002829695877153426408767700195312500000
0.0002829729928635060787200927734375000000
0.0002829809091053903102874755859375000000
0.0002829984878189861774444580078125000000
0.0002830370212905108928680419921875000000
0.0002831196761690080165863037109375000000
0.0002832932514138519763946533203125000000
0.0002836505882441997528076171875000000000
0.0002843716938514262437820434570312500000
0.0002857981598936021327972412109375000000
0.0002885654394049197435379028320312500000
0.0002938300604000687599182128906250000000
0.0003036551352124661207199096679687500000
0.0003216444165445864200592041015625000000
0.0003539646277204155921936035156250000000
0.0004109531582798808813095092773437500000
0.0005095850210636854171752929687500000000
0.0006771666230633854866027832031250000000
0.0009567257948219776153564453125000000000
0.0014146737521514296531677246093750000000
0.0021514031104743480682373046875000000000
0.0033155302517116069793701171875000000000
0.0051224660128355026245117187500000000000
0.0078778462484478950500488281250000000000
0.0120060546323657035827636718750000000000
0.0180835537612438201904296875000000000000
0.0268760323524475097656250000000000000000
0.0393774583935737609863281250000000000000
0.0568479225039482116699218750000000000000
0.0808462351560592651367187500000000000000
0.1132518053054809570312500000000000000000
0.1562699973583221435546875000000000000000
0.2124141901731491088867187500000000000000
0.2844595313072204589843750000000000000000
0.3753624856472015380859375000000000000000
0.4881458878517150878906250000000000000000
0.6257488131523132324218750000000000000000
0.7908480763435363769531250000000000000000
0.9856594800949096679687500000000000000000
1.2117345333099365234375000000000000000000
1.4697659015655517578125000000000000000000
1.7594257593154907226562500000000000000000
2.0792486667633056640625000000000000000000
2.4265818595886230468750000000000000000000
2.7976098060607910156250000000000000000000
3.1874585151672363281250000000000000000000
3.5903801918029785156250000000000000000000
4.0000000000000000000000000000000000000000
3.0000000000000000000000000000000000000000
2.6927828788757324218750000000000000000000
2.3905894756317138671875000000000000000000
2.0982003211975097656250000000000000000000
1.8199269771575927734375000000000000000000
1.5594241619110107421875000000000000000000
1.3195540904998779296875000000000000000000
1.1023064851760864257812500000000000000000
0.9087797999382019042968750000000000000000
0.7392206788063049316406250000000000000000
0.5931092500686645507812500000000000000000
0.4692822098731994628906250000000000000000
0.3660775423049926757812500000000000000000
0.2814877927303314208984375000000000000000
0.2133086025714874267578125000000000000000
0.1592729538679122924804687500000000000000
0.1171633973717689514160156250000000000000
0.0848986357450485229492187500000000000000
0.0605935379862785339355468750000000000000
0.0425940901041030883789062500000000000000
0.0294906981289386749267578125000000000000
0.0201142225414514541625976562500000000000
0.0135195627808570861816406250000000000000
0.0089612239971756935119628906250000000000
0.0058649177663028240203857421875000000000
0.0037982787471264600753784179687500000000
0.0024430078919976949691772460937500000000
0.0015698669012635946273803710937500000000
0.0010172905167564749717712402343750000000
0.0006738108932040631771087646484375000000
0.0004641300474759191274642944335937500000
0.0003384368610568344593048095703125000000
0.0002644587948452681303024291992187500000
0.0002217150031356140971183776855468750000
0.0001974734768737107515335083007812500000
0.0001839807518990710377693176269531250000
0.0001766115310601890087127685546875000000
0.0001726628106553107500076293945312500000
0.0001705872855382040143013000488281250000
0.0001695173268672078847885131835937500000
0.0001689764758339151740074157714843750000
0.0001687084732111543416976928710937500000
0.0001685782626736909151077270507812500000
0.0001685162860667333006858825683593750000
0.0001684873859630897641181945800781250000
0.0001684741728240624070167541503906250000
0.0001684682647464796900749206542968750000
0.0001684656890574842691421508789062500000
0.0001684646413195878267288208007812500000
0.0001684642629697918891906738281250000000
0.0001684643357293680310249328613281250000
0.0001684648741502314805984497070312500000
0.0001684663147898390889167785644531250000
0.0001684697635937482118606567382812500000
0.0001684776216279715299606323242187500000
0.0001684952294453978538513183593750000000
0.0001685337483650073409080505371093750000
0.0001686163886915892362594604492187500000
0.0001687900075921788811683654785156250000
0.0001691473880782723426818847656250000000
0.0001698685082374140620231628417968750000
0.0001712951052468270063400268554687500000
0.0001740624866215512156486511230468750000
0.0001793274714145809412002563476562500000
0.0001891531574074178934097290039062500000
0.0002071435155812650918960571289062500000
0.0002394657058175653219223022460937500000
0.0002964577288366854190826416015625000000
0.0003950956743210554122924804687500000000
0.0005626875208690762519836425781250000000
0.0008422635728493332862854003906250000000
0.0013002392370253801345825195312500000000
0.0020370124839246273040771484375000000000
0.0032012083102017641067504882812500000000
0.0050082490779459476470947265625000000000
0.0077637871727347373962402343750000000000
0.0118922274559736251831054687500000000000
0.0179700609296560287475585937500000000000
0.0267630182206630706787109375000000000000
0.0392650961875915527343750000000000000000
0.0567364506423473358154296875000000000000
0.0807359442114830017089843750000000000000
0.1131430715322494506835937500000000000000
0.1561632156372070312500000000000000000000
0.2123099118471145629882812500000000000000
0.2843582332134246826171875000000000000000
0.3752649128437042236328125000000000000000
0.4880526065826416015625000000000000000000
0.6256605386734008789062500000000000000000
0.7907654047012329101562500000000000000000
0.9855833053588867187500000000000000000000
1.2116653919219970703125000000000000000000
1.4697043895721435546875000000000000000000
1.7593719959259033203125000000000000000000
2.0792033672332763671875000000000000000000
2.4265456199645996093750000000000000000000
2.7975821495056152343750000000000000000000
3.1874403953552246093750000000000000000000
3.5903706550598144531250000000000000000000
4.0000000000000000000000000000000000000000
3.0000000000000000000000000000000000000000
2.6927766799926757812500000000000000000000
2.3905768394470214843750000000000000000000
2.0981817245483398437500000000000000000000
1.8199024200439453125000000000000000000000
1.5593941211700439453125000000000000000000
1.3195188045501708984375000000000000000000
1.1022660732269287109375000000000000000000
0.9087349176406860351562500000000000000000
0.7391716241836547851562500000000000000000
0.5930564999580383300781250000000000000000
0.4692262113094329833984375000000000000000
0.3660187721252441406250000000000000000000
0.2814266681671142578125000000000000000000
0.2132455110549926757812500000000000000000
0.1592082679271697998046875000000000000000
0.1170974001288414001464843750000000000000
0.0848316177725791931152343750000000000000
0.0605257339775562286376953125000000000000
0.0425256825983524322509765625000000000000
0.0294218454509973526000976562500000000000
0.0200450439006090164184570312500000000000
0.0134501503780484199523925781250000000000
0.0088916495442390441894531250000000000000
0.0057952301576733589172363281250000000000
0.0037285157013684511184692382812500000000
0.0023731938563287258148193359375000000000
0.0015000201528891921043395996093750000000
0.0009474229300394654273986816406250000000
0.0006039303261786699295043945312500000000
0.0003942415060009807348251342773437500000
0.0002685435465537011623382568359375000000
0.0001945626863744109869003295898437500000
0.0001518172502983361482620239257812500000
0.0001275747781619429588317871093750000000
0.0001140815802500583231449127197265625000
0.0001067120683728717267513275146484375000
0.0001027632024488411843776702880859375000
0.0001006875972962006926536560058593750000
0.0000996176022454164922237396240234375000
0.0000990767293842509388923645019531250000
0.0000988086903817020356655120849609375000
0.0000986784943961538374423980712890625000
0.0000986165105132386088371276855468750000
0.0000985876176855526864528656005859375000
0.0000985744045465253293514251708984375000
0.0000985685037449002265930175781250000000
0.0000985659280559048056602478027343750000
0.0000985648584901355206966400146484375000
0.0000985645019682124257087707519531250000
0.0000985645674518309533596038818359375000
0.0000985651058726944029331207275390625000
0.0000985665610642172396183013916015625000
0.0000985699953162111341953277587890625000
0.0000985778606263920664787292480468750000
0.0000985954684438183903694152832031250000
0.0000986340091913007199764251708984375000
0.0000987166567938402295112609863281250000
0.0000988902393146418035030364990234375000
0.0000992476343526504933834075927734375000
0.0000999687908915802836418151855468750000
0.0001013954388326965272426605224609375000
0.0001041629220708273351192474365234375000
0.0001094281105906702578067779541015625000
0.0001192541240015998482704162597656250000
0.0001372451370116323232650756835937500000
0.0001695685059530660510063171386718750000
0.0002265625662403181195259094238281250000
0.0003252040478400886058807373046875000000
0.0004928018897771835327148437500000000000
0.0007723878370597958564758300781250000000
0.0012303799157962203025817871093750000000
0.0019671791233122348785400390625000000000
0.0031314152292907238006591796875000000000
0.0049385176971554756164550781250000000000
0.0076941498555243015289306640625000000000
0.0118227275088429450988769531250000000000
0.0179007593542337417602539062500000000000
0.0266939960420131683349609375000000000000
0.0391964614391326904296875000000000000000
0.0566683411598205566406250000000000000000
0.0806685462594032287597656250000000000000
0.1130765900015830993652343750000000000000
0.1560979038476943969726562500000000000000
0.2122460901737213134765625000000000000000
0.2842962443828582763671875000000000000000
0.3752050995826721191406250000000000000000
0.4879953265190124511718750000000000000000
0.6256062984466552734375000000000000000000
0.7907146215438842773437500000000000000000
0.9855363965034484863281250000000000000000
1.2116224765777587890625000000000000000000
1.4696662425994873046875000000000000000000
1.7593389749526977539062500000000000000000
2.0791749954223632812500000000000000000000
2.4265227317810058593750000000000000000000
2.7975649833679199218750000000000000000000
3.1874289512634277343750000000000000000000
3.5903649330139160156250000000000000000000
4.0000000000000000000000000000000000000000
3.0000000000000000000000000000000000000000
2.6927726268768310546875000000000000000000
2.3905692100524902343750000000000000000000
2.0981707572937011718750000000000000000000
1.8198875188827514648437500000000000000000
1.5593757629394531250000000000000000000000
1.3194973468780517578125000000000000000000
1.1022417545318603515625000000000000000000
0.9087077975273132324218750000000000000000
0.7391420602798461914062500000000000000000
0.5930247902870178222656250000000000000000
0.4691925644874572753906250000000000000000
0.3659834861755371093750000000000000000000
0.2813899219036102294921875000000000000000
0.2132076025009155273437500000000000000000
0.1591694056987762451171875000000000000000
0.1170577779412269592285156250000000000000
0.0847913995385169982910156250000000000000
0.0604850463569164276123046875000000000000
0.0424846485257148742675781250000000000000
0.0293805543333292007446289062500000000000
0.0200035646557807922363281250000000000000
0.0134085342288017272949218750000000000000
0.0088499374687671661376953125000000000000
0.0057534524239599704742431640625000000000
0.0036866930313408374786376953125000000000
0.0023313420824706554412841796875000000000
0.0014581496361643075942993164062500000000
0.0009055401897057890892028808593750000000
0.0005620399606414139270782470703125000000
0.0003523465711623430252075195312500000000
0.0002266458468511700630187988281250000000
0.0001526633568573743104934692382812500000
0.0001099170040106400847434997558593750000
0.0000856740007293410599231719970703125000
0.0000721804899512790143489837646484375000
0.0000648108398308977484703063964843750000
0.0000608618829573970288038253784179687500
0.0000587862341490108519792556762695312500
0.0000577162245463114231824874877929687500
0.0000571753407712094485759735107421875000
0.0000569072944927029311656951904296875000
0.0000567770912311971187591552734375000000
0.0000567151182622183114290237426757812500
0.0000566862108826171606779098510742187500
0.0000566730086575262248516082763671875000
0.0000566671005799435079097747802734375000
0.0000566645358048845082521438598632812500
0.0000566634626011364161968231201171875000
0.0000566631024412345141172409057617187500
0.0000566631679248530417680740356445312500
0.0000566637099836952984333038330078125000
0.0000566651578992605209350585937500000000
0.0000566685994272120296955108642578125000
0.0000566764683753717690706253051757812500
0.0000566940689168404787778854370117187500
0.0000567326096643228083848953247070312500
0.0000568152463529258966445922851562500000
0.0000569888579775579273700714111328125000
0.0000573462457396090030670166015625000000
0.0000580674204684328287839889526367187500
0.0000594941011513583362102508544921875000
0.0000622616353211924433708190917968750000
0.0000675269184284843504428863525390625000
0.0000773531501181423664093017578125000000
0.0000953445269260555505752563476562500000
0.0001276685798075050115585327148437500000
0.0001846638187998905777931213378906250000
0.0002833073085639625787734985351562500000
0.0004509086720645427703857421875000000000
0.0007305004983209073543548583984375000000
0.0011885017156600952148437500000000000000
0.0019253160571679472923278808593750000000
0.0030895757954567670822143554687500000000
0.0048967143520712852478027343750000000000
0.0076524009928107261657714843750000000000
0.0117810582742094993591308593750000000000
0.0178592074662446975708007812500000000000
0.0266526006162166595458984375000000000000
0.0391552969813346862792968750000000000000
0.0566274896264076232910156250000000000000
0.0806280896067619323730468750000000000000
0.1130366697907447814941406250000000000000
0.1560586690902709960937500000000000000000
0.2122077196836471557617187500000000000000
0.2842589318752288818359375000000000000000
0.3751690685749053955078125000000000000000
0.4879608750343322753906250000000000000000
0.6255735754966735839843750000000000000000
0.7906839251518249511718750000000000000000
0.9855079650878906250000000000000000000000
1.2115966081619262695312500000000000000000
1.4696431159973144531250000000000000000000
1.7593185901641845703125000000000000000000
2.0791583061218261718750000000000000000000
2.4265089035034179687500000000000000000000
2.7975544929504394531250000000000000000000
3.1874215602874755859375000000000000000000
3.5903613567352294921875000000000000000000
4.0000000000000000000000000000000000000000
3.0000000000000000000000000000000000000000
2.6927702426910400390625000000000000000000
2.3905646800994873046875000000000000000000
2.0981638431549072265625000000000000000000
1.8198788166046142578125000000000000000000
1.5593650341033935546875000000000000000000
1.3194845914840698242187500000000000000000
1.1022272109985351562500000000000000000000
0.9086917042732238769531250000000000000000
0.7391245961189270019531250000000000000000
0.5930060148239135742187500000000000000000
0.4691726267337799072265625000000000000000
0.3659625649452209472656250000000000000000
0.2813682556152343750000000000000000000000
0.2131852656602859497070312500000000000000
0.1591464877128601074218750000000000000000
0.1170344352722167968750000000000000000000
0.0847677066922187805175781250000000000000
0.0604610852897167205810546875000000000000
0.0424604900181293487548828125000000000000
0.0293562412261962890625000000000000000000
0.0199791416525840759277343750000000000000
0.0133840348571538925170898437500000000000
0.0088253831490874290466308593750000000000
0.0057288603857159614562988281250000000000
0.0036620763130486011505126953125000000000
0.0023067088332027196884155273437500000000
0.0014335056766867637634277343750000000000
0.0008808893035165965557098388671875000000
0.0005373848252929747104644775390625000000
0.0003276887582615017890930175781250000000
0.0002019864477915689349174499511718750000
0.0001280030410271137952804565429687500000
0.0000852561352076008915901184082031250000
0.0000610128336120396852493286132812500000
0.0000475191700388677418231964111328125000
0.0000401494180550798773765563964843750000
0.0000362004175258334726095199584960937500
0.0000341247432515956461429595947265625000
0.0000330547227349597960710525512695312500
0.0000325138316839002072811126708984375000
0.0000322457854053936898708343505859375000
0.0000321155821438878774642944335937500000
0.0000320536018989514559507369995117187500
0.0000320247017953079193830490112304687500
0.0000320114959322381764650344848632812500
0.0000320055987685918807983398437500000000
0.0000320030230795964598655700683593750000
0.0000320019571518059819936752319335937500
0.0000320015897159464657306671142578125000
0.0000320016588375438004732131958007812500
0.0000320022008963860571384429931640625000
0.0000320036488119512796401977539062500000
0.0000320070867019239813089370727539062500
0.0000320149592880625277757644653320312500
0.0000320325598295312374830245971679687500
0.0000320711042149923741817474365234375000
0.0000321537409035954624414443969726562500
0.0000323273416142910718917846679687500000
0.0000326847402902785688638687133789062500
0.0000334059186570812016725540161132812500
0.0000348326175299007445573806762695312500
0.0000376001880795229226350784301757812500
0.0000428655293944757431745529174804687500
0.0000526918665855191648006439208984375000
0.0000706834543962031602859497070312500000
0.0001030078637995757162570953369140625000
0.0001600037940079346299171447753906250000
0.0002586484770290553569793701171875000000
0.0004262517322786152362823486328125000000
0.0007058467599563300609588623046875000000
0.0011638535652309656143188476562500000000
0.0019006762886419892311096191406250000000
0.0030649495311081409454345703125000000000
0.0048721083439886569976806640625000000000
0.0076278252527117729187011718750000000000
0.0117565300315618515014648437500000000000
0.0178347416222095489501953125000000000000
0.0266282316297292709350585937500000000000
0.0391310527920722961425781250000000000000
0.0566034205257892608642578125000000000000
0.0806042551994323730468750000000000000000
0.1130131483078002929687500000000000000000
0.1560355424880981445312500000000000000000
0.2121850699186325073242187500000000000000
0.2842369079589843750000000000000000000000
0.3751477599143981933593750000000000000000
0.4879404902458190917968750000000000000000
0.6255542635917663574218750000000000000000
0.7906657457351684570312500000000000000000
0.9854910969734191894531250000000000000000
1.2115811109542846679687500000000000000000
1.4696292877197265625000000000000000000000
1.7593066692352294921875000000000000000000
2.0791480541229248046875000000000000000000
2.4265007972717285156250000000000000000000
2.7975482940673828125000000000000000000000
3.1874175071716308593750000000000000000000
3.5903592109680175781250000000000000000000
4.0000000000000000000000000000000000000000
3.0000000000000000000000000000000000000000
2.6927690505981445312500000000000000000000
2.3905622959136962890625000000000000000000
2.0981600284576416015625000000000000000000
1.8198735713958740234375000000000000000000
1.5593588352203369140625000000000000000000
1.3194772005081176757812500000000000000000
1.1022188663482666015625000000000000000000
0.9086825251579284667968750000000000000000
0.7391144037246704101562500000000000000000
0.5929950475692749023437500000000000000000
0.4691611230373382568359375000000000000000
0.3659504950046539306640625000000000000000
0.2813556790351867675781250000000000000000
0.2131722867488861083984375000000000000000
0.1591332256793975830078125000000000000000
0.1170209273695945739746093750000000000000
0.0847540050745010375976562500000000000000
0.0604472346603870391845703125000000000000
0.0424465276300907135009765625000000000000
0.0293421894311904907226562500000000000000
0.0199650283902883529663085937500000000000
0.0133698759600520133972167968750000000000
0.0088111944496631622314453125000000000000
0.0057146507315337657928466796875000000000
0.0036478531546890735626220703125000000000
0.0022924756631255149841308593750000000000
0.0014192662201821804046630859375000000000
0.0008666460635140538215637207031250000000
0.0005231391405686736106872558593750000000
0.0003134415892418473958969116210937500000
0.0001877384347608312964439392089843750000
0.0001137545114033855497837066650390625000
0.0000710073072696104645729064941406250000
0.0000467638565169181674718856811523437500
0.0000332700947183184325695037841796875000
0.0000259002899838378652930259704589843750
0.0000219512676267186179757118225097656250
0.0000198755733435973525047302246093750000
0.0000188055455510038882493972778320312500
0.0000182646563189337030053138732910156250
0.0000179966100404271855950355529785156250
0.0000178664049599319696426391601562500000
0.0000178044265339849516749382019042968750
0.0000177755209733732044696807861328125000
0.0000177623187482822686433792114257812500
0.0000177564179466571658849716186523437500
0.0000177538458956405520439147949218750000
0.0000177527763298712670803070068359375000
0.0000177524143509799614548683166503906250
0.0000177524761966196820139884948730468750
0.0000177530200744513422250747680664062500
0.0000177544679900165647268295288085937500
0.0000177579058799892663955688476562500000
0.0000177657784661278128623962402343750000
0.0000177833826455753296613693237304687500
0.0000178219252120470628142356872558593750
0.0000179045637196395546197891235351562500
0.0000180781717062927782535552978515625000
0.0000184355667443014681339263916015625000
0.0000191567487490829080343246459960937500
0.0000205834567168494686484336853027343750
0.0000233510472753550857305526733398437500
0.0000286164231511065736413002014160156250
0.0000384428203688003122806549072265625000
0.0000564345100428909063339233398437500000
0.0000887591450009495019912719726562500000
0.0001457554462831467390060424804687500000
0.0002444007550366222858428955078125000000
0.0004120050871279090642929077148437500000
0.0006916020647622644901275634765625000000
0.0011496116640046238899230957031250000000
0.0018864391604438424110412597656250000000
0.0030507198534905910491943359375000000000
0.0048578903079032897949218750000000000000
0.0076136244460940361022949218750000000000
0.0117423525080084800720214843750000000000
0.0178206004202365875244140625000000000000
0.0266141444444656372070312500000000000000
0.0391170382499694824218750000000000000000
0.0565895028412342071533203125000000000000
0.0805904790759086608886718750000000000000
0.1129995360970497131347656250000000000000
0.1560221612453460693359375000000000000000
0.2121719568967819213867187500000000000000
0.2842241823673248291015625000000000000000
0.3751354217529296875000000000000000000000
0.4879285693168640136718750000000000000000
0.6255429983139038085937500000000000000000
0.7906551361083984375000000000000000000000
0.9854812622070312500000000000000000000000
1.2115724086761474609375000000000000000000
1.4696210622787475585937500000000000000000
1.7592995166778564453125000000000000000000
2.0791420936584472656250000000000000000000
2.4264957904815673828125000000000000000000
2.7975449562072753906250000000000000000000
3.1874153614044189453125000000000000000000
3.5903580188751220703125000000000000000000
4.0000000000000000000000000000000000000000
3.0000000000000000000000000000000000000000
2.6927683353424072265625000000000000000000
2.3905606269836425781250000000000000000000
2.0981576442718505859375000000000000000000
1.8198707103729248046875000000000000000000
1.5593550205230712890625000000000000000000
1.3194730281829833984375000000000000000000
1.1022140979766845703125000000000000000000
0.9086771011352539062500000000000000000000
0.7391086816787719726562500000000000000000
0.5929888486862182617187500000000000000000
0.4691545069217681884765625000000000000000
0.3659436106681823730468750000000000000000
0.2813485562801361083984375000000000000000
0.2131649255752563476562500000000000000000
0.1591257154941558837890625000000000000000
0.1170132532715797424316406250000000000000
0.0847462266683578491210937500000000000000
0.0604393705725669860839843750000000000000
0.0424386002123355865478515625000000000000
0.0293342173099517822265625000000000000000
0.0199570208787918090820312500000000000000
0.0133618460968136787414550781250000000000
0.0088031459599733352661132812500000000000
0.0057065915316343307495117187500000000000
0.0036397855728864669799804687500000000000
0.0022844034247100353240966796875000000000
0.0014111903728917241096496582031250000000
0.0008585681207478046417236328125000000000
0.0005150598590262234210968017578125000000
0.0003053614927921444177627563476562500000
0.0001796578580979257822036743164062500000
0.0001056736364262178540229797363281250000
0.0000629262867732904851436614990234375000
0.0000386827450711280107498168945312500000
0.0000251889287028461694717407226562500000
0.0000178191075974609702825546264648437500
0.0000138700652314582839608192443847656250
0.0000117943664008635096251964569091796875
0.0000107243322418071329593658447265625000
0.0000101834430097369477152824401855468750
0.0000099153930932516232132911682128906250
0.0000097851898317458108067512512207031250
0.0000097232104963040910661220550537109375
0.0000096943058451870456337928771972656250
0.0000096811036200961098074913024902343750
0.0000096752019089763052761554718017578125
0.0000096726298579596914350986480712890625
0.0000096715612016851082444190979003906250
0.0000096711964943096973001956939697265625
0.0000096712619779282249510288238525390625
0.0000096718040367704816162586212158203125
0.0000096732546808198094367980957031250000
0.0000096766916612978093326091766357421875
0.0000096845642474363557994365692138671875
0.0000097021684268838725984096527099609375
0.0000097407091743662022054195404052734375
0.0000098233485914533957839012145996093750
0.0000099969538496225140988826751708984375
0.0000103543534351047128438949584960937500
0.0000110755390778649598360061645507812500
0.0000125022506836103275418281555175781250
0.0000152698503370629623532295227050781250
0.0000205352407647296786308288574218750000
0.0000303616725432220846414566040039062500
0.0000483534313389100134372711181640625000
0.0000806781754363328218460083007812500000
0.0001376746658934280276298522949218750000
0.0002363203093409538269042968750000000000
0.0004039252235088497400283813476562500000
0.0006835232488811016082763671875000000000
0.0011415344197303056716918945312500000000
0.0018783645937219262123107910156250000000
0.0030426490120589733123779296875000000000
0.0048498264513909816741943359375000000000
0.0076055689714848995208740234375000000000
0.0117343124002218246459960937500000000000
0.0178125817328691482543945312500000000000
0.0266061536967754364013671875000000000000
0.0391090884804725646972656250000000000000
0.0565816089510917663574218750000000000000
0.0805826559662818908691406250000000000000
0.1129918098449707031250000000000000000000
0.1560145467519760131835937500000000000000
0.2121645212173461914062500000000000000000
0.2842169106006622314453125000000000000000
0.3751284480094909667968750000000000000000
0.4879218935966491699218750000000000000000
0.6255365610122680664062500000000000000000
0.7906491160392761230468750000000000000000
0.9854756593704223632812500000000000000000
1.2115671634674072265625000000000000000000
1.4696166515350341796875000000000000000000
1.7592957019805908203125000000000000000000
2.0791387557983398437500000000000000000000
2.4264929294586181640625000000000000000000
2.7975425720214843750000000000000000000000
3.1874136924743652343750000000000000000000
3.5903575420379638671875000000000000000000
4.0000000000000000000000000000000000000000
3.0000000000000000000000000000000000000000
2.6927676200866699218750000000000000000000
2.3905599117279052734375000000000000000000
2.0981564521789550781250000000000000000000
1.8198690414428710937500000000000000000000
1.5593532323837280273437500000000000000000
1.3194706439971923828125000000000000000000
1.1022113561630249023437500000000000000000
0.9086741209030151367187500000000000000000
0.7391053438186645507812500000000000000000
0.5929853320121765136718750000000000000000
0.4691508412361145019531250000000000000000
0.3659397661685943603515625000000000000000
0.2813445925712585449218750000000000000000
0.2131608426570892333984375000000000000000
0.1591215133666992187500000000000000000000
0.1170089840888977050781250000000000000000
0.0847418904304504394531250000000000000000
0.0604349896311759948730468750000000000000
0.0424341857433319091796875000000000000000
0.0293297767639160156250000000000000000000
0.0199525617063045501708984375000000000000
0.0133573738858103752136230468750000000000
0.0087986653670668601989746093750000000000
0.0057021053507924079895019531250000000000
0.0036352947354316711425781250000000000000
0.0022799097932875156402587890625000000000
0.0014066953444853425025939941406250000000
0.0008540718699805438518524169921875000000
0.0005105629679746925830841064453125000000
0.0003008641651831567287445068359375000000
0.0001751602540025487542152404785156250000
0.0001011758795357309281826019287109375000
0.0000584284352953545749187469482421875000
0.0000341848426614888012409210205078125000
0.0000206910026463447138667106628417968750
0.0000133211651700548827648162841796875000
0.0000093721155280945822596549987792968750
0.0000072964130595210008323192596435546875
0.0000062263779909699223935604095458984375
0.0000056854869399103336036205291748046875
0.0000054174379329197108745574951171875000
0.0000052872333071718458086252212524414062
0.0000052252544264774769544601440429687500
0.0000051963488658657297492027282714843750
0.0000051831461860274430364370346069335938
0.0000051772453844023402780294418334960938
0.0000051746728786383755505084991455078125
0.0000051736046771111432462930679321289062
0.0000051732404244830831885337829589843750
0.0000051733036343648564070463180541992188
0.0000051738479669438675045967102050781250
0.0000051752963372564408928155899047851562
0.0000051787351367238443344831466674804688
0.0000051866068133676890283823013305664062
0.0000052042123570572584867477416992187500
0.0000052427526497922372072935104370117188
0.0000053253920668794307857751846313476562
0.0000054989977797958999872207641601562500
0.0000058563964557833969593048095703125000
0.0000065775848270277492702007293701171875
0.0000080042982517625205218791961669921875
0.0000107719033621833659708499908447265625
0.0000160373037942918017506599426269531250
0.0000258637537626782432198524475097656250
0.0000438555434811860322952270507812500000
0.0000761803385103121399879455566406250000
0.0001331769453827291727066040039062500000
0.0002318228071089833974838256835937500000
0.0003994280414190143346786499023437500000
0.0006790265324525535106658935546875000000
0.0011370385764166712760925292968750000000
0.0018738701473921537399291992187500000000
0.0030381565447896718978881835937500000000
0.0048453370109200477600097656250000000000
0.0076010851189494132995605468750000000000
0.0117298346012830734252929687500000000000
0.0178081151098012924194335937500000000000
0.0266017019748687744140625000000000000000
0.0391046591103076934814453125000000000000
0.0565772131085395812988281250000000000000
0.0805782973766326904296875000000000000000
0.1129874959588050842285156250000000000000
0.1560102999210357666015625000000000000000
0.2121603786945343017578125000000000000000
0.2842128574848175048828125000000000000000
0.3751245141029357910156250000000000000000
0.4879181385040283203125000000000000000000
0.6255329847335815429687500000000000000000
0.7906457781791687011718750000000000000000
0.9854725599288940429687500000000000000000
1.2115643024444580078125000000000000000000
1.4696141481399536132812500000000000000000
1.7592933177947998046875000000000000000000
2.0791368484497070312500000000000000000000
2.4264912605285644531250000000000000000000
2.7975413799285888671875000000000000000000
3.1874129772186279296875000000000000000000
3.5903568267822265625000000000000000000000
4.0000000000000000000000000000000000000000
3.0000000000000000000000000000000000000000
2.6927676200866699218750000000000000000000
2.3905596733093261718750000000000000000000
2.0981559753417968750000000000000000000000
1.8198683261871337890625000000000000000000
1.5593521595001220703125000000000000000000
1.3194695711135864257812500000000000000000
1.1022099256515502929687500000000000000000
0.9086726307868957519531250000000000000000
0.7391036152839660644531250000000000000000
0.5929835438728332519531250000000000000000
0.4691488146781921386718750000000000000000
0.3659376800060272216796875000000000000000
0.2813423573970794677734375000000000000000
0.2131586074829101562500000000000000000000
0.1591192036867141723632812500000000000000
0.1170066595077514648437500000000000000000
0.0847395211458206176757812500000000000000
0.0604326017200946807861328125000000000000
0.0424317792057991027832031250000000000000
0.0293273534625768661499023437500000000000
0.0199501290917396545410156250000000000000
0.0133549319580197334289550781250000000000
0.0087962187826633453369140625000000000000
0.0056996550410985946655273437500000000000
0.0036328420974314212799072265625000000000
0.0022774559911340475082397460937500000000
0.0014042400289326906204223632812500000000
0.0008516161469742655754089355468750000000
0.0005081068957224488258361816406250000000
0.0002984078601002693176269531250000000000
0.0001727038034005090594291687011718750000
0.0000987193561741150915622711181640625000
0.0000559718828299082815647125244140625000
0.0000317282538162544369697570800781250000
0.0000182343992491951212286949157714843750
0.0000108645563159370794892311096191406250
0.0000069155039454926736652851104736328125
0.0000048397978389402851462364196777343750
0.0000037697616335208294913172721862792969
0.0000032288705824612407013773918151855469
0.0000029608204386022407561540603637695312
0.0000028306162676017265766859054565429688
0.0000027686367047863313928246498107910156
0.0000027397320536692859604954719543457031
0.0000027265291464573238044977188110351562
0.0000027206276627111947163939476013183594
0.0000027180556116945808753371238708496094
0.0000027169867280463222414255142211914062
0.0000027166231575392885133624076843261719
0.0000027166872769157635048031806945800781
0.0000027172309273737482726573944091796875
0.0000027186795250599971041083335876464844
0.0000027221178697800496593117713928222656
0.0000027299897737975697964429855346679688
0.0000027475950901134638115763664245605469
0.0000027861351554747670888900756835937500
0.0000028687743451882852241396903991699219
0.0000030423802854784298688173294067382812
0.0000033997798709606286138296127319335938
0.0000041209686969523318111896514892578125
0.0000055476839406765066087245941162109375
0.0000083152899605920538306236267089843750
0.0000135806958496687002480030059814453125
0.0000234071540035074576735496520996093750
0.0000413989582739304751157760620117187500
0.0000737238005967810750007629394531250000
0.0001307204365730285644531250000000000000
0.0002293664001626893877983093261718750000
0.0003969718236476182937622070312500000000
0.0006765705766156315803527832031250000000
0.0011345832608640193939208984375000000000
0.0018714151810854673385620117187500000000
0.0030357032082974910736083984375000000000
0.0048428853042423725128173828125000000000
0.0075986362062394618988037109375000000000
0.0117273908108472824096679687500000000000
0.0178056769073009490966796875000000000000
0.0265992730855941772460937500000000000000
0.0391022376716136932373046875000000000000
0.0565748028457164764404296875000000000000
0.0805759131908416748046875000000000000000
0.1129851490259170532226562500000000000000
0.1560079753398895263671875000000000000000
0.2121580839157104492187500000000000000000
0.2842106223106384277343750000000000000000
0.3751223385334014892578125000000000000000
0.4879160821437835693359375000000000000000
0.6255310773849487304687500000000000000000
0.7906438708305358886718750000000000000000
0.9854708909988403320312500000000000000000
1.2115627527236938476562500000000000000000
1.4696127176284790039062500000000000000000
1.7592920064926147460937500000000000000000
2.0791356563568115234375000000000000000000
2.4264905452728271484375000000000000000000
2.7975411415100097656250000000000000000000
3.1874125003814697265625000000000000000000
3.5903563499450683593750000000000000000000
4.0000000000000000000000000000000000000000
3.0000000000000000000000000000000000000000
2.6927673816680908203125000000000000000000
2.3905591964721679687500000000000000000000
2.0981554985046386718750000000000000000000
1.8198677301406860351562500000000000000000
1.5593515634536743164062500000000000000000
1.3194688558578491210937500000000000000000
1.1022092103958129882812500000000000000000
0.9086717367172241210937500000000000000000
0.7391027212142944335937500000000000000000
0.5929824709892272949218750000000000000000
0.4691477417945861816406250000000000000000
0.3659365177154541015625000000000000000000
0.2813412249088287353515625000000000000000
0.2131574153900146484375000000000000000000
0.1591179966926574707031250000000000000000
0.1170053854584693908691406250000000000000
0.0847382545471191406250000000000000000000
0.0604313202202320098876953125000000000000
0.0424304828047752380371093750000000000000
0.0293260551989078521728515625000000000000
0.0199488215148448944091796875000000000000
0.0133536253124475479125976562500000000000
0.0087949084118008613586425781250000000000
0.0056983409449458122253417968750000000000
0.0036315277684479951858520507812500000000
0.0022761407308280467987060546875000000000
0.0014029245357960462570190429687500000000
0.0008503004210069775581359863281250000000
0.0005067908205091953277587890625000000000
0.0002970916975755244493484497070312500000
0.0001713875390123575925827026367187500000
0.0000974030554061755537986755371093750000
0.0000546555456821806728839874267578125000
0.0000304119166685268282890319824218750000
0.0000169180530065204948186874389648437500
0.0000095482082542730495333671569824218750
0.0000055991522458498366177082061767578125
0.0000035234468214184744283556938171386719
0.0000024534097065043170005083084106445312
0.0000019125182006973773241043090820312500
0.0000016444682842120528221130371093750000
0.0000015142637721510254777967929840087891
0.0000014522845503961434587836265563964844
0.0000014233795582185848616063594818115234
0.0000014101767646934604272246360778808594
0.0000014042751672604936175048351287841797
0.0000014017031162438797764480113983154297
0.0000014006341189087834209203720092773438
0.0000014002710031491005793213844299316406
0.0000014003346677782246842980384826660156
0.0000014008784319230471737682819366455078
0.0000014023271432961337268352508544921875
0.0000014057656017030240036547183990478516
0.0000014136373920337064191699028015136719
0.0000014312425946627627126872539520263672
0.0000014697828873977414332330226898193359
0.0000015524221907980972900986671447753906
0.0000017260281310882419347763061523437500
0.0000020834279439441161230206489562988281
0.0000028046169973094947636127471923828125
0.0000042313322410336695611476898193359375
0.0000069989409894333221018314361572265625
0.0000122643486974993720650672912597656250
0.0000220908150367904454469680786132812500
0.0000400826320401392877101898193359375000
0.0000724074852769263088703155517578125000
0.0001294041576329618692398071289062500000
0.0002280501648783683776855468750000000000
0.0003956556902267038822174072265625000000
0.0006752546178176999092102050781250000000
0.0011332674184814095497131347656250000000
0.0018700998043641448020935058593750000000
0.0030343881808221340179443359375000000000
0.0048415716737508773803710937500000000000
0.0075973235070705413818359375000000000000
0.0117260795086622238159179687500000000000
0.0178043674677610397338867187500000000000
0.0265979673713445663452148437500000000000
0.0391009449958801269531250000000000000000
0.0565735176205635070800781250000000000000
0.0805746316909790039062500000000000000000
0.1129838824272155761718750000000000000000
0.1560067385435104370117187500000000000000
0.2121568620204925537109375000000000000000
0.2842094302177429199218750000000000000000
0.3751211762428283691406250000000000000000
0.4879149794578552246093750000000000000000
0.6255299448966979980468750000000000000000
0.7906430363655090332031250000000000000000
0.9854699373245239257812500000000000000000
1.2115619182586669921875000000000000000000
1.4696118831634521484375000000000000000000
1.7592912912368774414062500000000000000000
2.0791354179382324218750000000000000000000
2.4264903068542480468750000000000000000000
2.7975404262542724609375000000000000000000
3.1874122619628906250000000000000000000000
3.5903563499450683593750000000000000000000
4.0000000000000000000000000000000000000000
3.0000000000000000000000000000000000000000
2.6927673816680908203125000000000000000000
2.3905591964721679687500000000000000000000
2.0981554985046386718750000000000000000000
1.8198674917221069335937500000000000000000
1.5593512058258056640625000000000000000000
1.3194683790206909179687500000000000000000
1.1022088527679443359375000000000000000000
0.9086712002754211425781250000000000000000
0.7391022443771362304687500000000000000000
0.5929819345474243164062500000000000000000
0.4691471457481384277343750000000000000000
0.3659359216690063476562500000000000000000
0.2813405692577362060546875000000000000000
0.2131567746400833129882812500000000000000
0.1591173261404037475585937500000000000000
0.1170047372579574584960937500000000000000
0.0847375839948654174804687500000000000000
0.0604306459426879882812500000000000000000
0.0424298048019409179687500000000000000000
0.0293253697454929351806640625000000000000
0.0199481360614299774169921875000000000000
0.0133529352024197578430175781250000000000
0.0087942183017730712890625000000000000000
0.0056976517662405967712402343750000000000
0.0036308369599282741546630859375000000000
0.0022754496894776821136474609375000000000
0.0014022332616150379180908203125000000000
0.0008496086229570209980010986328125000000
0.0005060990224592387676239013671875000000
0.0002963998704217374324798583984375000000
0.0001706956827547401189804077148437500000
0.0000967111700447276234626770019531250000
0.0000539636603207327425479888916015625000
0.0000297200222121318802237510681152343750
0.0000162261567311361432075500488281250000
0.0000088563074314151890575885772705078125
0.0000049072518777393270283937454223632812
0.0000028315444069448858499526977539062500
0.0000017615075194044038653373718261718750
0.0000012206157862237887457013130187988281
0.0000009525657560516265220940113067626953
0.0000008223613576774368993937969207763672
0.0000007603821927659737411886453628540039
0.0000007314771437449962832033634185791016
0.0000007182742933764529880136251449584961
0.0000007123727527869050391018390655517578
0.0000007098007586137100588530302047729492
0.0000007087317612786137033253908157348633
0.0000007083686455189308617264032363891602
0.0000007084321964612172450870275497436523
0.0000007089759606060397345572710037231445
0.0000007104247856659640092402696609497070
0.0000007138629598557599820196628570556641
0.0000007217350912469555623829364776611328
0.0000007393401233457552734762430191040039
0.0000007778805297675717156380414962768555
0.0000008605196626376709900796413421630859
0.0000010341256029278156347572803497314453
0.0000013915256431573652662336826324462891
0.0000021127148102095816284418106079101562
0.0000035394307360547827556729316711425781
0.0000063070401665754616260528564453125000
0.0000115724496936309151351451873779296875
0.0000213989151234272867441177368164062500
0.0000393907430407125502824783325195312500
0.0000717155926395207643508911132812500000
0.0001287123013753443956375122070312500000
0.0002273583086207509040832519531250000000
0.0003949638921767473220825195312500000000
0.0006745628197677433490753173828125000000
0.0011325757950544357299804687500000000000
0.0018694084137678146362304687500000000000
0.0030336971394717693328857421875000000000
0.0048408806324005126953125000000000000000
0.0075966333970427513122558593750000000000
0.0117253903299570083618164062500000000000
0.0178036801517009735107421875000000000000
0.0265972819179296493530273437500000000000
0.0391002595424652099609375000000000000000
0.0565728433430194854736328125000000000000
0.0805739536881446838378906250000000000000
0.1129832267761230468750000000000000000000
0.1560060977935791015625000000000000000000
0.2121562510728836059570312500000000000000
0.2842088043689727783203125000000000000000
0.3751205801963806152343750000000000000000
0.4879143834114074707031250000000000000000
0.6255294084548950195312500000000000000000
0.7906424403190612792968750000000000000000
0.9854694604873657226562500000000000000000
1.2115614414215087890625000000000000000000
1.4696115255355834960937500000000000000000
1.7592909336090087890625000000000000000000
2.0791349411010742187500000000000000000000
2.4264898300170898437500000000000000000000
2.7975401878356933593750000000000000000000
3.1874120235443115234375000000000000000000
3.5903563499450683593750000000000000000000
4.0000000000000000000000000000000000000000
3.0000000000000000000000000000000000000000
2.6927673816680908203125000000000000000000
2.3905589580535888671875000000000000000000
2.0981554985046386718750000000000000000000
1.8198673725128173828125000000000000000000
1.5593510866165161132812500000000000000000
1.3194681406021118164062500000000000000000
1.1022084951400756835937500000000000000000
0.9086710214614868164062500000000000000000
0.7391018867492675781250000000000000000000
0.5929816961288452148437500000000000000000
0.4691469073295593261718750000000000000000
0.3659356236457824707031250000000000000000
0.2813402414321899414062500000000000000000
0.2131564319133758544921875000000000000000
0.1591170132160186767578125000000000000000
0.1170043945312500000000000000000000000000
0.0847372338175773620605468750000000000000
0.0604302957653999328613281250000000000000
0.0424294546246528625488281250000000000000
0.0293250195682048797607421875000000000000
0.0199477840214967727661132812500000000000
0.0133525822311639785766601562500000000000
0.0087938625365495681762695312500000000000
0.0056972960010170936584472656250000000000
0.0036304809618741273880004882812500000000
0.0022750934585928916931152343750000000000
0.0014018766814842820167541503906250000000
0.0008492521010339260101318359375000000000
0.0005057424423284828662872314453125000000
0.0002960432029794901609420776367187500000
0.0001703390298644080758094787597656250000
0.0000963545171543955802917480468750000000
0.0000536069856025278568267822265625000000
0.0000293633493129163980484008789062500000
0.0000158694783749524503946304321289062500
0.0000084996299847261980175971984863281250
0.0000045505721573135815560817718505859375
0.0000024748655960138421505689620971679688
0.0000014048284810996847227215766906738281
0.0000008639366342322318814694881439208984
0.0000005958866609034885186702013015747070
0.0000004656822625292988959699869155883789
0.0000004037030976178357377648353576660156
0.0000003747980201751488493755459785461426
0.0000003615952266500244149938225746154785
0.0000003556936292170576052740216255187988
0.0000003531216918872814858332276344299316
0.0000003520526092870568390935659408569336
0.0000003516894935273739974945783615112305
0.0000003517531581564981024712324142456055
0.0000003522968370361923007294535636901855
0.0000003537456336744071450084447860717773
0.0000003571838362859125481918454170227051
0.0000003650559960988175589591264724731445
0.0000003826608860890701180323958396911621
0.0000004212014061977242818102240562438965
0.0000005038406243329518474638462066650391
0.0000006774465646230964921414852142333984
0.0000010348464911658084020018577575683594
0.0000017560356582180247642099857330322266
0.0000031827523798710899427533149719238281
0.0000059503618103917688131332397460937500
0.0000112157713374472223222255706787109375
0.0000210422404052224010229110717773437500
0.0000390340683225076645612716674804687500
0.0000713589251972734928131103515625000000
0.0001283556193811818957328796386718750000
0.0002270016848342493176460266113281250000
0.0003946072538383305072784423828125000000
0.0006742061814293265342712402343750000000
0.0011322192149236798286437988281250000000
0.0018690520664677023887634277343750000000
0.0030333409085869789123535156250000000000
0.0048405244015157222747802734375000000000
0.0075962780974805355072021484375000000000
0.0117250345647335052490234375000000000000
0.0178033281117677688598632812500000000000
0.0265969298779964447021484375000000000000
0.0390999093651771545410156250000000000000
0.0565724857151508331298828125000000000000
0.0805736109614372253417968750000000000000
0.1129828691482543945312500000000000000000
0.1560057401657104492187500000000000000000
0.2121558934450149536132812500000000000000
0.2842084765434265136718750000000000000000
0.3751202523708343505859375000000000000000
0.4879140853881835937500000000000000000000
0.6255291700363159179687500000000000000000
0.7906421422958374023437500000000000000000
0.9854690432548522949218750000000000000000
1.2115613222122192382812500000000000000000
1.4696114063262939453125000000000000000000
1.7592909336090087890625000000000000000000
2.0791349411010742187500000000000000000000
2.4264898300170898437500000000000000000000
2.7975401878356933593750000000000000000000
3.1874120235443115234375000000000000000000
3.5903563499450683593750000000000000000000
4.0000000000000000000000000000000000000000
3.0000000000000000000000000000000000000000
2.6927673816680908203125000000000000000000
2.3905589580535888671875000000000000000000
2.0981550216674804687500000000000000000000
1.8198673725128173828125000000000000000000
1.5593508481979370117187500000000000000000
1.3194681406021118164062500000000000000000
1.1022084951400756835937500000000000000000
0.9086707830429077148437500000000000000000
0.7391017675399780273437500000000000000000
0.5929815173149108886718750000000000000000
0.4691467881202697753906250000000000000000
0.3659354746341705322265625000000000000000
0.2813401222229003906250000000000000000000
0.2131562680006027221679687500000000000000
0.1591168344020843505859375000000000000000
0.1170042306184768676757812500000000000000
0.0847370624542236328125000000000000000000
0.0604301169514656066894531250000000000000
0.0424292758107185363769531250000000000000
0.0293248351663351058959960937500000000000
0.0199476052075624465942382812500000000000
0.0133524015545845031738281250000000000000
0.0087936846539378166198730468750000000000
0.0056971162557601928710937500000000000000
0.0036303009837865829467773437500000000000
0.0022749132476747035980224609375000000000
0.0014016965869814157485961914062500000000
0.0008490717737004160881042480468750000000
0.0005055621149949729442596435546875000000
0.0002958629338536411523818969726562500000
0.0001701587316347286105155944824218750000
0.0000961742262006737291812896728515625000
0.0000534266982867848128080368041992187500
0.0000291830510832369327545166015625000000
0.0000156891837832517921924591064453125000
0.0000083193317550467327237129211425781250
0.0000043702757466235198080539703369140625
0.0000022945682758290786296129226684570312
0.0000012245311609149212017655372619628906
0.0000006836393140474683605134487152099609
0.0000004155893691404344281181693077087402
0.0000002853849423445353750139474868774414
0.0000002234057348005080712027847766876221
0.0000001945006999903853284195065498352051
0.0000001812978780435514636337757110595703
0.0000001753962948214393691159784793853760
0.0000001728243717025179648771882057189941
0.0000001717553175240027485415339469909668
0.0000001713922017643199069425463676452637
0.0000001714558379717345815151929855346680
0.0000001719995310622834949754178524017334
0.0000001734483134896436240524053573608398
0.0000001768865018902943120338022708892822
0.0000001847586332814898923970758914947510
0.0000002023636227477254578843712806701660
0.0000002409041428563796216621994972229004
0.0000003235432757264788961037993431091309
0.0000004971491875949141103774309158325195
0.0000008545492278244637418538331985473633
0.0000015757384517200989648699760437011719
0.0000030024550596863264217972755432128906
0.0000057700649449543561786413192749023438
0.0000110354740172624588012695312500000000
0.0000208619458135217428207397460937500000
0.0000388537700928281992673873901367187500
0.0000711786342435516417026519775390625000
0.0001281753357034176588058471679687500000
0.0002268213720526546239852905273437500000
0.0003944269847124814987182617187500000000
0.0006740259705111384391784667968750000000
0.0011320390040054917335510253906250000000
0.0018688717391341924667358398437500000000
0.0030331609304994344711303710937500000000
0.0048403451219201087951660156250000000000
0.0075960988178849220275878906250000000000
0.0117248566821217536926269531250000000000
0.0178031474351882934570312500000000000000
0.0265967510640621185302734375000000000000
0.0390997305512428283691406250000000000000
0.0565723106265068054199218750000000000000
0.0805734395980834960937500000000000000000
0.1129827052354812622070312500000000000000
0.1560055762529373168945312500000000000000
0.2121557444334030151367187500000000000000
0.2842083275318145751953125000000000000000
0.3751201331615447998046875000000000000000
0.4879139363765716552734375000000000000000
0.6255290508270263671875000000000000000000
0.7906420826911926269531250000000000000000
0.9854690432548522949218750000000000000000
1.2115610837936401367187500000000000000000
1.4696114063262939453125000000000000000000
1.7592909336090087890625000000000000000000
2.0791349411010742187500000000000000000000
2.4264898300170898437500000000000000000000
2.7975401878356933593750000000000000000000
3.1874120235443115234375000000000000000000
3.5903563499450683593750000000000000000000
4.0000000000000000000000000000000000000000
3.0000000000000000000000000000000000000000
2.6927673816680908203125000000000000000000
2.3905589580535888671875000000000000000000
2.0981550216674804687500000000000000000000
1.8198673725128173828125000000000000000000
1.5593508481979370117187500000000000000000
1.3194681406021118164062500000000000000000
1.1022083759307861328125000000000000000000
0.9086707234382629394531250000000000000000
0.7391017079353332519531250000000000000000
0.5929815173149108886718750000000000000000
0.4691466689109802246093750000000000000000
0.3659354150295257568359375000000000000000
0.2813400328159332275390625000000000000000
0.2131561785936355590820312500000000000000
0.1591167449951171875000000000000000000000
0.1170041337609291076660156250000000000000
0.0847369655966758728027343750000000000000
0.0604300312697887420654296875000000000000
0.0424291826784610748291015625000000000000
0.0293247494846582412719726562500000000000
0.0199475158005952835083007812500000000000
0.0133523121476173400878906250000000000000
0.0087935943156480789184570312500000000000
0.0056970273144543170928955078125000000000
0.0036302120424807071685791015625000000000
0.0022748238407075405120849609375000000000
0.0014016071800142526626586914062500000000
0.0008489824831485748291015625000000000000
0.0005054728244431316852569580078125000000
0.0002957735850941389799118041992187500000
0.0001700693974271416664123535156250000000
0.0000960848774411715567111968994140625000
0.0000533373458893038332462310791015625000
0.0000290937023237347602844238281250000000
0.0000155998313857708126306533813476562500
0.0000082299829955445602536201477050781250
0.0000042809251681319437921047210693359375
0.0000022052183794585289433598518371582031
0.0000011351811508575337938964366912841797
0.0000005942893608334998134523630142211914
0.0000003262393590830470202490687370300293
0.0000001960349891305668279528617858886719
0.0000001340557247431206633336842060089111
0.0000001051506757221432053484022617340088
0.0000000919478893024461285676807165145874
0.0000000860462989749066764488816261291504
0.0000000834743545397031994070857763290405
0.0000000824053003611879830714315176010132
0.0000000820422059177872142754495143890381
0.0000000821058350197745312470942735671997
0.0000000826495352157508023083209991455078
0.0000000840983176431109313853085041046143
0.0000000875365131491889769677072763442993
0.0000000954086658566666301339864730834961
0.0000001130136055849106924142688512802124
0.0000001515541185881374985910952091217041
0.0000002341932656690914882346987724304199
0.0000004077992343809455633163452148437500
0.0000007651992746104951947927474975585938
0.0000014863884416627115570008754730224609
0.0000029131049359421012923121452331542969
0.0000056807157307048328220844268798828125
0.0000109461270767496898770332336425781250
0.0000207725952350301668047904968261718750
0.0000387644213333260267972946166992187500
0.0000710892927600070834159851074218750000
0.0001280859869439154863357543945312500000
0.0002267320378450676798820495605468750000
0.0003943376359529793262481689453125000000
0.0006739366799592971801757812500000000000
0.0011319495970383286476135253906250000000
0.0018687825649976730346679687500000000000
0.0030330715235322713851928710937500000000
0.0048402557149529457092285156250000000000
0.0075960094109177589416503906250000000000
0.0117247663438320159912109375000000000000
0.0178030598908662796020507812500000000000
0.0265966616570949554443359375000000000000
0.0390996411442756652832031250000000000000
0.0565722212195396423339843750000000000000
0.0805733576416969299316406250000000000000
0.1129826158285140991210937500000000000000
0.1560055017471313476562500000000000000000
0.2121556550264358520507812500000000000000
0.2842082381248474121093750000000000000000
0.3751200139522552490234375000000000000000
0.4879138469696044921875000000000000000000
0.6255289316177368164062500000000000000000
0.7906419634819030761718750000000000000000
0.9854690432548522949218750000000000000000
1.2115610837936401367187500000000000000000
1.4696114063262939453125000000000000000000
1.7592909336090087890625000000000000000000
2.0791349411010742187500000000000000000000
2.4264898300170898437500000000000000000000
2.7975401878356933593750000000000000000000
3.1874120235443115234375000000000000000000
3.5903563499450683593750000000000000000000
4.0000000000000000000000000000000000000000
3.0000000000000000000000000000000000000000
2.6927673816680908203125000000000000000000
2.3905589580535888671875000000000000000000
2.0981550216674804687500000000000000000000
1.8198673725128173828125000000000000000000
1.5593508481979370117187500000000000000000
1.3194681406021118164062500000000000000000
1.1022083759307861328125000000000000000000
0.9086707234382629394531250000000000000000
0.7391017079353332519531250000000000000000
0.5929814577102661132812500000000000000000
0.4691466391086578369140625000000000000000
0.3659353554248809814453125000000000000000
0.2813400328159332275390625000000000000000
0.2131561487913131713867187500000000000000
0.1591167151927947998046875000000000000000
0.1170040816068649291992187500000000000000
0.0847369283437728881835937500000000000000
0.0604299791157245635986328125000000000000
0.0424291417002677917480468750000000000000
0.0293247066438198089599609375000000000000
0.0199474729597568511962890625000000000000
0.0133522702381014823913574218750000000000
0.0087935505434870719909667968750000000000
0.0056969830766320228576660156250000000000
0.0036301682703197002410888671875000000000
0.0022747805342078208923339843750000000000
0.0014015637570992112159729003906250000000
0.0008489390602335333824157714843750000000
0.0005054294597357511520385742187500000000
0.0002957301912829279899597167968750000000
0.0001700259890640154480934143066406250000
0.0000960414763540029525756835937500000000
0.0000532939448021352291107177734375000000
0.0000290503030555555596947669982910156250
0.0000155564321175916120409965515136718750
0.0000081865819083759561181068420410156250
0.0000042375240809633396565914154052734375
0.0000021618166101688984781503677368164062
0.0000010917797226284164935350418090820312
0.0000005508878757609636522829532623291016
0.0000002828379024322202894836664199829102
0.0000001526335040580306667834520339965820
0.0000000906542609868665749672800302505493
0.0000000617492190713164745829999446868896
0.0000000485464219934783614007756114006042
0.0000000426448352186525880824774503707886
0.0000000400728978888764686416834592819214
0.0000000390038472630749311065301299095154
0.0000000386407421615331259090453386306763
0.0000000387043748162341216811910271644592
0.0000000392480856703514291439205408096313
0.0000000406968609922842006199061870574951
0.0000000441350600510759250028058886528015
0.0000000520071985476988629670813679695129
0.0000000696121489340839616488665342330933
0.0000001081526548318834102246910333633423
0.0000001907918232291194726713001728057861
0.0000003643977493084094021469354629516602
0.0000007217978463813778944313526153564453
0.0000014429871271204319782555103302001953
0.0000028697036213998217135667800903320312
0.0000056373137340415269136428833007812500
0.0000109027241705916821956634521484375000
0.0000207291941478615626692771911621093750
0.0000387210238841362297534942626953125000
0.0000710458843968808650970458984375000000
0.0001280426076846197247505187988281250000
0.0002266886440338566899299621582031250000
0.0003942942130379378795623779296875000000
0.0006738932570442557334899902343750000000
0.0011319064069539308547973632812500000000
0.0018687391420826315879821777343750000000
0.0030330282170325517654418945312500000000
0.0048402124084532260894775390625000000000
0.0075959661044180393218994140625000000000
0.0117247225716710090637207031250000000000
0.0178030133247375488281250000000000000000
0.0265966169536113739013671875000000000000
0.0390996001660823822021484375000000000000
0.0565721802413463592529296875000000000000
0.0805733054876327514648437500000000000000
0.1129825711250305175781250000000000000000
0.1560054570436477661132812500000000000000
0.2121556103229522705078125000000000000000
0.2842082083225250244140625000000000000000
0.3751199841499328613281250000000000000000
0.4879137873649597167968750000000000000000
0.6255288124084472656250000000000000000000
0.7906419634819030761718750000000000000000
0.9854690432548522949218750000000000000000
1.2115610837936401367187500000000000000000
1.4696114063262939453125000000000000000000
1.7592909336090087890625000000000000000000
2.0791349411010742187500000000000000000000
2.4264898300170898437500000000000000000000
2.7975401878356933593750000000000000000000
3.1874120235443115234375000000000000000000
3.5903563499450683593750000000000000000000
4.0000000000000000000000000000000000000000
3.0000000000000000000000000000000000000000
2.6927673816680908203125000000000000000000
2.3905589580535888671875000000000000000000
2.0981550216674804687500000000000000000000
1.8198673725128173828125000000000000000000
1.5593508481979370117187500000000000000000
1.3194681406021118164062500000000000000000
1.1022083759307861328125000000000000000000
0.9086707234382629394531250000000000000000
0.7391016483306884765625000000000000000000
0.5929814577102661132812500000000000000000
0.4691466391086578369140625000000000000000
0.3659353554248809814453125000000000000000
0.2813400030136108398437500000000000000000
0.2131561338901519775390625000000000000000
0.1591166853904724121093750000000000000000
0.1170040741562843322753906250000000000000
0.0847369059920310974121093750000000000000
0.0604299604892730712890625000000000000000
0.0424291230738162994384765625000000000000
0.0293246842920780181884765625000000000000
0.0199474506080150604248046875000000000000
0.0133522497490048408508300781250000000000
0.0087935309857130050659179687500000000000
0.0056969630531966686248779296875000000000
0.0036301475483924150466918945312500000000
0.0022747595794498920440673828125000000000
0.0014015430351719260215759277343750000000
0.0008489185129292309284210205078125000000
0.0005054087960161268711090087890625000000
0.0002957095275633037090301513671875000000
0.0001700053253443911671638488769531250000
0.0000960208199103362858295440673828125000
0.0000532732810825109481811523437500000000
0.0000290296411549206823110580444335937500
0.0000155357738549355417490005493164062500
0.0000081659218267304822802543640136718750
0.0000042168644540652167052030563354492188
0.0000021411574380181264132261276245117188
0.0000010711199820434558205306529998779297
0.0000005302281920194218400865793228149414
0.0000002621781618472596164792776107788086
0.0000001319737918947794241830706596374512
0.0000000699945559290426899679005146026611
0.0000000410895069080652319826185703277588
0.0000000278867133829407976008951663970947
0.0000000219851266081150242825970053672791
0.0000000194131963837662624428048729896545
0.0000000183441386525373673066496849060059
0.0000000179810388800660803099162876605988
0.0000000180446679820533972815610468387604
0.0000000185883770598138653440400958061218
0.0000000200371541581034762202762067317963
0.0000000234753532168952006031759083271027
0.0000000313474899371612991672009229660034
0.0000000489524509816874342504888772964478
0.0000000874929497740595252253115177154541
0.0000001701320968550135148689150810241699
0.0000003437380939885770203545689582824707
0.0000007011380489529983606189489364624023
0.0000014223273865354713052511215209960938
0.0000028490439945016987621784210205078125
0.0000056166541071434039622545242309570312
0.0000108820649984409101307392120361328125
0.0000207085358852054923772811889648437500
0.0000387003638024907559156417846679687500
0.0000710252352291718125343322753906250000
0.0001280219585169106721878051757812500000
0.0002266679948661476373672485351562500000
0.0003942736075259745121002197265625000000
0.0006738725351169705390930175781250000000
0.0011318854521960020065307617187500000000
0.0018687185365706682205200195312500000000
0.0030330077279359102249145507812500000000
0.0048401919193565845489501953125000000000
0.0075959442183375358581542968750000000000
0.0117247030138969421386718750000000000000
0.0178029928356409072875976562500000000000
0.0265966001898050308227539062500000000000
0.0390995815396308898925781250000000000000
0.0565721578896045684814453125000000000000
0.0805732756853103637695312500000000000000
0.1129825487732887268066406250000000000000
0.1560054272413253784179687500000000000000
0.2121555805206298828125000000000000000000
0.2842081487178802490234375000000000000000
0.3751199543476104736328125000000000000000
0.4879137873649597167968750000000000000000
0.6255288124084472656250000000000000000000
0.7906419038772583007812500000000000000000
0.9854690432548522949218750000000000000000
1.2115610837936401367187500000000000000000
1.4696114063262939453125000000000000000000
1.7592909336090087890625000000000000000000
2.0791349411010742187500000000000000000000
2.4264898300170898437500000000000000000000
2.7975401878356933593750000000000000000000
3.1874120235443115234375000000000000000000
3.5903563499450683593750000000000000000000
4.0000000000000000000000000000000000000000
3.0000000000000000000000000000000000000000
2.6927673816680908203125000000000000000000
2.3905589580535888671875000000000000000000
2.0981550216674804687500000000000000000000
1.8198673725128173828125000000000000000000
1.5593508481979370117187500000000000000000
1.3194681406021118164062500000000000000000
1.1022083759307861328125000000000000000000
0.9086707234382629394531250000000000000000
0.7391016483306884765625000000000000000000
0.5929814577102661132812500000000000000000
0.4691466391086578369140625000000000000000
0.3659353554248809814453125000000000000000
0.2813400030136108398437500000000000000000
0.2131561338901519775390625000000000000000
0.1591166704893112182617187500000000000000
0.1170040518045425415039062500000000000000
0.0847368985414505004882812500000000000000
0.0604299530386924743652343750000000000000
0.0424291081726551055908203125000000000000
0.0293246712535619735717773437500000000000
0.0199474431574344635009765625000000000000
0.0133522395044565200805664062500000000000
0.0087935198098421096801757812500000000000
0.0056969528086483478546142578125000000000
0.0036301382351666688919067382812500000000
0.0022747502662241458892822265625000000000
0.0014015333727002143859863281250000000000
0.0008489089086651802062988281250000000000
0.0005053991335444152355194091796875000000
0.0002956998941954225301742553710937500000
0.0001699957210803404450416564941406250000
0.0000960111719905398786067962646484375000
0.0000532636477146297693252563476562500000
0.0000290200114250183105468750000000000000
0.0000155261404870543628931045532226562500
0.0000081562866398598998785018920898437500
0.0000042072292671946343034505844116210938
0.0000021315222511475440114736557006835938
0.0000010614851362333865836262702941894531
0.0000005205932893659337423741817474365234
0.0000002525432876154809491708874702453613
0.0000001223388892412913264706730842590332
0.0000000603596603809819498565047979354858
0.0000000314546149127181706717237830162048
0.0000000182518249403074150905013084411621
0.0000000123502328364111235714517533779144
0.0000000097783026120623617316596210002899
0.0000000087092466571903059957548975944519
0.0000000083461451083621795987710356712341
0.0000000084097759867063359706662595272064
0.0000000089534868408236434333957731723785
0.0000000104022630509348346095066517591476
0.0000000138404629979049786925315856933594
0.0000000217126050472415954573079943656921
0.0000000393175518809130153385922312736511
0.0000000778580613314261427149176597595215
0.0000001604972084123801323585212230682373
0.0000003341031629133794922381639480590820
0.0000006915032599863479845225811004638672
0.0000014126925407254020683467388153076172
0.0000028394090350047918036580085754394531
0.0000056070189202728215605020523071289062
0.0000108724298115703277289867401123046875
0.0000206989006983349099755287170410156250
0.0000386907304346095770597457885742187500
0.0000710156018612906336784362792968750000
0.0001280123251490294933319091796875000000
0.0002266583760501816868782043457031250000
0.0003942639450542628765106201171875000000
0.0006738629890605807304382324218750000000
0.0011318757897242903709411621093750000000
0.0018687089905142784118652343750000000000
0.0030329979490488767623901367187500000000
0.0048401816748082637786865234375000000000
0.0075959349051117897033691406250000000000
0.0117246927693486213684082031250000000000
0.0178029853850603103637695312500000000000
0.0265965908765792846679687500000000000000
0.0390995666384696960449218750000000000000
0.0565721467137336730957031250000000000000
0.0805732756853103637695312500000000000000
0.1129825338721275329589843750000000000000
0.1560054123401641845703125000000000000000
0.2121555805206298828125000000000000000000
0.2842081487178802490234375000000000000000
0.3751199543476104736328125000000000000000
0.4879137873649597167968750000000000000000
0.6255288124084472656250000000000000000000
0.7906419038772583007812500000000000000000
0.9854690432548522949218750000000000000000
1.2115610837936401367187500000000000000000
1.4696114063262939453125000000000000000000
1.7592909336090087890625000000000000000000
2.0791349411010742187500000000000000000000
2.4264898300170898437500000000000000000000
2.7975401878356933593750000000000000000000
3.1874120235443115234375000000000000000000
3.5903563499450683593750000000000000000000
4.0000000000000000000000000000000000000000
3.0000000000000000000000000000000000000000
2.6927673816680908203125000000000000000000
2.3905589580535888671875000000000000000000
2.0981550216674804687500000000000000000000
1.8198673725128173828125000000000000000000
1.5593508481979370117187500000000000000000
1.3194681406021118164062500000000000000000
1.1022083759307861328125000000000000000000
0.9086707234382629394531250000000000000000
0.7391016483306884765625000000000000000000
0.5929814577102661132812500000000000000000
0.4691466391086578369140625000000000000000
0.3659353554248809814453125000000000000000
0.2813399434089660644531250000000000000000
0.2131561338901519775390625000000000000000
0.1591166704893112182617187500000000000000
0.1170040518045425415039062500000000000000
0.0847368985414505004882812500000000000000
0.0604299493134021759033203125000000000000
0.0424291044473648071289062500000000000000
0.0293246693909168243408203125000000000000
0.0199474357068538665771484375000000000000
0.0133522348478436470031738281250000000000
0.0087935160845518112182617187500000000000
0.0056969476863741874694824218750000000000
0.0036301333457231521606445312500000000000
0.0022747458424419164657592773437500000000
0.0014015290653333067893981933593750000000
0.0008489044266752898693084716796875000000
0.0005053947679698467254638671875000000000
0.0002956954704131931066513061523437500000
0.0001699913118500262498855590820312500000
0.0000960067845880985260009765625000000000
0.0000532592530362308025360107421875000000
0.0000290156076516723260283470153808593750
0.0000155217385326977819204330444335937500
0.0000081518855949980206787586212158203125
0.0000042028286770801059901714324951171875
0.0000021271216610330156981945037841796875
0.0000010570845461188582703471183776855469
0.0000005161926992514054290950298309326172
0.0000002481427259226620662957429885864258
0.0000001179383062321903707925230264663696
0.0000000559590844773083517793565988540649
0.0000000270540372326877331943251192569733
0.0000000138512401548496200121007859706879
0.0000000079496533800238466938026249408722
0.0000000053777218234074553038226440548897
0.0000000043086654244461897178553044795990
0.0000000039455647637964830209966748952866
0.0000000040091947539622196927666664123535
0.0000000045529051639903173054335638880730
0.0000000060016822622799281816696748137474
0.0000000094398817651608624146319925785065
0.0000000173120220381406397791579365730286
0.0000000349169759772394172614440321922302
0.0000000734574783223251870367676019668579
0.0000001560966182978518190793693065643311
0.0000003297025727988511789590120315551758
0.0000006871026698718196712434291839599609
0.0000014082919506108737550675868988037109
0.0000028350084448902634903788566589355469
0.0000056026192396529950201511383056640625
0.0000108680296762031503021717071533203125
0.0000206945005629677325487136840820312500
0.0000386863284802529960870742797851562500
0.0000710111999069340527057647705078125000
0.0001280079159187152981758117675781250000
0.0002266539668198674917221069335937500000
0.0003942595212720334529876708984375000000
0.0006738586234860122203826904296875000000
0.0011318714823573827743530273437500000000
0.0018687045667320489883422851562500000000
0.0030329935252666473388671875000000000000
0.0048401774838566780090332031250000000000
0.0075959311798214912414550781250000000000
0.0117246881127357482910156250000000000000
0.0178029797971248626708984375000000000000
0.0265965852886438369750976562500000000000
0.0390995591878890991210937500000000000000
0.0565721392631530761718750000000000000000
0.0805732682347297668457031250000000000000
0.1129825338721275329589843750000000000000
0.1560054123401641845703125000000000000000
0.2121555805206298828125000000000000000000
0.2842081487178802490234375000000000000000
0.3751199543476104736328125000000000000000
0.4879137873649597167968750000000000000000
0.6255288124084472656250000000000000000000
0.7906419038772583007812500000000000000000
0.9854690432548522949218750000000000000000
1.2115609645843505859375000000000000000000
1.4696114063262939453125000000000000000000
1.7592909336090087890625000000000000000000
2.0791349411010742187500000000000000000000
2.4264898300170898437500000000000000000000
2.7975401878356933593750000000000000000000
3.1874120235443115234375000000000000000000
3.5903563499450683593750000000000000000000
4.0000000000000000000000000000000000000000
3.0000000000000000000000000000000000000000
2.6927673816680908203125000000000000000000
2.3905589580535888671875000000000000000000
2.0981550216674804687500000000000000000000
1.8198673725128173828125000000000000000000
1.5593508481979370117187500000000000000000
1.3194681406021118164062500000000000000000
1.1022083759307861328125000000000000000000
0.9086707234382629394531250000000000000000
0.7391016483306884765625000000000000000000
0.5929814577102661132812500000000000000000
0.4691466391086578369140625000000000000000
0.3659353256225585937500000000000000000000
0.2813399434089660644531250000000000000000
0.2131561040878295898437500000000000000000
0.1591166704893112182617187500000000000000
0.1170040518045425415039062500000000000000
0.0847368985414505004882812500000000000000
0.0604299493134021759033203125000000000000
0.0424291007220745086669921875000000000000
0.0293246656656265258789062500000000000000
0.0199474338442087173461914062500000000000
0.0133522320538759231567382812500000000000
0.0087935123592615127563476562500000000000
0.0056969458237290382385253906250000000000
0.0036301310174167156219482421875000000000
0.0022747437469661235809326171875000000000
0.0014015270862728357315063476562500000000
0.0008489025058224797248840332031250000000
0.0005053927889093756675720214843750000000
0.0002956935495603829622268676757812500000
0.0001699893327895551919937133789062500000
0.0000960048128035850822925567626953125000
0.0000532572848896961659193038940429687500
0.0000290136413241270929574966430664062500
0.0000155197703861631453037261962890625000
0.0000081499201769474893808364868164062500
0.0000042008623495348729193210601806640625
0.0000021251557882351335138082504272460938
0.0000010551183322604629211127758026123047
0.0000005142264853930100798606872558593750
0.0000002461765120642667170614004135131836
0.0000001159720923737950215581804513931274
0.0000000539928421972035721410065889358521
0.0000000250877967289397929562255740165710
0.0000000118850049801721979747526347637177
0.0000000059834150967219557060161605477333
0.0000000034114837621501692410674877464771
0.0000000023424275852335085801314562559128
0.0000000019793260364053821831475943326950
0.0000000020429564706603287049802020192146
0.0000000025866673247776361677097156643867
0.0000000040354435348888273438205942511559
0.0000000074736439259481812769081443548203
0.0000000153457850871063783415593206882477
0.0000000329507336971346376230940222740173
0.0000000714912431476477649994194507598877
0.0000001541303902286017546430230140686035
0.0000003277363589404558297246694564819336
0.0000006851363423265866003930568695068359
0.0000014063257367524784058332443237304688
0.0000028330423447187058627605438232421875
0.0000056006520026130601763725280761718750
0.0000108660633486579172313213348388671875
0.0000206925360544119030237197875976562500
0.0000386843676096759736537933349609375000
0.0000710092281224206089973449707031250000
0.0001280059514101594686508178710937500000
0.0002266519877593964338302612304687500000
0.0003942575713153928518295288085937500000
0.0006738566444255411624908447265625000000
0.0011318696197122335433959960937500000000
0.0018687024712562561035156250000000000000
0.0030329911969602108001708984375000000000
0.0048401751555502414703369140625000000000
0.0075959288515150547027587890625000000000
0.0117246862500905990600585937500000000000
0.0178029779344797134399414062500000000000
0.0265965815633535385131835937500000000000
0.0390995591878890991210937500000000000000
0.0565721392631530761718750000000000000000
0.0805732682347297668457031250000000000000
0.1129825264215469360351562500000000000000
0.1560054123401641845703125000000000000000
0.2121555805206298828125000000000000000000
0.2842081487178802490234375000000000000000
0.3751199543476104736328125000000000000000
0.4879137873649597167968750000000000000000
0.6255288124084472656250000000000000000000
0.7906419038772583007812500000000000000000
0.9854690432548522949218750000000000000000
1.2115609645843505859375000000000000000000
1.4696111679077148437500000000000000000000
1.7592909336090087890625000000000000000000
2.0791349411010742187500000000000000000000
2.4264898300170898437500000000000000000000
2.7975401878356933593750000000000000000000
3.1874120235443115234375000000000000000000
3.5903563499450683593750000000000000000000
4.0000000000000000000000000000000000000000
3.0000000000000000000000000000000000000000
2.6927673816680908203125000000000000000000
2.3905589580535888671875000000000000000000
2.0981550216674804687500000000000000000000
1.8198673725128173828125000000000000000000
1.5593508481979370117187500000000000000000
1.3194681406021118164062500000000000000000
1.1022083759307861328125000000000000000000
0.9086707234382629394531250000000000000000
0.7391016483306884765625000000000000000000
0.5929814577102661132812500000000000000000
0.4691466391086578369140625000000000000000
0.3659353256225585937500000000000000000000
0.2813399434089660644531250000000000000000
0.2131561040878295898437500000000000000000
0.1591166704893112182617187500000000000000
0.1170040518045425415039062500000000000000
0.0847368985414505004882812500000000000000
0.0604299493134021759033203125000000000000
0.0424291007220745086669921875000000000000
0.0293246656656265258789062500000000000000
0.0199474338442087173461914062500000000000
0.0133522320538759231567382812500000000000
0.0087935123592615127563476562500000000000
0.0056969453580677509307861328125000000000
0.0036301303189247846603393554687500000000
0.0022747428156435489654541015625000000000
0.0014015261549502611160278320312500000000
0.0008489016327075660228729248046875000000
0.0005053919740021228790283203125000000000
0.0002956926764454692602157592773437500000
0.0001699884887784719467163085937500000000
0.0000960039615165442228317260742187500000
0.0000532564299646764993667602539062500000
0.0000290127845801180228590965270996093750
0.0000155189154611434787511825561523437500
0.0000081490634329384192824363708496093750
0.0000042000083340099081397056579589843750
0.0000021243008632154669612646102905273438
0.0000010542636346144718118011951446533203
0.0000005133717877470189705491065979003906
0.0000002453217575748567469418048858642578
0.0000001151173449898124090395867824554443
0.0000000531380912605072808219119906425476
0.0000000242330457922435016371309757232666
0.0000000110302531552974869555328041315079
0.0000000051286637159364545368589460849762
0.0000000025567323813646680719102732837200
0.0000000014876767595595197235525120049715
0.0000000011245748776644859390216879546642
0.0000000011882057560086423109169118106365
0.0000000017319162770590423860994633287191
0.0000000031806934863709557248512282967567
0.0000000066188929892518899578135460615158
0.0000000144910332622316673223394900560379
0.0000000320959863131520251045003533363342
0.0000000706364886582377948798239231109619
0.0000001532756357391917845234274864196777
0.0000003268816044510458596050739288330078
0.0000006842816446805954910814762115478516
0.0000014054710391064872965216636657714844
0.0000028321876470727147534489631652832031
0.0000055997975323407445102930068969726562
0.0000108652075141435489058494567871093750
0.0000206916774914134293794631958007812500
0.0000386835090466775000095367431640625000
0.0000710083768353797495365142822265625000
0.0001280050782952457666397094726562500000
0.0002266511291963979601860046386718750000
0.0003942566982004791498184204101562500000
0.0006738557713106274604797363281250000000
0.0011318688048049807548522949218750000000
0.0018687017727643251419067382812500000000
0.0030329907312989234924316406250000000000
0.0048401742242276668548583984375000000000
0.0075959279201924800872802734375000000000
0.0117246853187680244445800781250000000000
0.0178029779344797134399414062500000000000
0.0265965815633535385131835937500000000000
0.0390995591878890991210937500000000000000
0.0565721392631530761718750000000000000000
0.0805732682347297668457031250000000000000
0.1129825264215469360351562500000000000000
0.1560054123401641845703125000000000000000
0.2121555805206298828125000000000000000000
0.2842081487178802490234375000000000000000
0.3751199543476104736328125000000000000000
0.4879137873649597167968750000000000000000
0.6255288124084472656250000000000000000000
0.7906419038772583007812500000000000000000
0.9854690432548522949218750000000000000000
1.2115609645843505859375000000000000000000
1.4696111679077148437500000000000000000000
1.7592909336090087890625000000000000000000
2.0791349411010742187500000000000000000000
2.4264898300170898437500000000000000000000
2.7975401878356933593750000000000000000000
3.1874120235443115234375000000000000000000
3.5903563499450683593750000000000000000000
4.0000000000000000000000000000000000000000
3.0000000000000000000000000000000000000000
2.6927673816680908203125000000000000000000
2.3905589580535888671875000000000000000000
2.0981550216674804687500000000000000000000
1.8198673725128173828125000000000000000000
1.5593508481979370117187500000000000000000
1.3194681406021118164062500000000000000000
1.1022083759307861328125000000000000000000
0.9086707234382629394531250000000000000000
0.7391016483306884765625000000000000000000
0.5929814577102661132812500000000000000000
0.4691466391086578369140625000000000000000
0.3659353256225585937500000000000000000000
0.2813399434089660644531250000000000000000
0.2131560742855072021484375000000000000000
0.1591166555881500244140625000000000000000
0.1170040518045425415039062500000000000000
0.0847368985414505004882812500000000000000
0.0604299493134021759033203125000000000000
0.0424291007220745086669921875000000000000
0.0293246656656265258789062500000000000000
0.0199474338442087173461914062500000000000
0.0133522320538759231567382812500000000000
0.0087935123592615127563476562500000000000
0.0056969453580677509307861328125000000000
0.0036301303189247846603393554687500000000
0.0022747425828129053115844726562500000000
0.0014015259221196174621582031250000000000
0.0008489013416692614555358886718750000000
0.0005053916247561573982238769531250000000
0.0002956923271995037794113159179687500000
0.0001699881395325064659118652343750000000
0.0000960036049946211278438568115234375000
0.0000532560807187110185623168945312500000
0.0000290124335151631385087966918945312500
0.0000155185662151779979467391967773437500
0.0000081487141869729384779930114746093750
0.0000041996581785497255623340606689453125
0.0000021239511625026352703571319580078125
0.0000010539139339016401208937168121337891
0.0000005130220870341872796416282653808594
0.0000002449720568620250560343265533447266
0.0000001147676442769807181321084499359131
0.0000000527884189693850203184410929679871
0.0000000238833699484075623331591486930847
0.0000000106805781996399673516862094402313
0.0000000047789887602789349330123513936996
0.0000000022070574257071484680636785924435
0.0000000011380018039020001197059173136950
0.0000000007748998109846638726594392210245
0.0000000008385304672842153195233549922705
0.0000000013822410993569178572215605527163
0.0000000028310180866242262709420174360275
0.0000000062692180335943703539669513702393
0.0000000141413583065741477184928953647614
0.0000000317463104693160858005285263061523
0.0000000702868163671155343763530254364014
0.0000001529259492372148088179528713226318
0.0000003265319321599235991016030311584473
0.0000006839319439677638001739978790283203
0.0000014051213383936556056141853332519531
0.0000028318377189862076193094253540039062
0.0000055994473768805619329214096069335938
0.0000108648582681780681014060974121093750
0.0000206913282454479485750198364257812500
0.0000386831598007120192050933837890625000
0.0000710080275894142687320709228515625000
0.0001280047436011955142021179199218750000
0.0002266507653985172510147094726562500000
0.0003942563780583441257476806640625000000
0.0006738553638570010662078857421875000000
0.0011318684555590152740478515625000000000
0.0018687011906877160072326660156250000000
0.0030329904984682798385620117187500000000
0.0048401742242276668548583984375000000000
0.0075959279201924800872802734375000000000
0.0117246843874454498291015625000000000000
0.0178029779344797134399414062500000000000
0.0265965815633535385131835937500000000000
0.0390995591878890991210937500000000000000
0.0565721392631530761718750000000000000000
0.0805732682347297668457031250000000000000
0.1129825264215469360351562500000000000000
0.1560054123401641845703125000000000000000
0.2121555805206298828125000000000000000000
0.2842081487178802490234375000000000000000
0.3751199543476104736328125000000000000000
0.4879137873649597167968750000000000000000
0.6255288124084472656250000000000000000000
0.7906419038772583007812500000000000000000
0.9854690432548522949218750000000000000000
1.2115609645843505859375000000000000000000
1.4696111679077148437500000000000000000000
1.7592909336090087890625000000000000000000
2.0791349411010742187500000000000000000000
2.4264898300170898437500000000000000000000
2.7975401878356933593750000000000000000000
3.1874120235443115234375000000000000000000
3.5903563499450683593750000000000000000000
4.0000000000000000000000000000000000000000
3.0000000000000000000000000000000000000000
2.6927673816680908203125000000000000000000
2.3905589580535888671875000000000000000000
2.0981550216674804687500000000000000000000
1.8198673725128173828125000000000000000000
1.5593508481979370117187500000000000000000
1.3194681406021118164062500000000000000000
1.1022083759307861328125000000000000000000
0.9086707234382629394531250000000000000000
0.7391016483306884765625000000000000000000
0.5929814577102661132812500000000000000000
0.4691466391086578369140625000000000000000
0.3659353256225585937500000000000000000000
0.2813399434089660644531250000000000000000
0.2131560742855072021484375000000000000000
0.1591166555881500244140625000000000000000
0.1170040518045425415039062500000000000000
0.0847368985414505004882812500000000000000
0.0604299493134021759033203125000000000000
0.0424291007220745086669921875000000000000
0.0293246656656265258789062500000000000000
0.0199474338442087173461914062500000000000
0.0133522320538759231567382812500000000000
0.0087935114279389381408691406250000000000
0.0056969448924064636230468750000000000000
0.0036301303189247846603393554687500000000
0.0022747425828129053115844726562500000000
0.0014015258057042956352233886718750000000
0.0008489011670462787151336669921875000000
0.0005053915083408355712890625000000000000
0.0002956922107841819524765014648437500000
0.0001699880376690998673439025878906250000
0.0000960035031312145292758941650390625000
0.0000532559715793468058109283447265625000
0.0000290123316517565399408340454101562500
0.0000155184625327819958329200744628906250
0.0000081486105045769363641738891601562500
0.0000041995544961537234485149383544921875
0.0000021238470253592822700738906860351562
0.0000010538099104451248422265052795410156
0.0000005129180067342531401664018630981445
0.0000002448680334055097773671150207519531
0.0000001146636350313201546669006347656250
0.0000000526844026182970992522314190864563
0.0000000237793553736764806671999394893646
0.0000000105765654012657250859774649143219
0.0000000046749759619046926673036068677902
0.0000000021030452934667209774488583207130
0.0000000010339891165500603165128268301487
0.0000000006708872901661777632398298010230
0.0000000007345181129991829038772266358137
0.0000000012782288560941879040910862386227
0.0000000027270055102945889302645809948444
0.0000000061652052352201280882582068443298
0.0000000140373455081999054527841508388519
0.0000000316422976709418435348197817802429
0.0000000701828000160276133101433515548706
0.0000001528219399915542453527450561523438
0.0000003264279087034083204343914985656738
0.0000006838279773546673823148012161254883
0.0000014050172012503026053309440612792969
0.0000028317340365902055054903030395507812
0.0000055993432397372089326381683349609375
0.0000108647545857820659875869750976562500
0.0000206912245630519464612007141113281250
0.0000386830579373054206371307373046875000
0.0000710079184500500559806823730468750000
0.0001280046417377889156341552734375000000
0.0002266507071908563375473022460937500000
0.0003942563198506832122802734375000000000
0.0006738553056493401527404785156250000000
0.0011318683391436934471130371093750000000
0.0018687011906877160072326660156250000000
0.0030329902656376361846923828125000000000
0.0048401742242276668548583984375000000000
0.0075959279201924800872802734375000000000
0.0117246843874454498291015625000000000000
0.0178029779344797134399414062500000000000
0.0265965815633535385131835937500000000000
0.0390995591878890991210937500000000000000
0.0565721392631530761718750000000000000000
0.0805732682347297668457031250000000000000
0.1129825264215469360351562500000000000000
0.1560054123401641845703125000000000000000
0.2121555805206298828125000000000000000000
0.2842081487178802490234375000000000000000
0.3751199543476104736328125000000000000000
0.4879137873649597167968750000000000000000
0.6255288124084472656250000000000000000000
0.7906419038772583007812500000000000000000
0.9854690432548522949218750000000000000000
1.2115609645843505859375000000000000000000
1.4696111679077148437500000000000000000000
1.7592909336090087890625000000000000000000
2.0791349411010742187500000000000000000000
2.4264898300170898437500000000000000000000
2.7975401878356933593750000000000000000000
3.1874120235443115234375000000000000000000
3.5903563499450683593750000000000000000000
4.0000000000000000000000000000000000000000
3.0000000000000000000000000000000000000000
2.6927673816680908203125000000000000000000
2.3905589580535888671875000000000000000000
2.0981550216674804687500000000000000000000
1.8198673725128173828125000000000000000000
1.5593508481979370117187500000000000000000
1.3194681406021118164062500000000000000000
1.1022083759307861328125000000000000000000
0.9086707234382629394531250000000000000000
0.7391016483306884765625000000000000000000
0.5929814577102661132812500000000000000000
0.4691466391086578369140625000000000000000
0.3659353256225585937500000000000000000000
0.2813399434089660644531250000000000000000
0.2131560742855072021484375000000000000000
0.1591166555881500244140625000000000000000
0.1170040518045425415039062500000000000000
0.0847368985414505004882812500000000000000
0.0604299493134021759033203125000000000000
0.0424291007220745086669921875000000000000
0.0293246656656265258789062500000000000000
0.0199474338442087173461914062500000000000
0.0133522320538759231567382812500000000000
0.0087935114279389381408691406250000000000
0.0056969448924064636230468750000000000000
0.0036301303189247846603393554687500000000
0.0022747425828129053115844726562500000000
0.0014015259221196174621582031250000000000
0.0008489012834616005420684814453125000000
0.0005053915665484964847564697265625000000
0.0002956922980956733226776123046875000000
0.0001699880958767607808113098144531250000
0.0000960035686148330569267272949218750000
0.0000532560407009441405534744262695312500
0.0000290123953163856640458106994628906250
0.0000155185261974111199378967285156250000
0.0000081486741692060604691505432128906250
0.0000041996177060354966670274734497070312
0.0000021239106899884063750505447387695312
0.0000010538735750742489472031593322753906
0.0000005129816145199583843350410461425781
0.0000002449316696129244519397616386413574
0.0000001147272783441621868405491113662720
0.0000000527480317202844162238761782646179
0.0000000238429898047343158395960927009583
0.0000000106401962796098814578726887702942
0.0000000047386068402488490391988307237625
0.0000000021666759497662724243127740919590
0.0000000010976199948942166884080506861210
0.0000000007345181129991829038772266358137
0.0000000007981489913433392757724504917860
0.0000000013418597344383442759863100945950
0.0000000027906366106833502271911129355431
0.0000000062288365576534943102160468697548
0.0000000141009746101872224244289100170135
0.0000000317059303256428393069654703140259
0.0000000702464362234422878827899694442749
0.0000001528855761989689199253916740417480
0.0000003264915449108229950070381164550781
0.0000006838916419837914872914552688598633
0.0000014050808658794267103075981140136719
0.0000028317974738456541672348976135253906
0.0000055994078138610348105430603027343750
0.0000108648173409164883196353912353515625
0.0000206912882276810705661773681640625000
0.0000386831161449663341045379638671875000
0.0000710079912096261978149414062500000000
0.0001280046999454498291015625000000000000
0.0002266507653985172510147094726562500000
0.0003942563780583441257476806640625000000
0.0006738554802723228931427001953125000000
0.0011318684555590152740478515625000000000
0.0018687013071030378341674804687500000000
0.0030329902656376361846923828125000000000
0.0048401742242276668548583984375000000000
0.0075959279201924800872802734375000000000
0.0117246843874454498291015625000000000000
0.0178029779344797134399414062500000000000
0.0265965815633535385131835937500000000000
0.0390995591878890991210937500000000000000
0.0565721392631530761718750000000000000000
0.0805732682347297668457031250000000000000
0.1129825264215469360351562500000000000000
0.1560054123401641845703125000000000000000
0.2121555805206298828125000000000000000000
0.2842081487178802490234375000000000000000
0.3751199543476104736328125000000000000000
0.4879137873649597167968750000000000000000
0.6255288124084472656250000000000000000000
0.7906419038772583007812500000000000000000
0.9854690432548522949218750000000000000000
1.2115609645843505859375000000000000000000
1.4696111679077148437500000000000000000000
1.7592909336090087890625000000000000000000
2.0791349411010742187500000000000000000000
2.4264898300170898437500000000000000000000
2.7975401878356933593750000000000000000000
3.1874120235443115234375000000000000000000
3.5903563499450683593750000000000000000000
4.0000000000000000000000000000000000000000
3.0000000000000000000000000000000000000000
2.6927673816680908203125000000000000000000
2.3905589580535888671875000000000000000000
2.0981550216674804687500000000000000000000
1.8198673725128173828125000000000000000000
1.5593508481979370117187500000000000000000
1.3194681406021118164062500000000000000000
1.1022083759307861328125000000000000000000
0.9086707234382629394531250000000000000000
0.7391016483306884765625000000000000000000
0.5929814577102661132812500000000000000000
0.4691466391086578369140625000000000000000
0.3659353256225585937500000000000000000000
0.2813399434089660644531250000000000000000
0.2131561040878295898437500000000000000000
0.1591166555881500244140625000000000000000
0.1170040518045425415039062500000000000000
0.0847368985414505004882812500000000000000
0.0604299493134021759033203125000000000000
0.0424291007220745086669921875000000000000
0.0293246656656265258789062500000000000000
0.0199474338442087173461914062500000000000
0.0133522320538759231567382812500000000000
0.0087935123592615127563476562500000000000
0.0056969448924064636230468750000000000000
0.0036301303189247846603393554687500000000
0.0022747430484741926193237304687500000000
0.0014015261549502611160278320312500000000
0.0008489016327075660228729248046875000000
0.0005053918575868010520935058593750000000
0.0002956925891339778900146484375000000000
0.0001699883869150653481483459472656250000
0.0000960038523771800100803375244140625000
0.0000532563244632910937070846557617187500
0.0000290126772597432136535644531250000000
0.0000155188099597580730915069580078125000
0.0000081489588410477153956890106201171875
0.0000041999023778771515935659408569335938
0.0000021241953618300613015890121459960938
0.0000010541582469159038737416267395019531
0.0000005132662863616133108735084533691406
0.0000002452162846111605176702141761779785
0.0000001150119004478256101720035076141357
0.0000000530326573766615183558315038681030
0.0000000241276101320408997708000242710114
0.0000000109248166069164653890766203403473
0.0000000050232284998230625205906108021736
0.0000000024512973872958809806732460856438
0.0000000013822413214015227822528686374426
0.0000000010191395505287914602376986294985
0.0000000010827704288729478321329224854708
0.0000000016264809499233479073154740035534
0.0000000030752578261683538585202768445015
0.0000000065134573290492880914825946092606
0.0000000143855967138506457558833062648773
0.0000000319905488765925838379189372062683
0.0000000705310441162509960122406482696533
0.0000001531702054080597008578479290008545
0.0000003267761599090590607374906539916992
0.0000006841762001386086922138929367065430
0.0000014053654240342439152300357818603516
0.0000028320819183136336505413055419921875
0.0000055996920309553388506174087524414062
0.0000108651020127581432461738586425781250
0.0000206915738090174272656440734863281250
0.0000386834035452920943498611450195312500
0.0000710082676960155367851257324218750000
0.0001280049909837543964385986328125000000
0.0002266510418849065899848937988281250000
0.0003942566982004791498184204101562500000
0.0006738556548953056335449218750000000000
0.0011318686883896589279174804687500000000
0.0018687017727643251419067382812500000000
0.0030329907312989234924316406250000000000
0.0048401746898889541625976562500000000000
0.0075959279201924800872802734375000000000
0.0117246843874454498291015625000000000000
0.0178029779344797134399414062500000000000
0.0265965815633535385131835937500000000000
0.0390995591878890991210937500000000000000
0.0565721392631530761718750000000000000000
0.0805732682347297668457031250000000000000
0.1129825264215469360351562500000000000000
0.1560054123401641845703125000000000000000
0.2121555805206298828125000000000000000000
0.2842081487178802490234375000000000000000
0.3751199543476104736328125000000000000000
0.4879137873649597167968750000000000000000
0.6255288124084472656250000000000000000000
0.7906419038772583007812500000000000000000
0.9854690432548522949218750000000000000000
1.2115609645843505859375000000000000000000
1.4696111679077148437500000000000000000000
1.7592909336090087890625000000000000000000
2.0791349411010742187500000000000000000000
2.4264898300170898437500000000000000000000
2.7975401878356933593750000000000000000000
3.1874120235443115234375000000000000000000
3.5903563499450683593750000000000000000000
4.0000000000000000000000000000000000000000
3.0000000000000000000000000000000000000000
2.6927673816680908203125000000000000000000
2.3905589580535888671875000000000000000000
2.0981550216674804687500000000000000000000
1.8198673725128173828125000000000000000000
1.5593508481979370117187500000000000000000
1.3194681406021118164062500000000000000000
1.1022083759307861328125000000000000000000
0.9086707234382629394531250000000000000000
0.7391016483306884765625000000000000000000
0.5929814577102661132812500000000000000000
0.4691466391086578369140625000000000000000
0.3659353554248809814453125000000000000000
0.2813399434089660644531250000000000000000
0.2131561040878295898437500000000000000000
0.1591166555881500244140625000000000000000
0.1170040518045425415039062500000000000000
0.0847368985414505004882812500000000000000
0.0604299493134021759033203125000000000000
0.0424291007220745086669921875000000000000
0.0293246656656265258789062500000000000000
0.0199474338442087173461914062500000000000
0.0133522329851984977722167968750000000000
0.0087935123592615127563476562500000000000
0.0056969467550516128540039062500000000000
0.0036301319487392902374267578125000000000
0.0022747437469661235809326171875000000000
0.0014015268534421920776367187500000000000
0.0008489022147841751575469970703125000000
0.0005053925560787320137023925781250000000
0.0002956933458335697650909423828125000000
0.0001699891145108267664909362792968750000
0.0000960045872488990426063537597656250000
0.0000532570520590525120496749877929687500
0.0000290134084934834390878677368164062500
0.0000155195411934982985258102416992187500
0.0000081496882557985372841358184814453125
0.0000042006313378806225955486297607421875
0.0000021249247765808831900358200073242188
0.0000010548876616667257621884346008300781
0.0000005139956442690163385123014450073242
0.0000002459457277836918365210294723510742
0.0000001157413080932201410178095102310181
0.0000000537620579166286916006356477737427
0.0000000248570071192943942151032388210297
0.0000000116542127059915401332546025514603
0.0000000057526245988981372647685930132866
0.0000000031806930422817458747886121273041
0.0000000021116375314988999889465048909187
0.0000000017485355385815637419000267982483
0.0000000018121664169257201137952506542206
0.0000000023558770489984226514934562146664
0.0000000038046534811542187526356428861618
0.0000000072428534281243628356605768203735
0.0000000151149954774609796004369854927063
0.0000000327199423111323994817212224006653
0.0000000712604446562181692570447921752930
0.0000001538996059480268741026520729064941
0.0000003275055178164620883762836456298828
0.0000006849055580460117198526859283447266
0.0000014060947250982280820608139038085938
0.0000028328115604381309822201728820800781
0.0000056004209909588098526000976562500000
0.0000108658314275089651346206665039062500
0.0000206923032237682491540908813476562500
0.0000386841311410535126924514770507812500
0.0000710089952917769551277160644531250000
0.0001280057185795158147811889648437500000
0.0002266517549287527799606323242187500000
0.0003942573966924101114273071289062500000
0.0006738564698025584220886230468750000000
0.0011318693868815898895263671875000000000
0.0018687022384256124496459960937500000000
0.0030329911969602108001708984375000000000
0.0048401751555502414703369140625000000000
0.0075959279201924800872802734375000000000
0.0117246862500905990600585937500000000000
0.0178029797971248626708984375000000000000
0.0265965815633535385131835937500000000000
0.0390995591878890991210937500000000000000
0.0565721392631530761718750000000000000000
0.0805732682347297668457031250000000000000
0.1129825264215469360351562500000000000000
0.1560054123401641845703125000000000000000
0.2121555805206298828125000000000000000000
0.2842081487178802490234375000000000000000
0.3751199543476104736328125000000000000000
0.4879137873649597167968750000000000000000
0.6255288124084472656250000000000000000000
0.7906419038772583007812500000000000000000
0.9854690432548522949218750000000000000000
1.2115610837936401367187500000000000000000
1.4696111679077148437500000000000000000000
1.7592909336090087890625000000000000000000
2.0791349411010742187500000000000000000000
2.4264898300170898437500000000000000000000
2.7975401878356933593750000000000000000000
3.1874120235443115234375000000000000000000
3.5903563499450683593750000000000000000000
4.0000000000000000000000000000000000000000
3.0000000000000000000000000000000000000000
2.6927673816680908203125000000000000000000
2.3905589580535888671875000000000000000000
2.0981550216674804687500000000000000000000
1.8198673725128173828125000000000000000000
1.5593508481979370117187500000000000000000
1.3194681406021118164062500000000000000000
1.1022083759307861328125000000000000000000
0.9086707234382629394531250000000000000000
0.7391016483306884765625000000000000000000
0.5929814577102661132812500000000000000000
0.4691466391086578369140625000000000000000
0.3659353554248809814453125000000000000000
0.2813399434089660644531250000000000000000
0.2131561338901519775390625000000000000000
0.1591166704893112182617187500000000000000
0.1170040518045425415039062500000000000000
0.0847368985414505004882812500000000000000
0.0604299493134021759033203125000000000000
0.0424291044473648071289062500000000000000
0.0293246693909168243408203125000000000000
0.0199474357068538665771484375000000000000
0.0133522329851984977722167968750000000000
0.0087935160845518112182617187500000000000
0.0056969481520354747772216796875000000000
0.0036301328800618648529052734375000000000
0.0022747453767806291580200195312500000000
0.0014015285996720194816589355468750000000
0.0008489039610140025615692138671875000000
0.0005053943023085594177246093750000000000
0.0002956950629595667123794555664062500000
0.0001699908461887389421463012695312500000
0.0000960063189268112182617187500000000000
0.0000532587691850494593381881713867187500
0.0000290151328954380005598068237304687500
0.0000155212601384846493601799011230468750
0.0000081514099292689934372901916503906250
0.0000042023525566037278622388839721679688
0.0000021266455405566375702619552612304688
0.0000010566085393293178640305995941162109
0.0000005157166924618650227785110473632812
0.0000002476667191331216599792242050170898
0.0000001174623349697867524810135364532471
0.0000000554830776877679454628378152847290
0.0000000265780268904336480773054063320160
0.0000000133752324771307939954567700624466
0.0000000074736439259481812769081443548203
0.0000000049017123693317898869281634688377
0.0000000038326573026381538511486724019051
0.0000000034695553097208176041021943092346
0.0000000035331857439757641259348019957542
0.0000000040768965980930715886643156409264
0.0000000055256736963826824649004265666008
0.0000000089638731992636166978627443313599
0.0000000168360116958865546621382236480713
0.0000000344409620822716533439233899116516
0.0000000729814644273574231192469596862793
0.0000001556206257191661279648542404174805
0.0000003292265660093107726424932479858398
0.0000006866266062388604041188955307006836
0.0000014078157164476579055190086364746094
0.0000028345323244138853624463081359863281
0.0000056021426644292660057544708251953125
0.0000108675521914847195148468017578125000
0.0000206940239877440035343170166015625000
0.0000386858519050292670726776123046875000
0.0000710107124177739024162292480468750000
0.0001280074357055127620697021484375000000
0.0002266534866066649556159973144531250000
0.0003942591138184070587158203125000000000
0.0006738580996170639991760253906250000000
0.0011318712495267391204833984375000000000
0.0018687039846554398536682128906250000000
0.0030329930596053600311279296875000000000
0.0048401765525341033935546875000000000000
0.0075959302484989166259765625000000000000
0.0117246881127357482910156250000000000000
0.0178029797971248626708984375000000000000
0.0265965852886438369750976562500000000000
0.0390995629131793975830078125000000000000
0.0565721467137336730957031250000000000000
0.0805732682347297668457031250000000000000
0.1129825338721275329589843750000000000000
0.1560054123401641845703125000000000000000
0.2121555805206298828125000000000000000000
0.2842081487178802490234375000000000000000
0.3751199543476104736328125000000000000000
0.4879137873649597167968750000000000000000
0.6255288124084472656250000000000000000000
0.7906419038772583007812500000000000000000
0.9854690432548522949218750000000000000000
1.2115610837936401367187500000000000000000
1.4696111679077148437500000000000000000000
1.7592909336090087890625000000000000000000
2.0791349411010742187500000000000000000000
2.4264898300170898437500000000000000000000
2.7975401878356933593750000000000000000000
3.1874120235443115234375000000000000000000
3.5903563499450683593750000000000000000000
4.0000000000000000000000000000000000000000
3.0000000000000000000000000000000000000000
2.6927673816680908203125000000000000000000
2.3905589580535888671875000000000000000000
2.0981550216674804687500000000000000000000
1.8198673725128173828125000000000000000000
1.5593508481979370117187500000000000000000
1.3194681406021118164062500000000000000000
1.1022083759307861328125000000000000000000
0.9086707234382629394531250000000000000000
0.7391017079353332519531250000000000000000
0.5929814577102661132812500000000000000000
0.4691466391086578369140625000000000000000
0.3659353554248809814453125000000000000000
0.2813399434089660644531250000000000000000
0.2131561338901519775390625000000000000000
0.1591166704893112182617187500000000000000
0.1170040592551231384277343750000000000000
0.0847368985414505004882812500000000000000
0.0604299493134021759033203125000000000000
0.0424291118979454040527343750000000000000
0.0293246712535619735717773437500000000000
0.0199474412947893142700195312500000000000
0.0133522357791662216186523437500000000000
0.0087935198098421096801757812500000000000
0.0056969523429870605468750000000000000000
0.0036301370710134506225585937500000000000
0.0022747493349015712738037109375000000000
0.0014015323249623179435729980468750000000
0.0008489078609272837638854980468750000000
0.0005053982604295015335083007812500000000
0.0002956989628728479146957397460937500000
0.0001699947897577658295631408691406250000
0.0000960102479439228773117065429687500000
0.0000532627091160975396633148193359375000
0.0000290190691885072737932205200195312500
0.0000155251982505433261394500732421875000
0.0000081553462223382666707038879394531250
0.0000042062893044203519821166992187500000
0.0000021305825157469371333718299865722656
0.0000010605454008327797055244445800781250
0.0000005196534971219080034643411636352539
0.0000002516035237931646406650543212890625
0.0000001213990969972655875608325004577637
0.0000000594198645842425321461632847785950
0.0000000305148155632650741608813405036926
0.0000000173120238144974791794084012508392
0.0000000114104334869580270606093108654022
0.0000000088385023744308455206919461488724
0.0000000077694464195587897847872227430344
0.0000000074063444266414535377407446503639
0.0000000074699757490748197596985846757889
0.0000000080136866031921272224280983209610
0.0000000094624628133033183985389769077301
0.0000000129006618720950427814386785030365
0.0000000207728021450748201459646224975586
0.0000000383777525314599188277497887611389
0.0000000769182548765456886030733585357666
0.0000001595574019574996782466769218444824
0.0000003331633706693537533283233642578125
0.0000006905634108989033848047256469726562
0.0000014117525779511197470128536224365234
0.0000028384690722305094823241233825683594
0.0000056060789574985392391681671142578125
0.0000108714893940486945211887359619140625
0.0000206979602808132767677307128906250000
0.0000386897918360773473978042602539062500
0.0000710146559868007898330688476562500000
0.0001280113792745396494865417480468750000
0.0002266574156237766146659851074218750000
0.0003942630137316882610321044921875000000
0.0006738620577380061149597167968750000000
0.0011318752076476812362670898437500000000
0.0018687078263610601425170898437500000000
0.0030329972505569458007812500000000000000
0.0048401812091469764709472656250000000000
0.0075959349051117897033691406250000000000
0.0117246927693486213684082031250000000000
0.0178029835224151611328125000000000000000
0.0265965871512889862060546875000000000000
0.0390995666384696960449218750000000000000
0.0565721467137336730957031250000000000000
0.0805732756853103637695312500000000000000
0.1129825338721275329589843750000000000000
0.1560054272413253784179687500000000000000
0.2121555805206298828125000000000000000000
0.2842081785202026367187500000000000000000
0.3751199543476104736328125000000000000000
0.4879137873649597167968750000000000000000
0.6255288124084472656250000000000000000000
0.7906419038772583007812500000000000000000
0.9854690432548522949218750000000000000000
1.2115610837936401367187500000000000000000
1.4696114063262939453125000000000000000000
1.7592909336090087890625000000000000000000
2.0791349411010742187500000000000000000000
2.4264898300170898437500000000000000000000
2.7975401878356933593750000000000000000000
3.1874120235443115234375000000000000000000
3.5903563499450683593750000000000000000000
4.0000000000000000000000000000000000000000
3.0000000000000000000000000000000000000000
2.6927673816680908203125000000000000000000
2.3905589580535888671875000000000000000000
2.0981550216674804687500000000000000000000
1.8198673725128173828125000000000000000000
1.5593508481979370117187500000000000000000
1.3194681406021118164062500000000000000000
1.1022083759307861328125000000000000000000
0.9086707234382629394531250000000000000000
0.7391017079353332519531250000000000000000
0.5929814577102661132812500000000000000000
0.4691466391086578369140625000000000000000
0.3659353554248809814453125000000000000000
0.2813399434089660644531250000000000000000
0.2131561338901519775390625000000000000000
0.1591166853904724121093750000000000000000
0.1170040741562843322753906250000000000000
0.0847369134426116943359375000000000000000
0.0604299679398536682128906250000000000000
0.0424291193485260009765625000000000000000
0.0293246842920780181884765625000000000000
0.0199474487453699111938476562500000000000
0.0133522469550371170043945312500000000000
0.0087935272604227066040039062500000000000
0.0056969607248902320861816406250000000000
0.0036301459185779094696044921875000000000
0.0022747577168047428131103515625000000000
0.0014015414053574204444885253906250000000
0.0008489167084917426109313964843750000000
0.0005054070497862994670867919921875000000
0.0002957077813334763050079345703125000000
0.0001700035791145637631416320800781250000
0.0000960190373007208108901977539062500000
0.0000532715130248107016086578369140625000
0.0000290278730972204357385635375976562500
0.0000155340003402670845389366149902343750
0.0000081641483120620250701904296875000000
0.0000042150923036388121545314788818359375
0.0000021393855149653973057866096496582031
0.0000010693481726775644347071647644042969
0.0000005284562121232738718390464782714844
0.0000002604062387945305090397596359252930
0.0000001302018404203408863395452499389648
0.0000000682225973491767945233732461929321
0.0000000393175518809130153385922312736511
0.0000000261147619085022597573697566986084
0.0000000202131733573196470388211309909821
0.0000000176412413566140457987785339355469
0.0000000165721854017419900628738105297089
0.0000000162090838529138636658899486064911
0.0000000162727147312580200377851724624634
0.0000000168164255853753275005146861076355
0.0000000182652009073080989765003323554993
0.0000000217034017424566627596504986286163
0.0000000295755402390796007239259779453278
0.0000000471804888491078600054606795310974
0.0000000857209982996209873817861080169678
0.0000001683601453805749770253896713256836
0.0000003419660856707196217030286788940430
0.0000006993660690568503923714160919189453
0.0000014205554634827421978116035461425781
0.0000028472718440752942115068435668945312
0.0000056148819567169994115829467773437500
0.0000108802923932671546936035156250000000
0.0000207067623705370351672172546386718750
0.0000386985957447905093431472778320312500
0.0000710234598955139517784118652343750000
0.0001280201540794223546981811523437500000
0.0002266662486363202333450317382812500000
0.0003942718321923166513442993164062500000
0.0006738709053024649620056152343750000000
0.0011318838223814964294433593750000000000
0.0018687166739255189895629882812500000000
0.0030330056324601173400878906250000000000
0.0048401900567114353179931640625000000000
0.0075959437526762485504150390625000000000
0.0117247011512517929077148437500000000000
0.0178029946982860565185546875000000000000
0.0265965964645147323608398437500000000000
0.0390995740890502929687500000000000000000
0.0565721578896045684814453125000000000000
0.0805732831358909606933593750000000000000
0.1129825487732887268066406250000000000000
0.1560054421424865722656250000000000000000
0.2121555805206298828125000000000000000000
0.2842082381248474121093750000000000000000
0.3751199841499328613281250000000000000000
0.4879137873649597167968750000000000000000
0.6255289316177368164062500000000000000000
0.7906419038772583007812500000000000000000
0.9854690432548522949218750000000000000000
1.2115610837936401367187500000000000000000
1.4696114063262939453125000000000000000000
1.7592909336090087890625000000000000000000
2.0791349411010742187500000000000000000000
2.4264898300170898437500000000000000000000
2.7975401878356933593750000000000000000000
3.1874120235443115234375000000000000000000
3.5903563499450683593750000000000000000000
4.0000000000000000000000000000000000000000
3.0000000000000000000000000000000000000000
2.6927673816680908203125000000000000000000
2.3905589580535888671875000000000000000000
2.0981550216674804687500000000000000000000
1.8198673725128173828125000000000000000000
1.5593508481979370117187500000000000000000
1.3194681406021118164062500000000000000000
1.1022083759307861328125000000000000000000
0.9086707234382629394531250000000000000000
0.7391017079353332519531250000000000000000
0.5929814577102661132812500000000000000000
0.4691466391086578369140625000000000000000
0.3659353852272033691406250000000000000000
0.2813399732112884521484375000000000000000
0.2131561785936355590820312500000000000000
0.1591167151927947998046875000000000000000
0.1170040965080261230468750000000000000000
0.0847369283437728881835937500000000000000
0.0604299828410148620605468750000000000000
0.0424291379749774932861328125000000000000
0.0293247010558843612670898437500000000000
0.0199474673718214035034179687500000000000
0.0133522674441337585449218750000000000000
0.0087935486808419227600097656250000000000
0.0056969807483255863189697265625000000000
0.0036301654763519763946533203125000000000
0.0022747772745788097381591796875000000000
0.0014015606138855218887329101562500000000
0.0008489360916428267955780029296875000000
0.0005054263165220618247985839843750000000
0.0002957270189654082059860229492187500000
0.0001700228312984108924865722656250000000
0.0000960383185883983969688415527343750000
0.0000532907797605730593204498291015625000
0.0000290471398329827934503555297851562500
0.0000155532725329976528882980346679687500
0.0000081834195952978916466236114501953125
0.0000042343626773799769580364227294921875
0.0000021586558887065621092915534973144531
0.0000010886185464187292382121086120605469
0.0000005477265290210198145359754562377930
0.0000002796766125356953125447034835815430
0.0000001494721857397962594404816627502441
0.0000000874929497740595252253115177154541
0.0000000585878972003683884395286440849304
0.0000000453851036752439540578052401542664
0.0000000394835204531318595400080084800720
0.0000000369115902287830977002158761024475
0.0000000358425324975542025640606880187988
0.0000000354794309487260761670768260955811
0.0000000355430600507133931387215852737427
0.0000000360867709048307006014510989189148
0.0000000375355462267634720774367451667786
0.0000000409737488382688752608373761177063
0.0000000488458837821781344246119260787964
0.0000000664508306158495543058961629867554
0.0000001049913294082216452807188034057617
0.0000001876304907000303501263260841369629
0.0000003612364594118844252079725265502930
0.0000007186364427980151958763599395751953
0.0000014398258372239070013165473937988281
0.0000028665422178164590150117874145507812
0.0000056341523304581642150878906250000000
0.0000108995618575136177241802215576171875
0.0000207260327442781999707221984863281250
0.0000387178624805528670549392700195312500
0.0000710427266312763094902038574218750000
0.0001280394499190151691436767578125000000
0.0002266855008201673626899719238281250000
0.0003942910698242485523223876953125000000
0.0006738900556229054927825927734375000000
0.0011319031473249197006225585937500000000
0.0018687359988689422607421875000000000000
0.0030330249574035406112670898437500000000
0.0048402091488242149353027343750000000000
0.0075959628447890281677246093750000000000
0.0117247207090258598327636718750000000000
0.0178030114620923995971679687500000000000
0.0265966169536113739013671875000000000000
0.0390995927155017852783203125000000000000
0.0565721802413463592529296875000000000000
0.0805732980370521545410156250000000000000
0.1129825711250305175781250000000000000000
0.1560054570436477661132812500000000000000
0.2121556103229522705078125000000000000000
0.2842082381248474121093750000000000000000
0.3751199841499328613281250000000000000000
0.4879137873649597167968750000000000000000
0.6255289316177368164062500000000000000000
0.7906419038772583007812500000000000000000
0.9854690432548522949218750000000000000000
1.2115610837936401367187500000000000000000
1.4696114063262939453125000000000000000000
1.7592909336090087890625000000000000000000
2.0791349411010742187500000000000000000000
2.4264898300170898437500000000000000000000
2.7975401878356933593750000000000000000000
3.1874120235443115234375000000000000000000
3.5903563499450683593750000000000000000000
4.0000000000000000000000000000000000000000
3.0000000000000000000000000000000000000000
2.6927673816680908203125000000000000000000
2.3905589580535888671875000000000000000000
2.0981552600860595703125000000000000000000
1.8198673725128173828125000000000000000000
1.5593508481979370117187500000000000000000
1.3194681406021118164062500000000000000000
1.1022083759307861328125000000000000000000
0.9086707234382629394531250000000000000000
0.7391017079353332519531250000000000000000
0.5929814577102661132812500000000000000000
0.4691466689109802246093750000000000000000
0.3659353852272033691406250000000000000000
0.2813400328159332275390625000000000000000
0.2131561785936355590820312500000000000000
0.1591167449951171875000000000000000000000
0.1170041337609291076660156250000000000000
0.0847369581460952758789062500000000000000
0.0604300200939178466796875000000000000000
0.0424291789531707763671875000000000000000
0.0293247438967227935791015625000000000000
0.0199475102126598358154296875000000000000
0.0133523093536496162414550781250000000000
0.0087935896590352058410644531250000000000
0.0056970217265188694000244140625000000000
0.0036302066873759031295776367187500000000
0.0022748189512640237808227539062500000000
0.0014016020577400922775268554687500000000
0.0008489773608744144439697265625000000000
0.0005054675857536494731903076171875000000
0.0002957683464046567678451538085937500000
0.0001700641732895746827125549316406250000
0.0000960796387516893446445465087890625000
0.0000533321071998216211795806884765625000
0.0000290884581772843375802040100097656250
0.0000155945908772991970181465148925781250
0.0000082247397585888393223285675048828125
0.0000042756823859235737472772598266601562
0.0000021999755972501588985323905944824219
0.0000011299381412754883058369159698486328
0.0000005890461807211977429687976837158203
0.0000003209962073924543801695108413696289
0.0000001907917948074100422672927379608154
0.0000001288125588416733080521225929260254
0.0000000999075169261232076678425073623657
0.0000000867047234009987732861191034317017
0.0000000808031330734593211673200130462646
0.0000000782312028491105593275278806686401
0.0000000771621415651679853908717632293701
0.0000000767990400163398589938879013061523
0.0000000768626762237545335665345191955566
0.0000000774063835251581622287631034851074
0.0000000788551588470909337047487497329712
0.0000000822933543531689792871475219726562
0.0000000901654928497919172514230012893677
0.0000001077704396834633371327072381973267
0.0000001463109526866901433095335960388184
0.0000002289500997676441329531371593475342
0.0000004025560542686434928327798843383789
0.0000007599561513416119851171970367431641
0.0000014811454320806660689413547515869141
0.0000029078621537337312474846839904785156
0.0000056754715842544101178646087646484375
0.0000109408811113098636269569396972656250
0.0000207673492695903405547142028808593750
0.0000387591790058650076389312744140625000
0.0000710840395186096429824829101562500000
0.0001280807482544332742691040039062500000
0.0002267267991555854678153991699218750000
0.0003943323972634971141815185546875000000
0.0006739313248544931411743164062500000000
0.0011319443583488464355468750000000000000
0.0018687772098928689956665039062500000000
0.0030330664012581110000610351562500000000
0.0048402501270174980163574218750000000000
0.0075960038229823112487792968750000000000
0.0117247607558965682983398437500000000000
0.0178030524402856826782226562500000000000
0.0265966560691595077514648437500000000000
0.0390996374189853668212890625000000000000
0.0565722174942493438720703125000000000000
0.0805733427405357360839843750000000000000
0.1129826083779335021972656250000000000000
0.1560054719448089599609375000000000000000
0.2121556252241134643554687500000000000000
0.2842082381248474121093750000000000000000
0.3751199841499328613281250000000000000000
0.4879137873649597167968750000000000000000
0.6255289316177368164062500000000000000000
0.7906419038772583007812500000000000000000
0.9854690432548522949218750000000000000000
1.2115610837936401367187500000000000000000
1.4696114063262939453125000000000000000000
1.7592909336090087890625000000000000000000
2.0791349411010742187500000000000000000000
2.4264898300170898437500000000000000000000
2.7975401878356933593750000000000000000000
3.1874120235443115234375000000000000000000
3.5903563499450683593750000000000000000000
4.0000000000000000000000000000000000000000
3.0000000000000000000000000000000000000000
2.6927673816680908203125000000000000000000
2.3905591964721679687500000000000000000000
2.0981552600860595703125000000000000000000
1.8198673725128173828125000000000000000000
1.5593509674072265625000000000000000000000
1.3194682598114013671875000000000000000000
1.1022083759307861328125000000000000000000
0.9086707234382629394531250000000000000000
0.7391017675399780273437500000000000000000
0.5929815173149108886718750000000000000000
0.4691467285156250000000000000000000000000
0.3659354448318481445312500000000000000000
0.2813400924205780029296875000000000000000
0.2131562680006027221679687500000000000000
0.1591168344020843505859375000000000000000
0.1170042157173156738281250000000000000000
0.0847370624542236328125000000000000000000
0.0604301095008850097656250000000000000000
0.0424292646348476409912109375000000000000
0.0293248295783996582031250000000000000000
0.0199475977569818496704101562500000000000
0.0133523941040039062500000000000000000000
0.0087936762720346450805664062500000000000
0.0056971083395183086395263671875000000000
0.0036302935332059860229492187500000000000
0.0022749053314328193664550781250000000000
0.0014016889035701751708984375000000000000
0.0008490640902891755104064941406250000000
0.0005055543733760714530944824218750000000
0.0002958551340270787477493286132812500000
0.0001701509754639118909835815429687500000
0.0000961664336500689387321472167968750000
0.0000534189057361800223588943481445312500
0.0000291752621706109493970870971679687500
0.0000156813948706258088350296020507812500
0.0000083115419329260475933551788330078125
0.0000043624850150081329047679901123046875
0.0000022867784537083934992551803588867188
0.0000012167412251073983497917652130126953
0.0000006758490940228512044996023178100586
0.0000004077992343809455633163452148437500
0.0000002775947791633370798081159591674805
0.0000002156155716193097759969532489776611
0.0000001867104941766228876076638698577881
0.0000001735077148623531684279441833496094
0.0000001676061316402410739101469516754150
0.0000001650341943104649544693529605865479
0.0000001639651401319497381336987018585205
0.0000001636020243722668965347111225128174
0.0000001636656605796815711073577404022217
0.0000001642093678810851997695863246917725
0.0000001656581503084453288465738296508789
0.0000001690963529199507320299744606018066
0.0000001769684843111463123932480812072754
0.0000001945734311448177322745323181152344
0.0000002331139228317624656483530998229980
0.0000003157530841235711704939603805541992
0.0000004893590244137158151715993881225586
0.0000008467591214866843074560165405273438
0.0000015679485159125761128962039947509766
0.0000029946647828182904049754142761230469
0.0000057622742133389692753553390502929688
0.0000110276841951417736709117889404296875
0.0000208541569008957594633102416992187500
0.0000388459811802022159099578857421875000
0.0000711708344169892370700836181640625000
0.0001281675358768552541732788085937500000
0.0002268136013299226760864257812500000000
0.0003944191557820886373519897460937500000
0.0006740181706845760345458984375000000000
0.0011320312041789293289184570312500000000
0.0018688639393076300621032714843750000000
0.0030331532470881938934326171875000000000
0.0048403367400169372558593750000000000000
0.0075960904359817504882812500000000000000
0.0117248483002185821533203125000000000000
0.0178031381219625473022460937500000000000
0.0265967436134815216064453125000000000000
0.0390997193753719329833984375000000000000
0.0565723069012165069580078125000000000000
0.0805734246969223022460937500000000000000
0.1129826903343200683593750000000000000000
0.1560055762529373168945312500000000000000
0.2121556997299194335937500000000000000000
0.2842083275318145751953125000000000000000
0.3751201033592224121093750000000000000000
0.4879138469696044921875000000000000000000
0.6255289912223815917968750000000000000000
0.7906419634819030761718750000000000000000
0.9854691624641418457031250000000000000000
1.2115610837936401367187500000000000000000
1.4696114063262939453125000000000000000000
1.7592909336090087890625000000000000000000
2.0791349411010742187500000000000000000000
2.4264898300170898437500000000000000000000
2.7975401878356933593750000000000000000000
3.1874120235443115234375000000000000000000
3.5903563499450683593750000000000000000000
4.0000000000000000000000000000000000000000
3.0000000000000000000000000000000000000000
2.6927673816680908203125000000000000000000
2.3905591964721679687500000000000000000000
2.0981554985046386718750000000000000000000
1.8198673725128173828125000000000000000000
1.5593509674072265625000000000000000000000
1.3194682598114013671875000000000000000000
1.1022083759307861328125000000000000000000
0.9086710214614868164062500000000000000000
0.7391019463539123535156250000000000000000
0.5929816365242004394531250000000000000000
0.4691469073295593261718750000000000000000
0.3659356236457824707031250000000000000000
0.2813402712345123291015625000000000000000
0.2131564617156982421875000000000000000000
0.1591170132160186767578125000000000000000
0.1170043796300888061523437500000000000000
0.0847372338175773620605468750000000000000
0.0604302883148193359375000000000000000000
0.0424294434487819671630859375000000000000
0.0293250046670436859130859375000000000000
0.0199477747082710266113281250000000000000
0.0133525710552930831909179687500000000000
0.0087938550859689712524414062500000000000
0.0056972866877913475036621093750000000000
0.0036304716486483812332153320312500000000
0.0022750839125365018844604492187500000000
0.0014018674846738576889038085937500000000
0.0008492427878081798553466796875000000000
0.0005057330708950757980346679687500000000
0.0002960338606499135494232177734375000000
0.0001703296438790857791900634765625000000
0.0000963451311690732836723327636718750000
0.0000535976068931631743907928466796875000
0.0000293539596896152943372726440429687500
0.0000158600923896301537752151489257812500
0.0000084902412709197960793972015380859375
0.0000045411857172439340502023696899414062
0.0000024654782464494928717613220214843750
0.0000013954411315353354439139366149902344
0.0000008545492278244637418538331985473633
0.0000005864991976523015182465314865112305
0.0000004562947992781118955463171005249023
0.0000003943155775232298765331506729125977
0.0000003654105285022524185478687286376953
0.0000003522077065554185537621378898620605
0.0000003463061091224517440423369407653809
0.0000003437342002143850550055503845214844
0.0000003426651460358698386698961257934570
0.0000003423020586978964274749159812927246
0.0000003423656664836016716435551643371582
0.0000003429094022067147307097911834716797
0.0000003443581704232201445847749710083008
0.0000003477964014564349781721830368041992
0.0000003556685044259211281314492225646973
0.0000003732734228378831176087260246276855
0.0000004118139145248278509825468063354492
0.0000004944531042383459862321615219116211
0.0000006680590445284906309098005294799805
0.0000010254591416014591231942176818847656
0.0000017466484223405132070183753967285156
0.0000031733648029330652207136154174804688
0.0000059409744608274195343255996704101562
0.0000112063844426302239298820495605468750
0.0000210328544199001044034957885742187500
0.0000390246786992065608501434326171875000
0.0000713495392119511961936950683593750000
0.0001283462333958595991134643554687500000
0.0002269922697450965642929077148437500000
0.0003945978241972625255584716796875000000
0.0006741968099959194660186767578125000000
0.0011322097852826118469238281250000000000
0.0018690426368266344070434570312500000000
0.0030333313625305891036987304687500000000
0.0048405150882899761199951171875000000000
0.0075962683185935020446777343750000000000
0.0117250252515077590942382812500000000000
0.0178033150732517242431640625000000000000
0.0265969187021255493164062500000000000000
0.0390998944640159606933593750000000000000
0.0565724745392799377441406250000000000000
0.0805736035108566284179687500000000000000
0.1129828542470932006835937500000000000000
0.1560057401657104492187500000000000000000
0.2121558934450149536132812500000000000000
0.2842084765434265136718750000000000000000
0.3751202523708343505859375000000000000000
0.4879140853881835937500000000000000000000
0.6255291104316711425781250000000000000000
0.7906422019004821777343750000000000000000
0.9854691624641418457031250000000000000000
1.2115612030029296875000000000000000000000
1.4696114063262939453125000000000000000000
1.7592909336090087890625000000000000000000
2.0791349411010742187500000000000000000000
2.4264898300170898437500000000000000000000
2.7975401878356933593750000000000000000000
3.1874120235443115234375000000000000000000
3.5903563499450683593750000000000000000000
4.0000000000000000000000000000000000000000
3.0000000000000000000000000000000000000000
2.6927673816680908203125000000000000000000
2.3905591964721679687500000000000000000000
2.0981554985046386718750000000000000000000
1.8198674917221069335937500000000000000000
1.5593512058258056640625000000000000000000
1.3194683790206909179687500000000000000000
1.1022086143493652343750000000000000000000
0.9086712002754211425781250000000000000000
0.7391021251678466796875000000000000000000
0.5929819345474243164062500000000000000000
0.4691472053527832031250000000000000000000
0.3659359216690063476562500000000000000000
0.2813405692577362060546875000000000000000
0.2131567746400833129882812500000000000000
0.1591173261404037475585937500000000000000
0.1170047372579574584960937500000000000000
0.0847375839948654174804687500000000000000
0.0604306459426879882812500000000000000000
0.0424298010766506195068359375000000000000
0.0293253660202026367187500000000000000000
0.0199481341987848281860351562500000000000
0.0133529324084520339965820312500000000000
0.0087942136451601982116699218750000000000
0.0056976461783051490783691406250000000000
0.0036308323033154010772705078125000000000
0.0022754443343728780746459960937500000000
0.0014022279065102338790893554687500000000
0.0008496033260598778724670410156250000000
0.0005060936091467738151550292968750000000
0.0002963943989016115665435791015625000000
0.0001706902403384447097778320312500000000
0.0000967057276284322142601013183593750000
0.0000539581924385856837034225463867187500
0.0000297145506920060142874717712402343750
0.0000162206870299996808171272277832031250
0.0000088508368207840248942375183105468750
0.0000049017789933714084327220916748046875
0.0000028260724320716690272092819213867188
0.0000017560356582180247642099857330322266
0.0000012151438113505719229578971862792969
0.0000009470938380218285601586103439331055
0.0000008168893828042200766503810882568359
0.0000007549102178927569184452295303344727
0.0000007260051688717794604599475860595703
0.0000007128023185032361652702093124389648
0.0000007069007779136882163584232330322266
0.0000007043288974273309577256441116333008
0.0000007032597864053968805819749832153320
0.0000007028967274891328997910022735595703
0.0000007029602784314192831516265869140625
0.0000007035040425762417726218700408935547
0.0000007049528676361660473048686981201172
0.0000007083909849825431592762470245361328
0.0000007162631732171576004475355148315430
0.0000007338680916291195899248123168945312
0.0000007724085548943548928946256637573242
0.0000008550476877644541673362255096435547
0.0000010286537417414365336298942565917969
0.0000013860537819709861651062965393066406
0.0000021072428353363648056983947753906250
0.0000035339592159289168193936347961425781
0.0000063015686464495956897735595703125000
0.0000115669772640103474259376525878906250
0.0000213934454222908243536949157714843750
0.0000393852715205866843461990356445312500
0.0000717101283953525125980377197265625000
0.0001287068298552185297012329101562500000
0.0002273528371006250381469726562500000000
0.0003949584497604519128799438476562500000
0.0006745574064552783966064453125000000000
0.0011325702071189880371093750000000000000
0.0018694030586630105972290039062500000000
0.0030336920171976089477539062500000000000
0.0048408759757876396179199218750000000000
0.0075966292060911655426025390625000000000
0.0117253838106989860534667968750000000000
0.0178036745637655258178710937500000000000
0.0265972763299942016601562500000000000000
0.0391002520918846130371093750000000000000
0.0565728321671485900878906250000000000000
0.0805739611387252807617187500000000000000
0.1129832267761230468750000000000000000000
0.1560060977935791015625000000000000000000
0.2121562510728836059570312500000000000000
0.2842088341712951660156250000000000000000
0.3751205801963806152343750000000000000000
0.4879143834114074707031250000000000000000
0.6255294680595397949218750000000000000000
0.7906423807144165039062500000000000000000
0.9854694604873657226562500000000000000000
1.2115615606307983398437500000000000000000
1.4696115255355834960937500000000000000000
1.7592910528182983398437500000000000000000
2.0791351795196533203125000000000000000000
2.4264898300170898437500000000000000000000
2.7975401878356933593750000000000000000000
3.1874120235443115234375000000000000000000
3.5903563499450683593750000000000000000000
4.0000000000000000000000000000000000000000
3.0000000000000000000000000000000000000000
2.6927673816680908203125000000000000000000
2.3905591964721679687500000000000000000000
2.0981554985046386718750000000000000000000
1.8198677301406860351562500000000000000000
1.5593514442443847656250000000000000000000
1.3194687366485595703125000000000000000000
1.1022090911865234375000000000000000000000
0.9086716771125793457031250000000000000000
0.7391027212142944335937500000000000000000
0.5929825901985168457031250000000000000000
0.4691478312015533447265625000000000000000
0.3659365773200988769531250000000000000000
0.2813412547111511230468750000000000000000
0.2131574153900146484375000000000000000000
0.1591180264949798583984375000000000000000
0.1170054301619529724121093750000000000000
0.0847382768988609313964843750000000000000
0.0604313425719738006591796875000000000000
0.0424304977059364318847656250000000000000
0.0293260719627141952514648437500000000000
0.0199488438665866851806640625000000000000
0.0133536402136087417602539062500000000000
0.0087949251756072044372558593750000000000
0.0056983581744134426116943359375000000000
0.0036315445322543382644653320312500000000
0.0022761572618037462234497070312500000000
0.0014029408339411020278930664062500000000
0.0008503164863213896751403808593750000000
0.0005068068858236074447631835937500000000
0.0002971077337861061096191406250000000000
0.0001714035897748544812202453613281250000
0.0000974190625129267573356628417968750000
0.0000546715455129742622375488281250000000
0.0000304279037663945928215980529785156250
0.0000169340401043882593512535095214843750
0.0000095641935331514105200767517089843750
0.0000056151370699808467179536819458007812
0.0000035394307360547827556729316711425781
0.0000024693936211406253278255462646484375
0.0000019285018879600102081894874572753906
0.0000016604520851615234278142452239990234
0.0000015302475731004960834980010986328125
0.0000014682684650324517861008644104003906
0.0000014393633591680554673075675964355469
0.0000014261605656429310329258441925048828
0.0000014202589682099642232060432434082031
0.0000014176869171933503821492195129394531
0.0000014166180335450917482376098632812500
0.0000014162549177854089066386222839355469
0.0000014163185824145330116152763366699219
0.0000014168622328725177794694900512695312
0.0000014183110579324420541524887084960938
0.0000014217491752788191661238670349121094
0.0000014296213066700147464871406555175781
0.0000014472262819253955967724323272705078
0.0000014857669157208874821662902832031250
0.0000015684059917475678957998752593994141
0.0000017420119320377125404775142669677734
0.0000020994118585804244503378868103027344
0.0000028206009119458030909299850463867188
0.0000042473170651646796613931655883789062
0.0000070149262683116830885410308837890625
0.0000122803339763777330517768859863281250
0.0000221068003156688064336776733398437500
0.0000400986245949752628803253173828125000
0.0000724234923836775124073028564453125000
0.0001294201647397130727767944335937500000
0.0002280661865370348095893859863281250000
0.0003956716973334550857543945312500000000
0.0006752706831321120262145996093750000000
0.0011332833673804998397827148437500000000
0.0018701159860938787460327148437500000000
0.0030344049446284770965576171875000000000
0.0048415875062346458435058593750000000000
0.0075973407365381717681884765625000000000
0.0117260972037911415100097656250000000000
0.0178043842315673828125000000000000000000
0.0265979859977960586547851562500000000000
0.0391009561717510223388671875000000000000
0.0565735325217247009277343750000000000000
0.0805746689438819885253906250000000000000
0.1129839196801185607910156250000000000000
0.1560067832469940185546875000000000000000
0.2121568918228149414062500000000000000000
0.2842094600200653076171875000000000000000
0.3751212358474731445312500000000000000000
0.4879149794578552246093750000000000000000
0.6255300641059875488281250000000000000000
0.7906429171562194824218750000000000000000
0.9854699969291687011718750000000000000000
1.2115619182586669921875000000000000000000
1.4696118831634521484375000000000000000000
1.7592914104461669921875000000000000000000
2.0791354179382324218750000000000000000000
2.4264900684356689453125000000000000000000
2.7975404262542724609375000000000000000000
3.1874122619628906250000000000000000000000
3.5903563499450683593750000000000000000000
4.0000000000000000000000000000000000000000
3.0000000000000000000000000000000000000000
2.6927676200866699218750000000000000000000
2.3905594348907470703125000000000000000000
2.0981557369232177734375000000000000000000
1.8198680877685546875000000000000000000000
1.5593521595001220703125000000000000000000
1.3194695711135864257812500000000000000000
1.1022100448608398437500000000000000000000
0.9086725115776062011718750000000000000000
0.7391036748886108398437500000000000000000
0.5929836034774780273437500000000000000000
0.4691489636898040771484375000000000000000
0.3659377694129943847656250000000000000000
0.2813424468040466308593750000000000000000
0.2131587266921997070312500000000000000000
0.1591193377971649169921875000000000000000
0.1170067563652992248535156250000000000000
0.0847396180033683776855468750000000000000
0.0604327023029327392578125000000000000000
0.0424318686127662658691406250000000000000
0.0293274428695440292358398437500000000000
0.0199502166360616683959960937500000000000
0.0133550195023417472839355468750000000000
0.0087963063269853591918945312500000000000
0.0056997402571141719818115234375000000000
0.0036329268477857112884521484375000000000
0.0022775402758270502090454101562500000000
0.0014043240807950496673583984375000000000
0.0008516999660059809684753417968750000000
0.0005081905401311814785003662109375000000
0.0002984914171975106000900268554687500000
0.0001727873168420046567916870117187500000
0.0000988028332358226180076599121093750000
0.0000560553344257641583681106567382812500
0.0000318116981361526995897293090820312500
0.0000183178399311145767569541931152343750
0.0000109479933598777279257774353027343750
0.0000069989400799386203289031982421875000
0.0000049232348828809335827827453613281250
0.0000038531984500878024846315383911132812
0.0000033123064895335119217634201049804688
0.0000030442568004218628630042076110839844
0.0000029140524020476732403039932250976562
0.0000028520730666059534996747970581054688
0.0000028231684154889080673456192016601562
0.0000028099652809032704681158065795898438
0.0000028040637971571413800120353698730469
0.0000028014919735142029821872711181640625
0.0000028004228624922689050436019897460938
0.0000028000599741062615066766738891601562
0.0000028001231839880347251892089843750000
0.0000028006670618196949362754821777343750
0.0000028021156595059437677264213562011719
0.0000028055540042259963229298591613769531
0.0000028134261356171919032931327819824219
0.0000028310312245594104751944541931152344
0.0000028695717446680646389722824096679688
0.0000029522109343815827742218971252441406
0.0000031258168746717274188995361328125000
0.0000034832166875276016071438789367675781
0.0000042044057408929802477359771728515625
0.0000056311209846171550452709197998046875
0.0000083987297330168075859546661376953125
0.0000136641365315881557762622833251953125
0.0000234906001423951238393783569335937500
0.0000414824207837227731943130493164062500
0.0000738072703825309872627258300781250000
0.0001308039354626089334487915039062500000
0.0002294499136041849851608276367187500000
0.0003970554098486900329589843750000000000
0.0006766542210243642330169677734375000000
0.0011346668470650911331176757812500000000
0.0018714992329478263854980468750000000000
0.0030357872601598501205444335937500000000
0.0048429705202579498291015625000000000000
0.0075987218879163265228271484375000000000
0.0117274764925241470336914062500000000000
0.0178057644516229629516601562500000000000
0.0265993587672710418701171875000000000000
0.0391023308038711547851562500000000000000
0.0565749034285545349121093750000000000000
0.0805760249495506286621093750000000000000
0.1129852682352066040039062500000000000000
0.1560081094503402709960937500000000000000
0.2121582329273223876953125000000000000000
0.2842107713222503662109375000000000000000
0.3751224577426910400390625000000000000000
0.4879162311553955078125000000000000000000
0.6255311965942382812500000000000000000000
0.7906440496444702148437500000000000000000
0.9854709506034851074218750000000000000000
1.2115631103515625000000000000000000000000
1.4696128368377685546875000000000000000000
1.7592923641204833984375000000000000000000
2.0791358947753906250000000000000000000000
2.4264907836914062500000000000000000000000
2.7975406646728515625000000000000000000000
3.1874125003814697265625000000000000000000
3.5903568267822265625000000000000000000000
4.0000000000000000000000000000000000000000
3.0000000000000000000000000000000000000000
2.6927678585052490234375000000000000000000
2.3905596733093261718750000000000000000000
2.0981566905975341796875000000000000000000
1.8198692798614501953125000000000000000000
1.5593533515930175781250000000000000000000
1.3194711208343505859375000000000000000000
1.1022117137908935546875000000000000000000
0.9086745381355285644531250000000000000000
0.7391057610511779785156250000000000000000
0.5929857492446899414062500000000000000000
0.4691511690616607666015625000000000000000
0.3659400939941406250000000000000000000000
0.2813448905944824218750000000000000000000
0.2131611853837966918945312500000000000000
0.1591218262910842895507812500000000000000
0.1170092821121215820312500000000000000000
0.0847421884536743164062500000000000000000
0.0604352839291095733642578125000000000000
0.0424344651401042938232421875000000000000
0.0293300505727529525756835937500000000000
0.0199528355151414871215820312500000000000
0.0133576421067118644714355468750000000000
0.0087989317253232002258300781250000000000
0.0057023679837584495544433593750000000000
0.0036355566699057817459106445312500000000
0.0022801712621003389358520507812500000000
0.0014069558819755911827087402343750000000
0.0008543321164324879646301269531250000000
0.0005108228651806712150573730468750000000
0.0003011238877661526203155517578125000000
0.0001754198892740532755851745605468750000
0.0001014354638755321502685546875000000000
0.0000586880014452617615461349487304687500
0.0000344443869835231453180313110351562500
0.0000209505342354532331228256225585937500
0.0000135806940306792967021465301513671875
0.0000096316434792242944240570068359375000
0.0000075559387369139585644006729125976562
0.0000064859027588681783527135848999023438
0.0000059450117078085895627737045288085938
0.0000056769617913232650607824325561523438
0.0000055467571655753999948501586914062500
0.0000054847778301336802542209625244140625
0.0000054558731790166348218917846679687500
0.0000054426704991783481091260910034179688
0.0000054367692428058944642543792724609375
0.0000054341971917892806231975555419921875
0.0000054331280807673465460538864135742188
0.0000054327651923813391476869583129882812
0.0000054328284022631123661994934082031250
0.0000054333722800947725772857666015625000
0.0000054348211051546968519687652587890625
0.0000054382589951273985207080841064453125
0.0000054461315812659449875354766845703125
0.0000054637357607134617865085601806640625
0.0000055022765081957913935184478759765625
0.0000055849159252829849720001220703125000
0.0000057585216381994541734457015991210938
0.0000061159212236816529184579849243164062
0.0000068371095949260052293539047241210938
0.0000082638243839028291404247283935546875
0.0000110314313133130781352519989013671875
0.0000162968353834003210067749023437500000
0.0000261232962657231837511062622070312500
0.0000441150987171567976474761962890625000
0.0000764399301260709762573242187500000000
0.0001334365661023184657096862792968750000
0.0002320824714843183755874633789062500000
0.0003996878513135015964508056640625000000
0.0006792864878661930561065673828125000000
0.0011372988810762763023376464843750000000
0.0018741305684670805931091308593750000000
0.0030384182464331388473510742187500000000
0.0048455991782248020172119140625000000000
0.0076013496145606040954589843750000000000
0.0117301009595394134521484375000000000000
0.0178083814680576324462890625000000000000
0.0266019757837057113647460937500000000000
0.0391049385070800781250000000000000000000
0.0565774962306022644042968750000000000000
0.0805785953998565673828125000000000000000
0.1129878163337707519531250000000000000000
0.1560106277465820312500000000000000000000
0.2121607065200805664062500000000000000000
0.2842132151126861572265625000000000000000
0.3751248717308044433593750000000000000000
0.4879185259342193603515625000000000000000
0.6255334019660949707031250000000000000000
0.7906461954116821289062500000000000000000
0.9854730367660522460937500000000000000000
1.2115647792816162109375000000000000000000
1.4696145057678222656250000000000000000000
1.7592935562133789062500000000000000000000
2.0791373252868652343750000000000000000000
2.4264914989471435546875000000000000000000
2.7975418567657470703125000000000000000000
3.1874129772186279296875000000000000000000
3.5903568267822265625000000000000000000000
4.0000000000000000000000000000000000000000
3.0000000000000000000000000000000000000000
2.6927685737609863281250000000000000000000
2.3905608654022216796875000000000000000000
2.0981578826904296875000000000000000000000
1.8198711872100830078125000000000000000000
1.5593558549880981445312500000000000000000
1.3194736242294311523437500000000000000000
1.1022148132324218750000000000000000000000
0.9086779356002807617187500000000000000000
0.7391093969345092773437500000000000000000
0.5929896235466003417968750000000000000000
0.4691553115844726562500000000000000000000
0.3659443855285644531250000000000000000000
0.2813493609428405761718750000000000000000
0.2131657600402832031250000000000000000000
0.1591264605522155761718750000000000000000
0.1170140132308006286621093750000000000000
0.0847469568252563476562500000000000000000
0.0604400932788848876953125000000000000000
0.0424393080174922943115234375000000000000
0.0293349176645278930664062500000000000000
0.0199577175080776214599609375000000000000
0.0133625343441963195800781250000000000000
0.0088038314133882522583007812500000000000
0.0057072737254202365875244140625000000000
0.0036404647398740053176879882812500000000
0.0022850811947137117385864257812500000000
0.0014118672115728259086608886718750000000
0.0008592440863139927387237548828125000000
0.0005157353589311242103576660156250000000
0.0003060367307625710964202880859375000000
0.0001803328923415392637252807617187500000
0.0001063485760823823511600494384765625000
0.0000636011682217940688133239746093750000
0.0000393575828638859093189239501953125000
0.0000258637501246994361281394958496093750
0.0000184939199243672192096710205078125000
0.0000145448739203857257962226867675781250
0.0000124691705423174425959587097167968750
0.0000113991363832610659301280975341796875
0.0000108582471511908806860446929931640625
0.0000105901972347055561840534210205078125
0.0000104599930637050420045852661132812500
0.0000103980128187686204910278320312500000
0.0000103691072581568732857704162597656250
0.0000103559050330659374594688415527343750
0.0000103500042314408347010612487792968750
0.0000103474321804242208600044250488281250
0.0000103463635241496376693248748779296875
0.0000103459997262689284980297088623046875
0.0000103460643003927543759346008300781250
0.0000103466072687297128140926361083984375
0.0000103480560937896370887756347656250000
0.0000103514939837623387575149536132812500
0.0000103593665699008852243423461914062500
0.0000103769707493484020233154296875000000
0.0000104155114968307316303253173828125000
0.0000104981509139179252088069915771484375
0.0000106717561720870435237884521484375000
0.0000110291566670639440417289733886718750
0.0000117503432193188928067684173583984375
0.0000131770575535483658313751220703125000
0.0000159446608449798077344894409179687500
0.0000212100603675935417413711547851562500
0.0000310365066980011761188507080078125000
0.0000490282909595407545566558837890625000
0.0000813530787127092480659484863281250000
0.0001383496564812958240509033203125000000
0.0002369954454479739069938659667968750000
0.0004046006069984287023544311523437500000
0.0006841989234089851379394531250000000000
0.0011422107927501201629638671875000000000
0.0018790416652336716651916503906250000000
0.0030433272477239370346069335937500000000
0.0048505063168704509735107421875000000000
0.0076062520965933799743652343750000000000
0.0117349978536367416381835937500000000000
0.0178132746368646621704101562500000000000
0.0266068521887063980102539062500000000000
0.0391098000109195709228515625000000000000
0.0565823391079902648925781250000000000000
0.0805834010243415832519531250000000000000
0.1129925847053527832031250000000000000000
0.1560153514146804809570312500000000000000
0.2121653556823730468750000000000000000000
0.2842177450656890869140625000000000000000
0.3751292824745178222656250000000000000000
0.4879228174686431884765625000000000000000
0.6255375146865844726562500000000000000000
0.7906500697135925292968750000000000000000
0.9854766130447387695312500000000000000000
1.2115681171417236328125000000000000000000
1.4696174860000610351562500000000000000000
1.7592964172363281250000000000000000000000
2.0791392326354980468750000000000000000000
2.4264934062957763671875000000000000000000
2.7975430488586425781250000000000000000000
3.1874136924743652343750000000000000000000
3.5903575420379638671875000000000000000000
4.0000000000000000000000000000000000000000
3.0000000000000000000000000000000000000000
2.6927692890167236328125000000000000000000
2.3905627727508544921875000000000000000000
2.0981607437133789062500000000000000000000
1.8198750019073486328125000000000000000000
1.5593601465225219726562500000000000000000
1.3194787502288818359375000000000000000000
1.1022205352783203125000000000000000000000
0.9086841344833374023437500000000000000000
0.7391161918640136718750000000000000000000
0.5929968953132629394531250000000000000000
0.4691628813743591308593750000000000000000
0.3659523129463195800781250000000000000000
0.2813574671745300292968750000000000000000
0.2131741344928741455078125000000000000000
0.1591350138187408447265625000000000000000
0.1170226559042930603027343750000000000000
0.0847557038068771362304687500000000000000
0.0604489147663116455078125000000000000000
0.0424481853842735290527343750000000000000
0.0293438248336315155029296875000000000000
0.0199666563421487808227539062500000000000
0.0133714927360415458679199218750000000000
0.0088128019124269485473632812500000000000
0.0057162530720233917236328125000000000000
0.0036494503729045391082763671875000000000
0.0022940705530345439910888671875000000000
0.0014208592474460601806640625000000000000
0.0008682377520017325878143310546875000000
0.0005247300141490995883941650390625000000
0.0003150318807456642389297485351562500000
0.0001893283915705978870391845703125000000
0.0001153442572103813290596008300781250000
0.0000725969439372420310974121093750000000
0.0000483534313389100134372711181640625000
0.0000348596295225434005260467529296875000
0.0000274898156931158155202865600585937500
0.0000235407806030707433819770812988281250
0.0000214650826819706708192825317382812500
0.0000203950494324089959263801574707031250
0.0000198541602003388106822967529296875000
0.0000195861102838534861803054809570312500
0.0000194559070223476737737655639648437500
0.0000193939267774112522602081298828125000
0.0000193650230357889086008071899414062500
0.0000193518208106979727745056152343750000
0.0000193459200090728700160980224609375000
0.0000193433479580562561750411987304687500
0.0000193422783922869712114334106445312500
0.0000193419145944062620401382446289062500
0.0000193419782590353861451148986816406250
0.0000193425239558564499020576477050781250
0.0000193439718714216724038124084472656250
0.0000193474097613943740725517272949218750
0.0000193552805285435169935226440429687500
0.0000193728847079910337924957275390625000
0.0000194114272744627669453620910644531250
0.0000194940639630658552050590515136718750
0.0000196676701307296752929687500000000000
0.0000200250688067171722650527954101562500
0.0000207462544494774192571640014648437500
0.0000221729678742121905088424682617187500
0.0000249405620706966146826744079589843750
0.0000302059543173527345061302185058593750
0.0000400323770008981227874755859375000000
0.0000580241248826496303081512451171875000
0.0000903488398762419819831848144531250000
0.0001473453012295067310333251953125000000
0.0002459908428136259317398071289062500000
0.0004135956114623695611953735351562500000
0.0006931932875886559486389160156250000000
0.0011512039927765727043151855468750000000
0.0018880332354456186294555664062500000000
0.0030523159075528383255004882812500000000
0.0048594907857477664947509765625000000000
0.0076152300462126731872558593750000000000
0.0117439655587077140808105468750000000000
0.0178222246468067169189453125000000000000
0.0266157872974872589111328125000000000000
0.0391186997294425964355468750000000000000
0.0565912015736103057861328125000000000000
0.0805922001600265502929687500000000000000
0.1130013018846511840820312500000000000000
0.1560239642858505249023437500000000000000
0.2121738195419311523437500000000000000000
0.2842260301113128662109375000000000000000
0.3751373887062072753906250000000000000000
0.4879306256771087646484375000000000000000
0.6255450844764709472656250000000000000000
0.7906571626663208007812500000000000000000
0.9854833483695983886718750000000000000000
1.2115741968154907226562500000000000000000
1.4696232080459594726562500000000000000000
1.7593011856079101562500000000000000000000
2.0791435241699218750000000000000000000000
2.4264972209930419921875000000000000000000
2.7975454330444335937500000000000000000000
3.1874158382415771484375000000000000000000
3.5903582572937011718750000000000000000000
4.0000000000000000000000000000000000000000
3.0000000000000000000000000000000000000000
2.6927707195281982421875000000000000000000
2.3905661106109619140625000000000000000000
2.0981657505035400390625000000000000000000
1.8198812007904052734375000000000000000000
1.5593678951263427734375000000000000000000
1.3194878101348876953125000000000000000000
1.1022306680679321289062500000000000000000
0.9086953997611999511718750000000000000000
0.7391283512115478515625000000000000000000
0.5930098891258239746093750000000000000000
0.4691764712333679199218750000000000000000
0.3659664988517761230468750000000000000000
0.2813721299171447753906250000000000000000
0.2131890952587127685546875000000000000000
0.1591503024101257324218750000000000000000
0.1170381903648376464843750000000000000000
0.0847714096307754516601562500000000000000
0.0604647509753704071044921875000000000000
0.0424641147255897521972656250000000000000
0.0293598361313343048095703125000000000000
0.0199827123433351516723632812500000000000
0.0133875859901309013366699218750000000000
0.0088289184495806694030761718750000000000
0.0057323863729834556579589843750000000000
0.0036655943840742111206054687500000000000
0.0023102215491235256195068359375000000000
0.0014370146673172712326049804687500000000
0.0008843960240483283996582031250000000000
0.0005408899742178618907928466796875000000
0.0003311929176561534404754638671875000000
0.0002054900105576962232589721679687500000
0.0001315062545472756028175354003906250000
0.0000887591450009495019912719726562500000
0.0000645157269900664687156677246093750000
0.0000510220015712548047304153442382812500
0.0000436522168456576764583587646484375000
0.0000397031944885384291410446166992187500
0.0000376275093003641813993453979492187500
0.0000365574778697919100522994995117187500
0.0000360165904567111283540725708007812500
0.0000357485441782046109437942504882812500
0.0000356183372787199914455413818359375000
0.0000355563606717623770236968994140625000
0.0000355274569301400333642959594726562500
0.0000355142510670702904462814331054687500
0.0000355083539034239947795867919921875000
0.0000355057818524073809385299682617187500
0.0000355047122866380959749221801757812500
0.0000355043521267361938953399658203125000
0.0000355044139723759144544601440429687500
0.0000355049560312181711196899414062500000
0.0000355064039467833936214447021484375000
0.0000355098418367560952901840209960937500
0.0000355177144228946417570114135742187500
0.0000355353186023421585559844970703125000
0.0000355738593498244881629943847656250000
0.0000356564924004487693309783935546875000
0.0000358300967491231858730316162109375000
0.0000361874990630894899368286132812500000
0.0000369086847058497369289398193359375000
0.0000383353872166480869054794311523437500
0.0000411029795941431075334548950195312500
0.0000463683427369687706232070922851562500
0.0000561947344976942986249923706054687500
0.0000741864059818908572196960449218750000
0.0001065109827322885394096374511718750000
0.0001635071967029944062232971191406250000
0.0002621523453854024410247802734375000000
0.0004297563864383846521377563476562500000
0.0007093527819961309432983398437500000000
0.0011673613917082548141479492187500000000
0.0019041873747482895851135253906250000000
0.0030684652738273143768310546875000000000
0.0048756320029497146606445312500000000000
0.0076313586905598640441894531250000000000
0.0117600765079259872436523437500000000000
0.0178383104503154754638671875000000000000
0.0266318283975124359130859375000000000000
0.0391346849501132965087890625000000000000
0.0566071048378944396972656250000000000000
0.0806080028414726257324218750000000000000
0.1130169481039047241210937500000000000000
0.1560394167900085449218750000000000000000
0.2121890485286712646484375000000000000000
0.2842409610748291015625000000000000000000
0.3751519024372100830078125000000000000000
0.4879446625709533691406250000000000000000
0.6255584955215454101562500000000000000000
0.7906700372695922851562500000000000000000
0.9854952096939086914062500000000000000000
1.2115852832794189453125000000000000000000
1.4696328639984130859375000000000000000000
1.7593100070953369140625000000000000000000
2.0791511535644531250000000000000000000000
2.4265029430389404296875000000000000000000
2.7975504398345947265625000000000000000000
3.1874191761016845703125000000000000000000
3.5903599262237548828125000000000000000000
4.0000000000000000000000000000000000000000
3.0000000000000000000000000000000000000000
2.6927738189697265625000000000000000000000
2.3905718326568603515625000000000000000000
2.0981740951538085937500000000000000000000
1.8198922872543334960937500000000000000000
1.5593812465667724609375000000000000000000
1.3195036649703979492187500000000000000000
1.1022485494613647460937500000000000000000
0.9087152481079101562500000000000000000000
0.7391497492790222167968750000000000000000
0.5930326581001281738281250000000000000000
0.4692005217075347900390625000000000000000
0.3659914731979370117187500000000000000000
0.2813978791236877441406250000000000000000
0.2132155448198318481445312500000000000000
0.1591772735118865966796875000000000000000
0.1170655712485313415527343750000000000000
0.0847990959882736206054687500000000000000
0.0604926720261573791503906250000000000000
0.0424922145903110504150390625000000000000
0.0293880552053451538085937500000000000000
0.0200110226869583129882812500000000000000
0.0134159578010439872741699218750000000000
0.0088573358952999114990234375000000000000
0.0057608322240412235260009765625000000000
0.0036940597929060459136962890625000000000
0.0023386995308101177215576171875000000000
0.0014655003324151039123535156250000000000
0.0009128868696279823780059814453125000000
0.0005693839048035442829132080078125000000
0.0003596887108869850635528564453125000000
0.0002339869242860004305839538574218750000
0.0001600038085598498582839965820312500000
0.0001172570628114044666290283203125000000
0.0000930138703552074730396270751953125000
0.0000795202358858659863471984863281250000
0.0000721505057299509644508361816406250000
0.0000682015233905985951423645019531250000
0.0000661258527543395757675170898437500000
0.0000650558285997249186038970947265625000
0.0000645149411866441369056701660156250000
0.0000642468949081376194953918457031250000
0.0000641167061985470354557037353515625000
0.0000640547223156318068504333496093750000
0.0000640258149360306560993194580078125000
0.0000640126090729609131813049316406250000
0.0000640067082713358104228973388671875000
0.0000640041398582980036735534667968750000
0.0000640030775684863328933715820312500000
0.0000640027064946480095386505126953125000
0.0000640027719782665371894836425781250000
0.0000640033176750876009464263916015625000
0.0000640047583146952092647552490234375000
0.0000640081925666891038417816162109375000
0.0000640160724287852644920349121093750000
0.0000640336802462115883827209472656250000
0.0000640722137177363038063049316406250000
0.0000641548540443181991577148437500000000
0.0000643284511170350015163421630859375000
0.0000646858461550436913967132568359375000
0.0000654070317978039383888244628906250000
0.0000668337306706234812736511230468750000
0.0000696013012202456593513488769531250000
0.0000748666207073256373405456542968750000
0.0000846929397084750235080718994140625000
0.0001026844838634133338928222656250000000
0.0001350088132312521338462829589843750000
0.0001920045760925859212875366210937500000
0.0002906489535234868526458740234375000000
0.0004582516266964375972747802734375000000
0.0007378459558822214603424072265625000000
0.0011958508985117077827453613281250000000
0.0019326709443703293800354003906250000000
0.0030969395302236080169677734375000000000
0.0049040918238461017608642578125000000000
0.0076597956940531730651855468750000000000
0.0117884799838066101074218750000000000000
0.0178666636347770690917968750000000000000
0.0266601089388132095336914062500000000000
0.0391628667712211608886718750000000000000
0.0566351413726806640625000000000000000000
0.0806358456611633300781250000000000000000
0.1130445450544357299804687500000000000000
0.1560666859149932861328125000000000000000
0.2122158706188201904296875000000000000000
0.2842672467231750488281250000000000000000
0.3751774728298187255859375000000000000000
0.4879693984985351562500000000000000000000
0.6255822181701660156250000000000000000000
0.7906924486160278320312500000000000000000
0.9855162501335144042968750000000000000000
1.2116047143936157226562500000000000000000
1.4696506261825561523437500000000000000000
1.7593256235122680664062500000000000000000
2.0791640281677246093750000000000000000000
2.4265141487121582031250000000000000000000
2.7975585460662841796875000000000000000000
3.1874241828918457031250000000000000000000
3.5903630256652832031250000000000000000000
4.0000000000000000000000000000000000000000
3.0000000000000000000000000000000000000000
2.6927788257598876953125000000000000000000
2.3905816078186035156250000000000000000000
2.0981888771057128906250000000000000000000
1.8199112415313720703125000000000000000000
1.5594048500061035156250000000000000000000
1.3195309638977050781250000000000000000000
1.1022795438766479492187500000000000000000
0.9087494015693664550781250000000000000000
0.7391867637634277343750000000000000000000
0.5930720567703247070312500000000000000000
0.4692420065402984619140625000000000000000
0.3660345971584320068359375000000000000000
0.2814424932003021240234375000000000000000
0.2132612764835357666015625000000000000000
0.1592238992452621459960937500000000000000
0.1171129122376441955566406250000000000000
0.0848469808697700500488281250000000000000
0.0605409815907478332519531250000000000000
0.0425408259034156799316406250000000000000
0.0294368900358676910400390625000000000000
0.0200600102543830871582031250000000000000
0.0134650599211454391479492187500000000000
0.0089065143838524818420410156250000000000
0.0058100619353353977203369140625000000000
0.0037433239631354808807373046875000000000
0.0023879860527813434600830078125000000000
0.0015148009406402707099914550781250000000
0.0009621965000405907630920410156250000000
0.0006186990649439394474029541015625000000
0.0004090071597602218389511108398437500000
0.0002833073958754539489746093750000000000
0.0002093254151986911892890930175781250000
0.0001665793097345158457756042480468750000
0.0001423364738002419471740722656250000000
0.0001288430357817560434341430664062500000
0.0001214734293171204626560211181640625000
0.0001175244906335137784481048583984375000
0.0001154488563770428299903869628906250000
0.0001143788467743434011936187744140625000
0.0001138379593612626194953918457031250000
0.0001135699203587137162685394287109375000
0.0001134397243731655180454254150390625000
0.0001133777404902502894401550292968750000
0.0001133488476625643670558929443359375000
0.0001133356345235370099544525146484375000
0.0001133297482738271355628967285156250000
0.0001133271725848317146301269531250000000
0.0001133261030190624296665191650390625000
0.0001133257319452241063117980957031250000
0.0001133257974288426339626312255859375000
0.0001133263431256636977195739746093750000
0.0001133277983171865344047546386718750000
0.0001133312252932228147983551025390625000
0.0001133390906034037470817565917968750000
0.0001133567056967876851558685302734375000
0.0001133952391683124005794525146484375000
0.0001134778867708519101142883300781250000
0.0001136514838435687124729156494140625000
0.0001140088788815774023532867431640625000
0.0001147300499724224209785461425781250000
0.0001161567197414115071296691894531250000
0.0001189242466352880001068115234375000000
0.0001241895079147070646286010742187500000
0.0001340156886726617813110351562500000000
0.0001520069927209988236427307128906250000
0.0001843308855313807725906372070312500000
0.0002413258480373769998550415039062500000
0.0003399688575882464647293090820312500000
0.0005075691733509302139282226562500000000
0.0007871594280004501342773437500000000000
0.0012451580259948968887329101562500000000
0.0019819673616439104080200195312500000000
0.0031462193001061677932739257812500000000
0.0049533448182046413421630859375000000000
0.0077090105041861534118652343750000000000
0.0118376333266496658325195312500000000000
0.0179157312959432601928710937500000000000
0.0267090536653995513916015625000000000000
0.0392116270959377288818359375000000000000
0.0566836521029472351074218750000000000000
0.0806840285658836364746093750000000000000
0.1130922660231590270996093750000000000000
0.1561138182878494262695312500000000000000
0.2122622281312942504882812500000000000000
0.2843126356601715087890625000000000000000
0.3752216696739196777343750000000000000000
0.4880120754241943359375000000000000000000
0.6256230473518371582031250000000000000000
0.7907311916351318359375000000000000000000
0.9855526089668273925781250000000000000000
1.2116380929946899414062500000000000000000
1.4696809053421020507812500000000000000000
1.7593523263931274414062500000000000000000
2.0791871547698974609375000000000000000000
2.4265325069427490234375000000000000000000
2.7975726127624511718750000000000000000000
3.1874337196350097656250000000000000000000
3.5903675556182861328125000000000000000000
4.0000000000000000000000000000000000000000
3.0000000000000000000000000000000000000000
2.6927874088287353515625000000000000000000
2.3905985355377197265625000000000000000000
2.0982134342193603515625000000000000000000
1.8199440240859985351562500000000000000000
1.5594445466995239257812500000000000000000
1.3195773363113403320312500000000000000000
1.1023318767547607421875000000000000000000
0.9088071584701538085937500000000000000000
0.7392494082450866699218750000000000000000
0.5931388139724731445312500000000000000000
0.4693122506141662597656250000000000000000
0.3661078810691833496093750000000000000000
0.2815181612968444824218750000000000000000
0.2133388966321945190429687500000000000000
0.1593030989170074462890625000000000000000
0.1171933189034461975097656250000000000000
0.0849283412098884582519531250000000000000
0.0606230311095714569091796875000000000000
0.0426234006881713867187500000000000000000
0.0295198448002338409423828125000000000000
0.0201432406902313232421875000000000000000
0.0135484812781214714050292968750000000000
0.0089900661259889602661132812500000000000
0.0058937030844390392303466796875000000000
0.0038270242512226104736328125000000000000
0.0024717249907553195953369140625000000000
0.0015985651407390832901000976562500000000
0.0010459759505465626716613769531250000000
0.0007024881197139620780944824218750000000
0.0004928021226078271865844726562500000000
0.0003671057347673922777175903320312500000
0.0002931256894953548908233642578125000000
0.0002503807772882282733917236328125000000
0.0002261385525343939661979675292968750000
0.0002126454346580430865287780761718750000
0.0002052760391961783170700073242187500000
0.0002013272169278934597969055175781250000
0.0001992516190512105822563171386718750000
0.0001981816312763839960098266601562500000
0.0001976407802430912852287292480468750000
0.0001973727194126695394515991210937500000
0.0001972425234271213412284851074218750000
0.0001971805759239941835403442382812500000
0.0001971516467165201902389526367187500000
0.0001971384772332385182380676269531250000
0.0001971325400518253445625305175781250000
0.0001971299789147451519966125488281250000
0.0001971289020730182528495788574218750000
0.0001971285382751375436782836914062500000
0.0001971285964827984571456909179687500000
0.0001971291349036619067192077636718750000
0.0001971305755432695150375366210937500000
0.0001971340534510090947151184082031250000
0.0001971418969333171844482421875000000000
0.0001971595193026587367057800292968750000
0.0001971980527741834521293640136718750000
0.0001972806931007653474807739257812500000
0.0001974542683456093072891235351562500000
0.0001978116633836179971694946289062500000
0.0001985328271985054016113281250000000000
0.0001999594678636640310287475585937500000
0.0002027269219979643821716308593750000000
0.0002079920668620616197586059570312500000
0.0002178180293412879109382629394531250000
0.0002358088968321681022644042968750000000
0.0002681320183910429477691650390625000000
0.0003251255839131772518157958984375000000
0.0004237662069499492645263671875000000000
0.0005913624772801995277404785156250000000
0.0008709458634257316589355468750000000000
0.0013289328198879957199096679687500000000
0.0020657237619161605834960937500000000000
0.0032299463637173175811767578125000000000
0.0050370274111628532409667968750000000000
0.0077926227822899818420410156250000000000
0.0119211450219154357910156250000000000000
0.0179990883916616439819335937500000000000
0.0267921891063451766967773437500000000000
0.0392944626510143280029296875000000000000
0.0567660555243492126464843750000000000000
0.0807658508419990539550781250000000000000
0.1131733208894729614257812500000000000000
0.1561938226222991943359375000000000000000
0.2123409509658813476562500000000000000000
0.2843896746635437011718750000000000000000
0.3752966225147247314453125000000000000000
0.4880844652652740478515625000000000000000
0.6256924271583557128906250000000000000000
0.7907968759536743164062500000000000000000
0.9856140017509460449218750000000000000000
1.2116947174072265625000000000000000000000
1.4697320461273193359375000000000000000000
1.7593972682952880859375000000000000000000
2.0792257785797119140625000000000000000000
2.4265642166137695312500000000000000000000
2.7975969314575195312500000000000000000000
3.1874504089355468750000000000000000000000
3.5903754234313964843750000000000000000000
4.0000000000000000000000000000000000000000
3.0000000000000000000000000000000000000000
2.6928014755249023437500000000000000000000
2.3906264305114746093750000000000000000000
2.0982546806335449218750000000000000000000
1.8199977874755859375000000000000000000000
1.5595104694366455078125000000000000000000
1.3196547031402587890625000000000000000000
1.1024192571640014648437500000000000000000
0.9089034795761108398437500000000000000000
0.7393536567687988281250000000000000000000
0.5932500362396240234375000000000000000000
0.4694293439388275146484375000000000000000
0.3662298917770385742187500000000000000000
0.2816442549228668212890625000000000000000
0.2134682834148406982421875000000000000000
0.1594351232051849365234375000000000000000
0.1173273772001266479492187500000000000000
0.0850639790296554565429687500000000000000
0.0607598721981048583984375000000000000000
0.0427611209452152252197265625000000000000
0.0296582095324993133544921875000000000000
0.0202820654958486557006835937500000000000
0.0136876301839947700500488281250000000000
0.0091294404119253158569335937500000000000
0.0060332277789711952209472656250000000000
0.0039666495285928249359130859375000000000
0.0026114161591976881027221679687500000000
0.0017382981022819876670837402343750000000
0.0011857356876134872436523437500000000000
0.0008422642131336033344268798828125000000
0.0006325879949145019054412841796875000000
0.0005068975151516497135162353515625000000
0.0004329209332354366779327392578125000000
0.0003901778836734592914581298828125000000
0.0003659368376247584819793701171875000000
0.0003524443018250167369842529296875000000
0.0003450752119533717632293701171875000000
0.0003411265497561544179916381835937500000
0.0003390510682947933673858642578125000000
0.0003379810950718820095062255859375000000
0.0003374402294866740703582763671875000000
0.0003371722414158284664154052734375000000
0.0003370420599821954965591430664062500000
0.0003369800688233226537704467773437500000
0.0003369511687196791172027587890625000000
0.0003369379846844822168350219726562500000
0.0003369321057107299566268920898437500000
0.0003369295154698193073272705078125000000
0.0003369284095242619514465332031250000000
0.0003369280893821269273757934570312500000
0.0003369281184859573841094970703125000000
0.0003369287005625665187835693359375000000
0.0003369301266502588987350463867187500000
0.0003369335900060832500457763671875000000
0.0003369414480403065681457519531250000000
0.0003369590267539024353027343750000000000
0.0003369975602254271507263183593750000000
0.0003370801860000938177108764648437500000
0.0003372537903487682342529296875000000000
0.0003376112144906073808670043945312500000
0.0003383323200978338718414306640625000000
0.0003397589025553315877914428710937500000
0.0003425262693781405687332153320312500000
0.0003477911814115941524505615234375000000
0.0003576166927814483642578125000000000000
0.0003756068181246519088745117187500000000
0.0004079286009073257446289062500000000000
0.0004649198672268539667129516601562500000
0.0005635562120005488395690917968750000000
0.0007311453809961676597595214843750000000
0.0010107168927788734436035156250000000000
0.0014686842914670705795288085937500000000
0.0022054438013583421707153320312500000000
0.0033696163445711135864257812500000000000
0.0051766196265816688537597656250000000000
0.0079320976510643959045410156250000000000
0.0120604429394006729125976562500000000000
0.0181381311267614364624023437500000000000
0.0269308630377054214477539062500000000000
0.0394326075911521911621093750000000000000
0.0569034814834594726562500000000000000000
0.0809022784233093261718750000000000000000
0.1133084297180175781250000000000000000000
0.1563272178173065185546875000000000000000
0.2124720513820648193359375000000000000000
0.2845180034637451171875000000000000000000
0.3754213452339172363281250000000000000000
0.4882050156593322753906250000000000000000
0.6258077621459960937500000000000000000000
0.7909062504768371582031250000000000000000
0.9857162237167358398437500000000000000000
1.2117888927459716796875000000000000000000
1.4698171615600585937500000000000000000000
1.7594726085662841796875000000000000000000
2.0792899131774902343750000000000000000000
2.4266164302825927734375000000000000000000
2.7976367473602294921875000000000000000000
3.1874771118164062500000000000000000000000
3.5903892517089843750000000000000000000000
4.0000000000000000000000000000000000000000
3.0000000000000000000000000000000000000000
2.6928241252899169921875000000000000000000
2.3906719684600830078125000000000000000000
2.0983221530914306640625000000000000000000
1.8200861215591430664062500000000000000000
1.5596184730529785156250000000000000000000
1.3197805881500244140625000000000000000000
1.1025618314743041992187500000000000000000
0.9090610742568969726562500000000000000000
0.7395241856575012207031250000000000000000
0.5934318304061889648437500000000000000000
0.4696208536624908447265625000000000000000
0.3664295375347137451171875000000000000000
0.2818506360054016113281250000000000000000
0.2136800736188888549804687500000000000000
0.1596512198448181152343750000000000000000
0.1175468936562538146972656250000000000000
0.0852860957384109497070312500000000000000
0.0609839558601379394531250000000000000000
0.0429866723716259002685546875000000000000
0.0298848301172256469726562500000000000000
0.0205094516277313232421875000000000000000
0.0139155518263578414916992187500000000000
0.0093577345833182334899902343750000000000
0.0062617748044431209564208984375000000000
0.0041953651234507560729980468750000000000
0.0028402411844581365585327148437500000000
0.0019671937916427850723266601562500000000
0.0014146753819659352302551269531250000000
0.0010712312068790197372436523437500000000
0.0008615716360509395599365234375000000000
0.0007358910515904426574707031250000000000
0.0006619201740249991416931152343750000000
0.0006191804422996938228607177734375000000
0.0005949411424808204174041748046875000000
0.0005814497126266360282897949218750000000
0.0005740811466239392757415771484375000000
0.0005701327463611960411071777343750000000
0.0005680574686266481876373291015625000000
0.0005669875536113977432250976562500000000
0.0005664468044415116310119628906250000000
0.0005661788163706660270690917968750000000
0.0005660486058332026004791259765625000000
0.0005659866146743297576904296875000000000
0.0005659576854668557643890380859375000000
0.0005659444723278284072875976562500000000
0.0005659385351464152336120605468750000000
0.0005659359740093350410461425781250000000
0.0005659349844790995121002197265625000000
0.0005659345770254731178283691406250000000
0.0005659346352331340312957763671875000000
0.0005659352173097431659698486328125000000
0.0005659366142936050891876220703125000000
0.0005659401067532598972320556640625000000
0.0005659480229951441287994384765625000000
0.0005659656017087399959564208984375000000
0.0005660040769726037979125976562500000000
0.0005660866736434400081634521484375000000
0.0005662603070959448814392089843750000000
0.0005666176439262926578521728515625000000
0.0005673387786373496055603027343750000000
0.0005687652737833559513092041015625000000
0.0005715324077755212783813476562500000000
0.0005767969996668398380279541015625000000
0.0005866218125447630882263183593750000000
0.0006046107155270874500274658203125000000
0.0006369302282109856605529785156250000000
0.0006939173908904194831848144531250000000
0.0007925468380562961101531982421875000000
0.0009601240162737667560577392578125000000
0.0012396753299981355667114257812500000000
0.0016976101323962211608886718750000000000
0.0024343163240700960159301757812500000000
0.0035984055139124393463134765625000000000
0.0054052788764238357543945312500000000000
0.0081605594605207443237304687500000000000
0.0122886095196008682250976562500000000000
0.0183658637106418609619140625000000000000
0.0271579772233963012695312500000000000000
0.0396588519215583801269531250000000000000
0.0571285076439380645751953125000000000000
0.0811256617307662963867187500000000000000
0.1135296076536178588867187500000000000000
0.1565455198287963867187500000000000000000
0.2126866877079010009765625000000000000000
0.2847278714179992675781250000000000000000
0.3756255209445953369140625000000000000000
0.4884019792079925537109375000000000000000
0.6259962320327758789062500000000000000000
0.7910847663879394531250000000000000000000
0.9858831167221069335937500000000000000000
1.2119424343109130859375000000000000000000
1.4699558019638061523437500000000000000000
1.7595949172973632812500000000000000000000
2.0793941020965576171875000000000000000000
2.4267017841339111328125000000000000000000
2.7977015972137451171875000000000000000000
3.1875207424163818359375000000000000000000
3.5904114246368408203125000000000000000000
4.0000000000000000000000000000000000000000
3.0000000000000000000000000000000000000000
2.6928608417510986328125000000000000000000
2.3907446861267089843750000000000000000000
2.0984301567077636718750000000000000000000
1.8202276229858398437500000000000000000000
1.5597914457321166992187500000000000000000
1.3199826478958129882812500000000000000000
1.1027905941009521484375000000000000000000
0.9093133807182312011718750000000000000000
0.7397978901863098144531250000000000000000
0.5937238335609436035156250000000000000000
0.4699285030364990234375000000000000000000
0.3667502999305725097656250000000000000000
0.2821822464466094970703125000000000000000
0.2140204906463623046875000000000000000000
0.1599986404180526733398437500000000000000
0.1178998351097106933593750000000000000000
0.0856432691216468811035156250000000000000
0.0613443441689014434814453125000000000000
0.0433494411408901214599609375000000000000
0.0302493423223495483398437500000000000000
0.0208752136677503585815429687500000000000
0.0142821948975324630737304687500000000000
0.0097249848768115043640136718750000000000
0.0066294386051595211029052734375000000000
0.0045633036643266677856445312500000000000
0.0032083592377603054046630859375000000000
0.0023354275617748498916625976562500000000
0.0017829820280894637107849121093750000000
0.0014395827893167734146118164062500000000
0.0012299503432586789131164550781250000000
0.0011042859405279159545898437500000000000
0.0010303246090188622474670410156250000000
0.0009875904070213437080383300781250000000
0.0009633541340008378028869628906250000000
0.0009498643921688199043273925781250000000
0.0009424967574886977672576904296875000000
0.0009385487064719200134277343750000000000
0.0009364736033603549003601074218750000000
0.0009354039211757481098175048828125000000
0.0009348631720058619976043701171875000000
0.0009345951257273554801940917968750000000
0.0009344650316052138805389404296875000000
0.0009344030986540019512176513671875000000
0.0009343741694465279579162597656250000000
0.0009343608980998396873474121093750000000
0.0009343550773337483406066894531250000000
0.0009343525161966681480407714843750000000
0.0009343515266664326190948486328125000000
0.0009343511192128062248229980468750000000
0.0009343511192128062248229980468750000000
0.0009343518177047371864318847656250000000
0.0009343532146885991096496582031250000000
0.0009343566489405930042266845703125000000
0.0009343644487671554088592529296875000000
0.0009343820856884121894836425781250000000
0.0009344206191599369049072265625000000000
0.0009345032158307731151580810546875000000
0.0009346767328679561614990234375000000000
0.0009350341861136257648468017578125000000
0.0009357550879940390586853027343750000000
0.0009371813503094017505645751953125000000
0.0009399483096785843372344970703125000000
0.0009452122030779719352722167968750000000
0.0009550359100103378295898437500000000000
0.0009730227175168693065643310546875000000
0.0010053385049104690551757812500000000000
0.0010623189155012369155883789062500000000
0.0011609366629272699356079101562500000000
0.0013284941669553518295288085937500000000
0.0016080124769359827041625976562500000000
0.0020658925641328096389770507812500000000
0.0028025114443153142929077148437500000000
0.0039664623327553272247314453125000000000
0.0057731214910745620727539062500000000000
0.0085280770435929298400878906250000000000
0.0126556428149342536926269531250000000000
0.0187321882694959640502929687500000000000
0.0275232791900634765625000000000000000000
0.0400227159261703491210937500000000000000
0.0574903897941112518310546875000000000000
0.0814848467707633972167968750000000000000
0.1138852089643478393554687500000000000000
0.1568964123725891113281250000000000000000
0.2130315303802490234375000000000000000000
0.2850651144981384277343750000000000000000
0.3759532868862152099609375000000000000000
0.4887182116508483886718750000000000000000
0.6262987256050109863281250000000000000000
0.7913709878921508789062500000000000000000
0.9861506223678588867187500000000000000000
1.2121886014938354492187500000000000000000
1.4701781272888183593750000000000000000000
1.7597904205322265625000000000000000000000
2.0795612335205078125000000000000000000000
2.4268379211425781250000000000000000000000
2.7978053092956542968750000000000000000000
3.1875908374786376953125000000000000000000
3.5904464721679687500000000000000000000000
4.0000000000000000000000000000000000000000
3.0000000000000000000000000000000000000000
2.6929185390472412109375000000000000000000
2.3908593654632568359375000000000000000000
2.0985999107360839843750000000000000000000
1.8204501867294311523437500000000000000000
1.5600637197494506835937500000000000000000
1.3203011751174926757812500000000000000000
1.1031510829925537109375000000000000000000
0.9097117185592651367187500000000000000000
0.7402293086051940917968750000000000000000
0.5941843390464782714843750000000000000000
0.4704138338565826416015625000000000000000
0.3672564625740051269531250000000000000000
0.2827056050300598144531250000000000000000
0.2145578861236572265625000000000000000000
0.1605472266674041748046875000000000000000
0.1184572130441665649414062500000000000000
0.0862074196338653564453125000000000000000
0.0619136095046997070312500000000000000000
0.0439225360751152038574218750000000000000
0.0308252219110727310180664062500000000000
0.0214530974626541137695312500000000000000
0.0148614896461367607116699218750000000000
0.0103052537888288497924804687500000000000
0.0072103692218661308288574218750000000000
0.0051446771249175071716308593750000000000
0.0037900232709944248199462890625000000000
0.0029172769282013177871704101562500000000
0.0023649488575756549835205078125000000000
0.0020216221455484628677368164062500000000
0.0018120339373126626014709472656250000000
0.0016863957280293107032775878906250000000
0.0016124497633427381515502929687500000000
0.0015697242924943566322326660156250000000
0.0015454929089173674583435058593750000000
0.0015320059610530734062194824218750000000
0.0015246398979797959327697753906250000000
0.0015206926036626100540161132812500000000
0.0015186179662123322486877441406250000000
0.0015175484586507081985473632812500000000
0.0015170077094808220863342285156250000000
0.0015167397214099764823913574218750000000
0.0015166095690801739692687988281250000000
0.0015165477525442838668823242187500000000
0.0015165188815444707870483398437500000000
0.0015165056101977825164794921875000000000
0.0015164996730163693428039550781250000000
0.0015164971118792891502380371093750000000
0.0015164960641413927078247070312500000000
0.0015164955984801054000854492187500000000
0.0015164957148954272270202636718750000000
0.0015164962969720363616943359375000000000
0.0015164978103712201118469238281250000000
0.0015165011864155530929565429687500000000
0.0015165091026574373245239257812500000000
0.0015165266813710331916809082031250000000
0.0015165650984272360801696777343750000000
0.0015166477533057332038879394531250000000
0.0015168212121352553367614746093750000000
0.0015171784907579421997070312500000000000
0.0015178995672613382339477539062500000000
0.0015193254221230745315551757812500000000
0.0015220919158309698104858398437500000000
0.0015273548197001218795776367187500000000
0.0015371767804026603698730468750000000000
0.0015551600372418761253356933593750000000
0.0015874697128310799598693847656250000000
0.0016444392967969179153442382812500000000
0.0017430381849408149719238281250000000000
0.0019105633255094289779663085937500000000
0.0021900278516113758087158203125000000000
0.0026478199288249015808105468750000000000
0.0033842965494841337203979492187500000000
0.0045480234548449516296386718750000000000
0.0063543356955051422119140625000000000000
0.0091087650507688522338867187500000000000
0.0132355485111474990844726562500000000000
0.0193109475076198577880859375000000000000
0.0281003974378108978271484375000000000000
0.0405975170433521270751953125000000000000
0.0580619983375072479248046875000000000000
0.0820521190762519836425781250000000000000
0.1144466996192932128906250000000000000000
0.1574503481388092041015625000000000000000
0.2135758101940155029296875000000000000000
0.2855971753597259521484375000000000000000
0.3764702081680297851562500000000000000000
0.4892168045043945312500000000000000000000
0.6267753243446350097656250000000000000000
0.7918217778205871582031250000000000000000
0.9865716695785522460937500000000000000000
1.2125757932662963867187500000000000000000
1.4705270528793334960937500000000000000000
1.7600980997085571289062500000000000000000
2.0798232555389404296875000000000000000000
2.4270520210266113281250000000000000000000
2.7979683876037597656250000000000000000000
3.1877005100250244140625000000000000000000
3.5905017852783203125000000000000000000000
4.0000000000000000000000000000000000000000
3.0000000000000000000000000000000000000000
2.6930079460144042968750000000000000000000
2.3910365104675292968750000000000000000000
2.0988624095916748046875000000000000000000
1.8207947015762329101562500000000000000000
1.5604850053787231445312500000000000000000
1.3207937479019165039062500000000000000000
1.1037087440490722656250000000000000000000
0.9103280305862426757812500000000000000000
0.7408974766731262207031250000000000000000
0.5948976278305053710937500000000000000000
0.4711658358573913574218750000000000000000
0.3680409491062164306640625000000000000000
0.2835170626640319824218750000000000000000
0.2153912484645843505859375000000000000000
0.1613981425762176513671875000000000000000
0.1193218454718589782714843750000000000000
0.0870826989412307739257812500000000000000
0.0627969354391098022460937500000000000000
0.0448118597269058227539062500000000000000
0.0317189320921897888183593750000000000000
0.0223499611020088195800781250000000000000
0.0157605744898319244384765625000000000000
0.0112058799713850021362304687500000000000
0.0081120440736413002014160156250000000000
0.0060470490716397762298583984375000000000
0.0046928524971008300781250000000000000000
0.0038204011507332324981689453125000000000
0.0032682586461305618286132812500000000000
0.0029250469524413347244262695312500000000
0.0027155287098139524459838867187500000000
0.0025899321772158145904541015625000000000
0.0025160107761621475219726562500000000000
0.0024732993915677070617675781250000000000
0.0024490761570632457733154296875000000000
0.0024355934001505374908447265625000000000
0.0024282294325530529022216796875000000000
0.0024242834188044071197509765625000000000
0.0024222093634307384490966796875000000000
0.0024211402051150798797607421875000000000
0.0024205995723605155944824218750000000000
0.0024203318171203136444091796875000000000
0.0024202014319598674774169921875000000000
0.0024201397318392992019653320312500000000
0.0024201108608394861221313476562500000000
0.0024200975894927978515625000000000000000
0.0024200917687267065048217773437500000000
0.0024200889747589826583862304687500000000
0.0024200878106057643890380859375000000000
0.0024200878106057643890380859375000000000
0.0024200878106057643890380859375000000000
0.0024200882762670516967773437500000000000
0.0024200896732509136199951171875000000000
0.0024200933985412120819091796875000000000
0.0024201010819524526596069335937500000000
0.0024201187770813703536987304687500000000
0.0024201571941375732421875000000000000000
0.0024202398490160703659057617187500000000
0.0024204133078455924987792968750000000000
0.0024207704700529575347900390625000000000
0.0024214910808950662612915039062500000000
0.0024229167029261589050292968750000000000
0.0024256822653114795684814453125000000000
0.0024309440050274133682250976562500000000
0.0024407627061009407043457031250000000000
0.0024587404914200305938720703125000000000
0.0024910403881222009658813476562500000000
0.0025479928590357303619384765625000000000
0.0026465612463653087615966796875000000000
0.0028140351641923189163208007812500000000
0.0030934135429561138153076171875000000000
0.0035510647576302289962768554687500000000
0.0042873164638876914978027343750000000000
0.0054506869055330753326416015625000000000
0.0072564492002129554748535156250000000000
0.0100100412964820861816406250000000000000
0.0141355795785784721374511718750000000000
0.0202091615647077560424804687500000000000
0.0289960093796253204345703125000000000000
0.0414894670248031616210937500000000000000
0.0589488856494426727294921875000000000000
0.0829321518540382385253906250000000000000
0.1153176203370094299316406250000000000000
0.1583093702793121337890625000000000000000
0.2144195288419723510742187500000000000000
0.2864217162132263183593750000000000000000
0.3772709965705871582031250000000000000000
0.4899888038635253906250000000000000000000
0.6275129318237304687500000000000000000000
0.7925189137458801269531250000000000000000
0.9872223734855651855468750000000000000000
1.2131736278533935546875000000000000000000
1.4710662364959716796875000000000000000000
1.7605721950531005859375000000000000000000
2.0802276134490966796875000000000000000000
2.4273810386657714843750000000000000000000
2.7982187271118164062500000000000000000000
3.1878690719604492187500000000000000000000
3.5905869007110595703125000000000000000000
4.0000000000000000000000000000000000000000
3.0000000000000000000000000000000000000000
2.6931433677673339843750000000000000000000
2.3913054466247558593750000000000000000000
2.0992608070373535156250000000000000000000
1.8213169574737548828125000000000000000000
1.5611244440078735351562500000000000000000
1.3215419054031372070312500000000000000000
1.1045563220977783203125000000000000000000
0.9112651944160461425781250000000000000000
0.7419137954711914062500000000000000000000
0.5959830284118652343750000000000000000000
0.4723103642463684082031250000000000000000
0.3692354559898376464843750000000000000000
0.2847529053688049316406250000000000000000
0.2166608124971389770507812500000000000000
0.1626946032047271728515625000000000000000
0.1206395626068115234375000000000000000000
0.0884167701005935668945312500000000000000
0.0641434639692306518554687500000000000000
0.0461676418781280517578125000000000000000
0.0330815054476261138916015625000000000000
0.0237174034118652343750000000000000000000
0.0171314608305692672729492187500000000000
0.0125791523605585098266601562500000000000
0.0094869388267397880554199218750000000000
0.0074230283498764038085937500000000000000
0.0060695433057844638824462890625000000000
0.0051975492388010025024414062500000000000
0.0046456959098577499389648437500000000000
0.0043026632629334926605224609375000000000
0.0040932539850473403930664062500000000000
0.0039677224121987819671630859375000000000
0.0038938387297093868255615234375000000000
0.0038511496968567371368408203125000000000
0.0038269385695457458496093750000000000000
0.0038134627975523471832275390625000000000
0.0038061025552451610565185546875000000000
0.0038021586369723081588745117187500000000
0.0038000855129212141036987304687500000000
0.0037990163546055555343627929687500000000
0.0037984766531735658645629882812500000000
0.0037982084322720766067504882812500000000
0.0037980782799422740936279296875000000000
0.0037980165798217058181762695312500000000
0.0037979879416525363922119140625000000000
0.0037979744374752044677734375000000000000
0.0037979683838784694671630859375000000000
0.0037979662884026765823364257812500000000
0.0037979646585881710052490234375000000000
0.0037979646585881710052490234375000000000
0.0037979646585881710052490234375000000000
0.0037979646585881710052490234375000000000
0.0037979665212333202362060546875000000000
0.0037979702465236186981201171875000000000
0.0037979781627655029296875000000000000000
0.0037979960907250642776489257812500000000
0.0037980340421199798583984375000000000000
0.0037981164641678333282470703125000000000
0.0037982903886586427688598632812500000000
0.0037986473180353641510009765625000000000
0.0037993672303855419158935546875000000000
0.0038007926195859909057617187500000000000
0.0038035572506487369537353515625000000000
0.0038088157307356595993041992187500000000
0.0038186304736882448196411132812500000000
0.0038365994114428758621215820312500000000
0.0038688834756612777709960937500000000000
0.0039258087053894996643066406250000000000
0.0040243300609290599822998046875000000000
0.0041917236521840095520019531250000000000
0.0044709676876664161682128906250000000000
0.0049283993430435657501220703125000000000
0.0056642973795533180236816406250000000000
0.0068271108902990818023681640625000000000
0.0086320126429200172424316406250000000000
0.0113843027502298355102539062500000000000
0.0155078992247581481933593750000000000000
0.0215786509215831756591796875000000000000
0.0303614381700754165649414062500000000000
0.0428491942584514617919921875000000000000
0.0603007450699806213378906250000000000000
0.0842733532190322875976562500000000000000
0.1166446655988693237304687500000000000000
0.1596179455518722534179687500000000000000
0.2157044410705566406250000000000000000000
0.2876769006252288818359375000000000000000
0.3784894943237304687500000000000000000000
0.4911627173423767089843750000000000000000
0.6286338567733764648437500000000000000000
0.7935779094696044921875000000000000000000
0.9882099032402038574218750000000000000000
1.2140804529190063476562500000000000000000
1.4718831777572631835937500000000000000000
1.7612903118133544921875000000000000000000
2.0808393955230712890625000000000000000000
2.4278790950775146484375000000000000000000
2.7985978126525878906250000000000000000000
3.1881241798400878906250000000000000000000
3.5907149314880371093750000000000000000000
4.0000000000000000000000000000000000000000
3.0000000000000000000000000000000000000000
2.6933450698852539062500000000000000000000
2.3917059898376464843750000000000000000000
2.0998549461364746093750000000000000000000
1.8220962285995483398437500000000000000000
1.5620783567428588867187500000000000000000
1.3226583003997802734375000000000000000000
1.1058216094970703125000000000000000000000
0.9126645326614379882812500000000000000000
0.7434323430061340332031250000000000000000
0.5976054072380065917968750000000000000000
0.4740219116210937500000000000000000000000
0.3710222244262695312500000000000000000000
0.2866021096706390380859375000000000000000
0.2185608893632888793945312500000000000000
0.1646355241537094116210937500000000000000
0.1226125583052635192871093750000000000000
0.0904146134853363037109375000000000000000
0.0661601498723030090332031250000000000000
0.0481984056532382965087890625000000000000
0.0351225771009922027587890625000000000000
0.0257658902555704116821289062500000000000
0.0191851854324340820312500000000000000000
0.0146365072578191757202148437500000000000
0.0115467663854360580444335937500000000000
0.0094845099374651908874511718750000000000
0.0081321094185113906860351562500000000000
0.0072608129121363162994384765625000000000
0.0067094014957547187805175781250000000000
0.0063666431233286857604980468750000000000
0.0061574005521833896636962890625000000000
0.0060319686308503150939941406250000000000
0.0059581436216831207275390625000000000000
0.0059154871851205825805664062500000000000
0.0058912956155836582183837890625000000000
0.0058778296224772930145263671875000000000
0.0058704754337668418884277343750000000000
0.0058665340766310691833496093750000000000
0.0058644628152251243591308593750000000000
0.0058633955195546150207519531250000000000
0.0058628553524613380432128906250000000000
0.0058625871315598487854003906250000000000
0.0058624567463994026184082031250000000000
0.0058623952791094779968261718750000000000
0.0058623664081096649169921875000000000000
0.0058623533695936203002929687500000000000
0.0058623477816581726074218750000000000000
0.0058623449876904487609863281250000000000
0.0058623435907065868377685546875000000000
0.0058623435907065868377685546875000000000
0.0058623431250452995300292968750000000000
0.0058623440563678741455078125000000000000
0.0058623459190130233764648437500000000000
0.0058623491786420345306396484375000000000
0.0058623570948839187622070312500000000000
0.0058623743243515491485595703125000000000
0.0058624134398996829986572265625000000000
0.0058624958619475364685058593750000000000
0.0058626690879464149475097656250000000000
0.0058630253188312053680419921875000000000
0.0058637452311813831329345703125000000000
0.0058651692233979701995849609375000000000
0.0058679310604929924011230468750000000000
0.0058731869794428348541259765625000000000
0.0058829942718148231506347656250000000000
0.0059009501710534095764160156250000000000
0.0059332111850380897521972656250000000000
0.0059900935739278793334960937500000000000
0.0060885422863066196441650390625000000000
0.0062558120116591453552246093750000000000
0.0065348492935299873352050781250000000000
0.0069919428788125514984130859375000000000
0.0077272979542613029479980468750000000000
0.0088892588391900062561035156250000000000
0.0106928404420614242553710937500000000000
0.0134431291371583938598632812500000000000
0.0175637528300285339355468750000000000000
0.0236301645636558532714843750000000000000
0.0324067398905754089355468750000000000000
0.0448857657611370086669921875000000000000
0.0623252801597118377685546875000000000000
0.0862816199660301208496093750000000000000
0.1186313033103942871093750000000000000000
0.1615764200687408447265625000000000000000
0.2176268845796585083007812500000000000000
0.2895540893077850341796875000000000000000
0.3803108930587768554687500000000000000000
0.4929166734218597412109375000000000000000
0.6303074955940246582031250000000000000000
0.7951577305793762207031250000000000000000
0.9896820187568664550781250000000000000000
1.2154309749603271484375000000000000000000
1.4730985164642333984375000000000000000000
1.7623583078384399414062500000000000000000
2.0817477703094482421875000000000000000000
2.4286184310913085937500000000000000000000
2.7991595268249511718750000000000000000000
3.1885027885437011718750000000000000000000
3.5909049510955810546875000000000000000000
4.0000000000000000000000000000000000000000
3.0000000000000000000000000000000000000000
2.6936402320861816406250000000000000000000
2.3922924995422363281250000000000000000000
2.1007246971130371093750000000000000000000
1.8232371807098388671875000000000000000000
1.5634758472442626953125000000000000000000
1.3242946863174438476562500000000000000000
1.1076768636703491210937500000000000000000
0.9147176742553710937500000000000000000000
0.7456610202789306640625000000000000000000
0.5999876856803894042968750000000000000000
0.4765362739562988281250000000000000000000
0.3736481368541717529296875000000000000000
0.2893207371234893798828125000000000000000
0.2213551551103591918945312500000000000000
0.1674904674291610717773437500000000000000
0.1255153119564056396484375000000000000000
0.0933543592691421508789062500000000000000
0.0691280364990234375000000000000000000000
0.0511872842907905578613281250000000000000
0.0381268411874771118164062500000000000000
0.0287812408059835433959960937500000000000
0.0222083665430545806884765625000000000000
0.0176651235669851303100585937500000000000
0.0145790874958038330078125000000000000000
0.0125193074345588684082031250000000000000
0.0111685320734977722167968750000000000000
0.0102982847020030021667480468750000000000
0.0097475349903106689453125000000000000000
0.0094051882624626159667968750000000000000
0.0091961966827511787414550781250000000000
0.0090709142386913299560546875000000000000
0.0089971767738461494445800781250000000000
0.0089545715600252151489257812500000000000
0.0089304074645042419433593750000000000000
0.0089169573038816452026367187500000000000
0.0089096119627356529235839843750000000000
0.0089056761935353279113769531250000000000
0.0089036058634519577026367187500000000000
0.0089025394991040229797363281250000000000
0.0089020002633333206176757812500000000000
0.0089017320424318313598632812500000000000
0.0089016035199165344238281250000000000000
0.0089015411213040351867675781250000000000
0.0089015122503042221069335937500000000000
0.0089014992117881774902343750000000000000
0.0089014936238527297973632812500000000000
0.0089014908298850059509277343750000000000
0.0089014898985624313354492187500000000000
0.0089014898985624313354492187500000000000
0.0089014898985624313354492187500000000000
0.0089014898985624313354492187500000000000
0.0089014917612075805664062500000000000000
0.0089014945551753044128417968750000000000
0.0089015029370784759521484375000000000000
0.0089015215635299682617187500000000000000
0.0089015588164329528808593750000000000000
0.0089016407728195190429687500000000000000
0.0089018139988183975219726562500000000000
0.0089021706953644752502441406250000000000
0.0089028906077146530151367187500000000000
0.0089043127372860908508300781250000000000
0.0089070713147521018981933593750000000000
0.0089123211801052093505859375000000000000
0.0089221168309450149536132812500000000000
0.0089400541037321090698242187500000000000
0.0089722778648138046264648437500000000000
0.0090290969237685203552246093750000000000
0.0091274352744221687316894531250000000000
0.0092945182695984840393066406250000000000
0.0095732435584068298339843750000000000000
0.0100298253819346427917480468750000000000
0.0107643622905015945434570312500000000000
0.0119250323623418807983398437500000000000
0.0137266265228390693664550781250000000000
0.0164739005267620086669921875000000000000
0.0205900445580482482910156250000000000000
0.0266499221324920654296875000000000000000
0.0354171469807624816894531250000000000000
0.0478830412030220031738281250000000000000
0.0653044655919075012207031250000000000000
0.0892363265156745910644531250000000000000
0.1215535551309585571289062500000000000000
0.1644563972949981689453125000000000000000
0.2204528599977493286132812500000000000000
0.2923123240470886230468750000000000000000
0.3829857409000396728515625000000000000000
0.4954907298088073730468750000000000000000
0.6327618956565856933593750000000000000000
0.7974727749824523925781250000000000000000
0.9918373227119445800781250000000000000000
1.2174065113067626953125000000000000000000
1.4748747348785400390625000000000000000000
1.7639169692993164062500000000000000000000
2.0830729007720947265625000000000000000000
2.4296960830688476562500000000000000000000
2.7999777793884277343750000000000000000000
3.1890530586242675781250000000000000000000
3.5911819934844970703125000000000000000000
4.0000000000000000000000000000000000000000
3.0000000000000000000000000000000000000000
2.6940646171569824218750000000000000000000
2.3931348323822021484375000000000000000000
2.1019742488861083984375000000000000000000
1.8248779773712158203125000000000000000000
1.5654866695404052734375000000000000000000
1.3266502618789672851562500000000000000000
1.1103494167327880859375000000000000000000
0.9176765680313110351562500000000000000000
0.7488750219345092773437500000000000000000
0.6034249663352966308593750000000000000000
0.4801656305789947509765625000000000000000
0.3774402141571044921875000000000000000000
0.2932480871677398681640625000000000000000
0.2253930866718292236328125000000000000000
0.1716171205043792724609375000000000000000
0.1297119557857513427734375000000000000000
0.0976052209734916687011718750000000000000
0.0734201371669769287109375000000000000000
0.0555102005600929260253906250000000000000
0.0424723587930202484130859375000000000000
0.0331430360674858093261718750000000000000
0.0265816710889339447021484375000000000000
0.0220464207231998443603515625000000000000
0.0189658328890800476074218750000000000000
0.0169096998870372772216796875000000000000
0.0155613180249929428100585937500000000000
0.0146926147863268852233886718750000000000
0.0141428429633378982543945312500000000000
0.0138011025264859199523925781250000000000
0.0135924816131591796875000000000000000000
0.0134674208238720893859863281250000000000
0.0133938137441873550415039062500000000000
0.0133512821048498153686523437500000000000
0.0133271589875221252441406250000000000000
0.0133137330412864685058593750000000000000
0.0133064016699790954589843750000000000000
0.0133024705573916435241699218750000000000
0.0133004058152437210083007812500000000000
0.0132993403822183609008789062500000000000
0.0132988020777702331542968750000000000000
0.0132985357195138931274414062500000000000
0.0132984044030308723449707031250000000000
0.0132983447983860969543457031250000000000
0.0132983149960637092590332031250000000000
0.0132983010262250900268554687500000000000
0.0132982954382896423339843750000000000000
0.0132982935756444931030273437500000000000
0.0132982907816767692565917968750000000000
0.0132982907816767692565917968750000000000
0.0132982907816767692565917968750000000000
0.0132982907816767692565917968750000000000
0.0132982935756444931030273437500000000000
0.0132982973009347915649414062500000000000
0.0132983056828379631042480468750000000000
0.0132983224466443061828613281250000000000
0.0132983606308698654174804687500000000000
0.0132984425872564315795898437500000000000
0.0132986158132553100585937500000000000000
0.0132989715784788131713867187500000000000
0.0132996905595064163208007812500000000000
0.0133011098951101303100585937500000000000
0.0133038656786084175109863281250000000000
0.0133091062307357788085937500000000000000
0.0133188860490918159484863281250000000000
0.0133367925882339477539062500000000000000
0.0133689623326063156127929687500000000000
0.0134256873279809951782226562500000000000
0.0135238617658615112304687500000000000000
0.0136906672269105911254882812500000000000
0.0139689277857542037963867187500000000000
0.0144247543066740036010742187500000000000
0.0151580767706036567687988281250000000000
0.0163168366998434066772460937500000000000
0.0181154813617467880249023437500000000000
0.0208582915365695953369140625000000000000
0.0249678026884794235229492187500000000000
0.0310180038213729858398437500000000000000
0.0397713929414749145507812500000000000000
0.0522178635001182556152343750000000000000
0.0696125254034996032714843750000000000000
0.0935082361102104187011718750000000000000
0.1257775127887725830078125000000000000000
0.1686179637908935546875000000000000000000
0.2245347797870635986328125000000000000000
0.2962943911552429199218750000000000000000
0.3868451714515686035156250000000000000000
0.4992021620273590087890625000000000000000
0.6362979412078857421875000000000000000000
0.8008047938346862792968750000000000000000
0.9949361681938171386718750000000000000000
1.2202435731887817382812500000000000000000
1.4774224758148193359375000000000000000000
1.7661501169204711914062500000000000000000
2.0849690437316894531250000000000000000000
2.4312360286712646484375000000000000000000
2.8011462688446044921875000000000000000000
3.1898384094238281250000000000000000000000
3.5915763378143310546875000000000000000000
4.0000000000000000000000000000000000000000
3.0000000000000000000000000000000000000000
2.6946628093719482421875000000000000000000
2.3943238258361816406250000000000000000000
2.1037387847900390625000000000000000000000
1.8271951675415039062500000000000000000000
1.5683280229568481445312500000000000000000
1.3299812078475952148437500000000000000000
1.1141307353973388671875000000000000000000
0.9218661189079284667968750000000000000000
0.7534286379814147949218750000000000000000
0.6082977056503295898437500000000000000000
0.4853135049343109130859375000000000000000
0.3828213214874267578125000000000000000000
0.2988233864307403564453125000000000000000
0.2311272621154785156250000000000000000000
0.1774789988994598388671875000000000000000
0.1356746405363082885742187500000000000000
0.1036460399627685546875000000000000000000
0.0795204192399978637695312500000000000000
0.0616549327969551086425781250000000000000
0.0486497208476066589355468750000000000000
0.0393439009785652160644531250000000000000
0.0327991656959056854248046875000000000000
0.0282754711806774139404296875000000000000
0.0252027623355388641357421875000000000000
0.0231519006192684173583984375000000000000
0.0218069888651371002197265625000000000000
0.0209405217319726943969726562500000000000
0.0203921645879745483398437500000000000000
0.0200513042509555816650390625000000000000
0.0198432188481092453002929687500000000000
0.0197184793651103973388671875000000000000
0.0196450613439083099365234375000000000000
0.0196026377379894256591796875000000000000
0.0195785779505968093872070312500000000000
0.0195651836693286895751953125000000000000
0.0195578690618276596069335937500000000000
0.0195539500564336776733398437500000000000
0.0195518899708986282348632812500000000000
0.0195508264005184173583984375000000000000
0.0195502880960702896118164062500000000000
0.0195500254631042480468750000000000000000
0.0195498950779438018798828125000000000000
0.0195498317480087280273437500000000000000
0.0195498056709766387939453125000000000000
0.0195497907698154449462890625000000000000
0.0195497870445251464843750000000000000000
0.0195497814565896987915039062500000000000
0.0195497795939445495605468750000000000000
0.0195497795939445495605468750000000000000
0.0195497795939445495605468750000000000000
0.0195497814565896987915039062500000000000
0.0195497814565896987915039062500000000000
0.0195497833192348480224609375000000000000
0.0195497907698154449462890625000000000000
0.0195498131215572357177734375000000000000
0.0195498503744602203369140625000000000000
0.0195499323308467864990234375000000000000
0.0195501036942005157470703125000000000000
0.0195504613220691680908203125000000000000
0.0195511765778064727783203125000000000000
0.0195525940507650375366210937500000000000
0.0195553414523601531982421875000000000000
0.0195605717599391937255859375000000000000
0.0195703245699405670166015625000000000000
0.0195881891995668411254882812500000000000
0.0196202807128429412841796875000000000000
0.0196768678724765777587890625000000000000
0.0197748038917779922485351562500000000000
0.0199412032961845397949218750000000000000
0.0202187914401292800903320312500000000000
0.0206735115498304367065429687500000000000
0.0214050672948360443115234375000000000000
0.0225610435009002685546875000000000000000
0.0243553966283798217773437500000000000000
0.0270917061716318130493164062500000000000
0.0311915613710880279541015625000000000000
0.0372276827692985534667968750000000000000
0.0459609404206275939941406250000000000000
0.0583791546523571014404296875000000000000
0.0757349207997322082519531250000000000000
0.0995780676603317260742187500000000000000
0.1317776739597320556640625000000000000000
0.1745275259017944335937500000000000000000
0.2303287535905838012695312500000000000000
0.3019437193870544433593750000000000000000
0.3923168778419494628906250000000000000000
0.5044597387313842773437500000000000000000
0.6413024663925170898437500000000000000000
0.8055156469345092773437500000000000000000
0.9993122816085815429687500000000000000000
1.2242447137832641601562500000000000000000
1.4810106754302978515625000000000000000000
1.7692909240722656250000000000000000000000
2.0876324176788330078125000000000000000000
2.4333965778350830078125000000000000000000
2.8027839660644531250000000000000000000000
3.1909382343292236328125000000000000000000
3.5921287536621093750000000000000000000000
4.0000000000000000000000000000000000000000
3.0000000000000000000000000000000000000000
2.6954913139343261718750000000000000000000
2.3959712982177734375000000000000000000000
2.1061844825744628906250000000000000000000
1.8304092884063720703125000000000000000000
1.5722714662551879882812500000000000000000
1.3346077203750610351562500000000000000000
1.1193869113922119140625000000000000000000
0.9276940226554870605468750000000000000000
0.7597673535346984863281250000000000000000
0.6150850653648376464843750000000000000000
0.4924885630607604980468750000000000000000
0.3903253674507141113281250000000000000000
0.3066017329692840576171875000000000000000
0.2391303330659866333007812500000000000000
0.1856628060340881347656250000000000000000
0.1440011858940124511718750000000000000000
0.1120833158493041992187500000000000000000
0.0880420207977294921875000000000000000000
0.0702395960688591003417968750000000000000
0.0572806820273399353027343750000000000000
0.0480082407593727111816406250000000000000
0.0414871349930763244628906250000000000000
0.0369798466563224792480468750000000000000
0.0339183360338211059570312500000000000000
0.0318749770522117614746093750000000000000
0.0305349938571453094482421875000000000000
0.0296717043966054916381835937500000000000
0.0291253663599491119384765625000000000000
0.0287857558578252792358398437500000000000
0.0285784397274255752563476562500000000000
0.0284541584551334381103515625000000000000
0.0283810086548328399658203125000000000000
0.0283387396484613418579101562500000000000
0.0283147655427455902099609375000000000000
0.0283014215528964996337890625000000000000
0.0282941348850727081298828125000000000000
0.0282902270555496215820312500000000000000
0.0282881706953048706054687500000000000000
0.0282871127128601074218750000000000000000
0.0282865818589925765991210937500000000000
0.0282863173633813858032226562500000000000
0.0282861832529306411743164062500000000000
0.0282861236482858657836914062500000000000
0.0282860938459634780883789062500000000000
0.0282860789448022842407226562500000000000
0.0282860752195119857788085937500000000000
0.0282860733568668365478515625000000000000
0.0282860733568668365478515625000000000000
0.0282860659062862396240234375000000000000
0.0282860659062862396240234375000000000000
0.0282860696315765380859375000000000000000
0.0282860733568668365478515625000000000000
0.0282860752195119857788085937500000000000
0.0282860808074474334716796875000000000000
0.0282860994338989257812500000000000000000
0.0282861404120922088623046875000000000000
0.0282862242311239242553710937500000000000
0.0282863937318325042724609375000000000000
0.0282867513597011566162109375000000000000
0.0282874647527933120727539062500000000000
0.0282888803631067276000976562500000000000
0.0282916128635406494140625000000000000000
0.0282968245446681976318359375000000000000
0.0283065475523471832275390625000000000000
0.0283243469893932342529296875000000000000
0.0283563286066055297851562500000000000000
0.0284127146005630493164062500000000000000
0.0285103116184473037719726562500000000000
0.0286761261522769927978515625000000000000
0.0289527513086795806884765625000000000000
0.0294058956205844879150390625000000000000
0.0301349125802516937255859375000000000000
0.0312869139015674591064453125000000000000
0.0330751203000545501708984375000000000000
0.0358021296560764312744140625000000000000
0.0398881658911705017089843750000000000000
0.0459041558206081390380859375000000000000
0.0546086132526397705078125000000000000000
0.0669864043593406677246093750000000000000
0.0842865258455276489257812500000000000000
0.1080545186996459960937500000000000000000
0.1401545256376266479492187500000000000000
0.1827749311923980712890625000000000000000
0.2384111136198043823242187500000000000000
0.3098196685314178466796875000000000000000
0.3999396264553070068359375000000000000000
0.5117778778076171875000000000000000000000
0.6482610702514648437500000000000000000000
0.8120577931404113769531250000000000000000
1.0053811073303222656250000000000000000000
1.2297849655151367187500000000000000000000
1.4859714508056640625000000000000000000000
1.7736259698867797851562500000000000000000
2.0913021564483642578125000000000000000000
2.4363687038421630859375000000000000000000
2.8050336837768554687500000000000000000000
3.1924474239349365234375000000000000000000
3.5928864479064941406250000000000000000000
4.0000000000000000000000000000000000000000
3.0000000000000000000000000000000000000000
2.6966183185577392578125000000000000000000
2.3982117176055908203125000000000000000000
2.1095120906829833984375000000000000000000
1.8347856998443603515625000000000000000000
1.5776456594467163085937500000000000000000
1.3409181833267211914062500000000000000000
1.1265633106231689453125000000000000000000
0.9356581568717956542968750000000000000000
0.7684367299079895019531250000000000000000
0.6243755817413330078125000000000000000000
0.5023163557052612304687500000000000000000
0.4006097912788391113281250000000000000000
0.3172674179077148437500000000000000000000
0.2501085996627807617187500000000000000000
0.1968927383422851562500000000000000000000
0.1554300487041473388671875000000000000000
0.1236665397882461547851562500000000000000
0.0997428745031356811523437500000000000000
0.0820284336805343627929687500000000000000
0.0691341310739517211914062500000000000000
0.0599082894623279571533203125000000000000
0.0534201674163341522216796875000000000000
0.0489358082413673400878906250000000000000
0.0458899363875389099121093750000000000000
0.0438570603728294372558593750000000000000
0.0425239652395248413085937500000000000000
0.0416651293635368347167968750000000000000
0.0411216057837009429931640625000000000000
0.0407837517559528350830078125000000000000
0.0405774973332881927490234375000000000000
0.0404538586735725402832031250000000000000
0.0403810888528823852539062500000000000000
0.0403390377759933471679687500000000000000
0.0403151884675025939941406250000000000000
0.0403019115328788757324218750000000000000
0.0402946583926677703857421875000000000000
0.0402907729148864746093750000000000000000
0.0402887240052223205566406250000000000000
0.0402876771986484527587890625000000000000
0.0402871444821357727050781250000000000000
0.0402868762612342834472656250000000000000
0.0402867496013641357421875000000000000000
0.0402866899967193603515625000000000000000
0.0402866601943969726562500000000000000000
0.0402866452932357788085937500000000000000
0.0402866378426551818847656250000000000000
0.0402866341173648834228515625000000000000
0.0402866341173648834228515625000000000000
0.0402866341173648834228515625000000000000
0.0402866341173648834228515625000000000000
0.0402866341173648834228515625000000000000
0.0402866341173648834228515625000000000000
0.0402866378426551818847656250000000000000
0.0402866490185260772705078125000000000000
0.0402866676449775695800781250000000000000
0.0402867048978805541992187500000000000000
0.0402867868542671203613281250000000000000
0.0402869619429111480712890625000000000000
0.0402873158454895019531250000000000000000
0.0402880236506462097167968750000000000000
0.0402894243597984313964843750000000000000
0.0402921549975872039794921875000000000000
0.0402973368763923645019531250000000000000
0.0403070151805877685546875000000000000000
0.0403247252106666564941406250000000000000
0.0403565503656864166259765625000000000000
0.0404126606881618499755859375000000000000
0.0405097715556621551513671875000000000000
0.0406747721135616302490234375000000000000
0.0409500338137149810791015625000000000000
0.0414009578526020050048828125000000000000
0.0421264171600341796875000000000000000000
0.0432728119194507598876953125000000000000
0.0450523793697357177734375000000000000000
0.0477663092315196990966796875000000000000
0.0518329218029975891113281250000000000000
0.0578205958008766174316406250000000000000
0.0664845257997512817382812500000000000000
0.0788054838776588439941406250000000000000
0.0960273221135139465332031250000000000000
0.1196895837783813476562500000000000000000
0.1516495048999786376953125000000000000000
0.1940878629684448242187500000000000000000
0.2494920492172241210937500000000000000000
0.3206106722354888916015625000000000000000
0.4103752672672271728515625000000000000000
0.5217865705490112304687500000000000000000
0.6577666997909545898437500000000000000000
0.8209820985794067382812500000000000000000
1.0136463642120361328125000000000000000000
1.2373172044754028320312500000000000000000
1.4927024841308593750000000000000000000000
1.7794964313507080078125000000000000000000
2.0962617397308349609375000000000000000000
2.4403784275054931640625000000000000000000
2.8080639839172363281250000000000000000000
3.1944780349731445312500000000000000000000
3.5939044952392578125000000000000000000000
4.0000000000000000000000000000000000000000
3.0000000000000000000000000000000000000000
2.6981215476989746093750000000000000000000
2.4012019634246826171875000000000000000000
2.1139566898345947265625000000000000000000
1.8406358957290649414062500000000000000000
1.5848371982574462890625000000000000000000
1.3493719100952148437500000000000000000000
1.1361870765686035156250000000000000000000
0.9463499784469604492187500000000000000000
0.7800871133804321289062500000000000000000
0.6368714570999145507812500000000000000000
0.5155452489852905273437500000000000000000
0.4144626557826995849609375000000000000000
0.3316419124603271484375000000000000000000
0.2649111151695251464843750000000000000000
0.2120401114225387573242187500000000000000
0.1708501279354095458984375000000000000000
0.1392983645200729370117187500000000000000
0.1155360713601112365722656250000000000000
0.0979423671960830688476562500000000000000
0.0851367637515068054199218750000000000000
0.0759748890995979309082031250000000000000
0.0695320442318916320800781250000000000000
0.0650791674852371215820312500000000000000
0.0620547756552696228027343750000000000000
0.0600362904369831085205078125000000000000
0.0587126612663269042968750000000000000000
0.0578599348664283752441406250000000000000
0.0573202893137931823730468750000000000000
0.0569848418235778808593750000000000000000
0.0567800700664520263671875000000000000000
0.0566573031246662139892578125000000000000
0.0565850511193275451660156250000000000000
0.0565433017909526824951171875000000000000
0.0565196163952350616455078125000000000000
0.0565064363181591033935546875000000000000
0.0564992353320121765136718750000000000000
0.0564953684806823730468750000000000000000
0.0564933419227600097656250000000000000000
0.0564922913908958435058593750000000000000
0.0564917698502540588378906250000000000000
0.0564915053546428680419921875000000000000
0.0564913824200630187988281250000000000000
0.0564913228154182434082031250000000000000
0.0564912855625152587890625000000000000000
0.0564912743866443634033203125000000000000
0.0564912743866443634033203125000000000000
0.0564912743866443634033203125000000000000
0.0564912743866443634033203125000000000000
0.0564912743866443634033203125000000000000
0.0564912743866443634033203125000000000000
0.0564912743866443634033203125000000000000
0.0564912743866443634033203125000000000000
0.0564912743866443634033203125000000000000
0.0564912781119346618652343750000000000000
0.0564912967383861541748046875000000000000
0.0564913377165794372558593750000000000000
0.0564914159476757049560546875000000000000
0.0564915947616100311279296875000000000000
0.0564919412136077880859375000000000000000
0.0564926452934741973876953125000000000000
0.0564940385520458221435546875000000000000
0.0564967468380928039550781250000000000000
0.0565018951892852783203125000000000000000
0.0565115027129650115966796875000000000000
0.0565290972590446472167968750000000000000
0.0565607026219367980957031250000000000000
0.0566164329648017883300781250000000000000
0.0567128732800483703613281250000000000000
0.0568767488002777099609375000000000000000
0.0571501255035400390625000000000000000000
0.0575979761779308319091796875000000000000
0.0583185143768787384033203125000000000000
0.0594571754336357116699218750000000000000
0.0612248070538043975830078125000000000000
0.0639206618070602416992187500000000000000
0.0679604038596153259277343750000000000000
0.0739089027047157287597656250000000000000
0.0825168117880821228027343750000000000000
0.0947591066360473632812500000000000000000
0.1118726283311843872070312500000000000000
0.1353885531425476074218750000000000000000
0.1671545803546905517578125000000000000000
0.2093409746885299682617187500000000000000
0.2644240856170654296875000000000000000000
0.3351416587829589843750000000000000000000
0.4244151115417480468750000000000000000000
0.5352368354797363281250000000000000000000
0.6705235838890075683593750000000000000000
0.8329393267631530761718750000000000000000
1.0246999263763427734375000000000000000000
1.2473689317703247070312500000000000000000
1.5016639232635498046875000000000000000000
1.7872927188873291015625000000000000000000
2.1028323173522949218750000000000000000000
2.4456777572631835937500000000000000000000
2.8120608329772949218750000000000000000000
3.1971516609191894531250000000000000000000
3.5952439308166503906250000000000000000000
4.0000000000000000000000000000000000000000
3.0000000000000000000000000000000000000000
2.7000885009765625000000000000000000000000
2.4051167964935302734375000000000000000000
2.1197807788848876953125000000000000000000
1.8483107089996337890625000000000000000000
1.5942836999893188476562500000000000000000
1.3604912757873535156250000000000000000000
1.1488628387451171875000000000000000000000
0.9604500532150268554687500000000000000000
0.7954694032669067382812500000000000000000
0.6533876657485961914062500000000000000000
0.5330460071563720703125000000000000000000
0.4328028261661529541015625000000000000000
0.3506845235824584960937500000000000000000
0.2845306396484375000000000000000000000000
0.2321246564388275146484375000000000000000
0.1913026273250579833984375000000000000000
0.1600365936756134033203125000000000000000
0.1364921033382415771484375000000000000000
0.1190613955259323120117187500000000000000
0.1063755154609680175781250000000000000000
0.0972999706864356994628906250000000000000
0.0909182578325271606445312500000000000000
0.0865078791975975036621093750000000000000
0.0835124999284744262695312500000000000000
0.0815134271979331970214843750000000000000
0.0802025794982910156250000000000000000000
0.0793581083416938781738281250000000000000
0.0788237005472183227539062500000000000000
0.0784915015101432800292968750000000000000
0.0782887190580368041992187500000000000000
0.0781671553850173950195312500000000000000
0.0780955851078033447265625000000000000000
0.0780542343854904174804687500000000000000
0.0780307874083518981933593750000000000000
0.0780177339911460876464843750000000000000
0.0780106037855148315429687500000000000000
0.0780067890882492065429687500000000000000
0.0780047699809074401855468750000000000000
0.0780037268996238708496093750000000000000
0.0780032053589820861816406250000000000000
0.0780029445886611938476562500000000000000
0.0780028104782104492187500000000000000000
0.0780027583241462707519531250000000000000
0.0780027359724044799804687500000000000000
0.0780027210712432861328125000000000000000
0.0780027136206626892089843750000000000000
0.0780027136206626892089843750000000000000
0.0780027136206626892089843750000000000000
0.0780027136206626892089843750000000000000
0.0780027136206626892089843750000000000000
0.0780027136206626892089843750000000000000
0.0780027136206626892089843750000000000000
0.0780027136206626892089843750000000000000
0.0780027210712432861328125000000000000000
0.0780027359724044799804687500000000000000
0.0780027732253074645996093750000000000000
0.0780028551816940307617187500000000000000
0.0780030265450477600097656250000000000000
0.0780033692717552185058593750000000000000
0.0780040770769119262695312500000000000000
0.0780054479837417602539062500000000000000
0.0780081450939178466796875000000000000000
0.0780132412910461425781250000000000000000
0.0780227631330490112304687500000000000000
0.0780401825904846191406250000000000000000
0.0780714973807334899902343750000000000000
0.0781266987323760986328125000000000000000
0.0782222449779510498046875000000000000000
0.0783845856785774230957031250000000000000
0.0786554068326950073242187500000000000000
0.0790990814566612243652343750000000000000
0.0798129439353942871093750000000000000000
0.0809410959482192993164062500000000000000
0.0826925039291381835937500000000000000000
0.0853637978434562683105468750000000000000
0.0893670320510864257812500000000000000000
0.0952622815966606140136718750000000000000
0.1037939786911010742187500000000000000000
0.1159292608499526977539062500000000000000
0.1328953206539154052734375000000000000000
0.1562120020389556884765625000000000000000
0.1877139210700988769531250000000000000000
0.2295570075511932373046875000000000000000
0.2842027544975280761718750000000000000000
0.3543738722801208496093750000000000000000
0.4429785311222076416015625000000000000000
0.5529983043670654296875000000000000000000
0.6873427629470825195312500000000000000000
0.8486744761466979980468750000000000000000
1.0392131805419921875000000000000000000000
1.2605327367782592773437500000000000000000
1.5133669376373291015625000000000000000000
1.7974426746368408203125000000000000000000
2.1113603115081787109375000000000000000000
2.4525351524353027343750000000000000000000
2.8172180652618408203125000000000000000000
3.2005951404571533203125000000000000000000
3.5969662666320800781250000000000000000000
4.0000000000000000000000000000000000000000
3.0000000000000000000000000000000000000000
2.7026114463806152343750000000000000000000
2.4101421833038330078125000000000000000000
2.1272654533386230468750000000000000000000
1.8581876754760742187500000000000000000000
1.6064603328704833984375000000000000000000
1.3748487234115600585937500000000000000000
1.1652569770812988281250000000000000000000
0.9787155389785766601562500000000000000000
0.8154236674308776855468750000000000000000
0.6748391985893249511718750000000000000000
0.5558000802993774414062500000000000000000
0.4566690921783447265625000000000000000000
0.3754822611808776855468750000000000000000
0.3100938796997070312500000000000000000000
0.2583053112030029296875000000000000000000
0.2179718464612960815429687500000000000000
0.1870851963758468627929687500000000000000
0.1638299226760864257812500000000000000000
0.1466156095266342163085937500000000000000
0.1340886801481246948242187500000000000000
0.1251277327537536621093750000000000000000
0.1188271492719650268554687500000000000000
0.1144731640815734863281250000000000000000
0.1115162521600723266601562500000000000000
0.1095429807901382446289062500000000000000
0.1082490906119346618652343750000000000000
0.1074155718088150024414062500000000000000
0.1068880930542945861816406250000000000000
0.1065602153539657592773437500000000000000
0.1063600778579711914062500000000000000000
0.1062400788068771362304687500000000000000
0.1061694622039794921875000000000000000000
0.1061286479234695434570312500000000000000
0.1061055064201354980468750000000000000000
0.1060926318168640136718750000000000000000
0.1060855835676193237304687500000000000000
0.1060817986726760864257812500000000000000
0.1060798168182373046875000000000000000000
0.1060787886381149291992187500000000000000
0.1060782819986343383789062500000000000000
0.1060780063271522521972656250000000000000
0.1060778945684432983398437500000000000000
0.1060778275132179260253906250000000000000
0.1060778051614761352539062500000000000000
0.1060778051614761352539062500000000000000
0.1060778051614761352539062500000000000000
0.1060778051614761352539062500000000000000
0.1060778051614761352539062500000000000000
0.1060778051614761352539062500000000000000
0.1060778051614761352539062500000000000000
0.1060778051614761352539062500000000000000
0.1060778051614761352539062500000000000000
0.1060778051614761352539062500000000000000
0.1060778051614761352539062500000000000000
0.1060778126120567321777343750000000000000
0.1060778498649597167968750000000000000000
0.1060779318213462829589843750000000000000
0.1060780882835388183593750000000000000000
0.1060784310102462768554687500000000000000
0.1060791388154029846191406250000000000000
0.1060805097222328186035156250000000000000
0.1060831546783447265625000000000000000000
0.1060881838202476501464843750000000000000
0.1060975790023803710937500000000000000000
0.1061147898435592651367187500000000000000
0.1061457172036170959472656250000000000000
0.1062002032995223999023437500000000000000
0.1062945500016212463378906250000000000000
0.1064548343420028686523437500000000000000
0.1067222580313682556152343750000000000000
0.1071603745222091674804687500000000000000
0.1078653186559677124023437500000000000000
0.1089794412255287170410156250000000000000
0.1107091903686523437500000000000000000000
0.1133476868271827697753906250000000000000
0.1173021569848060607910156250000000000000
0.1231262236833572387695312500000000000000
0.1315559893846511840820312500000000000000
0.1435480415821075439453125000000000000000
0.1603167206048965454101562500000000000000
0.1833664327859878540039062500000000000000
0.2145143300294876098632812500000000000000
0.2558970451354980468750000000000000000000
0.3099558055400848388671875000000000000000
0.3793937563896179199218750000000000000000
0.4671010375022888183593750000000000000000
0.5760453343391418457031250000000000000000
0.7091277241706848144531250000000000000000
0.8690099716186523437500000000000000000000
1.0579195022583007812500000000000000000000
1.2774468660354614257812500000000000000000
1.5283504724502563476562500000000000000000
1.8103879690170288085937500000000000000000
2.1221926212310791015625000000000000000000
2.4612116813659667968750000000000000000000
2.8237209320068359375000000000000000000000
3.2049231529235839843750000000000000000000
3.5991275310516357421875000000000000000000
4.0000000000000000000000000000000000000000
3.0000000000000000000000000000000000000000
2.7057807445526123046875000000000000000000
2.4164607524871826171875000000000000000000
2.1366913318634033203125000000000000000000
1.8706499338150024414062500000000000000000
1.6218570470809936523437500000000000000000
1.3930420875549316406250000000000000000000
1.1860746145248413085937500000000000000000
1.0019537210464477539062500000000000000000
0.8408542871475219726562500000000000000000
0.7022176980972290039062500000000000000000
0.5848766565322875976562500000000000000000
0.4871969223022460937500000000000000000000
0.4072268009185791015625000000000000000000
0.3428388535976409912109375000000000000000
0.2918571233749389648437500000000000000000
0.2521620988845825195312500000000000000000
0.2217713147401809692382812500000000000000
0.1988938152790069580078125000000000000000
0.1819621324539184570312500000000000000000
0.1696426868438720703125000000000000000000
0.1608313620090484619140625000000000000000
0.1546366661787033081054687500000000000000
0.1503562480211257934570312500000000000000
0.1474495381116867065429687500000000000000
0.1455098837614059448242187500000000000000
0.1442381143569946289062500000000000000000
0.1434188783168792724609375000000000000000
0.1429004520177841186523437500000000000000
0.1425782293081283569335937500000000000000
0.1423815190792083740234375000000000000000
0.1422636061906814575195312500000000000000
0.1421941965818405151367187500000000000000
0.1421540826559066772460937500000000000000
0.1421313285827636718750000000000000000000
0.1421186625957489013671875000000000000000
0.1421117484569549560546875000000000000000
0.1421080380678176879882812500000000000000
0.1421060860157012939453125000000000000000
0.1421050727367401123046875000000000000000
0.1421045511960983276367187500000000000000
0.1421043276786804199218750000000000000000
0.1421041935682296752929687500000000000000
0.1421041339635848999023437500000000000000
0.1421041190624237060546875000000000000000
0.1421041041612625122070312500000000000000
0.1421041041612625122070312500000000000000
0.1421041041612625122070312500000000000000
0.1421041041612625122070312500000000000000
0.1421041041612625122070312500000000000000
0.1421041041612625122070312500000000000000
0.1421041041612625122070312500000000000000
0.1421041041612625122070312500000000000000
0.1421041041612625122070312500000000000000
0.1421041041612625122070312500000000000000
0.1421041190624237060546875000000000000000
0.1421041488647460937500000000000000000000
0.1421042382717132568359375000000000000000
0.1421044021844863891601562500000000000000
0.1421047151088714599609375000000000000000
0.1421054154634475708007812500000000000000
0.1421067416667938232421875000000000000000
0.1421093642711639404296875000000000000000
0.1421143114566802978515625000000000000000
0.1421235650777816772460937500000000000000
0.1421404778957366943359375000000000000000
0.1421708613634109497070312500000000000000
0.1422244608402252197265625000000000000000
0.1423172205686569213867187500000000000000
0.1424748301506042480468750000000000000000
0.1427377760410308837890625000000000000000
0.1431685984134674072265625000000000000000
0.1438618600368499755859375000000000000000
0.1449575871229171752929687500000000000000
0.1466589421033859252929687500000000000000
0.1492543667554855346679687500000000000000
0.1531447619199752807617187500000000000000
0.1588753163814544677734375000000000000000
0.1671710461378097534179687500000000000000
0.1789746433496475219726562500000000000000
0.1954833120107650756835937500000000000000
0.2181811332702636718750000000000000000000
0.2488619834184646606445312500000000000000
0.2896368205547332763671875000000000000000
0.3429202139377593994140625000000000000000
0.4113888740539550781250000000000000000000
0.4979096353054046630859375000000000000000
0.6054319143295288085937500000000000000000
0.7368469238281250000000000000000000000000
0.8948169946670532226562500000000000000000
1.0815826654434204101562500000000000000000
1.2987608909606933593750000000000000000000
1.5471479892730712890625000000000000000000
1.8265478610992431640625000000000000000000
2.1356437206268310546875000000000000000000
2.4719281196594238281250000000000000000000
2.8317139148712158203125000000000000000000
3.2102227210998535156250000000000000000000
3.6017665863037109375000000000000000000000
4.0000000000000000000000000000000000000000
3.0000000000000000000000000000000000000000
2.7096750736236572265625000000000000000000
2.4242348670959472656250000000000000000000
2.1483118534088134765625000000000000000000
1.8860538005828857421875000000000000000000
1.6409412622451782226562500000000000000000
1.4156568050384521484375000000000000000000
1.2120205163955688476562500000000000000000
1.0309860706329345703125000000000000000000
0.8726915121078491210937500000000000000000
0.7365541458129882812500000000000000000000
0.6213945746421813964843750000000000000000
0.5255815386772155761718750000000000000000
0.4471770226955413818359375000000000000000
0.3840766549110412597656250000000000000000
0.3341331183910369873046875000000000000000
0.2952594459056854248046875000000000000000
0.2655061185359954833984375000000000000000
0.2431143224239349365234375000000000000000
0.2265456467866897583007812500000000000000
0.2144927531480789184570312500000000000000
0.2058734446763992309570312500000000000000
0.1998145878314971923828125000000000000000
0.1956285387277603149414062500000000000000
0.1927861869335174560546875000000000000000
0.1908896714448928833007812500000000000000
0.1896462291479110717773437500000000000000
0.1888453066349029541015625000000000000000
0.1883384883403778076171875000000000000000
0.1880234777927398681640625000000000000000
0.1878311932086944580078125000000000000000
0.1877159178256988525390625000000000000000
0.1876480579376220703125000000000000000000
0.1876088827848434448242187500000000000000
0.1875866204500198364257812500000000000000
0.1875742375850677490234375000000000000000
0.1875674873590469360351562500000000000000
0.1875638663768768310546875000000000000000
0.1875619292259216308593750000000000000000
0.1875609457492828369140625000000000000000
0.1875604689121246337890625000000000000000
0.1875601857900619506835937500000000000000
0.1875600963830947875976562500000000000000
0.1875600516796112060546875000000000000000
0.1875599920749664306640625000000000000000
0.1875599920749664306640625000000000000000
0.1875599920749664306640625000000000000000
0.1875599920749664306640625000000000000000
0.1875599920749664306640625000000000000000
0.1875599920749664306640625000000000000000
0.1875599920749664306640625000000000000000
0.1875599920749664306640625000000000000000
0.1875599920749664306640625000000000000000
0.1875599920749664306640625000000000000000
0.1875599920749664306640625000000000000000
0.1875599920749664306640625000000000000000
0.1875600516796112060546875000000000000000
0.1875601261854171752929687500000000000000
0.1875602751970291137695312500000000000000
0.1875606030225753784179687500000000000000
0.1875612437725067138671875000000000000000
0.1875625848770141601562500000000000000000
0.1875651478767395019531250000000000000000
0.1875699609518051147460937500000000000000
0.1875790208578109741210937500000000000000
0.1875955611467361450195312500000000000000
0.1876252889633178710937500000000000000000
0.1876777112483978271484375000000000000000
0.1877684444189071655273437500000000000000
0.1879225969314575195312500000000000000000
0.1881798058748245239257812500000000000000
0.1886012405157089233398437500000000000000
0.1892794221639633178710937500000000000000
0.1903514564037322998046875000000000000000
0.1920161843299865722656250000000000000000
0.1945560574531555175781250000000000000000
0.1983637660741806030273437500000000000000
0.2039734870195388793945312500000000000000
0.2120959311723709106445312500000000000000
0.2236556559801101684570312500000000000000
0.2398275136947631835937500000000000000000
0.2620690464973449707031250000000000000000
0.2921435534954071044921875000000000000000
0.3321283757686614990234375000000000000000
0.3844028115272521972656250000000000000000
0.4516092836856842041015625000000000000000
0.5365835428237915039062500000000000000000
0.6422517299652099609375000000000000000000
0.7714930772781372070312500000000000000000
0.9269725680351257324218750000000000000000
1.1109522581100463867187500000000000000000
1.3250885009765625000000000000000000000000
1.5702353715896606445312500000000000000000
1.8462671041488647460937500000000000000000
2.1519408226013183593750000000000000000000
2.4848182201385498046875000000000000000000
2.8412613868713378906250000000000000000000
3.2165169715881347656250000000000000000000
3.6048893928527832031250000000000000000000
4.0000000000000000000000000000000000000000
3.0000000000000000000000000000000000000000
2.7143445014953613281250000000000000000000
2.4335761070251464843750000000000000000000
2.1623158454895019531250000000000000000000
1.9046834707260131835937500000000000000000
1.6641104221343994140625000000000000000000
1.4432153701782226562500000000000000000000
1.2437483072280883789062500000000000000000
1.0665962696075439453125000000000000000000
0.9118429422378540039062500000000000000000
0.7788671851158142089843750000000000000000
0.6664718985557556152343750000000000000000
0.5730255842208862304687500000000000000000
0.4966062903404235839843750000000000000000
0.4351377487182617187500000000000000000000
0.3865098357200622558593750000000000000000
0.3486761748790740966796875000000000000000
0.3197295367717742919921875000000000000000
0.2979517579078674316406250000000000000000
0.2818419337272644042968750000000000000000
0.2701255679130554199218750000000000000000
0.2617486119270324707031250000000000000000
0.2558611631393432617187500000000000000000
0.2517940998077392578125000000000000000000
0.2490329295396804809570312500000000000000
0.2471906840801239013671875000000000000000
0.2459830045700073242187500000000000000000
0.2452051192522048950195312500000000000000
0.2447129189968109130859375000000000000000
0.2444070130586624145507812500000000000000
0.2442202866077423095703125000000000000000
0.2441083192825317382812500000000000000000
0.2440424412488937377929687500000000000000
0.2440043687820434570312500000000000000000
0.2439827471971511840820312500000000000000
0.2439707219600677490234375000000000000000
0.2439641654491424560546875000000000000000
0.2439606189727783203125000000000000000000
0.2439587861299514770507812500000000000000
0.2439578324556350708007812500000000000000
0.2439573705196380615234375000000000000000
0.2439571171998977661132812500000000000000
0.2439569979906082153320312500000000000000
0.2439569234848022460937500000000000000000
0.2439569234848022460937500000000000000000
0.2439568787813186645507812500000000000000
0.2439568787813186645507812500000000000000
0.2439568787813186645507812500000000000000
0.2439568787813186645507812500000000000000
0.2439568787813186645507812500000000000000
0.2439568787813186645507812500000000000000
0.2439568787813186645507812500000000000000
0.2439568787813186645507812500000000000000
0.2439568787813186645507812500000000000000
0.2439568787813186645507812500000000000000
0.2439569234848022460937500000000000000000
0.2439569234848022460937500000000000000000
0.2439570426940917968750000000000000000000
0.2439571619033813476562500000000000000000
0.2439574897289276123046875000000000000000
0.2439581602811813354492187500000000000000
0.2439594268798828125000000000000000000000
0.2439619302749633789062500000000000000000
0.2439666241407394409179687500000000000000
0.2439754009246826171875000000000000000000
0.2439914643764495849609375000000000000000
0.2440203726291656494140625000000000000000
0.2440712749958038330078125000000000000000
0.2441594600677490234375000000000000000000
0.2443092614412307739257812500000000000000
0.2445591688156127929687500000000000000000
0.2449687272310256958007812500000000000000
0.2456278353929519653320312500000000000000
0.2466698437929153442382812500000000000000
0.2482881844043731689453125000000000000000
0.2507576346397399902343750000000000000000
0.2544604241847991943359375000000000000000
0.2599167227745056152343750000000000000000
0.2678188979625701904296875000000000000000
0.2790682911872863769531250000000000000000
0.2948111295700073242187500000000000000000
0.3164706230163574218750000000000000000000
0.3457705974578857421875000000000000000000
0.3847449123859405517578125000000000000000
0.4357267916202545166015625000000000000000
0.5013136267662048339843750000000000000000
0.5843011140823364257812500000000000000000
0.6875848174095153808593750000000000000000
0.8140289187431335449218750000000000000000
0.9663046002388000488281250000000000000000
1.1467049121856689453125000000000000000000
1.3569459915161132812500000000000000000000
1.5979666709899902343750000000000000000000
1.8697464466094970703125000000000000000000
2.1711552143096923828125000000000000000000
2.4998564720153808593750000000000000000000
2.8522872924804687500000000000000000000000
3.2237224578857421875000000000000000000000
3.6084430217742919921875000000000000000000
4.0000000000000000000000000000000000000000
3.0000000000000000000000000000000000000000
2.7197928428649902343750000000000000000000
2.4445059299468994140625000000000000000000
2.1787736415863037109375000000000000000000
1.9266908168792724609375000000000000000000
1.6916277408599853515625000000000000000000
1.4761136770248413085937500000000000000000
1.2817970514297485351562500000000000000000
1.1094675064086914062500000000000000000000
0.9591277241706848144531250000000000000000
0.8301010131835937500000000000000000000000
0.7211610674858093261718750000000000000000
0.6306734681129455566406250000000000000000
0.5567347407341003417968750000000000000000
0.4973042011260986328125000000000000000000
0.4503172934055328369140625000000000000000
0.4137799143791198730468750000000000000000
0.3858377635478973388671875000000000000000
0.3648238778114318847656250000000000000000
0.3492842614650726318359375000000000000000
0.3379858136177062988281250000000000000000
0.3299096226692199707031250000000000000000
0.3242347240447998046875000000000000000000
0.3203151822090148925781250000000000000000
0.3176544308662414550781250000000000000000
0.3158795237541198730468750000000000000000
0.3147160410881042480468750000000000000000
0.3139667510986328125000000000000000000000
0.3134925961494445800781250000000000000000
0.3131979703903198242187500000000000000000
0.3130180835723876953125000000000000000000
0.3129102587699890136718750000000000000000
0.3128468096256256103515625000000000000000
0.3128101527690887451171875000000000000000
0.3127893507480621337890625000000000000000
0.3127777576446533203125000000000000000000
0.3127714097499847412109375000000000000000
0.3127680420875549316406250000000000000000
0.3127662539482116699218750000000000000000
0.3127653300762176513671875000000000000000
0.3127648234367370605468750000000000000000
0.3127646446228027343750000000000000000000
0.3127645552158355712890625000000000000000
0.3127644956111907958984375000000000000000
0.3127644360065460205078125000000000000000
0.3127644062042236328125000000000000000000
0.3127644062042236328125000000000000000000
0.3127644062042236328125000000000000000000
0.3127644062042236328125000000000000000000
0.3127644062042236328125000000000000000000
0.3127644062042236328125000000000000000000
0.3127644062042236328125000000000000000000
0.3127644062042236328125000000000000000000
0.3127644062042236328125000000000000000000
0.3127644062042236328125000000000000000000
0.3127644062042236328125000000000000000000
0.3127644658088684082031250000000000000000
0.3127645254135131835937500000000000000000
0.3127647042274475097656250000000000000000
0.3127650320529937744140625000000000000000
0.3127656280994415283203125000000000000000
0.3127668499946594238281250000000000000000
0.3127692937850952148437500000000000000000
0.3127737939357757568359375000000000000000
0.3127822577953338623046875000000000000000
0.3127977550029754638671875000000000000000
0.3128255903720855712890625000000000000000
0.3128746449947357177734375000000000000000
0.3129596114158630371093750000000000000000
0.3131039738655090332031250000000000000000
0.3133448958396911621093750000000000000000
0.3137396872043609619140625000000000000000
0.3143751025199890136718750000000000000000
0.3153797686100006103515625000000000000000
0.3169403374195098876953125000000000000000
0.3193220496177673339843750000000000000000
0.3228940367698669433593750000000000000000
0.3281587958335876464843750000000000000000
0.3357858657836914062500000000000000000000
0.3466470837593078613281250000000000000000
0.3618524968624114990234375000000000000000
0.3827818334102630615234375000000000000000
0.4111085832118988037109375000000000000000
0.4488105177879333496093750000000000000000
0.4981620311737060546875000000000000000000
0.5617019534111022949218750000000000000000
0.6421734094619750976562500000000000000000
0.7424319982528686523437500000000000000000
0.8653222918510437011718750000000000000000
1.0135244131088256835937500000000000000000
1.1893761157989501953125000000000000000000
1.3946777582168579101562500000000000000000
1.6304931640625000000000000000000000000000
1.8969570398330688476562500000000000000000
2.1931090354919433593750000000000000000000
2.5167708396911621093750000000000000000000
2.8644919395446777343750000000000000000000
3.2315857410430908203125000000000000000000
3.6122829914093017578125000000000000000000
4.0000000000000000000000000000000000000000
3.0000000000000000000000000000000000000000
2.7259418964385986328125000000000000000000
2.4569008350372314453125000000000000000000
2.1975646018981933593750000000000000000000
1.9520152807235717773437500000000000000000
1.7235414981842041015625000000000000000000
1.5145425796508789062500000000000000000000
1.3265168666839599609375000000000000000000
1.1601102352142333984375000000000000000000
1.0152080059051513671875000000000000000000
0.8910526037216186523437500000000000000000
0.7863755226135253906250000000000000000000
0.6995356082916259765625000000000000000000
0.6286519765853881835937500000000000000000
0.5717279911041259765625000000000000000000
0.5267570614814758300781250000000000000000
0.4918095469474792480468750000000000000000
0.4650979042053222656250000000000000000000
0.4450186789035797119140625000000000000000
0.4301761090755462646484375000000000000000
0.4193879067897796630859375000000000000000
0.4116786420345306396484375000000000000000
0.4062628746032714843750000000000000000000
0.4025229811668395996093750000000000000000
0.3999847769737243652343750000000000000000
0.3982917368412017822265625000000000000000
0.3971820473670959472656250000000000000000
0.3964673876762390136718750000000000000000
0.3960153162479400634765625000000000000000
0.3957343399524688720703125000000000000000
0.3955628275871276855468750000000000000000
0.3954600393772125244140625000000000000000
0.3953995108604431152343750000000000000000
0.3953645527362823486328125000000000000000
0.3953447043895721435546875000000000000000
0.3953336775302886962890625000000000000000
0.3953276574611663818359375000000000000000
0.3953244090080261230468750000000000000000
0.3953227102756500244140625000000000000000
0.3953218162059783935546875000000000000000
0.3953213691711425781250000000000000000000
0.3953211307525634765625000000000000000000
0.3953210115432739257812500000000000000000
0.3953209817409515380859375000000000000000
0.3953209519386291503906250000000000000000
0.3953209519386291503906250000000000000000
0.3953209519386291503906250000000000000000
0.3953209519386291503906250000000000000000
0.3953209519386291503906250000000000000000
0.3953209519386291503906250000000000000000
0.3953209519386291503906250000000000000000
0.3953209519386291503906250000000000000000
0.3953209519386291503906250000000000000000
0.3953209519386291503906250000000000000000
0.3953209519386291503906250000000000000000
0.3953209519386291503906250000000000000000
0.3953209519386291503906250000000000000000
0.3953210711479187011718750000000000000000
0.3953211903572082519531250000000000000000
0.3953215181827545166015625000000000000000
0.3953221440315246582031250000000000000000
0.3953233063220977783203125000000000000000
0.3953255712985992431640625000000000000000
0.3953298926353454589843750000000000000000
0.3953379690647125244140625000000000000000
0.3953527808189392089843750000000000000000
0.3953793048858642578125000000000000000000
0.3954261243343353271484375000000000000000
0.3955071866512298583984375000000000000000
0.3956449627876281738281250000000000000000
0.3958748281002044677734375000000000000000
0.3962515890598297119140625000000000000000
0.3968580663204193115234375000000000000000
0.3978170752525329589843750000000000000000
0.3993069827556610107421875000000000000000
0.4015813469886779785156250000000000000000
0.4049930572509765625000000000000000000000
0.4100230336189270019531250000000000000000
0.4173122048377990722656250000000000000000
0.4276961684226989746093750000000000000000
0.4422397613525390625000000000000000000000
0.4622683525085449218750000000000000000000
0.4893921911716461181640625000000000000000
0.5255182981491088867187500000000000000000
0.5728454589843750000000000000000000000000
0.6338374614715576171875000000000000000000
0.7111686468124389648437500000000000000000
0.8076416850090026855468750000000000000000
0.9260737299919128417968750000000000000000
1.0691554546356201171875000000000000000000
1.2392836809158325195312500000000000000000
1.4383757114410400390625000000000000000000
1.6676715612411499023437500000000000000000
1.9275343418121337890625000000000000000000
2.2172603607177734375000000000000000000000
2.5349171161651611328125000000000000000000
2.8772346973419189453125000000000000000000
3.2395892143249511718750000000000000000000
3.6161186695098876953125000000000000000000
4.0000000000000000000000000000000000000000
3.0000000000000000000000000000000000000000
2.7325913906097412109375000000000000000000
2.4704124927520751953125000000000000000000
2.2182819843292236328125000000000000000000
1.9802849292755126953125000000000000000000
1.7595918178558349609375000000000000000000
1.5584027767181396484375000000000000000000
1.3779898881912231445312500000000000000000
1.2187879085540771484375000000000000000000
1.0805138349533081054687500000000000000000
0.9622972607612609863281250000000000000000
0.8628120422363281250000000000000000000000
0.7804078459739685058593750000000000000000
0.7132323980331420898437500000000000000000
0.6593446731567382812500000000000000000000
0.6168110966682434082031250000000000000000
0.5837827324867248535156250000000000000000
0.5585538744926452636718750000000000000000
0.5395993590354919433593750000000000000000
0.5255943536758422851562500000000000000000
0.5154187679290771484375000000000000000000
0.5081495642662048339843750000000000000000
0.5030443072319030761718750000000000000000
0.4995195865631103515625000000000000000000
0.4971278309822082519531250000000000000000
0.4955326616764068603515625000000000000000
0.4944872856140136718750000000000000000000
0.4938142299652099609375000000000000000000
0.4933883547782897949218750000000000000000
0.4931238293647766113281250000000000000000
0.4929622709751129150390625000000000000000
0.4928654730319976806640625000000000000000
0.4928084909915924072265625000000000000000
0.4927754998207092285156250000000000000000
0.4927569031715393066406250000000000000000
0.4927465021610260009765625000000000000000
0.4927407801151275634765625000000000000000
0.4927377104759216308593750000000000000000
0.4927361607551574707031250000000000000000
0.4927352964878082275390625000000000000000
0.4927349090576171875000000000000000000000
0.4927346706390380859375000000000000000000
0.4927346110343933105468750000000000000000
0.4927345216274261474609375000000000000000
0.4927344918251037597656250000000000000000
0.4927344322204589843750000000000000000000
0.4927344322204589843750000000000000000000
0.4927344322204589843750000000000000000000
0.4927344322204589843750000000000000000000
0.4927344322204589843750000000000000000000
0.4927344322204589843750000000000000000000
0.4927344322204589843750000000000000000000
0.4927344322204589843750000000000000000000
0.4927344918251037597656250000000000000000
0.4927344918251037597656250000000000000000
0.4927345216274261474609375000000000000000
0.4927345216274261474609375000000000000000
0.4927346110343933105468750000000000000000
0.4927347302436828613281250000000000000000
0.4927349984645843505859375000000000000000
0.4927355349063873291015625000000000000000
0.4927366673946380615234375000000000000000
0.4927388131618499755859375000000000000000
0.4927428662776947021484375000000000000000
0.4927504956722259521484375000000000000000
0.4927644133567810058593750000000000000000
0.4927894175052642822265625000000000000000
0.4928335547447204589843750000000000000000
0.4929099977016448974609375000000000000000
0.4930397868156433105468750000000000000000
0.4932564198970794677734375000000000000000
0.4936116337776184082031250000000000000000
0.4941833019256591796875000000000000000000
0.4950874745845794677734375000000000000000
0.4964925646781921386718750000000000000000
0.4986378252506256103515625000000000000000
0.5018566846847534179687500000000000000000
0.5066035985946655273437500000000000000000
0.5134851932525634765625000000000000000000
0.5232925415039062500000000000000000000000
0.5370352268218994140625000000000000000000
0.5559716224670410156250000000000000000000
0.5816335678100585937500000000000000000000
0.6158396601676940917968750000000000000000
0.6606940031051635742187500000000000000000
0.7185636162757873535156250000000000000000
0.7920337915420532226562500000000000000000
0.8838350176811218261718750000000000000000
0.9967451095581054687500000000000000000000
1.1334621906280517578125000000000000000000
1.2964560985565185546875000000000000000000
1.4877974987030029296875000000000000000000
1.7089688777923583984375000000000000000000
1.9606615304946899414062500000000000000000
2.2425584793090820312500000000000000000000
2.5531163215637207031250000000000000000000
2.8893702030181884765625000000000000000000
3.2468132972717285156250000000000000000000
3.6194362640380859375000000000000000000000
4.0000000000000000000000000000000000000000
3.0000000000000000000000000000000000000000
2.7393450736999511718750000000000000000000
2.4843490123748779296875000000000000000000
2.2400941848754882812500000000000000000000
2.0106863975524902343750000000000000000000
1.7990993261337280273437500000000000000000
1.6072149276733398437500000000000000000000
1.4359558820724487304687500000000000000000
1.2854484319686889648437500000000000000000
1.1551761627197265625000000000000000000000
1.0441182851791381835937500000000000000000
0.9508765935897827148437500000000000000000
0.8737915158271789550781250000000000000000
0.8110505342483520507812500000000000000000
0.7607844471931457519531250000000000000000
0.7211509346961975097656250000000000000000
0.6904011368751525878906250000000000000000
0.6669293642044067382812500000000000000000
0.6493055224418640136718750000000000000000
0.6362899541854858398437500000000000000000
0.6268373727798461914062500000000000000000
0.6200868487358093261718750000000000000000
0.6153470873832702636718750000000000000000
0.6120756864547729492187500000000000000000
0.6098561286926269531250000000000000000000
0.6083761453628540039062500000000000000000
0.6074063181877136230468750000000000000000
0.6067818999290466308593750000000000000000
0.6063869595527648925781250000000000000000
0.6061415076255798339843750000000000000000
0.6059917211532592773437500000000000000000
0.6059020161628723144531250000000000000000
0.6058491468429565429687500000000000000000
0.6058186292648315429687500000000000000000
0.6058012843132019042968750000000000000000
0.6057916283607482910156250000000000000000
0.6057863831520080566406250000000000000000
0.6057835221290588378906250000000000000000
0.6057820916175842285156250000000000000000
0.6057813167572021484375000000000000000000
0.6057808995246887207031250000000000000000
0.6057807207107543945312500000000000000000
0.6057806015014648437500000000000000000000
0.6057806015014648437500000000000000000000
0.6057806015014648437500000000000000000000
0.6057804822921752929687500000000000000000
0.6057804822921752929687500000000000000000
0.6057804822921752929687500000000000000000
0.6057804822921752929687500000000000000000
0.6057804822921752929687500000000000000000
0.6057804822921752929687500000000000000000
0.6057804822921752929687500000000000000000
0.6057804822921752929687500000000000000000
0.6057804822921752929687500000000000000000
0.6057804822921752929687500000000000000000
0.6057804822921752929687500000000000000000
0.6057806015014648437500000000000000000000
0.6057806015014648437500000000000000000000
0.6057807207107543945312500000000000000000
0.6057810187339782714843750000000000000000
0.6057815551757812500000000000000000000000
0.6057825684547424316406250000000000000000
0.6057845950126647949218750000000000000000
0.6057882905006408691406250000000000000000
0.6057953834533691406250000000000000000000
0.6058083176612854003906250000000000000000
0.6058315038681030273437500000000000000000
0.6058725118637084960937500000000000000000
0.6059433817863464355468750000000000000000
0.6060638427734375000000000000000000000000
0.6062649488449096679687500000000000000000
0.6065945029258728027343750000000000000000
0.6071254014968872070312500000000000000000
0.6079649329185485839843750000000000000000
0.6092697381973266601562500000000000000000
0.6112625002861022949218750000000000000000
0.6142533421516418457031250000000000000000
0.6186654567718505859375000000000000000000
0.6250638961791992187500000000000000000000
0.6341868042945861816406250000000000000000
0.6469768881797790527343750000000000000000
0.6646119356155395507812500000000000000000
0.6885277032852172851562500000000000000000
0.7204344868659973144531250000000000000000
0.7623175382614135742187500000000000000000
0.8164221644401550292968750000000000000000
0.8852173686027526855468750000000000000000
0.9713364839553833007812500000000000000000
1.0774962902069091796875000000000000000000
1.2063921689987182617187500000000000000000
1.3605740070343017578125000000000000000000
1.5423014163970947265625000000000000000000
1.7533766031265258789062500000000000000000
1.9949487447738647460937500000000000000000
2.2672774791717529296875000000000000000000
2.5694408416748046875000000000000000000000
2.8990049362182617187500000000000000000000
3.2517161369323730468750000000000000000000
3.6213638782501220703125000000000000000000
4.0000000000000000000000000000000000000000
3.0000000000000000000000000000000000000000
2.7454915046691894531250000000000000000000
2.4974837303161621093750000000000000000000
2.2615494728088378906250000000000000000000
2.0418026447296142578125000000000000000000
1.8408517837524414062500000000000000000000
1.6600404977798461914062500000000000000000
1.4997533559799194335937500000000000000000
1.3596751689910888671875000000000000000000
1.2389773130416870117187500000000000000000
1.1364527940750122070312500000000000000000
1.0506217479705810546875000000000000000000
0.9798247218132019042968750000000000000000
0.9223063588142395019531250000000000000000
0.8762912750244140625000000000000000000000
0.8400519490242004394531250000000000000000
0.8119623064994812011718750000000000000000
0.7905378341674804687500000000000000000000
0.7744611501693725585937500000000000000000
0.7625946402549743652343750000000000000000
0.7539800405502319335937500000000000000000
0.7478302717208862304687500000000000000000
0.7435137033462524414062500000000000000000
0.7405349612236022949218750000000000000000
0.7385144829750061035156250000000000000000
0.7371673583984375000000000000000000000000
0.7362848520278930664062500000000000000000
0.7357166409492492675781250000000000000000
0.7353572249412536621093750000000000000000
0.7351340055465698242187500000000000000000
0.7349977493286132812500000000000000000000
0.7349160909652709960937500000000000000000
0.7348679900169372558593750000000000000000
0.7348402142524719238281250000000000000000
0.7348244786262512207031250000000000000000
0.7348156571388244628906250000000000000000
0.7348109483718872070312500000000000000000
0.7348083257675170898437500000000000000000
0.7348070144653320312500000000000000000000
0.7348063588142395019531250000000000000000
0.7348059415817260742187500000000000000000
0.7348057627677917480468750000000000000000
0.7348057627677917480468750000000000000000
0.7348057031631469726562500000000000000000
0.7348057031631469726562500000000000000000
0.7348057031631469726562500000000000000000
0.7348057031631469726562500000000000000000
0.7348057031631469726562500000000000000000
0.7348057031631469726562500000000000000000
0.7348057031631469726562500000000000000000
0.7348057031631469726562500000000000000000
0.7348057031631469726562500000000000000000
0.7348057031631469726562500000000000000000
0.7348057031631469726562500000000000000000
0.7348057031631469726562500000000000000000
0.7348057031631469726562500000000000000000
0.7348057031631469726562500000000000000000
0.7348057031631469726562500000000000000000
0.7348058223724365234375000000000000000000
0.7348060607910156250000000000000000000000
0.7348064780235290527343750000000000000000
0.7348073720932006835937500000000000000000
0.7348091602325439453125000000000000000000
0.7348126173019409179687500000000000000000
0.7348190546035766601562500000000000000000
0.7348309159278869628906250000000000000000
0.7348520755767822265625000000000000000000
0.7348893284797668457031250000000000000000
0.7349538207054138183593750000000000000000
0.7350634336471557617187500000000000000000
0.7352465391159057617187500000000000000000
0.7355467677116394042968750000000000000000
0.7360299825668334960937500000000000000000
0.7367948293685913085937500000000000000000
0.7379834651947021484375000000000000000000
0.7397993803024291992187500000000000000000
0.7425253391265869140625000000000000000000
0.7465481162071228027343750000000000000000
0.7523843050003051757812500000000000000000
0.7607091665267944335937500000000000000000
0.7723868489265441894531250000000000000000
0.7884985208511352539062500000000000000000
0.8103654980659484863281250000000000000000
0.8395661115646362304687500000000000000000
0.8779403567314147949218750000000000000000
0.9275811314582824707031250000000000000000
0.9908069372177124023437500000000000000000
1.0701198577880859375000000000000000000000
1.1681430339813232421875000000000000000000
1.2875436544418334960937500000000000000000
1.4309440851211547851562500000000000000000
1.6008151769638061523437500000000000000000
1.7993552684783935546875000000000000000000
2.0283274650573730468750000000000000000000
2.2888264656066894531250000000000000000000
2.5809216499328613281250000000000000000000
2.9031310081481933593750000000000000000000
3.2517769336700439453125000000000000000000
3.6204440593719482421875000000000000000000
4.0000000000000000000000000000000000000000
3.0000000000000000000000000000000000000000
2.7497785091400146484375000000000000000000
2.5077252388000488281250000000000000000000
2.2802729606628417968750000000000000000000
2.0714106559753417968750000000000000000000
1.8829936981201171875000000000000000000000
1.7154357433319091796875000000000000000000
1.5683028697967529296875000000000000000000
1.4406738281250000000000000000000000000000
1.3313316106796264648437500000000000000000
1.2388597726821899414062500000000000000000
1.1617056131362915039062500000000000000000
1.0982306003570556640625000000000000000000
1.0467648506164550781250000000000000000000
1.0056574344635009765625000000000000000000
0.9733237028121948242187500000000000000000
0.9482864141464233398437500000000000000000
0.9292055368423461914062500000000000000000
0.9148968458175659179687500000000000000000
0.9043408632278442382812500000000000000000
0.8966810107231140136718750000000000000000
0.8912148475646972656250000000000000000000
0.8873791694641113281250000000000000000000
0.8847330808639526367187500000000000000000
0.8829383850097656250000000000000000000000
0.8817421793937683105468750000000000000000
0.8809585571289062500000000000000000000000
0.8804540634155273437500000000000000000000
0.8801350593566894531250000000000000000000
0.8799368143081665039062500000000000000000
0.8798158764839172363281250000000000000000
0.8797433972358703613281250000000000000000
0.8797007799148559570312500000000000000000
0.8796760439872741699218750000000000000000
0.8796621561050415039062500000000000000000
0.8796544075012207031250000000000000000000
0.8796499967575073242187500000000000000000
0.8796478509902954101562500000000000000000
0.8796465992927551269531250000000000000000
0.8796460032463073730468750000000000000000
0.8796457052230834960937500000000000000000
0.8796454668045043945312500000000000000000
0.8796454668045043945312500000000000000000
0.8796454668045043945312500000000000000000
0.8796454668045043945312500000000000000000
0.8796454668045043945312500000000000000000
0.8796454668045043945312500000000000000000
0.8796454668045043945312500000000000000000
0.8796454668045043945312500000000000000000
0.8796454668045043945312500000000000000000
0.8796454668045043945312500000000000000000
0.8796454668045043945312500000000000000000
0.8796454668045043945312500000000000000000
0.8796454668045043945312500000000000000000
0.8796454668045043945312500000000000000000
0.8796454668045043945312500000000000000000
0.8796454668045043945312500000000000000000
0.8796454668045043945312500000000000000000
0.8796456456184387207031250000000000000000
0.8796457052230834960937500000000000000000
0.8796463012695312500000000000000000000000
0.8796469569206237792968750000000000000000
0.8796485662460327148437500000000000000000
0.8796516656875610351562500000000000000000
0.8796573877334594726562500000000000000000
0.8796678781509399414062500000000000000000
0.8796866536140441894531250000000000000000
0.8797197341918945312500000000000000000000
0.8797769546508789062500000000000000000000
0.8798744082450866699218750000000000000000
0.8800371289253234863281250000000000000000
0.8803036808967590332031250000000000000000
0.8807331323623657226562500000000000000000
0.8814128041267395019531250000000000000000
0.8824691772460937500000000000000000000000
0.8840834498405456542968750000000000000000
0.8865075111389160156250000000000000000000
0.8900858759880065917968750000000000000000
0.8952792286872863769531250000000000000000
0.9026905298233032226562500000000000000000
0.9130926132202148437500000000000000000000
0.9274535179138183593750000000000000000000
0.9469597935676574707031250000000000000000
0.9730331301689147949218750000000000000000
1.0073378086090087890625000000000000000000
1.0517785549163818359375000000000000000000
1.1084835529327392578125000000000000000000
1.1797770261764526367187500000000000000000
1.2681409120559692382812500000000000000000
1.3761689662933349609375000000000000000000
1.5065193176269531250000000000000000000000
1.6618665456771850585937500000000000000000
1.8448520898818969726562500000000000000000
2.0580039024353027343750000000000000000000
2.3035757541656494140625000000000000000000
2.5831785202026367187500000000000000000000
2.8970513343811035156250000000000000000000
3.2428455352783203125000000000000000000000
3.6141903400421142578125000000000000000000
4.0000000000000000000000000000000000000000
3.0000000000000000000000000000000000000000
2.7499423027038574218750000000000000000000
2.5115005970001220703125000000000000000000
2.2925076484680175781250000000000000000000
2.0962548255920410156250000000000000000000
1.9229719638824462890625000000000000000000
1.7714799642562866210937500000000000000000
1.6401550769805908203125000000000000000000
1.5273128747940063476562500000000000000000
1.4313061237335205078125000000000000000000
1.3505245447158813476562500000000000000000
1.2833769321441650390625000000000000000000
1.2282904386520385742187500000000000000000
1.1837216615676879882812500000000000000000
1.1481812000274658203125000000000000000000
1.1202625036239624023437500000000000000000
1.0986654758453369140625000000000000000000
1.0822196006774902343750000000000000000000
1.0698949098587036132812500000000000000000
1.0608072280883789062500000000000000000000
1.0542156696319580078125000000000000000000
1.0495135784149169921875000000000000000000
1.0462150573730468750000000000000000000000
1.0439398288726806640625000000000000000000
1.0423971414566040039062500000000000000000
1.0413689613342285156250000000000000000000
1.0406954288482666015625000000000000000000
1.0402621030807495117187500000000000000000
1.0399880409240722656250000000000000000000
1.0398175716400146484375000000000000000000
1.0397137403488159179687500000000000000000
1.0396515130996704101562500000000000000000
1.0396147966384887695312500000000000000000
1.0395934581756591796875000000000000000000
1.0395816564559936523437500000000000000000
1.0395748615264892578125000000000000000000
1.0395714044570922851562500000000000000000
1.0395693778991699218750000000000000000000
1.0395684242248535156250000000000000000000
1.0395678281784057617187500000000000000000
1.0395677089691162109375000000000000000000
1.0395674705505371093750000000000000000000
1.0395674705505371093750000000000000000000
1.0395674705505371093750000000000000000000
1.0395674705505371093750000000000000000000
1.0395674705505371093750000000000000000000
1.0395674705505371093750000000000000000000
1.0395674705505371093750000000000000000000
1.0395674705505371093750000000000000000000
1.0395674705505371093750000000000000000000
1.0395674705505371093750000000000000000000
1.0395674705505371093750000000000000000000
1.0395674705505371093750000000000000000000
1.0395674705505371093750000000000000000000
1.0395674705505371093750000000000000000000
1.0395674705505371093750000000000000000000
1.0395674705505371093750000000000000000000
1.0395674705505371093750000000000000000000
1.0395677089691162109375000000000000000000
1.0395677089691162109375000000000000000000
1.0395680665969848632812500000000000000000
1.0395686626434326171875000000000000000000
1.0395700931549072265625000000000000000000
1.0395727157592773437500000000000000000000
1.0395774841308593750000000000000000000000
1.0395865440368652343750000000000000000000
1.0396026372909545898437500000000000000000
1.0396311283111572265625000000000000000000
1.0396804809570312500000000000000000000000
1.0397641658782958984375000000000000000000
1.0399038791656494140625000000000000000000
1.0401332378387451171875000000000000000000
1.0405025482177734375000000000000000000000
1.0410869121551513671875000000000000000000
1.0419956445693969726562500000000000000000
1.0433843135833740234375000000000000000000
1.0454704761505126953125000000000000000000
1.0485508441925048828125000000000000000000
1.0530228614807128906250000000000000000000
1.0594078302383422851562500000000000000000
1.0683739185333251953125000000000000000000
1.0807600021362304687500000000000000000000
1.0975971221923828125000000000000000000000
1.1201235055923461914062500000000000000000
1.1497963666915893554687500000000000000000
1.1882922649383544921875000000000000000000
1.2375013828277587890625000000000000000000
1.2995148897171020507812500000000000000000
1.3766076564788818359375000000000000000000
1.4712260961532592773437500000000000000000
1.5859878063201904296875000000000000000000
1.7237043380737304687500000000000000000000
1.8874328136444091796875000000000000000000
2.0805485248565673828125000000000000000000
2.3067724704742431640625000000000000000000
2.5699889659881591796875000000000000000000
2.8734710216522216796875000000000000000000
3.2179255485534667968750000000000000000000
3.5981488227844238281250000000000000000000
4.0000000000000000000000000000000000000000
3.0000000000000000000000000000000000000000
2.7415785789489746093750000000000000000000
2.5025181770324707031250000000000000000000
2.2924275398254394531250000000000000000000
2.1118838787078857421875000000000000000000
1.9576371908187866210937500000000000000000
1.8259439468383789062500000000000000000000
1.7136434316635131835937500000000000000000
1.6182330846786499023437500000000000000000
1.5376920700073242187500000000000000000000
1.4702955484390258789062500000000000000000
1.4144942760467529296875000000000000000000
1.3688471317291259765625000000000000000000
1.3319938182830810546875000000000000000000
1.3026534318923950195312500000000000000000
1.2796331644058227539062500000000000000000
1.2618424892425537109375000000000000000000
1.2483053207397460937500000000000000000000
1.2381665706634521484375000000000000000000
1.2306941747665405273437500000000000000000
1.2252763509750366210937500000000000000000
1.2214128971099853515625000000000000000000
1.2187032699584960937500000000000000000000
1.2168346643447875976562500000000000000000
1.2155678272247314453125000000000000000000
1.2147238254547119140625000000000000000000
1.2141710519790649414062500000000000000000
1.2138150930404663085937500000000000000000
1.2135901451110839843750000000000000000000
1.2134503126144409179687500000000000000000
1.2133649587631225585937500000000000000000
1.2133138179779052734375000000000000000000
1.2132837772369384765625000000000000000000
1.2132664918899536132812500000000000000000
1.2132565975189208984375000000000000000000
1.2132511138916015625000000000000000000000
1.2132481336593627929687500000000000000000
1.2132465839385986328125000000000000000000
1.2132456302642822265625000000000000000000
1.2132453918457031250000000000000000000000
1.2132451534271240234375000000000000000000
1.2132451534271240234375000000000000000000
1.2132449150085449218750000000000000000000
1.2132449150085449218750000000000000000000
1.2132449150085449218750000000000000000000
1.2132449150085449218750000000000000000000
1.2132449150085449218750000000000000000000
1.2132449150085449218750000000000000000000
1.2132449150085449218750000000000000000000
1.2132449150085449218750000000000000000000
1.2132449150085449218750000000000000000000
1.2132449150085449218750000000000000000000
1.2132449150085449218750000000000000000000
1.2132449150085449218750000000000000000000
1.2132449150085449218750000000000000000000
1.2132449150085449218750000000000000000000
1.2132449150085449218750000000000000000000
1.2132451534271240234375000000000000000000
1.2132451534271240234375000000000000000000
1.2132451534271240234375000000000000000000
1.2132453918457031250000000000000000000000
1.2132459878921508789062500000000000000000
1.2132470607757568359375000000000000000000
1.2132492065429687500000000000000000000000
1.2132532596588134765625000000000000000000
1.2132607698440551757812500000000000000000
1.2132740020751953125000000000000000000000
1.2132972478866577148437500000000000000000
1.2133377790451049804687500000000000000000
1.2134064435958862304687500000000000000000
1.2135213613510131835937500000000000000000
1.2137095928192138671875000000000000000000
1.2140128612518310546875000000000000000000
1.2144930362701416015625000000000000000000
1.2152396440505981445312500000000000000000
1.2163808345794677734375000000000000000000
1.2180951833724975585937500000000000000000
1.2206275463104248046875000000000000000000
1.2243057489395141601562500000000000000000
1.2295587062835693359375000000000000000000
1.2369387149810791015625000000000000000000
1.2471399307250976562500000000000000000000
1.2610167264938354492187500000000000000000
1.2795988321304321289062500000000000000000
1.3041024208068847656250000000000000000000
1.3359353542327880859375000000000000000000
1.3766982555389404296875000000000000000000
1.4281837940216064453125000000000000000000
1.4923779964447021484375000000000000000000
1.5714775323867797851562500000000000000000
1.6679309606552124023437500000000000000000
1.7845348119735717773437500000000000000000
1.9246027469635009765625000000000000000000
2.0922451019287109375000000000000000000000
2.2927534580230712890625000000000000000000
2.5329718589782714843750000000000000000000
2.8211369514465332031250000000000000000000
3.1647038459777832031250000000000000000000
3.5636477470397949218750000000000000000000
4.0000000000000000000000000000000000000000
3.0000000000000000000000000000000000000000
2.7150130271911621093750000000000000000000
2.4692263603210449218750000000000000000000
2.2713780403137207031250000000000000000000
2.1128654479980468750000000000000000000000
1.9836900234222412109375000000000000000000
1.8766806125640869140625000000000000000000
1.7871568202972412109375000000000000000000
1.7120271921157836914062500000000000000000
1.6491159200668334960937500000000000000000
1.5967577695846557617187500000000000000000
1.5535709857940673828125000000000000000000
1.5183370113372802734375000000000000000000
1.4899461269378662109375000000000000000000
1.4673753976821899414062500000000000000000
1.4496860504150390625000000000000000000000
1.4360265731811523437500000000000000000000
1.4256398677825927734375000000000000000000
1.4178643226623535156250000000000000000000
1.4121363162994384765625000000000000000000
1.4079844951629638671875000000000000000000
1.4050246477127075195312500000000000000000
1.4029492139816284179687500000000000000000
1.4015182256698608398437500000000000000000
1.4005482196807861328125000000000000000000
1.3999021053314208984375000000000000000000
1.3994787931442260742187500000000000000000
1.3992063999176025390625000000000000000000
1.3990345001220703125000000000000000000000
1.3989273309707641601562500000000000000000
1.3988620042800903320312500000000000000000
1.3988229036331176757812500000000000000000
1.3987998962402343750000000000000000000000
1.3987865447998046875000000000000000000000
1.3987791538238525390625000000000000000000
1.3987748622894287109375000000000000000000
1.3987725973129272460937500000000000000000
1.3987715244293212890625000000000000000000
1.3987708091735839843750000000000000000000
1.3987705707550048828125000000000000000000
1.3987703323364257812500000000000000000000
1.3987703323364257812500000000000000000000
1.3987703323364257812500000000000000000000
1.3987703323364257812500000000000000000000
1.3987703323364257812500000000000000000000
1.3987703323364257812500000000000000000000
1.3987703323364257812500000000000000000000
1.3987703323364257812500000000000000000000
1.3987703323364257812500000000000000000000
1.3987703323364257812500000000000000000000
1.3987703323364257812500000000000000000000
1.3987703323364257812500000000000000000000
1.3987703323364257812500000000000000000000
1.3987703323364257812500000000000000000000
1.3987703323364257812500000000000000000000
1.3987703323364257812500000000000000000000
1.3987703323364257812500000000000000000000
1.3987703323364257812500000000000000000000
1.3987703323364257812500000000000000000000
1.3987703323364257812500000000000000000000
1.3987705707550048828125000000000000000000
1.3987709283828735351562500000000000000000
1.3987718820571899414062500000000000000000
1.3987734317779541015625000000000000000000
1.3987765312194824218750000000000000000000
1.3987822532653808593750000000000000000000
1.3987925052642822265625000000000000000000
1.3988101482391357421875000000000000000000
1.3988411426544189453125000000000000000000
1.3988939523696899414062500000000000000000
1.3989816904067993164062500000000000000000
1.3991259336471557617187500000000000000000
1.3993581533432006835937500000000000000000
1.3997259140014648437500000000000000000000
1.4002978801727294921875000000000000000000
1.4011721611022949218750000000000000000000
1.4024858474731445312500000000000000000000
1.4044268131256103515625000000000000000000
1.4072465896606445312500000000000000000000
1.4112753868103027343750000000000000000000
1.4169375896453857421875000000000000000000
1.4247683286666870117187500000000000000000
1.4354264736175537109375000000000000000000
1.4497096538543701171875000000000000000000
1.4685620069503784179687500000000000000000
1.4930822849273681640625000000000000000000
1.5245299339294433593750000000000000000000
1.5643293857574462890625000000000000000000
1.6140867471694946289062500000000000000000
1.6756213903427124023437500000000000000000
1.7510383129119873046875000000000000000000
1.8428704738616943359375000000000000000000
1.9543457031250000000000000000000000000000
2.0898656845092773437500000000000000000000
2.2558357715606689453125000000000000000000
2.4620132446289062500000000000000000000000
2.7233130931854248046875000000000000000000
3.0604646205902099609375000000000000000000
3.4915339946746826171875000000000000000000
4.0000000000000000000000000000000000000000
3.0000000000000000000000000000000000000000
2.6447696685791015625000000000000000000000
2.3902225494384765625000000000000000000000
2.2182438373565673828125000000000000000000
2.0941238403320312500000000000000000000000
1.9987281560897827148437500000000000000000
1.9222663640975952148437500000000000000000
1.8595120906829833984375000000000000000000
1.8074518442153930664062500000000000000000
1.7641719579696655273437500000000000000000
1.7283210754394531250000000000000000000000
1.6988432407379150390625000000000000000000
1.6748468875885009765625000000000000000000
1.6555411815643310546875000000000000000000
1.6402111053466796875000000000000000000000
1.6282068490982055664062500000000000000000
1.6189432144165039062500000000000000000000
1.6119025945663452148437500000000000000000
1.6066344976425170898437500000000000000000
1.6027545928955078125000000000000000000000
1.5999430418014526367187500000000000000000
1.5979391336441040039062500000000000000000
1.5965342521667480468750000000000000000000
1.5955656766891479492187500000000000000000
1.5949091911315917968750000000000000000000
1.5944718122482299804687500000000000000000
1.5941855907440185546875000000000000000000
1.5940014123916625976562500000000000000000
1.5938847064971923828125000000000000000000
1.5938123464584350585937500000000000000000
1.5937681198120117187500000000000000000000
1.5937416553497314453125000000000000000000
1.5937261581420898437500000000000000000000
1.5937170982360839843750000000000000000000
1.5937120914459228515625000000000000000000
1.5937092304229736328125000000000000000000
1.5937076807022094726562500000000000000000
1.5937068462371826171875000000000000000000
1.5937063694000244140625000000000000000000
1.5937063694000244140625000000000000000000
1.5937062501907348632812500000000000000000
1.5937062501907348632812500000000000000000
1.5937062501907348632812500000000000000000
1.5937062501907348632812500000000000000000
1.5937062501907348632812500000000000000000
1.5937062501907348632812500000000000000000
1.5937062501907348632812500000000000000000
1.5937062501907348632812500000000000000000
1.5937062501907348632812500000000000000000
1.5937062501907348632812500000000000000000
1.5937062501907348632812500000000000000000
1.5937062501907348632812500000000000000000
1.5937062501907348632812500000000000000000
1.5937062501907348632812500000000000000000
1.5937062501907348632812500000000000000000
1.5937062501907348632812500000000000000000
1.5937062501907348632812500000000000000000
1.5937062501907348632812500000000000000000
1.5937062501907348632812500000000000000000
1.5937062501907348632812500000000000000000
1.5937063694000244140625000000000000000000
1.5937066078186035156250000000000000000000
1.5937072038650512695312500000000000000000
1.5937082767486572265625000000000000000000
1.5937104225158691406250000000000000000000
1.5937142372131347656250000000000000000000
1.5937210321426391601562500000000000000000
1.5937330722808837890625000000000000000000
1.5937541723251342773437500000000000000000
1.5937896966934204101562500000000000000000
1.5938493013381958007812500000000000000000
1.5939468145370483398437500000000000000000
1.5941039323806762695312500000000000000000
1.5943529605865478515625000000000000000000
1.5947401523590087890625000000000000000000
1.5953319072723388671875000000000000000000
1.5962216854095458984375000000000000000000
1.5975363254547119140625000000000000000000
1.5994464159011840820312500000000000000000
1.6021763086318969726562500000000000000000
1.6060140132904052734375000000000000000000
1.6113233566284179687500000000000000000000
1.6185534000396728515625000000000000000000
1.6282478570938110351562500000000000000000
1.6410529613494873046875000000000000000000
1.6577236652374267578125000000000000000000
1.6791293621063232421875000000000000000000
1.7062637805938720703125000000000000000000
1.7402604818344116210937500000000000000000
1.7824294567108154296875000000000000000000
1.8343315124511718750000000000000000000000
1.8979218006134033203125000000000000000000
1.9758335351943969726562500000000000000000
2.0719280242919921875000000000000000000000
2.1923813819885253906250000000000000000000
2.3479161262512207031250000000000000000000
2.5584990978240966796875000000000000000000
2.8628950119018554687500000000000000000000
3.3311028480529785156250000000000000000000
4.0000000000000000000000000000000000000000
3.0000000000000000000000000000000000000000
2.4451508522033691406250000000000000000000
2.2347092628479003906250000000000000000000
2.1249346733093261718750000000000000000000
2.0542957782745361328125000000000000000000
2.0028614997863769531250000000000000000000
1.9627449512481689453125000000000000000000
1.9303001165390014648437500000000000000000
1.9036095142364501953125000000000000000000
1.8815330266952514648437500000000000000000
1.8633047342300415039062500000000000000000
1.8483488559722900390625000000000000000000
1.8361915349960327148437500000000000000000
1.8264207839965820312500000000000000000000
1.8186677694320678710937500000000000000000
1.8126001358032226562500000000000000000000
1.8079198598861694335937500000000000000000
1.8043636083602905273437500000000000000000
1.8017036914825439453125000000000000000000
1.7997448444366455078125000000000000000000
1.7983255386352539062500000000000000000000
1.7973142862319946289062500000000000000000
1.7966051101684570312500000000000000000000
1.7961165904998779296875000000000000000000
1.7957851886749267578125000000000000000000
1.7955646514892578125000000000000000000000
1.7954202890396118164062500000000000000000
1.7953271865844726562500000000000000000000
1.7952682971954345703125000000000000000000
1.7952320575714111328125000000000000000000
1.7952095270156860351562500000000000000000
1.7951961755752563476562500000000000000000
1.7951885461807250976562500000000000000000
1.7951838970184326171875000000000000000000
1.7951812744140625000000000000000000000000
1.7951797246932983398437500000000000000000
1.7951790094375610351562500000000000000000
1.7951786518096923828125000000000000000000
1.7951786518096923828125000000000000000000
1.7951784133911132812500000000000000000000
1.7951784133911132812500000000000000000000
1.7951781749725341796875000000000000000000
1.7951781749725341796875000000000000000000
1.7951781749725341796875000000000000000000
1.7951781749725341796875000000000000000000
1.7951781749725341796875000000000000000000
1.7951781749725341796875000000000000000000
1.7951781749725341796875000000000000000000
1.7951781749725341796875000000000000000000
1.7951781749725341796875000000000000000000
1.7951781749725341796875000000000000000000
1.7951781749725341796875000000000000000000
1.7951781749725341796875000000000000000000
1.7951781749725341796875000000000000000000
1.7951781749725341796875000000000000000000
1.7951781749725341796875000000000000000000
1.7951781749725341796875000000000000000000
1.7951781749725341796875000000000000000000
1.7951781749725341796875000000000000000000
1.7951781749725341796875000000000000000000
1.7951781749725341796875000000000000000000
1.7951786518096923828125000000000000000000
1.7951787710189819335937500000000000000000
1.7951793670654296875000000000000000000000
1.7951803207397460937500000000000000000000
1.7951824665069580078125000000000000000000
1.7951858043670654296875000000000000000000
1.7951920032501220703125000000000000000000
1.7952026128768920898437500000000000000000
1.7952206134796142578125000000000000000000
1.7952505350112915039062500000000000000000
1.7952997684478759765625000000000000000000
1.7953790426254272460937500000000000000000
1.7955048084259033203125000000000000000000
1.7957000732421875000000000000000000000000
1.7959988117218017578125000000000000000000
1.7964477539062500000000000000000000000000
1.7971115112304687500000000000000000000000
1.7980759143829345703125000000000000000000
1.7994543313980102539062500000000000000000
1.8013925552368164062500000000000000000000
1.8040746450424194335937500000000000000000
1.8077281713485717773437500000000000000000
1.8126287460327148437500000000000000000000
1.8191045522689819335937500000000000000000
1.8275403976440429687500000000000000000000
1.8383808135986328125000000000000000000000
1.8521363735198974609375000000000000000000
1.8693950176239013671875000000000000000000
1.8908447027206420898437500000000000000000
1.9173195362091064453125000000000000000000
1.9498927593231201171875000000000000000000
1.9900615215301513671875000000000000000000
2.0401229858398437500000000000000000000000
2.1039879322052001953125000000000000000000
2.1890823841094970703125000000000000000000
2.3113775253295898437500000000000000000000
2.5109827518463134765625000000000000000000
2.9112546443939208984375000000000000000000
4.0000000000000000000000000000000000000000
2.0000000000000000000000000000000000000000
2.0000000000000000000000000000000000000000
2.0000000000000000000000000000000000000000
2.0000000000000000000000000000000000000000
2.0000000000000000000000000000000000000000
2.0000000000000000000000000000000000000000
2.0000000000000000000000000000000000000000
2.0000000000000000000000000000000000000000
2.0000000000000000000000000000000000000000
2.0000000000000000000000000000000000000000
2.0000000000000000000000000000000000000000
2.0000000000000000000000000000000000000000
2.0000000000000000000000000000000000000000
2.0000000000000000000000000000000000000000
2.0000000000000000000000000000000000000000
2.0000000000000000000000000000000000000000
2.0000000000000000000000000000000000000000
2.0000000000000000000000000000000000000000
2.0000000000000000000000000000000000000000
2.0000000000000000000000000000000000000000
2.0000000000000000000000000000000000000000
2.0000000000000000000000000000000000000000
2.0000000000000000000000000000000000000000
2.0000000000000000000000000000000000000000
2.0000000000000000000000000000000000000000
2.0000000000000000000000000000000000000000
2.0000000000000000000000000000000000000000
2.0000000000000000000000000000000000000000
2.0000000000000000000000000000000000000000
2.0000000000000000000000000000000000000000
2.0000000000000000000000000000000000000000
2.0000000000000000000000000000000000000000
2.0000000000000000000000000000000000000000
2.0000000000000000000000000000000000000000
2.0000000000000000000000000000000000000000
2.0000000000000000000000000000000000000000
2.0000000000000000000000000000000000000000
2.0000000000000000000000000000000000000000
2.0000000000000000000000000000000000000000
2.0000000000000000000000000000000000000000
2.0000000000000000000000000000000000000000
2.0000000000000000000000000000000000000000
2.0000000000000000000000000000000000000000
2.0000000000000000000000000000000000000000
2.0000000000000000000000000000000000000000
2.0000000000000000000000000000000000000000
2.0000000000000000000000000000000000000000
2.0000000000000000000000000000000000000000
2.0000000000000000000000000000000000000000
2.0000000000000000000000000000000000000000
2.0000000000000000000000000000000000000000
2.0000000000000000000000000000000000000000
2.0000000000000000000000000000000000000000
2.0000000000000000000000000000000000000000
2.0000000000000000000000000000000000000000
2.0000000000000000000000000000000000000000
2.0000000000000000000000000000000000000000
2.0000000000000000000000000000000000000000
2.0000000000000000000000000000000000000000
2.0000000000000000000000000000000000000000
2.0000000000000000000000000000000000000000
2.0000000000000000000000000000000000000000
2.0000000000000000000000000000000000000000
2.0000000000000000000000000000000000000000
2.0000000000000000000000000000000000000000
2.0000000000000000000000000000000000000000
2.0000000000000000000000000000000000000000
2.0000000000000000000000000000000000000000
2.0000000000000000000000000000000000000000
2.0000000000000000000000000000000000000000
2.0000000000000000000000000000000000000000
2.0000000000000000000000000000000000000000
2.0000000000000000000000000000000000000000
2.0000000000000000000000000000000000000000
2.0000000000000000000000000000000000000000
2.0000000000000000000000000000000000000000
2.0000000000000000000000000000000000000000
2.0000000000000000000000000000000000000000
2.0000000000000000000000000000000000000000
2.0000000000000000000000000000000000000000
2.0000000000000000000000000000000000000000
2.0000000000000000000000000000000000000000
2.0000000000000000000000000000000000000000
2.0000000000000000000000000000000000000000
2.0000000000000000000000000000000000000000
2.0000000000000000000000000000000000000000
2.0000000000000000000000000000000000000000
2.0000000000000000000000000000000000000000
2.0000000000000000000000000000000000000000
2.0000000000000000000000000000000000000000
2.0000000000000000000000000000000000000000
2.0000000000000000000000000000000000000000
2.0000000000000000000000000000000000000000
2.0000000000000000000000000000000000000000
2.0000000000000000000000000000000000000000
2.0000000000000000000000000000000000000000
2.0000000000000000000000000000000000000000
2.0000000000000000000000000000000000000000
2.0000000000000000000000000000000000000000
2.0000000000000000000000000000000000000000
