000000001.0000
000000001.0000
000000001.0000
000000001.0000
000000001.0000
000000001.0000
000000001.0000
000000001.0000
000000001.0000
000000001.0000
000000001.0000
000000001.0000
000000001.0000
000000001.0000
000000001.0000
000000001.0000
000000001.0000
000000001.0000
000000001.0000
000000001.0000
000000001.0000
000000001.0000
000000001.0000
000000001.0000
000000001.0000
000000001.0000
000000001.0000
000000001.0000
000000001.0000
000000001.0000
000000001.0000
000000001.0000
000000001.0000
000000001.0000
000000001.0000
000000001.0000
000000001.0000
000000001.0000
000000001.0000
000000001.0000
000000001.0000
000000001.0000
000000001.0000
000000001.0000
000000001.0000
000000001.0000
000000001.0000
000000001.0000
000000001.0000
000000001.0000
000000001.0000
000000001.0000
000000001.0000
000000001.0000
000000001.0000
000000001.0000
000000001.0000
000000001.0000
000000001.0000
000000001.0000
000000001.0000
000000001.0000
000000001.0000
000000001.0000
000000001.0000
000000001.0000
000000001.0000
000000001.0000
000000001.0000
000000001.0000
000000001.0000
000000001.0000
000000001.0000
000000001.0000
000000001.0000
000000001.0000
000000001.0000
000000001.0000
000000001.0000
000000001.0000
000000001.0000
000000001.0000
000000001.0000
000000001.0000
000000001.0000
000000001.0000
000000001.0000
000000001.0000
000000001.0000
000000001.0000
000000001.0000
000000001.0000
000000001.0000
000000001.0000
000000001.0000
000000001.0000
000000001.0000
000000001.0000
000000001.0000
000000001.0000
000000003.0000
000000001.9866
000000001.5782
000000001.3796
000000001.2658
000000001.1917
000000001.1390
000000001.0992
000000001.0678
000000001.0425
000000001.0216
000000001.0042
000000000.9897
000000000.9775
000000000.9673
000000000.9588
000000000.9516
000000000.9457
000000000.9407
000000000.9367
000000000.9334
000000000.9307
000000000.9285
000000000.9267
000000000.9253
000000000.9242
000000000.9233
000000000.9226
000000000.9220
000000000.9216
000000000.9213
000000000.9211
000000000.9209
000000000.9207
000000000.9206
000000000.9205
000000000.9205
000000000.9204
000000000.9204
000000000.9204
000000000.9204
000000000.9204
000000000.9204
000000000.9203
000000000.9203
000000000.9203
000000000.9203
000000000.9203
000000000.9203
000000000.9203
000000000.9203
000000000.9203
000000000.9203
000000000.9203
000000000.9203
000000000.9203
000000000.9203
000000000.9203
000000000.9203
000000000.9203
000000000.9203
000000000.9203
000000000.9203
000000000.9204
000000000.9204
000000000.9204
000000000.9204
000000000.9205
000000000.9205
000000000.9206
000000000.9208
000000000.9211
000000000.9214
000000000.9219
000000000.9226
000000000.9236
000000000.9249
000000000.9267
000000000.9290
000000000.9321
000000000.9360
000000000.9410
000000000.9473
000000000.9551
000000000.9647
000000000.9765
000000000.9908
000000001.0081
000000001.0289
000000001.0539
000000001.0842
000000001.1210
000000001.1668
000000001.2250
000000001.3022
000000001.4111
000000001.5793
000000001.8743
000000002.4836
000000004.0000
000000003.0000
000000002.3687
000000001.9474
000000001.6757
000000001.4933
000000001.3639
000000001.2673
000000001.1922
000000001.1320
000000001.0829
000000001.0422
000000001.0082
000000000.9796
000000000.9556
000000000.9354
000000000.9184
000000000.9043
000000000.8925
000000000.8827
000000000.8746
000000000.8679
000000000.8625
000000000.8582
000000000.8546
000000000.8518
000000000.8496
000000000.8478
000000000.8464
000000000.8453
000000000.8445
000000000.8438
000000000.8433
000000000.8429
000000000.8427
000000000.8424
000000000.8423
000000000.8422
000000000.8421
000000000.8420
000000000.8420
000000000.8419
000000000.8419
000000000.8419
000000000.8419
000000000.8419
000000000.8419
000000000.8419
000000000.8419
000000000.8419
000000000.8419
000000000.8419
000000000.8419
000000000.8419
000000000.8419
000000000.8419
000000000.8419
000000000.8419
000000000.8419
000000000.8419
000000000.8419
000000000.8419
000000000.8419
000000000.8419
000000000.8419
000000000.8419
000000000.8420
000000000.8420
000000000.8421
000000000.8423
000000000.8425
000000000.8428
000000000.8433
000000000.8440
000000000.8450
000000000.8465
000000000.8484
000000000.8511
000000000.8546
000000000.8593
000000000.8654
000000000.8732
000000000.8832
000000000.8957
000000000.9112
000000000.9304
000000000.9537
000000000.9820
000000001.0161
000000001.0570
000000001.1060
000000001.1650
000000001.2363
000000001.3239
000000001.4334
000000001.5748
000000001.7647
000000002.0333
000000002.4350
000000003.0604
000000004.0000
000000003.0000
000000002.5417
000000002.1685
000000001.8847
000000001.6706
000000001.5064
000000001.3774
000000001.2739
000000001.1892
000000001.1190
000000001.0603
000000001.0108
000000000.9691
000000000.9339
000000000.9042
000000000.8792
000000000.8582
000000000.8407
000000000.8262
000000000.8142
000000000.8043
000000000.7963
000000000.7897
000000000.7845
000000000.7802
000000000.7769
000000000.7742
000000000.7721
000000000.7705
000000000.7692
000000000.7683
000000000.7675
000000000.7669
000000000.7665
000000000.7662
000000000.7659
000000000.7658
000000000.7656
000000000.7655
000000000.7655
000000000.7654
000000000.7654
000000000.7654
000000000.7653
000000000.7653
000000000.7653
000000000.7653
000000000.7653
000000000.7653
000000000.7653
000000000.7653
000000000.7653
000000000.7653
000000000.7653
000000000.7653
000000000.7653
000000000.7653
000000000.7653
000000000.7653
000000000.7653
000000000.7653
000000000.7653
000000000.7653
000000000.7653
000000000.7654
000000000.7654
000000000.7655
000000000.7657
000000000.7659
000000000.7663
000000000.7668
000000000.7675
000000000.7686
000000000.7701
000000000.7723
000000000.7752
000000000.7792
000000000.7845
000000000.7915
000000000.8005
000000000.8122
000000000.8270
000000000.8456
000000000.8686
000000000.8969
000000000.9313
000000000.9729
000000001.0228
000000001.0825
000000001.1537
000000001.2387
000000001.3405
000000001.4636
000000001.6143
000000001.8024
000000002.0424
000000002.3562
000000002.7733
000000003.3235
000000004.0000
000000003.0000
000000002.6311
000000002.3023
000000002.0269
000000001.8016
000000001.6178
000000001.4669
000000001.3419
000000001.2373
000000001.1493
000000001.0747
000000001.0115
000000000.9578
000000000.9122
000000000.8736
000000000.8410
000000000.8137
000000000.7908
000000000.7717
000000000.7559
000000000.7430
000000000.7323
000000000.7237
000000000.7168
000000000.7112
000000000.7067
000000000.7032
000000000.7004
000000000.6983
000000000.6966
000000000.6953
000000000.6943
000000000.6935
000000000.6930
000000000.6925
000000000.6922
000000000.6920
000000000.6918
000000000.6917
000000000.6916
000000000.6915
000000000.6914
000000000.6914
000000000.6914
000000000.6914
000000000.6913
000000000.6913
000000000.6913
000000000.6913
000000000.6913
000000000.6913
000000000.6913
000000000.6913
000000000.6913
000000000.6913
000000000.6913
000000000.6913
000000000.6913
000000000.6913
000000000.6913
000000000.6913
000000000.6913
000000000.6914
000000000.6914
000000000.6914
000000000.6915
000000000.6916
000000000.6918
000000000.6922
000000000.6926
000000000.6933
000000000.6943
000000000.6957
000000000.6978
000000000.7006
000000000.7045
000000000.7098
000000000.7168
000000000.7260
000000000.7380
000000000.7533
000000000.7728
000000000.7971
000000000.8272
000000000.8641
000000000.9090
000000000.9629
000000001.0274
000000001.1042
000000001.1952
000000001.3028
000000001.4303
000000001.5820
000000001.7635
000000001.9828
000000002.2502
000000002.5785
000000002.9805
000000003.4608
000000004.0000
000000003.0000
000000002.6818
000000002.3856
000000002.1227
000000001.8956
000000001.7016
000000001.5364
000000001.3958
000000001.2757
000000001.1730
000000001.0850
000000001.0097
000000000.9454
000000000.8904
000000000.8437
000000000.8042
000000000.7708
000000000.7429
000000000.7196
000000000.7002
000000000.6843
000000000.6713
000000000.6607
000000000.6521
000000000.6452
000000000.6397
000000000.6353
000000000.6319
000000000.6292
000000000.6271
000000000.6255
000000000.6242
000000000.6233
000000000.6226
000000000.6220
000000000.6216
000000000.6213
000000000.6211
000000000.6209
000000000.6208
000000000.6207
000000000.6207
000000000.6206
000000000.6206
000000000.6206
000000000.6206
000000000.6205
000000000.6205
000000000.6205
000000000.6205
000000000.6205
000000000.6205
000000000.6205
000000000.6205
000000000.6205
000000000.6205
000000000.6205
000000000.6205
000000000.6205
000000000.6205
000000000.6205
000000000.6206
000000000.6206
000000000.6206
000000000.6207
000000000.6208
000000000.6209
000000000.6212
000000000.6216
000000000.6222
000000000.6230
000000000.6243
000000000.6261
000000000.6286
000000000.6321
000000000.6369
000000000.6434
000000000.6521
000000000.6634
000000000.6782
000000000.6970
000000000.7208
000000000.7506
000000000.7873
000000000.8322
000000000.8865
000000000.9518
000000001.0294
000000001.1213
000000001.2294
000000001.3562
000000001.5047
000000001.6784
000000001.8820
000000002.1210
000000002.4018
000000002.7307
000000003.1113
000000003.5401
000000004.0000
000000003.0000
000000002.7125
000000002.4387
000000002.1872
000000001.9618
000000001.7628
000000001.5885
000000001.4367
000000001.3047
000000001.1902
000000001.0911
000000001.0055
000000000.9318
000000000.8686
000000000.8146
000000000.7688
000000000.7300
000000000.6974
000000000.6701
000000000.6475
000000000.6288
000000000.6134
000000000.6009
000000000.5908
000000000.5827
000000000.5761
000000000.5710
000000000.5669
000000000.5637
000000000.5612
000000000.5593
000000000.5578
000000000.5567
000000000.5559
000000000.5552
000000000.5547
000000000.5544
000000000.5541
000000000.5539
000000000.5538
000000000.5537
000000000.5536
000000000.5535
000000000.5535
000000000.5535
000000000.5534
000000000.5534
000000000.5534
000000000.5534
000000000.5534
000000000.5534
000000000.5534
000000000.5534
000000000.5534
000000000.5534
000000000.5534
000000000.5534
000000000.5534
000000000.5534
000000000.5534
000000000.5534
000000000.5534
000000000.5535
000000000.5535
000000000.5536
000000000.5537
000000000.5539
000000000.5542
000000000.5547
000000000.5554
000000000.5564
000000000.5579
000000000.5600
000000000.5630
000000000.5672
000000000.5729
000000000.5805
000000000.5907
000000000.6041
000000000.6214
000000000.6435
000000000.6714
000000000.7061
000000000.7489
000000000.8011
000000000.8640
000000000.9393
000000001.0285
000000001.1335
000000001.2562
000000001.3988
000000001.5639
000000001.7544
000000001.9734
000000002.2246
000000002.5112
000000002.8354
000000003.1966
000000003.5892
000000004.0000
000000003.0000
000000002.7319
000000002.4732
000000002.2305
000000002.0077
000000001.8063
000000001.6262
000000001.4664
000000001.3254
000000001.2015
000000001.0933
000000000.9990
000000000.9173
000000000.8469
000000000.7865
000000000.7350
000000000.6913
000000000.6544
000000000.6235
000000000.5978
000000000.5766
000000000.5591
000000000.5449
000000000.5333
000000000.5240
000000000.5165
000000000.5106
000000000.5059
000000000.5023
000000000.4994
000000000.4972
000000000.4955
000000000.4942
000000000.4932
000000000.4924
000000000.4919
000000000.4915
000000000.4912
000000000.4909
000000000.4908
000000000.4906
000000000.4906
000000000.4905
000000000.4904
000000000.4904
000000000.4904
000000000.4904
000000000.4904
000000000.4904
000000000.4904
000000000.4903
000000000.4903
000000000.4903
000000000.4903
000000000.4903
000000000.4903
000000000.4903
000000000.4903
000000000.4903
000000000.4904
000000000.4904
000000000.4904
000000000.4904
000000000.4905
000000000.4906
000000000.4907
000000000.4909
000000000.4913
000000000.4918
000000000.4926
000000000.4938
000000000.4955
000000000.4980
000000000.5014
000000000.5062
000000000.5127
000000000.5215
000000000.5331
000000000.5484
000000000.5680
000000000.5931
000000000.6247
000000000.6640
000000000.7122
000000000.7709
000000000.8415
000000000.9256
000000001.0248
000000001.1410
000000001.2758
000000001.4314
000000001.6095
000000001.8125
000000002.0423
000000002.3008
000000002.5894
000000002.9077
000000003.2536
000000003.6209
000000004.0000
000000003.0000
000000002.7443
000000002.4958
000000002.2596
000000002.0392
000000001.8366
000000001.6525
000000001.4869
000000001.3390
000000001.2078
000000001.0920
000000000.9905
000000000.9021
000000000.8254
000000000.7594
000000000.7029
000000000.6548
000000000.6142
000000000.5801
000000000.5516
000000000.5280
000000000.5086
000000000.4927
000000000.4798
000000000.4694
000000000.4611
000000000.4544
000000000.4492
000000000.4451
000000000.4419
000000000.4394
000000000.4374
000000000.4360
000000000.4349
000000000.4340
000000000.4334
000000000.4329
000000000.4326
000000000.4323
000000000.4321
000000000.4320
000000000.4319
000000000.4318
000000000.4318
000000000.4317
000000000.4317
000000000.4317
000000000.4317
000000000.4317
000000000.4317
000000000.4317
000000000.4316
000000000.4316
000000000.4316
000000000.4316
000000000.4316
000000000.4316
000000000.4316
000000000.4317
000000000.4317
000000000.4317
000000000.4317
000000000.4317
000000000.4318
000000000.4319
000000000.4321
000000000.4323
000000000.4327
000000000.4333
000000000.4342
000000000.4355
000000000.4375
000000000.4402
000000000.4441
000000000.4494
000000000.4567
000000000.4665
000000000.4795
000000000.4964
000000000.5183
000000000.5460
000000000.5810
000000000.6243
000000000.6774
000000000.7418
000000000.8191
000000000.9109
000000001.0187
000000001.1442
000000001.2891
000000001.4550
000000001.6434
000000001.8557
000000002.0930
000000002.3561
000000002.6449
000000002.9580
000000003.2922
000000003.6421
000000004.0000
000000003.0000
000000002.7524
000000002.5106
000000002.2788
000000002.0602
000000001.8569
000000001.6701
000000001.5002
000000001.3469
000000001.2098
000000001.0880
000000000.9806
000000000.8864
000000000.8045
000000000.7336
000000000.6728
000000000.6208
000000000.5768
000000000.5398
000000000.5088
000000000.4831
000000000.4619
000000000.4446
000000000.4305
000000000.4191
000000000.4099
000000000.4026
000000000.3969
000000000.3923
000000000.3888
000000000.3860
000000000.3839
000000000.3823
000000000.3811
000000000.3801
000000000.3794
000000000.3789
000000000.3785
000000000.3782
000000000.3780
000000000.3779
000000000.3778
000000000.3777
000000000.3776
000000000.3776
000000000.3776
000000000.3775
000000000.3775
000000000.3775
000000000.3775
000000000.3775
000000000.3775
000000000.3775
000000000.3775
000000000.3775
000000000.3775
000000000.3775
000000000.3775
000000000.3775
000000000.3775
000000000.3775
000000000.3775
000000000.3776
000000000.3777
000000000.3778
000000000.3779
000000000.3782
000000000.3787
000000000.3793
000000000.3803
000000000.3818
000000000.3839
000000000.3870
000000000.3912
000000000.3971
000000000.4050
000000000.4158
000000000.4299
000000000.4484
000000000.4722
000000000.5024
000000000.5403
000000000.5872
000000000.6446
000000000.7140
000000000.7971
000000000.8954
000000001.0104
000000001.1438
000000001.2969
000000001.4711
000000001.6674
000000001.8868
000000002.1296
000000002.3956
000000002.6841
000000002.9928
000000003.3185
000000003.6563
000000004.0000
000000003.0000
000000002.7575
000000002.5201
000000002.2912
000000002.0738
000000001.8700
000000001.6811
000000001.5079
000000001.3505
000000001.2087
000000001.0820
000000000.9696
000000000.8707
000000000.7843
000000000.7093
000000000.6447
000000000.5894
000000000.5424
000000000.5028
000000000.4697
000000000.4421
000000000.4193
000000000.4006
000000000.3854
000000000.3731
000000000.3632
000000000.3553
000000000.3491
000000000.3441
000000000.3403
000000000.3373
000000000.3350
000000000.3332
000000000.3319
000000000.3309
000000000.3301
000000000.3295
000000000.3291
000000000.3288
000000000.3286
000000000.3284
000000000.3283
000000000.3282
000000000.3281
000000000.3281
000000000.3280
000000000.3280
000000000.3280
000000000.3280
000000000.3280
000000000.3280
000000000.3280
000000000.3280
000000000.3280
000000000.3280
000000000.3280
000000000.3280
000000000.3280
000000000.3280
000000000.3280
000000000.3280
000000000.3280
000000000.3281
000000000.3281
000000000.3283
000000000.3285
000000000.3288
000000000.3293
000000000.3300
000000000.3311
000000000.3327
000000000.3350
000000000.3382
000000000.3428
000000000.3492
000000000.3578
000000000.3693
000000000.3846
000000000.4044
000000000.4299
000000000.4622
000000000.5027
000000000.5528
000000000.6139
000000000.6877
000000000.7757
000000000.8795
000000001.0006
000000001.1404
000000001.3003
000000001.4811
000000001.6837
000000001.9084
000000002.1552
000000002.4233
000000002.7113
000000003.0169
000000003.3366
000000003.6661
000000004.0000
000000003.0000
000000002.7608
000000002.5261
000000002.2990
000000002.0822
000000001.8778
000000001.6873
000000001.5114
000000001.3507
000000001.2052
000000001.0745
000000000.9581
000000000.8553
000000000.7650
000000000.6865
000000000.6187
000000000.5605
000000000.5110
000000000.4692
000000000.4340
000000000.4048
000000000.3806
000000000.3607
000000000.3445
000000000.3314
000000000.3208
000000000.3124
000000000.3057
000000000.3005
000000000.2963
000000000.2931
000000000.2907
000000000.2888
000000000.2873
000000000.2862
000000000.2854
000000000.2848
000000000.2843
000000000.2840
000000000.2837
000000000.2835
000000000.2834
000000000.2833
000000000.2832
000000000.2832
000000000.2831
000000000.2831
000000000.2831
000000000.2831
000000000.2831
000000000.2831
000000000.2831
000000000.2831
000000000.2831
000000000.2831
000000000.2831
000000000.2831
000000000.2831
000000000.2831
000000000.2831
000000000.2831
000000000.2831
000000000.2832
000000000.2833
000000000.2834
000000000.2836
000000000.2839
000000000.2845
000000000.2852
000000000.2864
000000000.2881
000000000.2906
000000000.2941
000000000.2990
000000000.3057
000000000.3149
000000000.3272
000000000.3434
000000000.3644
000000000.3914
000000000.4256
000000000.4684
000000000.5212
000000000.5855
000000000.6629
000000000.7551
000000000.8636
000000000.9897
000000001.1349
000000001.3002
000000001.4863
000000001.6939
000000001.9228
000000002.1726
000000002.4423
000000002.7300
000000003.0333
000000003.3489
000000003.6727
000000004.0000
000000003.0000
000000002.7627
000000002.5296
000000002.3036
000000002.0870
000000001.8820
000000001.6900
000000001.5121
000000001.3487
000000001.2002
000000001.0662
000000000.9465
000000000.8403
000000000.7470
000000000.6655
000000000.5949
000000000.5343
000000000.4826
000000000.4388
000000000.4019
000000000.3712
000000000.3458
000000000.3249
000000000.3078
000000000.2940
000000000.2828
000000000.2739
000000000.2668
000000000.2612
000000000.2568
000000000.2534
000000000.2508
000000000.2488
000000000.2472
000000000.2461
000000000.2452
000000000.2445
000000000.2440
000000000.2437
000000000.2434
000000000.2432
000000000.2431
000000000.2430
000000000.2429
000000000.2428
000000000.2428
000000000.2428
000000000.2427
000000000.2427
000000000.2427
000000000.2427
000000000.2427
000000000.2427
000000000.2427
000000000.2427
000000000.2427
000000000.2427
000000000.2427
000000000.2427
000000000.2427
000000000.2427
000000000.2428
000000000.2428
000000000.2429
000000000.2431
000000000.2433
000000000.2436
000000000.2442
000000000.2450
000000000.2463
000000000.2481
000000000.2507
000000000.2544
000000000.2596
000000000.2667
000000000.2764
000000000.2893
000000000.3063
000000000.3284
000000000.3567
000000000.3925
000000000.4372
000000000.4923
000000000.5593
000000000.6399
000000000.7356
000000000.8479
000000000.9783
000000001.1278
000000001.2975
000000001.4880
000000001.6994
000000001.9316
000000002.1838
000000002.4548
000000002.7425
000000003.0443
000000003.3571
000000003.6771
000000004.0000
000000003.0000
000000002.7638
000000002.5316
000000002.3060
000000002.0894
000000001.8837
000000001.6904
000000001.5107
000000001.3452
000000001.1941
000000001.0575
000000000.9351
000000000.8262
000000000.7302
000000000.6462
000000000.5734
000000000.5106
000000000.4570
000000000.4115
000000000.3733
000000000.3413
000000000.3148
000000000.2929
000000000.2751
000000000.2606
000000000.2489
000000000.2396
000000000.2321
000000000.2263
000000000.2217
000000000.2181
000000000.2153
000000000.2132
000000000.2115
000000000.2103
000000000.2094
000000000.2087
000000000.2081
000000000.2078
000000000.2075
000000000.2073
000000000.2071
000000000.2070
000000000.2069
000000000.2069
000000000.2068
000000000.2068
000000000.2068
000000000.2068
000000000.2068
000000000.2067
000000000.2067
000000000.2067
000000000.2067
000000000.2067
000000000.2067
000000000.2067
000000000.2067
000000000.2067
000000000.2068
000000000.2068
000000000.2068
000000000.2069
000000000.2070
000000000.2071
000000000.2074
000000000.2077
000000000.2083
000000000.2092
000000000.2105
000000000.2124
000000000.2151
000000000.2190
000000000.2244
000000000.2319
000000000.2420
000000000.2554
000000000.2732
000000000.2962
000000000.3256
000000000.3628
000000000.4092
000000000.4662
000000000.5356
000000000.6187
000000000.7174
000000000.8329
000000000.9667
000000001.1198
000000001.2931
000000001.4870
000000001.7016
000000001.9364
000000002.1906
000000002.4627
000000002.7505
000000003.0515
000000003.3625
000000003.6800
000000004.0000
000000003.0000
000000002.7643
000000002.5324
000000002.3069
000000002.0900
000000001.8836
000000001.6893
000000001.5081
000000001.3407
000000001.1877
000000001.0489
000000000.9242
000000000.8130
000000000.7149
000000000.6288
000000000.5540
000000000.4895
000000000.4343
000000000.3874
000000000.3478
000000000.3148
000000000.2873
000000000.2647
000000000.2462
000000000.2311
000000000.2190
000000000.2092
000000000.2015
000000000.1954
000000000.1906
000000000.1868
000000000.1839
000000000.1817
000000000.1800
000000000.1787
000000000.1777
000000000.1770
000000000.1764
000000000.1760
000000000.1757
000000000.1755
000000000.1753
000000000.1752
000000000.1751
000000000.1751
000000000.1750
000000000.1750
000000000.1750
000000000.1750
000000000.1750
000000000.1750
000000000.1750
000000000.1750
000000000.1749
000000000.1749
000000000.1749
000000000.1749
000000000.1750
000000000.1750
000000000.1750
000000000.1750
000000000.1750
000000000.1751
000000000.1752
000000000.1753
000000000.1756
000000000.1760
000000000.1766
000000000.1775
000000000.1789
000000000.1808
000000000.1837
000000000.1877
000000000.1934
000000000.2011
000000000.2115
000000000.2255
000000000.2438
000000000.2676
000000000.2980
000000000.3364
000000000.3841
000000000.4429
000000000.5141
000000000.5995
000000000.7005
000000000.8187
000000000.9553
000000001.1113
000000001.2875
000000001.4842
000000001.7013
000000001.9383
000000002.1942
000000002.4672
000000002.7554
000000003.0560
000000003.3659
000000003.6818
000000004.0000
000000003.0000
000000002.7644
000000002.5326
000000002.3069
000000002.0896
000000001.8825
000000001.6872
000000001.5047
000000001.3358
000000001.1811
000000001.0405
000000000.9139
000000000.8010
000000000.7010
000000000.6132
000000000.5368
000000000.4708
000000000.4142
000000000.3661
000000000.3255
000000000.2915
000000000.2632
000000000.2399
000000000.2208
000000000.2053
000000000.1927
000000000.1827
000000000.1747
000000000.1683
000000000.1633
000000000.1595
000000000.1564
000000000.1541
000000000.1523
000000000.1510
000000000.1500
000000000.1492
000000000.1486
000000000.1482
000000000.1479
000000000.1477
000000000.1475
000000000.1474
000000000.1473
000000000.1472
000000000.1472
000000000.1471
000000000.1471
000000000.1471
000000000.1471
000000000.1471
000000000.1471
000000000.1471
000000000.1471
000000000.1471
000000000.1471
000000000.1471
000000000.1471
000000000.1471
000000000.1471
000000000.1471
000000000.1472
000000000.1472
000000000.1473
000000000.1475
000000000.1478
000000000.1482
000000000.1488
000000000.1497
000000000.1511
000000000.1532
000000000.1561
000000000.1603
000000000.1661
000000000.1741
000000000.1848
000000000.1992
000000000.2181
000000000.2425
000000000.2737
000000000.3131
000000000.3620
000000000.4221
000000000.4949
000000000.5821
000000000.6851
000000000.8055
000000000.9444
000000001.1027
000000001.2813
000000001.4803
000000001.6995
000000001.9383
000000002.1955
000000002.4695
000000002.7580
000000003.0585
000000003.3680
000000003.6829
000000004.0000
000000003.0000
000000002.7643
000000002.5323
000000002.3063
000000002.0885
000000001.8808
000000001.6845
000000001.5009
000000001.3308
000000001.1747
000000001.0326
000000000.9046
000000000.7901
000000000.6886
000000000.5994
000000000.5216
000000000.4543
000000000.3966
000000000.3475
000000000.3060
000000000.2712
000000000.2423
000000000.2184
000000000.1988
000000000.1828
000000000.1699
000000000.1596
000000000.1513
000000000.1448
000000000.1397
000000000.1356
000000000.1325
000000000.1301
000000000.1283
000000000.1269
000000000.1258
000000000.1250
000000000.1245
000000000.1240
000000000.1237
000000000.1235
000000000.1233
000000000.1232
000000000.1231
000000000.1230
000000000.1229
000000000.1229
000000000.1229
000000000.1229
000000000.1229
000000000.1229
000000000.1229
000000000.1228
000000000.1228
000000000.1228
000000000.1228
000000000.1228
000000000.1228
000000000.1229
000000000.1229
000000000.1229
000000000.1229
000000000.1230
000000000.1231
000000000.1233
000000000.1235
000000000.1240
000000000.1246
000000000.1256
000000000.1270
000000000.1291
000000000.1322
000000000.1364
000000000.1424
000000000.1506
000000000.1616
000000000.1763
000000000.1956
000000000.2206
000000000.2525
000000000.2926
000000000.3425
000000000.4038
000000000.4779
000000000.5665
000000000.6712
000000000.7934
000000000.9341
000000001.0944
000000001.2749
000000001.4757
000000001.6966
000000001.9369
000000002.1953
000000002.4702
000000002.7592
000000003.0598
000000003.3690
000000003.6835
000000004.0000
000000003.0000
000000002.7640
000000002.5317
000000002.3054
000000002.0871
000000001.8787
000000001.6817
000000001.4971
000000001.3260
000000001.1687
000000001.0254
000000000.8961
000000000.7803
000000000.6776
000000000.5872
000000000.5083
000000000.4401
000000000.3814
000000000.3314
000000000.2892
000000000.2537
000000000.2242
000000000.1998
000000000.1798
000000000.1635
000000000.1503
000000000.1397
000000000.1312
000000000.1245
000000000.1192
000000000.1151
000000000.1119
000000000.1095
000000000.1076
000000000.1061
000000000.1050
000000000.1042
000000000.1036
000000000.1031
000000000.1028
000000000.1026
000000000.1024
000000000.1023
000000000.1022
000000000.1021
000000000.1020
000000000.1020
000000000.1020
000000000.1020
000000000.1020
000000000.1020
000000000.1019
000000000.1019
000000000.1019
000000000.1019
000000000.1019
000000000.1019
000000000.1019
000000000.1019
000000000.1020
000000000.1020
000000000.1020
000000000.1021
000000000.1022
000000000.1024
000000000.1027
000000000.1031
000000000.1037
000000000.1047
000000000.1062
000000000.1084
000000000.1115
000000000.1159
000000000.1219
000000000.1303
000000000.1415
000000000.1565
000000000.1762
000000000.2016
000000000.2341
000000000.2749
000000000.3256
000000000.3878
000000000.4630
000000000.5528
000000000.6589
000000000.7824
000000000.9247
000000001.0866
000000001.2686
000000001.4709
000000001.6932
000000001.9347
000000002.1942
000000002.4698
000000002.7593
000000003.0602
000000003.3694
000000003.6838
000000004.0000
000000003.0000
000000002.7637
000000002.5311
000000002.3043
000000002.0855
000000001.8765
000000001.6788
000000001.4935
000000001.3214
000000001.1632
000000001.0189
000000000.8885
000000000.7717
000000000.6680
000000000.5767
000000000.4969
000000000.4277
000000000.3683
000000000.3176
000000000.2747
000000000.2387
000000000.2087
000000000.1839
000000000.1635
000000000.1469
000000000.1334
000000000.1226
000000000.1140
000000000.1072
000000000.1018
000000000.0976
000000000.0943
000000000.0918
000000000.0898
000000000.0883
000000000.0872
000000000.0864
000000000.0858
000000000.0853
000000000.0849
000000000.0847
000000000.0845
000000000.0844
000000000.0843
000000000.0842
000000000.0842
000000000.0841
000000000.0841
000000000.0841
000000000.0841
000000000.0841
000000000.0841
000000000.0840
000000000.0840
000000000.0840
000000000.0840
000000000.0840
000000000.0840
000000000.0841
000000000.0841
000000000.0841
000000000.0841
000000000.0842
000000000.0843
000000000.0845
000000000.0848
000000000.0852
000000000.0859
000000000.0869
000000000.0884
000000000.0906
000000000.0938
000000000.0982
000000000.1044
000000000.1129
000000000.1244
000000000.1396
000000000.1595
000000000.1853
000000000.2182
000000000.2596
000000000.3110
000000000.3739
000000000.4500
000000000.5408
000000000.6479
000000000.7727
000000000.9162
000000001.0793
000000001.2626
000000001.4661
000000001.6896
000000001.9321
000000002.1925
000000002.4688
000000002.7588
000000003.0600
000000003.3694
000000003.6838
000000004.0000
000000003.0000
000000002.7634
000000002.5304
000000002.3032
000000002.0840
000000001.8744
000000001.6761
000000001.4901
000000001.3173
000000001.1582
000000001.0131
000000000.8819
000000000.7643
000000000.6597
000000000.5676
000000000.4870
000000000.4172
000000000.3571
000000000.3059
000000000.2624
000000000.2260
000000000.1956
000000000.1704
000000000.1497
000000000.1328
000000000.1192
000000000.1082
000000000.0994
000000000.0924
000000000.0869
000000000.0826
000000000.0793
000000000.0767
000000000.0748
000000000.0733
000000000.0721
000000000.0712
000000000.0706
000000000.0701
000000000.0698
000000000.0695
000000000.0693
000000000.0692
000000000.0691
000000000.0690
000000000.0690
000000000.0689
000000000.0689
000000000.0689
000000000.0689
000000000.0689
000000000.0689
000000000.0688
000000000.0688
000000000.0688
000000000.0688
000000000.0688
000000000.0689
000000000.0689
000000000.0689
000000000.0689
000000000.0689
000000000.0690
000000000.0691
000000000.0693
000000000.0696
000000000.0700
000000000.0707
000000000.0718
000000000.0733
000000000.0755
000000000.0787
000000000.0833
000000000.0895
000000000.0981
000000000.1097
000000000.1251
000000000.1454
000000000.1715
000000000.2047
000000000.2466
000000000.2985
000000000.3620
000000000.4388
000000000.5304
000000000.6384
000000000.7641
000000000.9086
000000001.0727
000000001.2570
000000001.4616
000000001.6860
000000001.9294
000000002.1904
000000002.4674
000000002.7579
000000003.0595
000000003.3691
000000003.6837
000000004.0000
000000003.0000
000000002.7630
000000002.5297
000000002.3021
000000002.0825
000000001.8724
000000001.6736
000000001.4870
000000001.3136
000000001.1539
000000001.0081
000000000.8762
000000000.7579
000000000.6526
000000000.5598
000000000.4787
000000000.4082
000000000.3476
000000000.2959
000000000.2521
000000000.2152
000000000.1845
000000000.1590
000000000.1381
000000000.1210
000000000.1071
000000000.0960
000000000.0871
000000000.0800
000000000.0744
000000000.0701
000000000.0667
000000000.0641
000000000.0621
000000000.0605
000000000.0594
000000000.0585
000000000.0578
000000000.0573
000000000.0570
000000000.0567
000000000.0565
000000000.0564
000000000.0563
000000000.0562
000000000.0562
000000000.0561
000000000.0561
000000000.0561
000000000.0561
000000000.0561
000000000.0560
000000000.0560
000000000.0560
000000000.0560
000000000.0560
000000000.0560
000000000.0560
000000000.0561
000000000.0561
000000000.0561
000000000.0561
000000000.0562
000000000.0563
000000000.0565
000000000.0568
000000000.0573
000000000.0580
000000000.0590
000000000.0606
000000000.0628
000000000.0661
000000000.0706
000000000.0770
000000000.0857
000000000.0974
000000000.1130
000000000.1334
000000000.1597
000000000.1933
000000000.2355
000000000.2878
000000000.3519
000000000.4292
000000000.5215
000000000.6302
000000000.7566
000000000.9019
000000001.0668
000000001.2520
000000001.4573
000000001.6825
000000001.9266
000000002.1883
000000002.4658
000000002.7568
000000003.0588
000000003.3687
000000003.6835
000000004.0000
000000003.0000
000000002.7627
000000002.5290
000000002.3011
000000002.0811
000000001.8706
000000001.6713
000000001.4842
000000001.3103
000000001.1501
000000001.0037
000000000.8713
000000000.7524
000000000.6466
000000000.5533
000000000.4716
000000000.4007
000000000.3397
000000000.2876
000000000.2434
000000000.2062
000000000.1752
000000000.1495
000000000.1283
000000000.1111
000000000.0971
000000000.0858
000000000.0768
000000000.0696
000000000.0640
000000000.0596
000000000.0561
000000000.0535
000000000.0514
000000000.0499
000000000.0487
000000000.0478
000000000.0472
000000000.0467
000000000.0463
000000000.0460
000000000.0458
000000000.0457
000000000.0456
000000000.0455
000000000.0454
000000000.0454
000000000.0454
000000000.0454
000000000.0453
000000000.0453
000000000.0453
000000000.0453
000000000.0453
000000000.0453
000000000.0453
000000000.0453
000000000.0453
000000000.0453
000000000.0454
000000000.0454
000000000.0454
000000000.0455
000000000.0456
000000000.0458
000000000.0461
000000000.0466
000000000.0473
000000000.0483
000000000.0499
000000000.0522
000000000.0555
000000000.0601
000000000.0665
000000000.0752
000000000.0871
000000000.1028
000000000.1233
000000000.1499
000000000.1837
000000000.2262
000000000.2789
000000000.3433
000000000.4211
000000000.5139
000000000.6231
000000000.7501
000000000.8961
000000001.0617
000000001.2475
000000001.4535
000000001.6793
000000001.9240
000000002.1863
000000002.4643
000000002.7557
000000003.0580
000000003.3682
000000003.6833
000000004.0000
000000003.0000
000000002.7624
000000002.5284
000000002.3002
000000002.0798
000000001.8690
000000001.6693
000000001.4819
000000001.3075
000000001.1468
000000001.0000
000000000.8671
000000000.7478
000000000.6415
000000000.5478
000000000.4657
000000000.3945
000000000.3331
000000000.2806
000000000.2361
000000000.1987
000000000.1675
000000000.1416
000000000.1202
000000000.1028
000000000.0887
000000000.0773
000000000.0682
000000000.0610
000000000.0553
000000000.0509
000000000.0474
000000000.0447
000000000.0426
000000000.0411
000000000.0399
000000000.0390
000000000.0383
000000000.0378
000000000.0374
000000000.0371
000000000.0369
000000000.0368
000000000.0367
000000000.0366
000000000.0365
000000000.0365
000000000.0365
000000000.0365
000000000.0365
000000000.0364
000000000.0364
000000000.0364
000000000.0364
000000000.0364
000000000.0364
000000000.0364
000000000.0364
000000000.0364
000000000.0365
000000000.0365
000000000.0365
000000000.0366
000000000.0367
000000000.0369
000000000.0372
000000000.0377
000000000.0384
000000000.0395
000000000.0410
000000000.0433
000000000.0466
000000000.0513
000000000.0577
000000000.0666
000000000.0785
000000000.0943
000000000.1150
000000000.1417
000000000.1757
000000000.2184
000000000.2714
000000000.3361
000000000.4143
000000000.5075
000000000.6171
000000000.7446
000000000.8911
000000001.0572
000000001.2436
000000001.4501
000000001.6765
000000001.9217
000000002.1844
000000002.4628
000000002.7546
000000003.0572
000000003.3677
000000003.6830
000000004.0000
000000003.0000
000000002.7622
000000002.5279
000000002.2994
000000002.0788
000000001.8677
000000001.6676
000000001.4798
000000001.3051
000000001.1441
000000000.9969
000000000.8636
000000000.7439
000000000.6373
000000000.5432
000000000.4608
000000000.3893
000000000.3276
000000000.2749
000000000.2302
000000000.1925
000000000.1611
000000000.1350
000000000.1136
000000000.0961
000000000.0818
000000000.0704
000000000.0612
000000000.0539
000000000.0482
000000000.0437
000000000.0402
000000000.0375
000000000.0354
000000000.0338
000000000.0326
000000000.0317
000000000.0310
000000000.0305
000000000.0301
000000000.0298
000000000.0296
000000000.0295
000000000.0294
000000000.0293
000000000.0292
000000000.0292
000000000.0292
000000000.0291
000000000.0291
000000000.0291
000000000.0291
000000000.0291
000000000.0291
000000000.0291
000000000.0291
000000000.0291
000000000.0291
000000000.0291
000000000.0291
000000000.0291
000000000.0292
000000000.0293
000000000.0294
000000000.0296
000000000.0299
000000000.0303
000000000.0311
000000000.0321
000000000.0337
000000000.0361
000000000.0394
000000000.0441
000000000.0505
000000000.0594
000000000.0714
000000000.0873
000000000.1081
000000000.1349
000000000.1691
000000000.2120
000000000.2651
000000000.3301
000000000.4086
000000000.5021
000000000.6121
000000000.7400
000000000.8868
000000001.0534
000000001.2402
000000001.4472
000000001.6739
000000001.9195
000000002.1826
000000002.4614
000000002.7535
000000003.0564
000000003.3672
000000003.6828
000000004.0000
000000003.0000
000000002.7619
000000002.5275
000000002.2987
000000002.0778
000000001.8665
000000001.6662
000000001.4781
000000001.3031
000000001.1417
000000000.9943
000000000.8607
000000000.7407
000000000.6338
000000000.5395
000000000.4568
000000000.3850
000000000.3231
000000000.2702
000000000.2253
000000000.1875
000000000.1559
000000000.1297
000000000.1081
000000000.0905
000000000.0762
000000000.0647
000000000.0555
000000000.0481
000000000.0423
000000000.0378
000000000.0343
000000000.0315
000000000.0294
000000000.0278
000000000.0266
000000000.0257
000000000.0250
000000000.0245
000000000.0241
000000000.0238
000000000.0236
000000000.0235
000000000.0234
000000000.0233
000000000.0232
000000000.0232
000000000.0232
000000000.0231
000000000.0231
000000000.0231
000000000.0231
000000000.0231
000000000.0231
000000000.0231
000000000.0231
000000000.0231
000000000.0231
000000000.0231
000000000.0231
000000000.0231
000000000.0232
000000000.0233
000000000.0234
000000000.0236
000000000.0239
000000000.0244
000000000.0251
000000000.0262
000000000.0278
000000000.0301
000000000.0334
000000000.0381
000000000.0447
000000000.0536
000000000.0656
000000000.0815
000000000.1024
000000000.1293
000000000.1636
000000000.2067
000000000.2600
000000000.3252
000000000.4039
000000000.4976
000000000.6079
000000000.7361
000000000.8833
000000001.0502
000000001.2373
000000001.4446
000000001.6717
000000001.9177
000000002.1811
000000002.4601
000000002.7525
000000003.0557
000000003.3667
000000003.6826
000000004.0000
000000003.0000
000000002.7618
000000002.5271
000000002.2982
000000002.0771
000000001.8655
000000001.6650
000000001.4767
000000001.3014
000000001.1398
000000000.9921
000000000.8583
000000000.7381
000000000.6310
000000000.5364
000000000.4535
000000000.3815
000000000.3195
000000000.2664
000000000.2213
000000000.1834
000000000.1517
000000000.1254
000000000.1037
000000000.0860
000000000.0716
000000000.0601
000000000.0508
000000000.0434
000000000.0376
000000000.0330
000000000.0295
000000000.0267
000000000.0246
000000000.0230
000000000.0218
000000000.0208
000000000.0201
000000000.0196
000000000.0192
000000000.0189
000000000.0187
000000000.0186
000000000.0185
000000000.0184
000000000.0183
000000000.0183
000000000.0183
000000000.0183
000000000.0182
000000000.0182
000000000.0182
000000000.0182
000000000.0182
000000000.0182
000000000.0182
000000000.0182
000000000.0182
000000000.0182
000000000.0182
000000000.0183
000000000.0183
000000000.0184
000000000.0185
000000000.0187
000000000.0190
000000000.0195
000000000.0202
000000000.0213
000000000.0229
000000000.0253
000000000.0286
000000000.0333
000000000.0399
000000000.0488
000000000.0609
000000000.0769
000000000.0978
000000000.1248
000000000.1592
000000000.2023
000000000.2558
000000000.3212
000000000.4000
000000000.4939
000000000.6045
000000000.7329
000000000.8803
000000001.0475
000000001.2349
000000001.4425
000000001.6698
000000001.9160
000000002.1797
000000002.4590
000000002.7517
000000003.0551
000000003.3663
000000003.6824
000000004.0000
000000003.0000
000000002.7616
000000002.5268
000000002.2977
000000002.0764
000000001.8647
000000001.6640
000000001.4755
000000001.3001
000000001.1383
000000000.9904
000000000.8564
000000000.7360
000000000.6287
000000000.5339
000000000.4509
000000000.3787
000000000.3165
000000000.2633
000000000.2181
000000000.1801
000000000.1483
000000000.1219
000000000.1002
000000000.0824
000000000.0680
000000000.0563
000000000.0470
000000000.0396
000000000.0338
000000000.0292
000000000.0256
000000000.0228
000000000.0207
000000000.0191
000000000.0178
000000000.0169
000000000.0162
000000000.0157
000000000.0153
000000000.0150
000000000.0148
000000000.0147
000000000.0146
000000000.0145
000000000.0144
000000000.0144
000000000.0143
000000000.0143
000000000.0143
000000000.0143
000000000.0143
000000000.0143
000000000.0143
000000000.0143
000000000.0143
000000000.0143
000000000.0143
000000000.0143
000000000.0143
000000000.0143
000000000.0144
000000000.0145
000000000.0146
000000000.0148
000000000.0151
000000000.0156
000000000.0163
000000000.0174
000000000.0190
000000000.0213
000000000.0247
000000000.0294
000000000.0360
000000000.0450
000000000.0570
000000000.0731
000000000.0941
000000000.1211
000000000.1556
000000000.1988
000000000.2524
000000000.3179
000000000.3969
000000000.4910
000000000.6016
000000000.7302
000000000.8778
000000001.0452
000000001.2328
000000001.4407
000000001.6682
000000001.9147
000000002.1786
000000002.4581
000000002.7509
000000003.0545
000000003.3660
000000003.6822
000000004.0000
000000003.0000
000000002.7615
000000002.5265
000000002.2973
000000002.0759
000000001.8640
000000001.6632
000000001.4745
000000001.2990
000000001.1370
000000000.9890
000000000.8548
000000000.7342
000000000.6268
000000000.5319
000000000.4488
000000000.3765
000000000.3141
000000000.2608
000000000.2156
000000000.1774
000000000.1455
000000000.1191
000000000.0973
000000000.0795
000000000.0650
000000000.0533
000000000.0440
000000000.0366
000000000.0307
000000000.0261
000000000.0225
000000000.0197
000000000.0176
000000000.0160
000000000.0147
000000000.0138
000000000.0131
000000000.0126
000000000.0122
000000000.0119
000000000.0117
000000000.0115
000000000.0114
000000000.0113
000000000.0113
000000000.0112
000000000.0112
000000000.0112
000000000.0112
000000000.0111
000000000.0111
000000000.0111
000000000.0111
000000000.0111
000000000.0111
000000000.0111
000000000.0111
000000000.0111
000000000.0112
000000000.0112
000000000.0112
000000000.0113
000000000.0114
000000000.0116
000000000.0119
000000000.0124
000000000.0131
000000000.0142
000000000.0159
000000000.0182
000000000.0216
000000000.0263
000000000.0329
000000000.0419
000000000.0540
000000000.0701
000000000.0911
000000000.1182
000000000.1527
000000000.1960
000000000.2497
000000000.3152
000000000.3943
000000000.4885
000000000.5993
000000000.7281
000000000.8758
000000001.0434
000000001.2312
000000001.4392
000000001.6669
000000001.9135
000000002.1776
000000002.4573
000000002.7503
000000003.0540
000000003.3657
000000003.6820
000000004.0000
000000003.0000
000000002.7614
000000002.5263
000000002.2970
000000002.0755
000000001.8635
000000001.6625
000000001.4737
000000001.2981
000000001.1360
000000000.9878
000000000.8535
000000000.7329
000000000.6253
000000000.5303
000000000.4471
000000000.3747
000000000.3123
000000000.2588
000000000.2135
000000000.1753
000000000.1434
000000000.1169
000000000.0950
000000000.0772
000000000.0627
000000000.0510
000000000.0416
000000000.0341
000000000.0283
000000000.0236
000000000.0200
000000000.0173
000000000.0151
000000000.0135
000000000.0122
000000000.0113
000000000.0106
000000000.0101
000000000.0097
000000000.0094
000000000.0092
000000000.0090
000000000.0089
000000000.0088
000000000.0088
000000000.0087
000000000.0087
000000000.0087
000000000.0087
000000000.0086
000000000.0086
000000000.0086
000000000.0086
000000000.0086
000000000.0086
000000000.0086
000000000.0086
000000000.0086
000000000.0087
000000000.0087
000000000.0087
000000000.0088
000000000.0089
000000000.0091
000000000.0094
000000000.0099
000000000.0106
000000000.0117
000000000.0134
000000000.0157
000000000.0191
000000000.0238
000000000.0304
000000000.0394
000000000.0516
000000000.0676
000000000.0887
000000000.1159
000000000.1504
000000000.1938
000000000.2475
000000000.3131
000000000.3923
000000000.4866
000000000.5975
000000000.7263
000000000.8742
000000001.0419
000000001.2298
000000001.4379
000000001.6658
000000001.9126
000000002.1768
000000002.4566
000000002.7497
000000003.0536
000000003.3654
000000003.6819
000000004.0000
000000003.0000
000000002.7613
000000002.5261
000000002.2967
000000002.0751
000000001.8630
000000001.6620
000000001.4731
000000001.2973
000000001.1352
000000000.9869
000000000.8525
000000000.7318
000000000.6242
000000000.5291
000000000.4457
000000000.3733
000000000.3108
000000000.2573
000000000.2119
000000000.1736
000000000.1417
000000000.1151
000000000.0932
000000000.0753
000000000.0608
000000000.0491
000000000.0397
000000000.0322
000000000.0263
000000000.0217
000000000.0181
000000000.0153
000000000.0132
000000000.0115
000000000.0103
000000000.0093
000000000.0086
000000000.0081
000000000.0077
000000000.0074
000000000.0072
000000000.0070
000000000.0069
000000000.0068
000000000.0068
000000000.0067
000000000.0067
000000000.0067
000000000.0067
000000000.0067
000000000.0067
000000000.0066
000000000.0066
000000000.0066
000000000.0066
000000000.0066
000000000.0066
000000000.0067
000000000.0067
000000000.0067
000000000.0067
000000000.0068
000000000.0069
000000000.0071
000000000.0074
000000000.0079
000000000.0087
000000000.0098
000000000.0114
000000000.0137
000000000.0171
000000000.0219
000000000.0285
000000000.0375
000000000.0496
000000000.0657
000000000.0868
000000000.1140
000000000.1486
000000000.1920
000000000.2457
000000000.3114
000000000.3906
000000000.4850
000000000.5960
000000000.7249
000000000.8729
000000001.0407
000000001.2287
000000001.4369
000000001.6649
000000001.9118
000000002.1761
000000002.4560
000000002.7493
000000003.0533
000000003.3652
000000003.6818
000000004.0000
000000003.0000
000000002.7612
000000002.5260
000000002.2965
000000002.0748
000000001.8627
000000001.6616
000000001.4726
000000001.2968
000000001.1346
000000000.9862
000000000.8518
000000000.7309
000000000.6232
000000000.5281
000000000.4447
000000000.3721
000000000.3096
000000000.2561
000000000.2106
000000000.1723
000000000.1403
000000000.1137
000000000.0918
000000000.0739
000000000.0594
000000000.0476
000000000.0382
000000000.0307
000000000.0248
000000000.0202
000000000.0166
000000000.0138
000000000.0116
000000000.0100
000000000.0087
000000000.0078
000000000.0071
000000000.0065
000000000.0061
000000000.0058
000000000.0056
000000000.0055
000000000.0054
000000000.0053
000000000.0052
000000000.0052
000000000.0051
000000000.0051
000000000.0051
000000000.0051
000000000.0051
000000000.0051
000000000.0051
000000000.0051
000000000.0051
000000000.0051
000000000.0051
000000000.0051
000000000.0051
000000000.0051
000000000.0052
000000000.0053
000000000.0054
000000000.0056
000000000.0059
000000000.0064
000000000.0071
000000000.0082
000000000.0098
000000000.0122
000000000.0156
000000000.0203
000000000.0269
000000000.0360
000000000.0481
000000000.0642
000000000.0853
000000000.1125
000000000.1471
000000000.1906
000000000.2443
000000000.3101
000000000.3894
000000000.4838
000000000.5948
000000000.7238
000000000.8719
000000001.0397
000000001.2278
000000001.4361
000000001.6642
000000001.9112
000000002.1756
000000002.4556
000000002.7489
000000003.0530
000000003.3650
000000003.6817
000000004.0000
000000003.0000
000000002.7612
000000002.5259
000000002.2964
000000002.0746
000000001.8624
000000001.6612
000000001.4723
000000001.2963
000000001.1340
000000000.9857
000000000.8511
000000000.7302
000000000.6225
000000000.5273
000000000.4438
000000000.3713
000000000.3087
000000000.2551
000000000.2096
000000000.1713
000000000.1393
000000000.1127
000000000.0907
000000000.0728
000000000.0582
000000000.0465
000000000.0371
000000000.0296
000000000.0236
000000000.0190
000000000.0154
000000000.0126
000000000.0104
000000000.0088
000000000.0075
000000000.0066
000000000.0058
000000000.0053
000000000.0049
000000000.0046
000000000.0044
000000000.0043
000000000.0041
000000000.0041
000000000.0040
000000000.0040
000000000.0039
000000000.0039
000000000.0039
000000000.0039
000000000.0039
000000000.0039
000000000.0039
000000000.0039
000000000.0039
000000000.0039
000000000.0039
000000000.0039
000000000.0039
000000000.0039
000000000.0040
000000000.0040
000000000.0042
000000000.0044
000000000.0047
000000000.0052
000000000.0059
000000000.0070
000000000.0086
000000000.0110
000000000.0144
000000000.0191
000000000.0257
000000000.0348
000000000.0469
000000000.0631
000000000.0842
000000000.1114
000000000.1460
000000000.1895
000000000.2433
000000000.3090
000000000.3883
000000000.4828
000000000.5939
000000000.7230
000000000.8710
000000001.0390
000000001.2271
000000001.4355
000000001.6636
000000001.9107
000000002.1751
000000002.4552
000000002.7486
000000003.0528
000000003.3648
000000003.6816
000000004.0000
000000003.0000
000000002.7611
000000002.5258
000000002.2963
000000002.0745
000000001.8622
000000001.6610
000000001.4720
000000001.2960
000000001.1337
000000000.9852
000000000.8507
000000000.7297
000000000.6219
000000000.5267
000000000.4432
000000000.3706
000000000.3080
000000000.2544
000000000.2089
000000000.1705
000000000.1385
000000000.1118
000000000.0899
000000000.0719
000000000.0573
000000000.0456
000000000.0362
000000000.0287
000000000.0227
000000000.0181
000000000.0145
000000000.0116
000000000.0095
000000000.0078
000000000.0066
000000000.0056
000000000.0049
000000000.0044
000000000.0040
000000000.0037
000000000.0035
000000000.0033
000000000.0032
000000000.0031
000000000.0031
000000000.0030
000000000.0030
000000000.0030
000000000.0030
000000000.0029
000000000.0029
000000000.0029
000000000.0029
000000000.0029
000000000.0029
000000000.0029
000000000.0029
000000000.0029
000000000.0030
000000000.0030
000000000.0030
000000000.0031
000000000.0032
000000000.0034
000000000.0037
000000000.0042
000000000.0050
000000000.0061
000000000.0077
000000000.0101
000000000.0134
000000000.0182
000000000.0248
000000000.0338
000000000.0460
000000000.0621
000000000.0833
000000000.1105
000000000.1451
000000000.1886
000000000.2424
000000000.3082
000000000.3875
000000000.4820
000000000.5932
000000000.7223
000000000.8704
000000001.0383
000000001.2265
000000001.4350
000000001.6632
000000001.9102
000000002.1748
000000002.4549
000000002.7484
000000003.0526
000000003.3647
000000003.6816
000000004.0000
000000003.0000
000000002.7611
000000002.5258
000000002.2962
000000002.0743
000000001.8621
000000001.6608
000000001.4717
000000001.2957
000000001.1334
000000000.9849
000000000.8503
000000000.7293
000000000.6215
000000000.5262
000000000.4427
000000000.3701
000000000.3074
000000000.2538
000000000.2083
000000000.1699
000000000.1378
000000000.1112
000000000.0892
000000000.0713
000000000.0567
000000000.0449
000000000.0355
000000000.0280
000000000.0220
000000000.0174
000000000.0137
000000000.0109
000000000.0088
000000000.0071
000000000.0059
000000000.0049
000000000.0042
000000000.0037
000000000.0033
000000000.0030
000000000.0028
000000000.0026
000000000.0025
000000000.0024
000000000.0023
000000000.0023
000000000.0023
000000000.0022
000000000.0022
000000000.0022
000000000.0022
000000000.0022
000000000.0022
000000000.0022
000000000.0022
000000000.0022
000000000.0022
000000000.0022
000000000.0022
000000000.0023
000000000.0023
000000000.0024
000000000.0025
000000000.0027
000000000.0030
000000000.0035
000000000.0042
000000000.0053
000000000.0070
000000000.0093
000000000.0127
000000000.0175
000000000.0241
000000000.0331
000000000.0453
000000000.0614
000000000.0826
000000000.1098
000000000.1445
000000000.1879
000000000.2418
000000000.3076
000000000.3869
000000000.4815
000000000.5926
000000000.7217
000000000.8699
000000001.0379
000000001.2261
000000001.4346
000000001.6628
000000001.9099
000000002.1745
000000002.4547
000000002.7482
000000003.0525
000000003.3646
000000003.6815
000000004.0000
000000003.0000
000000002.7611
000000002.5257
000000002.2961
000000002.0742
000000001.8619
000000001.6606
000000001.4715
000000001.2955
000000001.1331
000000000.9846
000000000.8500
000000000.7290
000000000.6212
000000000.5259
000000000.4423
000000000.3697
000000000.3070
000000000.2534
000000000.2078
000000000.1695
000000000.1374
000000000.1107
000000000.0887
000000000.0708
000000000.0562
000000000.0444
000000000.0349
000000000.0274
000000000.0215
000000000.0168
000000000.0132
000000000.0104
000000000.0082
000000000.0066
000000000.0053
000000000.0044
000000000.0036
000000000.0031
000000000.0027
000000000.0024
000000000.0022
000000000.0020
000000000.0019
000000000.0018
000000000.0018
000000000.0017
000000000.0017
000000000.0017
000000000.0017
000000000.0017
000000000.0017
000000000.0017
000000000.0017
000000000.0017
000000000.0017
000000000.0017
000000000.0017
000000000.0017
000000000.0017
000000000.0017
000000000.0018
000000000.0018
000000000.0019
000000000.0021
000000000.0025
000000000.0029
000000000.0037
000000000.0048
000000000.0064
000000000.0088
000000000.0122
000000000.0169
000000000.0236
000000000.0326
000000000.0448
000000000.0609
000000000.0820
000000000.1093
000000000.1439
000000000.1874
000000000.2413
000000000.3071
000000000.3865
000000000.4810
000000000.5922
000000000.7213
000000000.8695
000000001.0375
000000001.2258
000000001.4343
000000001.6625
000000001.9097
000000002.1743
000000002.4545
000000002.7481
000000003.0524
000000003.3645
000000003.6815
000000004.0000
000000003.0000
000000002.7611
000000002.5257
000000002.2960
000000002.0742
000000001.8618
000000001.6605
000000001.4714
000000001.2954
000000001.1330
000000000.9844
000000000.8498
000000000.7288
000000000.6209
000000000.5256
000000000.4420
000000000.3694
000000000.3067
000000000.2531
000000000.2075
000000000.1691
000000000.1370
000000000.1103
000000000.0884
000000000.0704
000000000.0558
000000000.0440
000000000.0345
000000000.0270
000000000.0211
000000000.0164
000000000.0128
000000000.0100
000000000.0078
000000000.0061
000000000.0049
000000000.0039
000000000.0032
000000000.0027
000000000.0023
000000000.0020
000000000.0018
000000000.0016
000000000.0015
000000000.0014
000000000.0014
000000000.0013
000000000.0013
000000000.0013
000000000.0013
000000000.0012
000000000.0012
000000000.0012
000000000.0012
000000000.0012
000000000.0012
000000000.0012
000000000.0012
000000000.0012
000000000.0013
000000000.0013
000000000.0013
000000000.0014
000000000.0015
000000000.0017
000000000.0020
000000000.0025
000000000.0033
000000000.0044
000000000.0060
000000000.0084
000000000.0117
000000000.0165
000000000.0231
000000000.0322
000000000.0443
000000000.0605
000000000.0816
000000000.1089
000000000.1435
000000000.1870
000000000.2409
000000000.3067
000000000.3861
000000000.4807
000000000.5918
000000000.7210
000000000.8692
000000001.0372
000000001.2255
000000001.4340
000000001.6623
000000001.9095
000000002.1741
000000002.4544
000000002.7480
000000003.0523
000000003.3645
000000003.6814
000000004.0000
000000003.0000
000000002.7610
000000002.5256
000000002.2960
000000002.0741
000000001.8618
000000001.6604
000000001.4713
000000001.2953
000000001.1328
000000000.9843
000000000.8496
000000000.7286
000000000.6207
000000000.5254
000000000.4418
000000000.3692
000000000.3065
000000000.2528
000000000.2072
000000000.1688
000000000.1367
000000000.1101
000000000.0881
000000000.0701
000000000.0555
000000000.0437
000000000.0342
000000000.0267
000000000.0208
000000000.0161
000000000.0125
000000000.0097
000000000.0075
000000000.0058
000000000.0046
000000000.0036
000000000.0029
000000000.0024
000000000.0020
000000000.0017
000000000.0015
000000000.0013
000000000.0012
000000000.0011
000000000.0010
000000000.0010
000000000.0010
000000000.0010
000000000.0009
000000000.0009
000000000.0009
000000000.0009
000000000.0009
000000000.0009
000000000.0009
000000000.0009
000000000.0009
000000000.0009
000000000.0009
000000000.0010
000000000.0010
000000000.0011
000000000.0012
000000000.0014
000000000.0017
000000000.0022
000000000.0029
000000000.0040
000000000.0057
000000000.0080
000000000.0114
000000000.0162
000000000.0228
000000000.0319
000000000.0440
000000000.0602
000000000.0813
000000000.1086
000000000.1432
000000000.1867
000000000.2406
000000000.3064
000000000.3858
000000000.4804
000000000.5916
000000000.7208
000000000.8690
000000001.0370
000000001.2253
000000001.4338
000000001.6622
000000001.9093
000000002.1740
000000002.4542
000000002.7479
000000003.0522
000000003.3644
000000003.6814
000000004.0000
000000003.0000
000000002.7610
000000002.5256
000000002.2960
000000002.0741
000000001.8617
000000001.6604
000000001.4712
000000001.2952
000000001.1327
000000000.9842
000000000.8495
000000000.7285
000000000.6206
000000000.5252
000000000.4417
000000000.3690
000000000.3063
000000000.2526
000000000.2071
000000000.1686
000000000.1365
000000000.1098
000000000.0879
000000000.0699
000000000.0552
000000000.0435
000000000.0340
000000000.0265
000000000.0206
000000000.0159
000000000.0122
000000000.0094
000000000.0073
000000000.0056
000000000.0043
000000000.0034
000000000.0027
000000000.0021
000000000.0017
000000000.0014
000000000.0012
000000000.0011
000000000.0009
000000000.0009
000000000.0008
000000000.0008
000000000.0007
000000000.0007
000000000.0007
000000000.0007
000000000.0007
000000000.0007
000000000.0007
000000000.0007
000000000.0007
000000000.0007
000000000.0007
000000000.0007
000000000.0007
000000000.0007
000000000.0008
000000000.0008
000000000.0010
000000000.0012
000000000.0015
000000000.0020
000000000.0027
000000000.0038
000000000.0054
000000000.0078
000000000.0112
000000000.0160
000000000.0226
000000000.0316
000000000.0438
000000000.0600
000000000.0811
000000000.1083
000000000.1430
000000000.1865
000000000.2404
000000000.3062
000000000.3856
000000000.4802
000000000.5914
000000000.7206
000000000.8688
000000001.0368
000000001.2251
000000001.4337
000000001.6620
000000001.9092
000000002.1739
000000002.4542
000000002.7478
000000003.0522
000000003.3644
000000003.6814
000000004.0000
000000003.0000
000000002.7610
000000002.5256
000000002.2959
000000002.0740
000000001.8617
000000001.6603
000000001.4712
000000001.2951
000000001.1327
000000000.9841
000000000.8494
000000000.7284
000000000.6205
000000000.5251
000000000.4415
000000000.3689
000000000.3062
000000000.2525
000000000.2069
000000000.1685
000000000.1364
000000000.1097
000000000.0877
000000000.0697
000000000.0551
000000000.0433
000000000.0338
000000000.0263
000000000.0204
000000000.0157
000000000.0121
000000000.0093
000000000.0071
000000000.0054
000000000.0042
000000000.0032
000000000.0025
000000000.0019
000000000.0016
000000000.0013
000000000.0010
000000000.0009
000000000.0008
000000000.0007
000000000.0006
000000000.0006
000000000.0006
000000000.0005
000000000.0005
000000000.0005
000000000.0005
000000000.0005
000000000.0005
000000000.0005
000000000.0005
000000000.0005
000000000.0005
000000000.0005
000000000.0005
000000000.0005
000000000.0006
000000000.0007
000000000.0008
000000000.0010
000000000.0013
000000000.0018
000000000.0025
000000000.0036
000000000.0053
000000000.0076
000000000.0110
000000000.0158
000000000.0224
000000000.0314
000000000.0436
000000000.0598
000000000.0809
000000000.1082
000000000.1428
000000000.1864
000000000.2402
000000000.3061
000000000.3855
000000000.4800
000000000.5912
000000000.7204
000000000.8687
000000001.0367
000000001.2250
000000001.4336
000000001.6619
000000001.9091
000000002.1738
000000002.4541
000000002.7477
000000003.0521
000000003.3644
000000003.6814
000000004.0000
000000003.0000
000000002.7610
000000002.5256
000000002.2959
000000002.0740
000000001.8616
000000001.6603
000000001.4711
000000001.2951
000000001.1326
000000000.9840
000000000.8494
000000000.7283
000000000.6204
000000000.5251
000000000.4415
000000000.3688
000000000.3061
000000000.2524
000000000.2068
000000000.1684
000000000.1363
000000000.1096
000000000.0876
000000000.0696
000000000.0550
000000000.0432
000000000.0337
000000000.0262
000000000.0203
000000000.0156
000000000.0119
000000000.0091
000000000.0070
000000000.0053
000000000.0040
000000000.0031
000000000.0024
000000000.0018
000000000.0014
000000000.0011
000000000.0009
000000000.0008
000000000.0006
000000000.0006
000000000.0005
000000000.0005
000000000.0004
000000000.0004
000000000.0004
000000000.0004
000000000.0004
000000000.0004
000000000.0004
000000000.0004
000000000.0004
000000000.0004
000000000.0004
000000000.0004
000000000.0004
000000000.0004
000000000.0005
000000000.0005
000000000.0007
000000000.0009
000000000.0012
000000000.0016
000000000.0024
000000000.0035
000000000.0051
000000000.0075
000000000.0109
000000000.0157
000000000.0223
000000000.0313
000000000.0435
000000000.0597
000000000.0808
000000000.1080
000000000.1427
000000000.1862
000000000.2401
000000000.3059
000000000.3854
000000000.4799
000000000.5911
000000000.7203
000000000.8686
000000001.0366
000000001.2249
000000001.4335
000000001.6619
000000001.9091
000000002.1738
000000002.4541
000000002.7477
000000003.0521
000000003.3644
000000003.6814
000000004.0000
000000003.0000
000000002.7610
000000002.5256
000000002.2959
000000002.0740
000000001.8616
000000001.6603
000000001.4711
000000001.2950
000000001.1326
000000000.9840
000000000.8493
000000000.7282
000000000.6204
000000000.5250
000000000.4414
000000000.3687
000000000.3060
000000000.2523
000000000.2067
000000000.1683
000000000.1362
000000000.1095
000000000.0875
000000000.0695
000000000.0549
000000000.0431
000000000.0336
000000000.0261
000000000.0202
000000000.0155
000000000.0118
000000000.0090
000000000.0069
000000000.0052
000000000.0039
000000000.0030
000000000.0023
000000000.0017
000000000.0013
000000000.0010
000000000.0008
000000000.0007
000000000.0005
000000000.0005
000000000.0004
000000000.0004
000000000.0003
000000000.0003
000000000.0003
000000000.0003
000000000.0003
000000000.0003
000000000.0003
000000000.0003
000000000.0003
000000000.0003
000000000.0003
000000000.0003
000000000.0003
000000000.0003
000000000.0004
000000000.0004
000000000.0006
000000000.0008
000000000.0011
000000000.0016
000000000.0023
000000000.0034
000000000.0050
000000000.0074
000000000.0108
000000000.0156
000000000.0222
000000000.0312
000000000.0434
000000000.0596
000000000.0807
000000000.1079
000000000.1426
000000000.1861
000000000.2400
000000000.3059
000000000.3853
000000000.4798
000000000.5911
000000000.7202
000000000.8685
000000001.0366
000000001.2249
000000001.4334
000000001.6618
000000001.9090
000000002.1737
000000002.4540
000000002.7477
000000003.0521
000000003.3643
000000003.6814
000000004.0000
000000003.0000
000000002.7610
000000002.5256
000000002.2959
000000002.0740
000000001.8616
000000001.6602
000000001.4711
000000001.2950
000000001.1325
000000000.9840
000000000.8493
000000000.7282
000000000.6203
000000000.5249
000000000.4413
000000000.3686
000000000.3059
000000000.2523
000000000.2067
000000000.1682
000000000.1361
000000000.1094
000000000.0874
000000000.0694
000000000.0548
000000000.0430
000000000.0336
000000000.0260
000000000.0201
000000000.0154
000000000.0118
000000000.0090
000000000.0068
000000000.0051
000000000.0039
000000000.0029
000000000.0022
000000000.0016
000000000.0012
000000000.0010
000000000.0007
000000000.0006
000000000.0005
000000000.0004
000000000.0003
000000000.0003
000000000.0003
000000000.0002
000000000.0002
000000000.0002
000000000.0002
000000000.0002
000000000.0002
000000000.0002
000000000.0002
000000000.0002
000000000.0002
000000000.0002
000000000.0002
000000000.0002
000000000.0003
000000000.0004
000000000.0005
000000000.0007
000000000.0010
000000000.0015
000000000.0022
000000000.0033
000000000.0050
000000000.0073
000000000.0107
000000000.0155
000000000.0221
000000000.0312
000000000.0433
000000000.0595
000000000.0806
000000000.1079
000000000.1426
000000000.1861
000000000.2400
000000000.3058
000000000.3852
000000000.4798
000000000.5910
000000000.7202
000000000.8684
000000001.0365
000000001.2248
000000001.4334
000000001.6618
000000001.9090
000000002.1737
000000002.4540
000000002.7477
000000003.0521
000000003.3643
000000003.6814
000000004.0000
000000003.0000
000000002.7610
000000002.5256
000000002.2959
000000002.0740
000000001.8616
000000001.6602
000000001.4711
000000001.2950
000000001.1325
000000000.9839
000000000.8492
000000000.7282
000000000.6203
000000000.5249
000000000.4413
000000000.3686
000000000.3059
000000000.2522
000000000.2066
000000000.1682
000000000.1361
000000000.1094
000000000.0874
000000000.0694
000000000.0548
000000000.0430
000000000.0335
000000000.0260
000000000.0200
000000000.0154
000000000.0117
000000000.0089
000000000.0067
000000000.0051
000000000.0038
000000000.0028
000000000.0021
000000000.0016
000000000.0012
000000000.0009
000000000.0007
000000000.0005
000000000.0004
000000000.0003
000000000.0003
000000000.0002
000000000.0002
000000000.0002
000000000.0002
000000000.0002
000000000.0001
000000000.0001
000000000.0001
000000000.0001
000000000.0001
000000000.0001
000000000.0001
000000000.0002
000000000.0002
000000000.0002
000000000.0002
000000000.0003
000000000.0004
000000000.0006
000000000.0009
000000000.0014
000000000.0022
000000000.0033
000000000.0049
000000000.0073
000000000.0107
000000000.0154
000000000.0221
000000000.0311
000000000.0433
000000000.0594
000000000.0806
000000000.1078
000000000.1425
000000000.1860
000000000.2399
000000000.3057
000000000.3852
000000000.4797
000000000.5910
000000000.7201
000000000.8684
000000001.0365
000000001.2248
000000001.4334
000000001.6617
000000001.9090
000000002.1737
000000002.4540
000000002.7476
000000003.0520
000000003.3643
000000003.6814
000000004.0000
000000003.0000
000000002.7610
000000002.5256
000000002.2959
000000002.0740
000000001.8616
000000001.6602
000000001.4711
000000001.2950
000000001.1325
000000000.9839
000000000.8492
000000000.7282
000000000.6203
000000000.5249
000000000.4413
000000000.3686
000000000.3059
000000000.2522
000000000.2066
000000000.1682
000000000.1360
000000000.1093
000000000.0873
000000000.0693
000000000.0547
000000000.0429
000000000.0335
000000000.0259
000000000.0200
000000000.0153
000000000.0117
000000000.0089
000000000.0067
000000000.0050
000000000.0038
000000000.0028
000000000.0021
000000000.0016
000000000.0012
000000000.0009
000000000.0006
000000000.0005
000000000.0004
000000000.0003
000000000.0002
000000000.0002
000000000.0002
000000000.0001
000000000.0001
000000000.0001
000000000.0001
000000000.0001
000000000.0001
000000000.0001
000000000.0001
000000000.0001
000000000.0001
000000000.0001
000000000.0001
000000000.0002
000000000.0002
000000000.0003
000000000.0004
000000000.0006
000000000.0009
000000000.0014
000000000.0021
000000000.0032
000000000.0049
000000000.0072
000000000.0106
000000000.0154
000000000.0220
000000000.0311
000000000.0432
000000000.0594
000000000.0805
000000000.1078
000000000.1425
000000000.1860
000000000.2399
000000000.3057
000000000.3851
000000000.4797
000000000.5909
000000000.7201
000000000.8684
000000001.0364
000000001.2248
000000001.4333
000000001.6617
000000001.9089
000000002.1736
000000002.4540
000000002.7476
000000003.0520
000000003.3643
000000003.6814
000000004.0000
000000003.0000
000000002.7610
000000002.5256
000000002.2959
000000002.0740
000000001.8616
000000001.6602
000000001.4710
000000001.2949
000000001.1325
000000000.9839
000000000.8492
000000000.7281
000000000.6202
000000000.5249
000000000.4413
000000000.3686
000000000.3058
000000000.2522
000000000.2066
000000000.1681
000000000.1360
000000000.1093
000000000.0873
000000000.0693
000000000.0547
000000000.0429
000000000.0334
000000000.0259
000000000.0200
000000000.0153
000000000.0117
000000000.0088
000000000.0067
000000000.0050
000000000.0037
000000000.0028
000000000.0021
000000000.0015
000000000.0011
000000000.0008
000000000.0006
000000000.0005
000000000.0004
000000000.0003
000000000.0002
000000000.0002
000000000.0001
000000000.0001
000000000.0001
000000000.0001
000000000.0001
000000000.0001
000000000.0001
000000000.0001
000000000.0001
000000000.0001
000000000.0001
000000000.0001
000000000.0001
000000000.0001
000000000.0002
000000000.0002
000000000.0004
000000000.0006
000000000.0009
000000000.0014
000000000.0021
000000000.0032
000000000.0048
000000000.0072
000000000.0106
000000000.0154
000000000.0220
000000000.0310
000000000.0432
000000000.0594
000000000.0805
000000000.1078
000000000.1424
000000000.1860
000000000.2398
000000000.3057
000000000.3851
000000000.4797
000000000.5909
000000000.7201
000000000.8683
000000001.0364
000000001.2247
000000001.4333
000000001.6617
000000001.9089
000000002.1736
000000002.4539
000000002.7476
000000003.0520
000000003.3643
000000003.6814
000000004.0000
000000003.0000
000000002.7610
000000002.5256
000000002.2959
000000002.0740
000000001.8616
000000001.6602
000000001.4710
000000001.2949
000000001.1325
000000000.9839
000000000.8492
000000000.7281
000000000.6202
000000000.5249
000000000.4413
000000000.3685
000000000.3058
000000000.2521
000000000.2066
000000000.1681
000000000.1360
000000000.1093
000000000.0873
000000000.0693
000000000.0547
000000000.0429
000000000.0334
000000000.0259
000000000.0200
000000000.0153
000000000.0116
000000000.0088
000000000.0066
000000000.0050
000000000.0037
000000000.0028
000000000.0020
000000000.0015
000000000.0011
000000000.0008
000000000.0006
000000000.0004
000000000.0003
000000000.0002
000000000.0002
000000000.0001
000000000.0001
000000000.0001
000000000.0001
000000000.0001
000000000.0001
000000000.0001
000000000.0001
000000000.0001
000000000.0001
000000000.0001
000000000.0001
000000000.0001
000000000.0001
000000000.0001
000000000.0002
000000000.0002
000000000.0004
000000000.0005
000000000.0009
000000000.0013
000000000.0021
000000000.0032
000000000.0048
000000000.0072
000000000.0106
000000000.0153
000000000.0220
000000000.0310
000000000.0432
000000000.0594
000000000.0805
000000000.1077
000000000.1424
000000000.1859
000000000.2398
000000000.3057
000000000.3851
000000000.4797
000000000.5909
000000000.7201
000000000.8683
000000001.0364
000000001.2247
000000001.4333
000000001.6617
000000001.9089
000000002.1736
000000002.4539
000000002.7476
000000003.0520
000000003.3643
000000003.6813
000000004.0000
000000003.0000
000000002.7610
000000002.5256
000000002.2959
000000002.0740
000000001.8616
000000001.6602
000000001.4710
000000001.2949
000000001.1325
000000000.9839
000000000.8492
000000000.7281
000000000.6202
000000000.5249
000000000.4412
000000000.3685
000000000.3058
000000000.2521
000000000.2065
000000000.1681
000000000.1360
000000000.1093
000000000.0873
000000000.0693
000000000.0547
000000000.0429
000000000.0334
000000000.0259
000000000.0199
000000000.0153
000000000.0116
000000000.0088
000000000.0066
000000000.0050
000000000.0037
000000000.0028
000000000.0020
000000000.0015
000000000.0011
000000000.0008
000000000.0006
000000000.0004
000000000.0003
000000000.0002
000000000.0002
000000000.0001
000000000.0001
000000000.0001
000000000.0001
000000000.0001
000000000.0000
000000000.0000
000000000.0000
000000000.0000
000000000.0000
000000000.0000
000000000.0000
000000000.0001
000000000.0001
000000000.0001
000000000.0001
000000000.0002
000000000.0003
000000000.0005
000000000.0008
000000000.0013
000000000.0021
000000000.0032
000000000.0048
000000000.0072
000000000.0106
000000000.0153
000000000.0220
000000000.0310
000000000.0432
000000000.0593
000000000.0805
000000000.1077
000000000.1424
000000000.1859
000000000.2398
000000000.3057
000000000.3851
000000000.4796
000000000.5909
000000000.7201
000000000.8683
000000001.0364
000000001.2247
000000001.4333
000000001.6617
000000001.9089
000000002.1736
000000002.4539
000000002.7476
000000003.0520
000000003.3643
000000003.6813
000000004.0000
000000003.0000
000000002.7610
000000002.5256
000000002.2959
000000002.0740
000000001.8616
000000001.6602
000000001.4710
000000001.2949
000000001.1325
000000000.9839
000000000.8492
000000000.7281
000000000.6202
000000000.5248
000000000.4412
000000000.3685
000000000.3058
000000000.2521
000000000.2065
000000000.1681
000000000.1360
000000000.1093
000000000.0873
000000000.0693
000000000.0547
000000000.0429
000000000.0334
000000000.0259
000000000.0199
000000000.0153
000000000.0116
000000000.0088
000000000.0066
000000000.0050
000000000.0037
000000000.0027
000000000.0020
000000000.0015
000000000.0011
000000000.0008
000000000.0006
000000000.0004
000000000.0003
000000000.0002
000000000.0002
000000000.0001
000000000.0001
000000000.0001
000000000.0001
000000000.0000
000000000.0000
000000000.0000
000000000.0000
000000000.0000
000000000.0000
000000000.0000
000000000.0000
000000000.0000
000000000.0001
000000000.0001
000000000.0001
000000000.0002
000000000.0003
000000000.0005
000000000.0008
000000000.0013
000000000.0021
000000000.0032
000000000.0048
000000000.0072
000000000.0106
000000000.0153
000000000.0219
000000000.0310
000000000.0432
000000000.0593
000000000.0805
000000000.1077
000000000.1424
000000000.1859
000000000.2398
000000000.3056
000000000.3851
000000000.4796
000000000.5909
000000000.7201
000000000.8683
000000001.0364
000000001.2247
000000001.4333
000000001.6617
000000001.9089
000000002.1736
000000002.4539
000000002.7476
000000003.0520
000000003.3643
000000003.6813
000000004.0000
000000003.0000
000000002.7610
000000002.5256
000000002.2959
000000002.0740
000000001.8616
000000001.6602
000000001.4710
000000001.2949
000000001.1325
000000000.9839
000000000.8492
000000000.7281
000000000.6202
000000000.5248
000000000.4412
000000000.3685
000000000.3058
000000000.2521
000000000.2065
000000000.1681
000000000.1360
000000000.1093
000000000.0873
000000000.0693
000000000.0547
000000000.0429
000000000.0334
000000000.0259
000000000.0199
000000000.0153
000000000.0116
000000000.0088
000000000.0066
000000000.0050
000000000.0037
000000000.0027
000000000.0020
000000000.0015
000000000.0011
000000000.0008
000000000.0006
000000000.0004
000000000.0003
000000000.0002
000000000.0002
000000000.0001
000000000.0001
000000000.0001
000000000.0000
000000000.0000
000000000.0000
000000000.0000
000000000.0000
000000000.0000
000000000.0000
000000000.0000
000000000.0000
000000000.0000
000000000.0001
000000000.0001
000000000.0001
000000000.0002
000000000.0003
000000000.0005
000000000.0008
000000000.0013
000000000.0020
000000000.0032
000000000.0048
000000000.0072
000000000.0105
000000000.0153
000000000.0219
000000000.0310
000000000.0432
000000000.0593
000000000.0805
000000000.1077
000000000.1424
000000000.1859
000000000.2398
000000000.3056
000000000.3851
000000000.4796
000000000.5909
000000000.7201
000000000.8683
000000001.0364
000000001.2247
000000001.4333
000000001.6617
000000001.9089
000000002.1736
000000002.4539
000000002.7476
000000003.0520
000000003.3643
000000003.6813
000000004.0000
000000003.0000
000000002.7610
000000002.5256
000000002.2959
000000002.0740
000000001.8616
000000001.6602
000000001.4710
000000001.2949
000000001.1325
000000000.9839
000000000.8492
000000000.7281
000000000.6202
000000000.5248
000000000.4412
000000000.3685
000000000.3058
000000000.2521
000000000.2065
000000000.1681
000000000.1360
000000000.1093
000000000.0873
000000000.0693
000000000.0546
000000000.0428
000000000.0334
000000000.0259
000000000.0199
000000000.0153
000000000.0116
000000000.0088
000000000.0066
000000000.0049
000000000.0037
000000000.0027
000000000.0020
000000000.0015
000000000.0011
000000000.0008
000000000.0006
000000000.0004
000000000.0003
000000000.0002
000000000.0002
000000000.0001
000000000.0001
000000000.0001
000000000.0000
000000000.0000
000000000.0000
000000000.0000
000000000.0000
000000000.0000
000000000.0000
000000000.0000
000000000.0000
000000000.0000
000000000.0000
000000000.0001
000000000.0001
000000000.0002
000000000.0003
000000000.0005
000000000.0008
000000000.0013
000000000.0020
000000000.0031
000000000.0048
000000000.0071
000000000.0105
000000000.0153
000000000.0219
000000000.0310
000000000.0432
000000000.0593
000000000.0805
000000000.1077
000000000.1424
000000000.1859
000000000.2398
000000000.3056
000000000.3850
000000000.4796
000000000.5909
000000000.7201
000000000.8683
000000001.0364
000000001.2247
000000001.4333
000000001.6617
000000001.9089
000000002.1736
000000002.4539
000000002.7476
000000003.0520
000000003.3643
000000003.6813
000000004.0000
000000003.0000
000000002.7610
000000002.5256
000000002.2959
000000002.0740
000000001.8616
000000001.6602
000000001.4710
000000001.2949
000000001.1325
000000000.9839
000000000.8492
000000000.7281
000000000.6202
000000000.5248
000000000.4412
000000000.3685
000000000.3058
000000000.2521
000000000.2065
000000000.1681
000000000.1360
000000000.1093
000000000.0873
000000000.0693
000000000.0546
000000000.0428
000000000.0334
000000000.0259
000000000.0199
000000000.0152
000000000.0116
000000000.0088
000000000.0066
000000000.0049
000000000.0037
000000000.0027
000000000.0020
000000000.0015
000000000.0011
000000000.0008
000000000.0006
000000000.0004
000000000.0003
000000000.0002
000000000.0001
000000000.0001
000000000.0001
000000000.0001
000000000.0000
000000000.0000
000000000.0000
000000000.0000
000000000.0000
000000000.0000
000000000.0000
000000000.0000
000000000.0000
000000000.0000
000000000.0000
000000000.0001
000000000.0001
000000000.0002
000000000.0003
000000000.0005
000000000.0008
000000000.0013
000000000.0020
000000000.0031
000000000.0048
000000000.0071
000000000.0105
000000000.0153
000000000.0219
000000000.0310
000000000.0432
000000000.0593
000000000.0804
000000000.1077
000000000.1424
000000000.1859
000000000.2398
000000000.3056
000000000.3850
000000000.4796
000000000.5909
000000000.7200
000000000.8683
000000001.0364
000000001.2247
000000001.4333
000000001.6617
000000001.9089
000000002.1736
000000002.4539
000000002.7476
000000003.0520
000000003.3643
000000003.6813
000000004.0000
000000003.0000
000000002.7610
000000002.5256
000000002.2959
000000002.0740
000000001.8616
000000001.6602
000000001.4710
000000001.2949
000000001.1325
000000000.9839
000000000.8492
000000000.7281
000000000.6202
000000000.5248
000000000.4412
000000000.3685
000000000.3058
000000000.2521
000000000.2065
000000000.1681
000000000.1360
000000000.1093
000000000.0873
000000000.0693
000000000.0546
000000000.0428
000000000.0334
000000000.0259
000000000.0199
000000000.0152
000000000.0116
000000000.0088
000000000.0066
000000000.0049
000000000.0037
000000000.0027
000000000.0020
000000000.0015
000000000.0011
000000000.0008
000000000.0006
000000000.0004
000000000.0003
000000000.0002
000000000.0001
000000000.0001
000000000.0001
000000000.0001
000000000.0000
000000000.0000
000000000.0000
000000000.0000
000000000.0000
000000000.0000
000000000.0000
000000000.0000
000000000.0000
000000000.0000
000000000.0000
000000000.0001
000000000.0001
000000000.0002
000000000.0003
000000000.0005
000000000.0008
000000000.0013
000000000.0020
000000000.0031
000000000.0048
000000000.0071
000000000.0105
000000000.0153
000000000.0219
000000000.0310
000000000.0432
000000000.0593
000000000.0804
000000000.1077
000000000.1424
000000000.1859
000000000.2398
000000000.3056
000000000.3850
000000000.4796
000000000.5909
000000000.7200
000000000.8683
000000001.0364
000000001.2247
000000001.4333
000000001.6617
000000001.9089
000000002.1736
000000002.4539
000000002.7476
000000003.0520
000000003.3643
000000003.6813
000000004.0000
000000003.0000
000000002.7610
000000002.5256
000000002.2959
000000002.0740
000000001.8616
000000001.6602
000000001.4710
000000001.2949
000000001.1325
000000000.9839
000000000.8492
000000000.7281
000000000.6202
000000000.5248
000000000.4412
000000000.3685
000000000.3058
000000000.2521
000000000.2065
000000000.1681
000000000.1360
000000000.1093
000000000.0873
000000000.0693
000000000.0546
000000000.0428
000000000.0334
000000000.0259
000000000.0199
000000000.0152
000000000.0116
000000000.0088
000000000.0066
000000000.0049
000000000.0037
000000000.0027
000000000.0020
000000000.0015
000000000.0011
000000000.0008
000000000.0006
000000000.0004
000000000.0003
000000000.0002
000000000.0001
000000000.0001
000000000.0001
000000000.0001
000000000.0000
000000000.0000
000000000.0000
000000000.0000
000000000.0000
000000000.0000
000000000.0000
000000000.0000
000000000.0000
000000000.0000
000000000.0000
000000000.0001
000000000.0001
000000000.0002
000000000.0003
000000000.0005
000000000.0008
000000000.0013
000000000.0020
000000000.0031
000000000.0048
000000000.0071
000000000.0105
000000000.0153
000000000.0219
000000000.0310
000000000.0431
000000000.0593
000000000.0804
000000000.1077
000000000.1424
000000000.1859
000000000.2398
000000000.3056
000000000.3850
000000000.4796
000000000.5908
000000000.7200
000000000.8683
000000001.0364
000000001.2247
000000001.4333
000000001.6617
000000001.9089
000000002.1736
000000002.4539
000000002.7476
000000003.0520
000000003.3643
000000003.6813
000000004.0000
000000003.0000
000000002.7610
000000002.5256
000000002.2959
000000002.0740
000000001.8616
000000001.6602
000000001.4710
000000001.2949
000000001.1325
000000000.9839
000000000.8492
000000000.7281
000000000.6202
000000000.5248
000000000.4412
000000000.3685
000000000.3058
000000000.2521
000000000.2065
000000000.1681
000000000.1360
000000000.1093
000000000.0873
000000000.0693
000000000.0546
000000000.0428
000000000.0334
000000000.0259
000000000.0199
000000000.0152
000000000.0116
000000000.0088
000000000.0066
000000000.0049
000000000.0037
000000000.0027
000000000.0020
000000000.0015
000000000.0011
000000000.0008
000000000.0006
000000000.0004
000000000.0003
000000000.0002
000000000.0001
000000000.0001
000000000.0001
000000000.0001
000000000.0000
000000000.0000
000000000.0000
000000000.0000
000000000.0000
000000000.0000
000000000.0000
000000000.0000
000000000.0000
000000000.0000
000000000.0000
000000000.0001
000000000.0001
000000000.0002
000000000.0003
000000000.0005
000000000.0008
000000000.0013
000000000.0020
000000000.0031
000000000.0048
000000000.0071
000000000.0105
000000000.0153
000000000.0219
000000000.0310
000000000.0431
000000000.0593
000000000.0804
000000000.1077
000000000.1424
000000000.1859
000000000.2398
000000000.3056
000000000.3850
000000000.4796
000000000.5908
000000000.7200
000000000.8683
000000001.0364
000000001.2247
000000001.4333
000000001.6617
000000001.9089
000000002.1736
000000002.4539
000000002.7476
000000003.0520
000000003.3643
000000003.6813
000000004.0000
000000003.0000
000000002.7610
000000002.5256
000000002.2959
000000002.0740
000000001.8616
000000001.6602
000000001.4710
000000001.2949
000000001.1325
000000000.9839
000000000.8492
000000000.7281
000000000.6202
000000000.5248
000000000.4412
000000000.3685
000000000.3058
000000000.2521
000000000.2065
000000000.1681
000000000.1360
000000000.1093
000000000.0873
000000000.0693
000000000.0546
000000000.0428
000000000.0334
000000000.0259
000000000.0199
000000000.0152
000000000.0116
000000000.0088
000000000.0066
000000000.0049
000000000.0037
000000000.0027
000000000.0020
000000000.0015
000000000.0011
000000000.0008
000000000.0006
000000000.0004
000000000.0003
000000000.0002
000000000.0001
000000000.0001
000000000.0001
000000000.0001
000000000.0000
000000000.0000
000000000.0000
000000000.0000
000000000.0000
000000000.0000
000000000.0000
000000000.0000
000000000.0000
000000000.0000
000000000.0000
000000000.0001
000000000.0001
000000000.0002
000000000.0003
000000000.0005
000000000.0008
000000000.0013
000000000.0020
000000000.0031
000000000.0048
000000000.0071
000000000.0105
000000000.0153
000000000.0219
000000000.0310
000000000.0431
000000000.0593
000000000.0804
000000000.1077
000000000.1424
000000000.1859
000000000.2398
000000000.3056
000000000.3850
000000000.4796
000000000.5908
000000000.7200
000000000.8683
000000001.0364
000000001.2247
000000001.4333
000000001.6617
000000001.9089
000000002.1736
000000002.4539
000000002.7476
000000003.0520
000000003.3643
000000003.6813
000000004.0000
000000003.0000
000000002.7610
000000002.5256
000000002.2959
000000002.0740
000000001.8616
000000001.6602
000000001.4710
000000001.2949
000000001.1325
000000000.9839
000000000.8492
000000000.7281
000000000.6202
000000000.5248
000000000.4412
000000000.3685
000000000.3058
000000000.2521
000000000.2065
000000000.1681
000000000.1360
000000000.1093
000000000.0873
000000000.0693
000000000.0546
000000000.0428
000000000.0334
000000000.0259
000000000.0199
000000000.0152
000000000.0116
000000000.0088
000000000.0066
000000000.0049
000000000.0037
000000000.0027
000000000.0020
000000000.0015
000000000.0011
000000000.0008
000000000.0006
000000000.0004
000000000.0003
000000000.0002
000000000.0001
000000000.0001
000000000.0001
000000000.0001
000000000.0000
000000000.0000
000000000.0000
000000000.0000
000000000.0000
000000000.0000
000000000.0000
000000000.0000
000000000.0000
000000000.0000
000000000.0000
000000000.0001
000000000.0001
000000000.0002
000000000.0003
000000000.0005
000000000.0008
000000000.0013
000000000.0020
000000000.0031
000000000.0048
000000000.0071
000000000.0105
000000000.0153
000000000.0219
000000000.0310
000000000.0431
000000000.0593
000000000.0804
000000000.1077
000000000.1424
000000000.1859
000000000.2398
000000000.3056
000000000.3850
000000000.4796
000000000.5908
000000000.7200
000000000.8683
000000001.0364
000000001.2247
000000001.4333
000000001.6617
000000001.9089
000000002.1736
000000002.4539
000000002.7476
000000003.0520
000000003.3643
000000003.6813
000000004.0000
000000003.0000
000000002.7610
000000002.5256
000000002.2959
000000002.0740
000000001.8616
000000001.6602
000000001.4710
000000001.2949
000000001.1325
000000000.9839
000000000.8492
000000000.7281
000000000.6202
000000000.5248
000000000.4412
000000000.3685
000000000.3058
000000000.2521
000000000.2065
000000000.1681
000000000.1360
000000000.1093
000000000.0873
000000000.0693
000000000.0546
000000000.0428
000000000.0334
000000000.0259
000000000.0199
000000000.0152
000000000.0116
000000000.0088
000000000.0066
000000000.0049
000000000.0037
000000000.0027
000000000.0020
000000000.0015
000000000.0011
000000000.0008
000000000.0006
000000000.0004
000000000.0003
000000000.0002
000000000.0001
000000000.0001
000000000.0001
000000000.0001
000000000.0000
000000000.0000
000000000.0000
000000000.0000
000000000.0000
000000000.0000
000000000.0000
000000000.0000
000000000.0000
000000000.0000
000000000.0000
000000000.0001
000000000.0001
000000000.0002
000000000.0003
000000000.0005
000000000.0008
000000000.0013
000000000.0020
000000000.0031
000000000.0048
000000000.0071
000000000.0105
000000000.0153
000000000.0219
000000000.0310
000000000.0431
000000000.0593
000000000.0804
000000000.1077
000000000.1424
000000000.1859
000000000.2398
000000000.3056
000000000.3850
000000000.4796
000000000.5908
000000000.7200
000000000.8683
000000001.0364
000000001.2247
000000001.4333
000000001.6617
000000001.9089
000000002.1736
000000002.4539
000000002.7476
000000003.0520
000000003.3643
000000003.6813
000000004.0000
000000003.0000
000000002.7610
000000002.5256
000000002.2959
000000002.0740
000000001.8616
000000001.6602
000000001.4710
000000001.2949
000000001.1325
000000000.9839
000000000.8492
000000000.7281
000000000.6202
000000000.5248
000000000.4412
000000000.3685
000000000.3058
000000000.2521
000000000.2065
000000000.1681
000000000.1360
000000000.1093
000000000.0873
000000000.0693
000000000.0546
000000000.0428
000000000.0334
000000000.0259
000000000.0199
000000000.0152
000000000.0116
000000000.0088
000000000.0066
000000000.0049
000000000.0037
000000000.0027
000000000.0020
000000000.0015
000000000.0011
000000000.0008
000000000.0006
000000000.0004
000000000.0003
000000000.0002
000000000.0001
000000000.0001
000000000.0001
000000000.0001
000000000.0000
000000000.0000
000000000.0000
000000000.0000
000000000.0000
000000000.0000
000000000.0000
000000000.0000
000000000.0000
000000000.0000
000000000.0000
000000000.0001
000000000.0001
000000000.0002
000000000.0003
000000000.0005
000000000.0008
000000000.0013
000000000.0020
000000000.0031
000000000.0048
000000000.0071
000000000.0105
000000000.0153
000000000.0219
000000000.0310
000000000.0432
000000000.0593
000000000.0804
000000000.1077
000000000.1424
000000000.1859
000000000.2398
000000000.3056
000000000.3850
000000000.4796
000000000.5909
000000000.7200
000000000.8683
000000001.0364
000000001.2247
000000001.4333
000000001.6617
000000001.9089
000000002.1736
000000002.4539
000000002.7476
000000003.0520
000000003.3643
000000003.6813
000000004.0000
000000003.0000
000000002.7610
000000002.5256
000000002.2959
000000002.0740
000000001.8616
000000001.6602
000000001.4710
000000001.2949
000000001.1325
000000000.9839
000000000.8492
000000000.7281
000000000.6202
000000000.5248
000000000.4412
000000000.3685
000000000.3058
000000000.2521
000000000.2065
000000000.1681
000000000.1360
000000000.1093
000000000.0873
000000000.0693
000000000.0546
000000000.0428
000000000.0334
000000000.0259
000000000.0199
000000000.0153
000000000.0116
000000000.0088
000000000.0066
000000000.0049
000000000.0037
000000000.0027
000000000.0020
000000000.0015
000000000.0011
000000000.0008
000000000.0006
000000000.0004
000000000.0003
000000000.0002
000000000.0002
000000000.0001
000000000.0001
000000000.0001
000000000.0000
000000000.0000
000000000.0000
000000000.0000
000000000.0000
000000000.0000
000000000.0000
000000000.0000
000000000.0000
000000000.0000
000000000.0000
000000000.0001
000000000.0001
000000000.0002
000000000.0003
000000000.0005
000000000.0008
000000000.0013
000000000.0020
000000000.0031
000000000.0048
000000000.0071
000000000.0105
000000000.0153
000000000.0219
000000000.0310
000000000.0432
000000000.0593
000000000.0804
000000000.1077
000000000.1424
000000000.1859
000000000.2398
000000000.3056
000000000.3850
000000000.4796
000000000.5909
000000000.7201
000000000.8683
000000001.0364
000000001.2247
000000001.4333
000000001.6617
000000001.9089
000000002.1736
000000002.4539
000000002.7476
000000003.0520
000000003.3643
000000003.6813
000000004.0000
000000003.0000
000000002.7610
000000002.5256
000000002.2959
000000002.0740
000000001.8616
000000001.6602
000000001.4710
000000001.2949
000000001.1325
000000000.9839
000000000.8492
000000000.7281
000000000.6202
000000000.5248
000000000.4412
000000000.3685
000000000.3058
000000000.2521
000000000.2065
000000000.1681
000000000.1360
000000000.1093
000000000.0873
000000000.0693
000000000.0547
000000000.0429
000000000.0334
000000000.0259
000000000.0199
000000000.0153
000000000.0116
000000000.0088
000000000.0066
000000000.0050
000000000.0037
000000000.0027
000000000.0020
000000000.0015
000000000.0011
000000000.0008
000000000.0006
000000000.0004
000000000.0003
000000000.0002
000000000.0002
000000000.0001
000000000.0001
000000000.0001
000000000.0001
000000000.0000
000000000.0000
000000000.0000
000000000.0000
000000000.0000
000000000.0000
000000000.0000
000000000.0000
000000000.0000
000000000.0001
000000000.0001
000000000.0001
000000000.0002
000000000.0003
000000000.0005
000000000.0008
000000000.0013
000000000.0020
000000000.0032
000000000.0048
000000000.0072
000000000.0105
000000000.0153
000000000.0219
000000000.0310
000000000.0432
000000000.0593
000000000.0805
000000000.1077
000000000.1424
000000000.1859
000000000.2398
000000000.3056
000000000.3851
000000000.4796
000000000.5909
000000000.7201
000000000.8683
000000001.0364
000000001.2247
000000001.4333
000000001.6617
000000001.9089
000000002.1736
000000002.4539
000000002.7476
000000003.0520
000000003.3643
000000003.6813
000000004.0000
000000003.0000
000000002.7610
000000002.5256
000000002.2959
000000002.0740
000000001.8616
000000001.6602
000000001.4710
000000001.2949
000000001.1325
000000000.9839
000000000.8492
000000000.7281
000000000.6202
000000000.5249
000000000.4412
000000000.3685
000000000.3058
000000000.2521
000000000.2065
000000000.1681
000000000.1360
000000000.1093
000000000.0873
000000000.0693
000000000.0547
000000000.0429
000000000.0334
000000000.0259
000000000.0199
000000000.0153
000000000.0116
000000000.0088
000000000.0066
000000000.0050
000000000.0037
000000000.0027
000000000.0020
000000000.0015
000000000.0011
000000000.0008
000000000.0006
000000000.0004
000000000.0003
000000000.0002
000000000.0002
000000000.0001
000000000.0001
000000000.0001
000000000.0001
000000000.0001
000000000.0000
000000000.0000
000000000.0000
000000000.0000
000000000.0000
000000000.0000
000000000.0000
000000000.0001
000000000.0001
000000000.0001
000000000.0001
000000000.0002
000000000.0003
000000000.0005
000000000.0008
000000000.0013
000000000.0021
000000000.0032
000000000.0048
000000000.0072
000000000.0106
000000000.0153
000000000.0220
000000000.0310
000000000.0432
000000000.0593
000000000.0805
000000000.1077
000000000.1424
000000000.1859
000000000.2398
000000000.3057
000000000.3851
000000000.4796
000000000.5909
000000000.7201
000000000.8683
000000001.0364
000000001.2247
000000001.4333
000000001.6617
000000001.9089
000000002.1736
000000002.4539
000000002.7476
000000003.0520
000000003.3643
000000003.6813
000000004.0000
000000003.0000
000000002.7610
000000002.5256
000000002.2959
000000002.0740
000000001.8616
000000001.6602
000000001.4710
000000001.2949
000000001.1325
000000000.9839
000000000.8492
000000000.7281
000000000.6202
000000000.5249
000000000.4413
000000000.3686
000000000.3058
000000000.2522
000000000.2066
000000000.1681
000000000.1360
000000000.1093
000000000.0873
000000000.0693
000000000.0547
000000000.0429
000000000.0334
000000000.0259
000000000.0200
000000000.0153
000000000.0117
000000000.0088
000000000.0067
000000000.0050
000000000.0037
000000000.0028
000000000.0021
000000000.0015
000000000.0011
000000000.0008
000000000.0006
000000000.0005
000000000.0003
000000000.0003
000000000.0002
000000000.0002
000000000.0001
000000000.0001
000000000.0001
000000000.0001
000000000.0001
000000000.0001
000000000.0001
000000000.0001
000000000.0001
000000000.0001
000000000.0001
000000000.0001
000000000.0001
000000000.0001
000000000.0002
000000000.0002
000000000.0004
000000000.0006
000000000.0009
000000000.0013
000000000.0021
000000000.0032
000000000.0048
000000000.0072
000000000.0106
000000000.0154
000000000.0220
000000000.0310
000000000.0432
000000000.0594
000000000.0805
000000000.1078
000000000.1424
000000000.1859
000000000.2398
000000000.3057
000000000.3851
000000000.4797
000000000.5909
000000000.7201
000000000.8683
000000001.0364
000000001.2247
000000001.4333
000000001.6617
000000001.9089
000000002.1736
000000002.4539
000000002.7476
000000003.0520
000000003.3643
000000003.6814
000000004.0000
000000003.0000
000000002.7610
000000002.5256
000000002.2959
000000002.0740
000000001.8616
000000001.6602
000000001.4711
000000001.2950
000000001.1325
000000000.9839
000000000.8492
000000000.7282
000000000.6203
000000000.5249
000000000.4413
000000000.3686
000000000.3059
000000000.2522
000000000.2066
000000000.1682
000000000.1360
000000000.1093
000000000.0874
000000000.0693
000000000.0547
000000000.0429
000000000.0335
000000000.0259
000000000.0200
000000000.0153
000000000.0117
000000000.0089
000000000.0067
000000000.0050
000000000.0038
000000000.0028
000000000.0021
000000000.0016
000000000.0012
000000000.0009
000000000.0006
000000000.0005
000000000.0004
000000000.0003
000000000.0002
000000000.0002
000000000.0002
000000000.0001
000000000.0001
000000000.0001
000000000.0001
000000000.0001
000000000.0001
000000000.0001
000000000.0001
000000000.0001
000000000.0001
000000000.0001
000000000.0001
000000000.0002
000000000.0002
000000000.0003
000000000.0004
000000000.0006
000000000.0009
000000000.0014
000000000.0021
000000000.0032
000000000.0049
000000000.0072
000000000.0106
000000000.0154
000000000.0220
000000000.0311
000000000.0432
000000000.0594
000000000.0805
000000000.1078
000000000.1425
000000000.1860
000000000.2399
000000000.3057
000000000.3851
000000000.4797
000000000.5909
000000000.7201
000000000.8684
000000001.0365
000000001.2248
000000001.4334
000000001.6617
000000001.9090
000000002.1736
000000002.4540
000000002.7476
000000003.0520
000000003.3643
000000003.6814
000000004.0000
000000003.0000
000000002.7610
000000002.5256
000000002.2959
000000002.0740
000000001.8616
000000001.6602
000000001.4711
000000001.2950
000000001.1325
000000000.9840
000000000.8493
000000000.7282
000000000.6203
000000000.5249
000000000.4413
000000000.3686
000000000.3059
000000000.2522
000000000.2067
000000000.1682
000000000.1361
000000000.1094
000000000.0874
000000000.0694
000000000.0548
000000000.0430
000000000.0335
000000000.0260
000000000.0201
000000000.0154
000000000.0117
000000000.0089
000000000.0068
000000000.0051
000000000.0038
000000000.0029
000000000.0022
000000000.0016
000000000.0012
000000000.0009
000000000.0007
000000000.0005
000000000.0004
000000000.0004
000000000.0003
000000000.0003
000000000.0002
000000000.0002
000000000.0002
000000000.0002
000000000.0002
000000000.0002
000000000.0002
000000000.0002
000000000.0002
000000000.0002
000000000.0002
000000000.0002
000000000.0002
000000000.0002
000000000.0003
000000000.0003
000000000.0005
000000000.0007
000000000.0010
000000000.0014
000000000.0022
000000000.0033
000000000.0049
000000000.0073
000000000.0107
000000000.0155
000000000.0221
000000000.0311
000000000.0433
000000000.0595
000000000.0806
000000000.1079
000000000.1425
000000000.1860
000000000.2399
000000000.3058
000000000.3852
000000000.4798
000000000.5910
000000000.7202
000000000.8684
000000001.0365
000000001.2248
000000001.4334
000000001.6618
000000001.9090
000000002.1737
000000002.4540
000000002.7477
000000003.0521
000000003.3643
000000003.6814
000000004.0000
000000003.0000
000000002.7610
000000002.5256
000000002.2959
000000002.0740
000000001.8616
000000001.6603
000000001.4711
000000001.2950
000000001.1326
000000000.9840
000000000.8493
000000000.7283
000000000.6204
000000000.5250
000000000.4414
000000000.3687
000000000.3060
000000000.2523
000000000.2067
000000000.1683
000000000.1362
000000000.1095
000000000.0875
000000000.0695
000000000.0549
000000000.0431
000000000.0336
000000000.0261
000000000.0202
000000000.0155
000000000.0118
000000000.0090
000000000.0069
000000000.0052
000000000.0039
000000000.0030
000000000.0022
000000000.0017
000000000.0013
000000000.0010
000000000.0008
000000000.0006
000000000.0005
000000000.0005
000000000.0004
000000000.0003
000000000.0003
000000000.0003
000000000.0003
000000000.0003
000000000.0003
000000000.0003
000000000.0003
000000000.0003
000000000.0003
000000000.0003
000000000.0003
000000000.0003
000000000.0003
000000000.0003
000000000.0004
000000000.0004
000000000.0006
000000000.0008
000000000.0011
000000000.0015
000000000.0023
000000000.0034
000000000.0050
000000000.0074
000000000.0108
000000000.0156
000000000.0222
000000000.0312
000000000.0434
000000000.0596
000000000.0807
000000000.1080
000000000.1426
000000000.1861
000000000.2400
000000000.3059
000000000.3853
000000000.4799
000000000.5911
000000000.7203
000000000.8685
000000001.0366
000000001.2249
000000001.4335
000000001.6618
000000001.9091
000000002.1737
000000002.4540
000000002.7477
000000003.0521
000000003.3644
000000003.6814
000000004.0000
000000003.0000
000000002.7610
000000002.5256
000000002.2959
000000002.0740
000000001.8617
000000001.6603
000000001.4712
000000001.2951
000000001.1327
000000000.9841
000000000.8494
000000000.7284
000000000.6205
000000000.5251
000000000.4415
000000000.3689
000000000.3061
000000000.2525
000000000.2069
000000000.1685
000000000.1363
000000000.1096
000000000.0877
000000000.0697
000000000.0550
000000000.0432
000000000.0338
000000000.0263
000000000.0203
000000000.0156
000000000.0120
000000000.0092
000000000.0070
000000000.0053
000000000.0041
000000000.0031
000000000.0024
000000000.0019
000000000.0015
000000000.0012
000000000.0010
000000000.0008
000000000.0007
000000000.0006
000000000.0005
000000000.0005
000000000.0005
000000000.0005
000000000.0004
000000000.0004
000000000.0004
000000000.0004
000000000.0004
000000000.0004
000000000.0004
000000000.0004
000000000.0004
000000000.0004
000000000.0004
000000000.0005
000000000.0005
000000000.0006
000000000.0007
000000000.0009
000000000.0012
000000000.0017
000000000.0024
000000000.0035
000000000.0052
000000000.0075
000000000.0109
000000000.0157
000000000.0223
000000000.0314
000000000.0436
000000000.0597
000000000.0808
000000000.1081
000000000.1428
000000000.1863
000000000.2402
000000000.3060
000000000.3854
000000000.4800
000000000.5912
000000000.7204
000000000.8687
000000001.0367
000000001.2250
000000001.4336
000000001.6620
000000001.9092
000000002.1738
000000002.4541
000000002.7478
000000003.0522
000000003.3644
000000003.6814
000000004.0000
000000003.0000
000000002.7610
000000002.5256
000000002.2960
000000002.0741
000000001.8618
000000001.6604
000000001.4713
000000001.2952
000000001.1328
000000000.9843
000000000.8496
000000000.7285
000000000.6207
000000000.5253
000000000.4417
000000000.3691
000000000.3064
000000000.2527
000000000.2071
000000000.1687
000000000.1366
000000000.1099
000000000.0879
000000000.0699
000000000.0553
000000000.0435
000000000.0340
000000000.0265
000000000.0206
000000000.0159
000000000.0122
000000000.0094
000000000.0072
000000000.0056
000000000.0043
000000000.0034
000000000.0026
000000000.0021
000000000.0017
000000000.0014
000000000.0012
000000000.0010
000000000.0009
000000000.0008
000000000.0008
000000000.0007
000000000.0007
000000000.0007
000000000.0007
000000000.0007
000000000.0007
000000000.0007
000000000.0007
000000000.0007
000000000.0007
000000000.0007
000000000.0007
000000000.0007
000000000.0007
000000000.0007
000000000.0008
000000000.0008
000000000.0010
000000000.0011
000000000.0015
000000000.0019
000000000.0027
000000000.0038
000000000.0054
000000000.0078
000000000.0112
000000000.0159
000000000.0226
000000000.0316
000000000.0438
000000000.0599
000000000.0811
000000000.1083
000000000.1430
000000000.1865
000000000.2404
000000000.3063
000000000.3857
000000000.4802
000000000.5915
000000000.7206
000000000.8689
000000001.0369
000000001.2252
000000001.4338
000000001.6621
000000001.9093
000000002.1740
000000002.4543
000000002.7479
000000003.0522
000000003.3644
000000003.6814
000000004.0000
000000003.0000
000000002.7611
000000002.5257
000000002.2960
000000002.0742
000000001.8619
000000001.6606
000000001.4714
000000001.2954
000000001.1330
000000000.9845
000000000.8498
000000000.7288
000000000.6209
000000000.5256
000000000.4420
000000000.3694
000000000.3067
000000000.2530
000000000.2074
000000000.1690
000000000.1369
000000000.1102
000000000.0882
000000000.0702
000000000.0556
000000000.0438
000000000.0344
000000000.0269
000000000.0209
000000000.0162
000000000.0126
000000000.0098
000000000.0076
000000000.0060
000000000.0047
000000000.0037
000000000.0030
000000000.0025
000000000.0021
000000000.0018
000000000.0016
000000000.0014
000000000.0013
000000000.0012
000000000.0012
000000000.0011
000000000.0011
000000000.0011
000000000.0010
000000000.0010
000000000.0010
000000000.0010
000000000.0010
000000000.0010
000000000.0010
000000000.0010
000000000.0010
000000000.0010
000000000.0011
000000000.0011
000000000.0011
000000000.0012
000000000.0013
000000000.0015
000000000.0018
000000000.0023
000000000.0030
000000000.0042
000000000.0058
000000000.0082
000000000.0115
000000000.0163
000000000.0229
000000000.0320
000000000.0442
000000000.0603
000000000.0815
000000000.1087
000000000.1434
000000000.1869
000000000.2408
000000000.3066
000000000.3860
000000000.4806
000000000.5918
000000000.7210
000000000.8692
000000001.0372
000000001.2255
000000001.4341
000000001.6624
000000001.9096
000000002.1742
000000002.4544
000000002.7480
000000003.0524
000000003.3645
000000003.6815
000000004.0000
000000003.0000
000000002.7611
000000002.5257
000000002.2961
000000002.0743
000000001.8620
000000001.6608
000000001.4717
000000001.2957
000000001.1333
000000000.9848
000000000.8502
000000000.7292
000000000.6213
000000000.5260
000000000.4425
000000000.3698
000000000.3071
000000000.2535
000000000.2079
000000000.1695
000000000.1374
000000000.1108
000000000.0888
000000000.0708
000000000.0562
000000000.0444
000000000.0349
000000000.0274
000000000.0215
000000000.0168
000000000.0132
000000000.0103
000000000.0082
000000000.0065
000000000.0052
000000000.0043
000000000.0036
000000000.0030
000000000.0026
000000000.0023
000000000.0021
000000000.0020
000000000.0019
000000000.0018
000000000.0017
000000000.0017
000000000.0016
000000000.0016
000000000.0016
000000000.0016
000000000.0016
000000000.0016
000000000.0016
000000000.0016
000000000.0016
000000000.0016
000000000.0016
000000000.0016
000000000.0016
000000000.0016
000000000.0017
000000000.0017
000000000.0019
000000000.0021
000000000.0024
000000000.0029
000000000.0036
000000000.0047
000000000.0063
000000000.0087
000000000.0121
000000000.0169
000000000.0235
000000000.0325
000000000.0447
000000000.0609
000000000.0820
000000000.1093
000000000.1439
000000000.1874
000000000.2413
000000000.3071
000000000.3865
000000000.4811
000000000.5923
000000000.7215
000000000.8697
000000001.0377
000000001.2260
000000001.4345
000000001.6628
000000001.9099
000000002.1745
000000002.4547
000000002.7482
000000003.0525
000000003.3646
000000003.6815
000000004.0000
000000003.0000
000000002.7611
000000002.5258
000000002.2963
000000002.0745
000000001.8623
000000001.6611
000000001.4720
000000001.2961
000000001.1337
000000000.9853
000000000.8507
000000000.7298
000000000.6220
000000000.5267
000000000.4431
000000000.3705
000000000.3079
000000000.2542
000000000.2087
000000000.1703
000000000.1382
000000000.1115
000000000.0896
000000000.0716
000000000.0570
000000000.0452
000000000.0357
000000000.0282
000000000.0223
000000000.0176
000000000.0140
000000000.0112
000000000.0090
000000000.0073
000000000.0061
000000000.0051
000000000.0044
000000000.0038
000000000.0034
000000000.0032
000000000.0029
000000000.0028
000000000.0027
000000000.0026
000000000.0025
000000000.0025
000000000.0025
000000000.0024
000000000.0024
000000000.0024
000000000.0024
000000000.0024
000000000.0024
000000000.0024
000000000.0024
000000000.0024
000000000.0024
000000000.0024
000000000.0024
000000000.0024
000000000.0025
000000000.0026
000000000.0027
000000000.0029
000000000.0032
000000000.0037
000000000.0044
000000000.0055
000000000.0072
000000000.0095
000000000.0129
000000000.0177
000000000.0243
000000000.0333
000000000.0455
000000000.0617
000000000.0828
000000000.1101
000000000.1447
000000000.1882
000000000.2421
000000000.3079
000000000.3873
000000000.4819
000000000.5930
000000000.7222
000000000.8704
000000001.0384
000000001.2266
000000001.4351
000000001.6633
000000001.9104
000000002.1750
000000002.4551
000000002.7486
000000003.0528
000000003.3648
000000003.6816
000000004.0000
000000003.0000
000000002.7612
000000002.5260
000000002.2965
000000002.0748
000000001.8627
000000001.6615
000000001.4726
000000001.2967
000000001.1344
000000000.9860
000000000.8515
000000000.7306
000000000.6228
000000000.5276
000000000.4441
000000000.3715
000000000.3089
000000000.2553
000000000.2098
000000000.1714
000000000.1393
000000000.1127
000000000.0907
000000000.0727
000000000.0581
000000000.0463
000000000.0369
000000000.0294
000000000.0234
000000000.0188
000000000.0151
000000000.0123
000000000.0102
000000000.0085
000000000.0072
000000000.0063
000000000.0056
000000000.0050
000000000.0046
000000000.0043
000000000.0041
000000000.0040
000000000.0039
000000000.0038
000000000.0037
000000000.0037
000000000.0036
000000000.0036
000000000.0036
000000000.0036
000000000.0036
000000000.0036
000000000.0036
000000000.0036
000000000.0036
000000000.0036
000000000.0036
000000000.0036
000000000.0036
000000000.0036
000000000.0037
000000000.0038
000000000.0039
000000000.0041
000000000.0044
000000000.0049
000000000.0056
000000000.0067
000000000.0083
000000000.0107
000000000.0141
000000000.0189
000000000.0255
000000000.0345
000000000.0467
000000000.0629
000000000.0840
000000000.1112
000000000.1459
000000000.1894
000000000.2433
000000000.3091
000000000.3884
000000000.4830
000000000.5941
000000000.7232
000000000.8714
000000001.0393
000000001.2275
000000001.4359
000000001.6641
000000001.9111
000000002.1756
000000002.4556
000000002.7490
000000003.0531
000000003.3651
000000003.6817
000000004.0000
000000003.0000
000000002.7613
000000002.5262
000000002.2968
000000002.0752
000000001.8632
000000001.6622
000000001.4733
000000001.2975
000000001.1353
000000000.9870
000000000.8526
000000000.7318
000000000.6241
000000000.5289
000000000.4455
000000000.3729
000000000.3104
000000000.2568
000000000.2113
000000000.1730
000000000.1409
000000000.1143
000000000.0923
000000000.0744
000000000.0598
000000000.0480
000000000.0386
000000000.0311
000000000.0251
000000000.0205
000000000.0168
000000000.0140
000000000.0119
000000000.0102
000000000.0089
000000000.0080
000000000.0073
000000000.0067
000000000.0063
000000000.0060
000000000.0058
000000000.0057
000000000.0055
000000000.0055
000000000.0054
000000000.0054
000000000.0053
000000000.0053
000000000.0053
000000000.0053
000000000.0053
000000000.0053
000000000.0053
000000000.0053
000000000.0053
000000000.0053
000000000.0053
000000000.0053
000000000.0053
000000000.0053
000000000.0054
000000000.0054
000000000.0056
000000000.0058
000000000.0061
000000000.0066
000000000.0073
000000000.0084
000000000.0100
000000000.0124
000000000.0158
000000000.0206
000000000.0272
000000000.0362
000000000.0484
000000000.0645
000000000.0857
000000000.1129
000000000.1476
000000000.1911
000000000.2449
000000000.3107
000000000.3900
000000000.4845
000000000.5957
000000000.7247
000000000.8728
000000001.0407
000000001.2288
000000001.4371
000000001.6652
000000001.9121
000000002.1765
000000002.4564
000000002.7497
000000003.0536
000000003.3654
000000003.6819
000000004.0000
000000003.0000
000000002.7615
000000002.5265
000000002.2973
000000002.0759
000000001.8640
000000001.6631
000000001.4744
000000001.2987
000000001.1367
000000000.9885
000000000.8542
000000000.7335
000000000.6259
000000000.5308
000000000.4474
000000000.3750
000000000.3124
000000000.2589
000000000.2135
000000000.1752
000000000.1431
000000000.1165
000000000.0946
000000000.0767
000000000.0621
000000000.0503
000000000.0409
000000000.0334
000000000.0275
000000000.0228
000000000.0192
000000000.0164
000000000.0142
000000000.0126
000000000.0113
000000000.0104
000000000.0096
000000000.0091
000000000.0087
000000000.0084
000000000.0082
000000000.0080
000000000.0079
000000000.0079
000000000.0078
000000000.0077
000000000.0077
000000000.0077
000000000.0077
000000000.0077
000000000.0077
000000000.0077
000000000.0077
000000000.0077
000000000.0077
000000000.0077
000000000.0077
000000000.0077
000000000.0077
000000000.0077
000000000.0078
000000000.0078
000000000.0080
000000000.0082
000000000.0085
000000000.0089
000000000.0097
000000000.0108
000000000.0124
000000000.0148
000000000.0182
000000000.0229
000000000.0296
000000000.0386
000000000.0508
000000000.0669
000000000.0880
000000000.1153
000000000.1499
000000000.1934
000000000.2472
000000000.3130
000000000.3923
000000000.4867
000000000.5978
000000000.7268
000000000.8748
000000001.0426
000000001.2306
000000001.4388
000000001.6668
000000001.9135
000000002.1777
000000002.4575
000000002.7505
000000003.0543
000000003.3658
000000003.6821
000000004.0000
000000003.0000
000000002.7617
000000002.5269
000000002.2979
000000002.0767
000000001.8650
000000001.6643
000000001.4758
000000001.3004
000000001.1385
000000000.9905
000000000.8564
000000000.7358
000000000.6284
000000000.5334
000000000.4501
000000000.3778
000000000.3153
000000000.2619
000000000.2165
000000000.1783
000000000.1463
000000000.1197
000000000.0978
000000000.0799
000000000.0653
000000000.0536
000000000.0442
000000000.0367
000000000.0308
000000000.0261
000000000.0225
000000000.0197
000000000.0175
000000000.0159
000000000.0146
000000000.0137
000000000.0130
000000000.0124
000000000.0120
000000000.0117
000000000.0115
000000000.0114
000000000.0112
000000000.0112
000000000.0111
000000000.0111
000000000.0110
000000000.0110
000000000.0110
000000000.0110
000000000.0110
000000000.0110
000000000.0110
000000000.0110
000000000.0110
000000000.0110
000000000.0110
000000000.0110
000000000.0110
000000000.0110
000000000.0111
000000000.0111
000000000.0113
000000000.0115
000000000.0118
000000000.0123
000000000.0130
000000000.0141
000000000.0157
000000000.0181
000000000.0215
000000000.0263
000000000.0329
000000000.0419
000000000.0541
000000000.0702
000000000.0913
000000000.1185
000000000.1532
000000000.1966
000000000.2504
000000000.3161
000000000.3954
000000000.4898
000000000.6007
000000000.7296
000000000.8775
000000001.0452
000000001.2331
000000001.4411
000000001.6689
000000001.9154
000000002.1794
000000002.4589
000000002.7517
000000003.0552
000000003.3664
000000003.6824
000000004.0000
000000003.0000
000000002.7620
000000002.5275
000000002.2988
000000002.0779
000000001.8665
000000001.6661
000000001.4779
000000001.3027
000000001.1411
000000000.9933
000000000.8594
000000000.7390
000000000.6317
000000000.5369
000000000.4538
000000000.3816
000000000.3193
000000000.2659
000000000.2206
000000000.1825
000000000.1505
000000000.1240
000000000.1022
000000000.0843
000000000.0698
000000000.0580
000000000.0486
000000000.0412
000000000.0353
000000000.0306
000000000.0270
000000000.0242
000000000.0220
000000000.0204
000000000.0191
000000000.0182
000000000.0175
000000000.0169
000000000.0165
000000000.0163
000000000.0160
000000000.0159
000000000.0158
000000000.0157
000000000.0156
000000000.0156
000000000.0156
000000000.0155
000000000.0155
000000000.0155
000000000.0155
000000000.0155
000000000.0155
000000000.0155
000000000.0155
000000000.0155
000000000.0155
000000000.0155
000000000.0155
000000000.0155
000000000.0156
000000000.0157
000000000.0158
000000000.0160
000000000.0163
000000000.0168
000000000.0175
000000000.0186
000000000.0202
000000000.0226
000000000.0260
000000000.0308
000000000.0374
000000000.0464
000000000.0586
000000000.0747
000000000.0958
000000000.1230
000000000.1576
000000000.2010
000000000.2547
000000000.3204
000000000.3996
000000000.4939
000000000.6047
000000000.7335
000000000.8813
000000001.0487
000000001.2364
000000001.4442
000000001.6717
000000001.9180
000000002.1816
000000002.4608
000000002.7532
000000003.0564
000000003.3673
000000003.6829
000000004.0000
000000003.0000
000000002.7624
000000002.5283
000000002.3000
000000002.0795
000000001.8685
000000001.6685
000000001.4806
000000001.3058
000000001.1445
000000000.9971
000000000.8634
000000000.7433
000000000.6363
000000000.5417
000000000.4588
000000000.3868
000000000.3246
000000000.2714
000000000.2262
000000000.1881
000000000.1563
000000000.1298
000000000.1080
000000000.0902
000000000.0757
000000000.0640
000000000.0547
000000000.0472
000000000.0413
000000000.0367
000000000.0331
000000000.0303
000000000.0281
000000000.0265
000000000.0252
000000000.0243
000000000.0236
000000000.0230
000000000.0226
000000000.0223
000000000.0221
000000000.0220
000000000.0219
000000000.0218
000000000.0217
000000000.0217
000000000.0216
000000000.0216
000000000.0216
000000000.0216
000000000.0216
000000000.0216
000000000.0216
000000000.0216
000000000.0216
000000000.0216
000000000.0216
000000000.0216
000000000.0216
000000000.0216
000000000.0217
000000000.0218
000000000.0219
000000000.0221
000000000.0224
000000000.0229
000000000.0236
000000000.0247
000000000.0263
000000000.0287
000000000.0321
000000000.0368
000000000.0435
000000000.0525
000000000.0646
000000000.0807
000000000.1018
000000000.1290
000000000.1635
000000000.2069
000000000.2606
000000000.3261
000000000.4052
000000000.4994
000000000.6101
000000000.7387
000000000.8862
000000001.0534
000000001.2408
000000001.4483
000000001.6754
000000001.9213
000000002.1846
000000002.4633
000000002.7553
000000003.0579
000000003.3683
000000003.6834
000000004.0000
000000003.0000
000000002.7629
000000002.5293
000000002.3016
000000002.0816
000000001.8711
000000001.6716
000000001.4843
000000001.3099
000000001.1491
000000001.0021
000000000.8688
000000000.7491
000000000.6424
000000000.5481
000000000.4655
000000000.3936
000000000.3317
000000000.2786
000000000.2336
000000000.1956
000000000.1639
000000000.1375
000000000.1158
000000000.0981
000000000.0836
000000000.0720
000000000.0626
000000000.0552
000000000.0493
000000000.0447
000000000.0411
000000000.0383
000000000.0362
000000000.0345
000000000.0333
000000000.0323
000000000.0316
000000000.0311
000000000.0307
000000000.0304
000000000.0302
000000000.0300
000000000.0299
000000000.0299
000000000.0298
000000000.0298
000000000.0297
000000000.0297
000000000.0297
000000000.0297
000000000.0297
000000000.0297
000000000.0297
000000000.0297
000000000.0297
000000000.0297
000000000.0297
000000000.0297
000000000.0297
000000000.0297
000000000.0298
000000000.0298
000000000.0300
000000000.0302
000000000.0305
000000000.0309
000000000.0317
000000000.0328
000000000.0344
000000000.0368
000000000.0402
000000000.0449
000000000.0515
000000000.0605
000000000.0726
000000000.0887
000000000.1098
000000000.1369
000000000.1714
000000000.2147
000000000.2683
000000000.3337
000000000.4126
000000000.5066
000000000.6171
000000000.7454
000000000.8927
000000001.0596
000000001.2465
000000001.4536
000000001.6803
000000001.9257
000000002.1884
000000002.4665
000000002.7579
000000003.0599
000000003.3697
000000003.6841
000000004.0000
000000003.0000
000000002.7636
000000002.5307
000000002.3037
000000002.0844
000000001.8746
000000001.6758
000000001.4890
000000001.3153
000000001.1551
000000001.0086
000000000.8759
000000000.7566
000000000.6503
000000000.5564
000000000.4741
000000000.4026
000000000.3409
000000000.2881
000000000.2433
000000000.2055
000000000.1739
000000000.1476
000000000.1260
000000000.1083
000000000.0939
000000000.0823
000000000.0730
000000000.0657
000000000.0598
000000000.0552
000000000.0516
000000000.0489
000000000.0467
000000000.0451
000000000.0438
000000000.0429
000000000.0422
000000000.0417
000000000.0413
000000000.0410
000000000.0408
000000000.0406
000000000.0405
000000000.0404
000000000.0404
000000000.0403
000000000.0403
000000000.0403
000000000.0403
000000000.0402
000000000.0402
000000000.0402
000000000.0402
000000000.0402
000000000.0402
000000000.0402
000000000.0402
000000000.0402
000000000.0403
000000000.0403
000000000.0403
000000000.0404
000000000.0405
000000000.0407
000000000.0410
000000000.0415
000000000.0422
000000000.0433
000000000.0450
000000000.0473
000000000.0507
000000000.0555
000000000.0620
000000000.0710
000000000.0831
000000000.0992
000000000.1202
000000000.1473
000000000.1817
000000000.2249
000000000.2783
000000000.3436
000000000.4223
000000000.5160
000000000.6262
000000000.7542
000000000.9010
000000001.0675
000000001.2539
000000001.4604
000000001.6865
000000001.9312
000000002.1932
000000002.4706
000000002.7612
000000003.0624
000000003.3714
000000003.6849
000000004.0000
000000003.0000
000000002.7645
000000002.5325
000000002.3064
000000002.0880
000000001.8791
000000001.6811
000000001.4952
000000001.3223
000000001.1628
000000001.0170
000000000.8849
000000000.7663
000000000.6606
000000000.5672
000000000.4853
000000000.4142
000000000.3528
000000000.3003
000000000.2557
000000000.2182
000000000.1867
000000000.1606
000000000.1392
000000000.1216
000000000.1073
000000000.0957
000000000.0865
000000000.0791
000000000.0733
000000000.0688
000000000.0652
000000000.0624
000000000.0603
000000000.0587
000000000.0575
000000000.0565
000000000.0558
000000000.0553
000000000.0549
000000000.0546
000000000.0544
000000000.0542
000000000.0541
000000000.0540
000000000.0540
000000000.0539
000000000.0539
000000000.0539
000000000.0539
000000000.0539
000000000.0539
000000000.0539
000000000.0539
000000000.0539
000000000.0539
000000000.0539
000000000.0539
000000000.0539
000000000.0539
000000000.0539
000000000.0540
000000000.0540
000000000.0542
000000000.0544
000000000.0547
000000000.0551
000000000.0559
000000000.0570
000000000.0586
000000000.0610
000000000.0643
000000000.0691
000000000.0756
000000000.0846
000000000.0967
000000000.1127
000000000.1336
000000000.1606
000000000.1949
000000000.2379
000000000.2912
000000000.3562
000000000.4347
000000000.5281
000000000.6379
000000000.7654
000000000.9117
000000001.0775
000000001.2633
000000001.4691
000000001.6943
000000001.9382
000000002.1993
000000002.4758
000000002.7654
000000003.0656
000000003.3735
000000003.6860
000000004.0000
000000003.0000
000000002.7656
000000002.5348
000000002.3098
000000002.0925
000000001.8847
000000001.6879
000000001.5030
000000001.3311
000000001.1726
000000001.0277
000000000.8965
000000000.7786
000000000.6736
000000000.5808
000000000.4995
000000000.4289
000000000.3679
000000000.3158
000000000.2716
000000000.2343
000000000.2031
000000000.1772
000000000.1559
000000000.1384
000000000.1242
000000000.1128
000000000.1036
000000000.0963
000000000.0905
000000000.0860
000000000.0825
000000000.0797
000000000.0776
000000000.0760
000000000.0748
000000000.0738
000000000.0731
000000000.0726
000000000.0722
000000000.0719
000000000.0717
000000000.0716
000000000.0715
000000000.0714
000000000.0713
000000000.0713
000000000.0713
000000000.0712
000000000.0712
000000000.0712
000000000.0712
000000000.0712
000000000.0712
000000000.0712
000000000.0712
000000000.0712
000000000.0712
000000000.0712
000000000.0712
000000000.0713
000000000.0713
000000000.0714
000000000.0715
000000000.0717
000000000.0720
000000000.0725
000000000.0732
000000000.0743
000000000.0759
000000000.0783
000000000.0816
000000000.0864
000000000.0929
000000000.1018
000000000.1139
000000000.1298
000000000.1507
000000000.1775
000000000.2117
000000000.2545
000000000.3075
000000000.3723
000000000.4503
000000000.5433
000000000.6526
000000000.7795
000000000.9250
000000001.0901
000000001.2750
000000001.4798
000000001.7041
000000001.9468
000000002.2068
000000002.4821
000000002.7705
000000003.0694
000000003.3760
000000003.6873
000000004.0000
000000003.0000
000000002.7670
000000002.5377
000000002.3141
000000002.0982
000000001.8918
000000001.6963
000000001.5128
000000001.3422
000000001.1848
000000001.0411
000000000.9109
000000000.7940
000000000.6899
000000000.5979
000000000.5173
000000000.4473
000000000.3869
000000000.3353
000000000.2914
000000000.2545
000000000.2236
000000000.1980
000000000.1768
000000000.1595
000000000.1455
000000000.1341
000000000.1251
000000000.1178
000000000.1121
000000000.1076
000000000.1041
000000000.1014
000000000.0993
000000000.0977
000000000.0965
000000000.0956
000000000.0949
000000000.0944
000000000.0940
000000000.0937
000000000.0935
000000000.0933
000000000.0932
000000000.0931
000000000.0931
000000000.0930
000000000.0930
000000000.0930
000000000.0930
000000000.0930
000000000.0930
000000000.0930
000000000.0930
000000000.0930
000000000.0930
000000000.0930
000000000.0930
000000000.0930
000000000.0930
000000000.0930
000000000.0931
000000000.0931
000000000.0933
000000000.0934
000000000.0938
000000000.0942
000000000.0950
000000000.0961
000000000.0977
000000000.1000
000000000.1033
000000000.1080
000000000.1146
000000000.1235
000000000.1354
000000000.1513
000000000.1720
000000000.1987
000000000.2327
000000000.2753
000000000.3279
000000000.3923
000000000.4699
000000000.5622
000000000.6708
000000000.7969
000000000.9416
000000001.1056
000000001.2894
000000001.4930
000000001.7160
000000001.9574
000000002.2159
000000002.4897
000000002.7766
000000003.0740
000000003.3791
000000003.6888
000000004.0000
000000003.0000
000000002.7688
000000002.5412
000000002.3194
000000002.1053
000000001.9006
000000001.7067
000000001.5249
000000001.3558
000000001.2000
000000001.0576
000000000.9287
000000000.8130
000000000.7100
000000000.6190
000000000.5393
000000000.4701
000000000.4104
000000000.3594
000000000.3160
000000000.2795
000000000.2490
000000000.2237
000000000.2028
000000000.1857
000000000.1718
000000000.1606
000000000.1516
000000000.1445
000000000.1388
000000000.1344
000000000.1309
000000000.1283
000000000.1262
000000000.1246
000000000.1234
000000000.1225
000000000.1218
000000000.1213
000000000.1209
000000000.1206
000000000.1204
000000000.1203
000000000.1202
000000000.1201
000000000.1200
000000000.1200
000000000.1200
000000000.1199
000000000.1199
000000000.1199
000000000.1199
000000000.1199
000000000.1199
000000000.1199
000000000.1199
000000000.1199
000000000.1199
000000000.1199
000000000.1199
000000000.1200
000000000.1200
000000000.1201
000000000.1202
000000000.1204
000000000.1207
000000000.1212
000000000.1219
000000000.1230
000000000.1246
000000000.1269
000000000.1302
000000000.1349
000000000.1414
000000000.1502
000000000.1621
000000000.1778
000000000.1984
000000000.2249
000000000.2586
000000000.3008
000000000.3531
000000000.4169
000000000.4939
000000000.5855
000000000.6932
000000000.8183
000000000.9618
000000001.1245
000000001.3069
000000001.5090
000000001.7303
000000001.9700
000000002.2267
000000002.4988
000000002.7839
000000003.0795
000000003.3828
000000003.6906
000000004.0000
000000003.0000
000000002.7709
000000002.5454
000000002.3257
000000002.1138
000000001.9112
000000001.7194
000000001.5395
000000001.3723
000000001.2183
000000001.0777
000000000.9504
000000000.8362
000000000.7345
000000000.6448
000000000.5662
000000000.4979
000000000.4391
000000000.3888
000000000.3461
000000000.3101
000000000.2800
000000000.2551
000000000.2345
000000000.2177
000000000.2040
000000000.1929
000000000.1841
000000000.1771
000000000.1715
000000000.1671
000000000.1637
000000000.1611
000000000.1590
000000000.1575
000000000.1563
000000000.1554
000000000.1547
000000000.1542
000000000.1538
000000000.1535
000000000.1533
000000000.1532
000000000.1531
000000000.1530
000000000.1529
000000000.1529
000000000.1529
000000000.1529
000000000.1528
000000000.1528
000000000.1528
000000000.1528
000000000.1528
000000000.1528
000000000.1528
000000000.1528
000000000.1528
000000000.1528
000000000.1528
000000000.1529
000000000.1529
000000000.1530
000000000.1531
000000000.1533
000000000.1536
000000000.1541
000000000.1548
000000000.1559
000000000.1575
000000000.1598
000000000.1631
000000000.1677
000000000.1741
000000000.1829
000000000.1947
000000000.2102
000000000.2306
000000000.2569
000000000.2902
000000000.3320
000000000.3837
000000000.4469
000000000.5230
000000000.6136
000000000.7202
000000000.8440
000000000.9860
000000001.1472
000000001.3278
000000001.5279
000000001.7472
000000001.9849
000000002.2395
000000002.5094
000000002.7923
000000003.0858
000000003.3869
000000003.6927
000000004.0000
000000003.0000
000000002.7734
000000002.5505
000000002.3333
000000002.1239
000000001.9238
000000001.7344
000000001.5569
000000001.3921
000000001.2403
000000001.1018
000000000.9765
000000000.8641
000000000.7640
000000000.6758
000000000.5985
000000000.5314
000000000.4736
000000000.4242
000000000.3823
000000000.3470
000000000.3174
000000000.2929
000000000.2727
000000000.2562
000000000.2428
000000000.2319
000000000.2232
000000000.2163
000000000.2109
000000000.2066
000000000.2032
000000000.2006
000000000.1986
000000000.1971
000000000.1959
000000000.1950
000000000.1944
000000000.1939
000000000.1935
000000000.1932
000000000.1930
000000000.1929
000000000.1928
000000000.1927
000000000.1927
000000000.1926
000000000.1926
000000000.1926
000000000.1926
000000000.1925
000000000.1925
000000000.1925
000000000.1925
000000000.1925
000000000.1925
000000000.1925
000000000.1925
000000000.1925
000000000.1926
000000000.1926
000000000.1926
000000000.1927
000000000.1928
000000000.1930
000000000.1933
000000000.1938
000000000.1945
000000000.1956
000000000.1971
000000000.1994
000000000.2027
000000000.2073
000000000.2136
000000000.2223
000000000.2339
000000000.2493
000000000.2694
000000000.2953
000000000.3282
000000000.3695
000000000.4205
000000000.4828
000000000.5579
000000000.6473
000000000.7524
000000000.8746
000000001.0148
000000001.1739
000000001.3523
000000001.5501
000000001.7670
000000002.0021
000000002.2542
000000002.5215
000000002.8019
000000003.0929
000000003.3917
000000003.6951
000000004.0000
000000003.0000
000000002.7764
000000002.5564
000000002.3422
000000002.1357
000000001.9385
000000001.7521
000000001.5775
000000001.4154
000000001.2662
000000001.1302
000000001.0073
000000000.8970
000000000.7990
000000000.7126
000000000.6369
000000000.5713
000000000.5147
000000000.4664
000000000.4253
000000000.3908
000000000.3619
000000000.3380
000000000.3182
000000000.3021
000000000.2889
000000000.2784
000000000.2699
000000000.2631
000000000.2578
000000000.2536
000000000.2503
000000000.2477
000000000.2458
000000000.2443
000000000.2431
000000000.2423
000000000.2416
000000000.2411
000000000.2408
000000000.2405
000000000.2403
000000000.2402
000000000.2401
000000000.2400
000000000.2399
000000000.2399
000000000.2399
000000000.2399
000000000.2398
000000000.2398
000000000.2398
000000000.2398
000000000.2398
000000000.2398
000000000.2398
000000000.2398
000000000.2398
000000000.2398
000000000.2398
000000000.2399
000000000.2399
000000000.2400
000000000.2401
000000000.2403
000000000.2406
000000000.2411
000000000.2418
000000000.2428
000000000.2444
000000000.2466
000000000.2498
000000000.2544
000000000.2606
000000000.2691
000000000.2806
000000000.2957
000000000.3155
000000000.3410
000000000.3733
000000000.4139
000000000.4640
000000000.5253
000000000.5991
000000000.6870
000000000.7904
000000000.9105
000000001.0485
000000001.2051
000000001.3808
000000001.5757
000000001.7896
000000002.0217
000000002.2707
000000002.5351
000000002.8126
000000003.1008
000000003.3968
000000003.6976
000000004.0000
000000003.0000
000000002.7797
000000002.5631
000000002.3523
000000002.1492
000000001.9555
000000001.7725
000000001.6012
000000001.4423
000000001.2964
000000001.1634
000000001.0432
000000000.9356
000000000.8400
000000000.7557
000000000.6819
000000000.6180
000000000.5629
000000000.5158
000000000.4759
000000000.4423
000000000.4142
000000000.3909
000000000.3717
000000000.3560
000000000.3432
000000000.3329
000000000.3247
000000000.3181
000000000.3129
000000000.3088
000000000.3056
000000000.3032
000000000.3012
000000000.2998
000000000.2987
000000000.2978
000000000.2972
000000000.2967
000000000.2964
000000000.2961
000000000.2959
000000000.2958
000000000.2957
000000000.2956
000000000.2956
000000000.2955
000000000.2955
000000000.2955
000000000.2955
000000000.2954
000000000.2954
000000000.2954
000000000.2954
000000000.2954
000000000.2954
000000000.2954
000000000.2954
000000000.2954
000000000.2955
000000000.2955
000000000.2955
000000000.2956
000000000.2957
000000000.2959
000000000.2962
000000000.2967
000000000.2974
000000000.2984
000000000.2999
000000000.3021
000000000.3053
000000000.3097
000000000.3159
000000000.3242
000000000.3354
000000000.3503
000000000.3696
000000000.3946
000000000.4262
000000000.4659
000000000.5150
000000000.5749
000000000.6471
000000000.7331
000000000.8343
000000000.9520
000000001.0872
000000001.2408
000000001.4132
000000001.6047
000000001.8151
000000002.0435
000000002.2890
000000002.5499
000000002.8241
000000003.1091
000000003.4023
000000003.7003
000000004.0000
000000003.0000
000000002.7835
000000002.5707
000000002.3637
000000002.1644
000000001.9746
000000001.7955
000000001.6282
000000001.4732
000000001.3309
000000001.2014
000000001.0846
000000000.9800
000000000.8872
000000000.8055
000000000.7340
000000000.6721
000000000.6187
000000000.5732
000000000.5346
000000000.5021
000000000.4749
000000000.4524
000000000.4338
000000000.4186
000000000.4063
000000000.3963
000000000.3883
000000000.3820
000000000.3769
000000000.3730
000000000.3699
000000000.3675
000000000.3657
000000000.3642
000000000.3632
000000000.3624
000000000.3617
000000000.3613
000000000.3609
000000000.3607
000000000.3605
000000000.3604
000000000.3603
000000000.3602
000000000.3601
000000000.3601
000000000.3601
000000000.3601
000000000.3601
000000000.3600
000000000.3600
000000000.3600
000000000.3600
000000000.3600
000000000.3600
000000000.3600
000000000.3600
000000000.3600
000000000.3601
000000000.3601
000000000.3601
000000000.3602
000000000.3603
000000000.3605
000000000.3608
000000000.3612
000000000.3619
000000000.3629
000000000.3644
000000000.3666
000000000.3697
000000000.3740
000000000.3800
000000000.3881
000000000.3991
000000000.4135
000000000.4324
000000000.4567
000000000.4875
000000000.5261
000000000.5738
000000000.6321
000000000.7024
000000000.7862
000000000.8847
000000000.9994
000000001.1312
000000001.2811
000000001.4496
000000001.6370
000000001.8431
000000002.0673
000000002.3086
000000002.5655
000000002.8360
000000003.1177
000000003.4078
000000003.7030
000000004.0000
000000003.0000
000000002.7876
000000002.5788
000000002.3761
000000002.1812
000000001.9958
000000001.8212
000000001.6583
000000001.5078
000000001.3698
000000001.2445
000000001.1316
000000001.0306
000000000.9411
000000000.8623
000000000.7935
000000000.7339
000000000.6827
000000000.6389
000000000.6018
000000000.5706
000000000.5445
000000000.5228
000000000.5050
000000000.4904
000000000.4786
000000000.4690
000000000.4614
000000000.4553
000000000.4504
000000000.4466
000000000.4437
000000000.4414
000000000.4396
000000000.4382
000000000.4372
000000000.4364
000000000.4358
000000000.4354
000000000.4350
000000000.4348
000000000.4346
000000000.4345
000000000.4344
000000000.4343
000000000.4343
000000000.4342
000000000.4342
000000000.4342
000000000.4342
000000000.4342
000000000.4342
000000000.4342
000000000.4342
000000000.4342
000000000.4342
000000000.4342
000000000.4342
000000000.4342
000000000.4342
000000000.4342
000000000.4342
000000000.4343
000000000.4344
000000000.4346
000000000.4349
000000000.4353
000000000.4360
000000000.4370
000000000.4384
000000000.4405
000000000.4435
000000000.4477
000000000.4535
000000000.4614
000000000.4720
000000000.4860
000000000.5043
000000000.5277
000000000.5575
000000000.5948
000000000.6410
000000000.6973
000000000.7653
000000000.8463
000000000.9417
000000001.0527
000000001.1806
000000001.3260
000000001.4898
000000001.6723
000000001.8733
000000002.0925
000000002.3290
000000002.5814
000000002.8479
000000003.1260
000000003.4129
000000003.7054
000000004.0000
000000003.0000
000000002.7918
000000002.5875
000000002.3892
000000002.1990
000000002.0186
000000001.8491
000000001.6914
000000001.5460
000000001.4131
000000001.2925
000000001.1841
000000001.0874
000000001.0017
000000000.9264
000000000.8607
000000000.8038
000000000.7549
000000000.7132
000000000.6779
000000000.6481
000000000.6233
000000000.6027
000000000.5857
000000000.5718
000000000.5605
000000000.5514
000000000.5441
000000000.5383
000000000.5337
000000000.5301
000000000.5273
000000000.5251
000000000.5234
000000000.5221
000000000.5211
000000000.5203
000000000.5198
000000000.5194
000000000.5190
000000000.5188
000000000.5186
000000000.5185
000000000.5184
000000000.5183
000000000.5183
000000000.5183
000000000.5182
000000000.5182
000000000.5182
000000000.5182
000000000.5182
000000000.5182
000000000.5182
000000000.5182
000000000.5182
000000000.5182
000000000.5182
000000000.5182
000000000.5182
000000000.5182
000000000.5183
000000000.5184
000000000.5185
000000000.5186
000000000.5189
000000000.5193
000000000.5200
000000000.5209
000000000.5223
000000000.5244
000000000.5273
000000000.5313
000000000.5369
000000000.5445
000000000.5546
000000000.5681
000000000.5856
000000000.6081
000000000.6367
000000000.6724
000000000.7167
000000000.7707
000000000.8359
000000000.9136
000000001.0053
000000001.1120
000000001.2350
000000001.3752
000000001.5334
000000001.7100
000000001.9051
000000002.1185
000000002.3494
000000002.5967
000000002.8588
000000003.1332
000000003.4172
000000003.7074
000000004.0000
000000003.0000
000000002.7961
000000002.5961
000000002.4026
000000002.2175
000000002.0426
000000001.8788
000000001.7270
000000001.5875
000000001.4604
000000001.3454
000000001.2422
000000001.1503
000000001.0691
000000000.9977
000000000.9356
000000000.8819
000000000.8357
000000000.7963
000000000.7629
000000000.7349
000000000.7115
000000000.6920
000000000.6760
000000000.6630
000000000.6523
000000000.6437
000000000.6368
000000000.6314
000000000.6270
000000000.6236
000000000.6209
000000000.6189
000000000.6173
000000000.6160
000000000.6151
000000000.6144
000000000.6139
000000000.6135
000000000.6132
000000000.6129
000000000.6128
000000000.6127
000000000.6126
000000000.6125
000000000.6125
000000000.6124
000000000.6124
000000000.6124
000000000.6124
000000000.6124
000000000.6124
000000000.6124
000000000.6124
000000000.6124
000000000.6124
000000000.6124
000000000.6124
000000000.6124
000000000.6124
000000000.6124
000000000.6124
000000000.6125
000000000.6126
000000000.6128
000000000.6130
000000000.6135
000000000.6141
000000000.6150
000000000.6163
000000000.6183
000000000.6210
000000000.6249
000000000.6302
000000000.6374
000000000.6471
000000000.6599
000000000.6765
000000000.6979
000000000.7250
000000000.7590
000000000.8010
000000000.8523
000000000.9142
000000000.9881
000000001.0753
000000001.1769
000000001.2943
000000001.4283
000000001.5798
000000001.7495
000000001.9376
000000002.1441
000000002.3686
000000002.6102
000000002.8674
000000003.1383
000000003.4197
000000003.7084
000000004.0000
000000003.0000
000000002.8000
000000002.6042
000000002.4154
000000002.2358
000000002.0668
000000001.9095
000000001.7644
000000001.6317
000000001.5112
000000001.4026
000000001.3054
000000001.2191
000000001.1429
000000001.0762
000000001.0181
000000000.9679
000000000.9248
000000000.8881
000000000.8570
000000000.8308
000000000.8090
000000000.7909
000000000.7760
000000000.7638
000000000.7539
000000000.7459
000000000.7395
000000000.7344
000000000.7303
000000000.7272
000000000.7247
000000000.7227
000000000.7212
000000000.7201
000000000.7192
000000000.7185
000000000.7180
000000000.7177
000000000.7174
000000000.7172
000000000.7170
000000000.7169
000000000.7168
000000000.7168
000000000.7167
000000000.7167
000000000.7167
000000000.7167
000000000.7167
000000000.7167
000000000.7167
000000000.7166
000000000.7166
000000000.7166
000000000.7166
000000000.7166
000000000.7167
000000000.7167
000000000.7167
000000000.7167
000000000.7167
000000000.7168
000000000.7169
000000000.7171
000000000.7173
000000000.7177
000000000.7183
000000000.7191
000000000.7204
000000000.7222
000000000.7248
000000000.7285
000000000.7335
000000000.7403
000000000.7494
000000000.7614
000000000.7770
000000000.7971
000000000.8225
000000000.8544
000000000.8938
000000000.9419
000000001.0001
000000001.0695
000000001.1514
000000001.2472
000000001.3579
000000001.4846
000000001.6283
000000001.7898
000000001.9696
000000002.1680
000000002.3850
000000002.6201
000000002.8723
000000003.1396
000000003.4194
000000003.7077
000000004.0000
000000003.0000
000000002.8030
000000002.6108
000000002.4266
000000002.2526
000000002.0902
000000001.9402
000000001.8027
000000001.6778
000000001.5650
000000001.4637
000000001.3734
000000001.2934
000000001.2230
000000001.1614
000000001.1079
000000001.0616
000000001.0220
000000000.9883
000000000.9597
000000000.9357
000000000.9157
000000000.8991
000000000.8854
000000000.8742
000000000.8651
000000000.8577
000000000.8519
000000000.8472
000000000.8434
000000000.8405
000000000.8382
000000000.8364
000000000.8351
000000000.8340
000000000.8332
000000000.8326
000000000.8321
000000000.8318
000000000.8315
000000000.8313
000000000.8312
000000000.8311
000000000.8310
000000000.8310
000000000.8309
000000000.8309
000000000.8309
000000000.8309
000000000.8308
000000000.8308
000000000.8308
000000000.8308
000000000.8308
000000000.8308
000000000.8308
000000000.8308
000000000.8308
000000000.8308
000000000.8309
000000000.8309
000000000.8309
000000000.8310
000000000.8311
000000000.8312
000000000.8314
000000000.8318
000000000.8324
000000000.8332
000000000.8344
000000000.8361
000000000.8385
000000000.8418
000000000.8465
000000000.8528
000000000.8612
000000000.8723
000000000.8868
000000000.9053
000000000.9289
000000000.9583
000000000.9947
000000001.0393
000000001.0930
000000001.1573
000000001.2333
000000001.3221
000000001.4251
000000001.5433
000000001.6779
000000001.8297
000000001.9996
000000002.1885
000000002.3966
000000002.6242
000000002.8708
000000003.1350
000000003.4143
000000003.7045
000000004.0000
000000003.0000
000000002.8044
000000002.6146
000000002.4345
000000002.2662
000000002.1111
000000001.9694
000000001.8408
000000001.7249
000000001.6208
000000001.5279
000000001.4455
000000001.3726
000000001.3087
000000001.2529
000000001.2044
000000001.1627
000000001.1269
000000001.0964
000000001.0707
000000001.0490
000000001.0310
000000001.0160
000000001.0037
000000000.9936
000000000.9854
000000000.9788
000000000.9734
000000000.9692
000000000.9659
000000000.9632
000000000.9611
000000000.9595
000000000.9583
000000000.9573
000000000.9566
000000000.9560
000000000.9556
000000000.9553
000000000.9551
000000000.9549
000000000.9548
000000000.9547
000000000.9546
000000000.9546
000000000.9545
000000000.9545
000000000.9545
000000000.9545
000000000.9545
000000000.9545
000000000.9545
000000000.9545
000000000.9544
000000000.9544
000000000.9544
000000000.9544
000000000.9545
000000000.9545
000000000.9545
000000000.9545
000000000.9545
000000000.9546
000000000.9547
000000000.9548
000000000.9550
000000000.9554
000000000.9559
000000000.9566
000000000.9577
000000000.9592
000000000.9615
000000000.9645
000000000.9688
000000000.9745
000000000.9822
000000000.9923
000000001.0054
000000001.0222
000000001.0436
000000001.0703
000000001.1034
000000001.1438
000000001.1926
000000001.2510
000000001.3201
000000001.4011
000000001.4952
000000001.6036
000000001.7274
000000001.8679
000000002.0262
000000002.2035
000000002.4011
000000002.6197
000000002.8600
000000003.1213
000000003.4018
000000003.6970
000000004.0000
000000003.0000
000000002.8028
000000002.6134
000000002.4365
000000002.2745
000000002.1277
000000001.9956
000000001.8774
000000001.7718
000000001.6779
000000001.5945
000000001.5209
000000001.4561
000000001.3994
000000001.3500
000000001.3072
000000001.2703
000000001.2388
000000001.2119
000000001.1892
000000001.1702
000000001.1543
000000001.1411
000000001.1302
000000001.1213
000000001.1141
000000001.1083
000000001.1036
000000001.0998
000000001.0969
000000001.0945
000000001.0927
000000001.0913
000000001.0902
000000001.0894
000000001.0887
000000001.0882
000000001.0878
000000001.0876
000000001.0874
000000001.0872
000000001.0871
000000001.0870
000000001.0869
000000001.0869
000000001.0869
000000001.0869
000000001.0868
000000001.0868
000000001.0868
000000001.0868
000000001.0868
000000001.0868
000000001.0868
000000001.0868
000000001.0868
000000001.0868
000000001.0868
000000001.0868
000000001.0868
000000001.0868
000000001.0869
000000001.0869
000000001.0870
000000001.0871
000000001.0873
000000001.0876
000000001.0881
000000001.0887
000000001.0897
000000001.0911
000000001.0931
000000001.0958
000000001.0996
000000001.1047
000000001.1115
000000001.1205
000000001.1321
000000001.1470
000000001.1660
000000001.1896
000000001.2189
000000001.2547
000000001.2980
000000001.3498
000000001.4113
000000001.4834
000000001.5674
000000001.6644
000000001.7758
000000001.9030
000000002.0474
000000002.2109
000000002.3953
000000002.6028
000000002.8352
000000003.0938
000000003.3777
000000003.6828
000000004.0000
000000003.0000
000000002.7959
000000002.6037
000000002.4292
000000002.2741
000000002.1373
000000002.0169
000000001.9109
000000001.8175
000000001.7351
000000001.6626
000000001.5989
000000001.5430
000000001.4943
000000001.4519
000000001.4152
000000001.3837
000000001.3567
000000001.3338
000000001.3145
000000001.2982
000000001.2846
000000001.2734
000000001.2641
000000001.2565
000000001.2503
000000001.2453
000000001.2413
000000001.2381
000000001.2356
000000001.2336
000000001.2320
000000001.2308
000000001.2299
000000001.2292
000000001.2286
000000001.2282
000000001.2279
000000001.2276
000000001.2274
000000001.2273
000000001.2272
000000001.2271
000000001.2271
000000001.2271
000000001.2270
000000001.2270
000000001.2270
000000001.2270
000000001.2270
000000001.2270
000000001.2270
000000001.2270
000000001.2270
000000001.2270
000000001.2270
000000001.2270
000000001.2270
000000001.2270
000000001.2270
000000001.2270
000000001.2270
000000001.2271
000000001.2271
000000001.2272
000000001.2274
000000001.2277
000000001.2281
000000001.2286
000000001.2295
000000001.2307
000000001.2324
000000001.2348
000000001.2380
000000001.2424
000000001.2483
000000001.2560
000000001.2660
000000001.2788
000000001.2951
000000001.3154
000000001.3405
000000001.3713
000000001.4085
000000001.4530
000000001.5058
000000001.5680
000000001.6406
000000001.7248
000000001.8219
000000001.9335
000000002.0614
000000002.2079
000000002.3759
000000002.5688
000000002.7907
000000003.0454
000000003.3351
000000003.6572
000000004.0000
000000003.0000
000000002.7794
000000002.5795
000000002.4072
000000002.2610
000000002.1371
000000002.0312
000000001.9399
000000001.8607
000000001.7916
000000001.7313
000000001.6785
000000001.6325
000000001.5924
000000001.5577
000000001.5277
000000001.5019
000000001.4799
000000001.4611
000000001.4453
000000001.4320
000000001.4210
000000001.4118
000000001.4042
000000001.3980
000000001.3930
000000001.3889
000000001.3856
000000001.3830
000000001.3809
000000001.3793
000000001.3780
000000001.3770
000000001.3762
000000001.3756
000000001.3752
000000001.3748
000000001.3745
000000001.3743
000000001.3742
000000001.3741
000000001.3740
000000001.3739
000000001.3739
000000001.3739
000000001.3739
000000001.3738
000000001.3738
000000001.3738
000000001.3738
000000001.3738
000000001.3738
000000001.3738
000000001.3738
000000001.3738
000000001.3738
000000001.3738
000000001.3738
000000001.3738
000000001.3738
000000001.3738
000000001.3738
000000001.3739
000000001.3739
000000001.3740
000000001.3742
000000001.3744
000000001.3747
000000001.3752
000000001.3759
000000001.3769
000000001.3783
000000001.3803
000000001.3830
000000001.3866
000000001.3914
000000001.3978
000000001.4060
000000001.4165
000000001.4299
000000001.4466
000000001.4672
000000001.4924
000000001.5229
000000001.5595
000000001.6030
000000001.6542
000000001.7142
000000001.7840
000000001.8649
000000001.9585
000000002.0668
000000002.1926
000000002.3394
000000002.5125
000000002.7185
000000002.9657
000000003.2625
000000003.6117
000000004.0000
000000003.0000
000000002.7437
000000002.5304
000000002.3625
000000002.2303
000000002.1241
000000002.0367
000000001.9632
000000001.9006
000000001.8466
000000001.7998
000000001.7591
000000001.7237
000000001.6930
000000001.6664
000000001.6435
000000001.6238
000000001.6070
000000001.5927
000000001.5807
000000001.5705
000000001.5621
000000001.5551
000000001.5493
000000001.5445
000000001.5407
000000001.5376
000000001.5351
000000001.5331
000000001.5315
000000001.5302
000000001.5292
000000001.5285
000000001.5279
000000001.5274
000000001.5271
000000001.5268
000000001.5266
000000001.5264
000000001.5263
000000001.5262
000000001.5262
000000001.5261
000000001.5261
000000001.5261
000000001.5260
000000001.5260
000000001.5260
000000001.5260
000000001.5260
000000001.5260
000000001.5260
000000001.5260
000000001.5260
000000001.5260
000000001.5260
000000001.5260
000000001.5260
000000001.5260
000000001.5260
000000001.5260
000000001.5260
000000001.5261
000000001.5261
000000001.5262
000000001.5263
000000001.5265
000000001.5267
000000001.5271
000000001.5277
000000001.5284
000000001.5295
000000001.5310
000000001.5331
000000001.5359
000000001.5396
000000001.5445
000000001.5508
000000001.5589
000000001.5691
000000001.5819
000000001.5977
000000001.6170
000000001.6404
000000001.6684
000000001.7018
000000001.7411
000000001.7873
000000001.8412
000000001.9040
000000001.9771
000000002.0625
000000002.1631
000000002.2830
000000002.4285
000000002.6092
000000002.8395
000000003.1391
000000003.5275
000000004.0000
000000003.0000
000000002.6663
000000002.4379
000000002.2847
000000002.1768
000000002.0960
000000002.0324
000000001.9804
000000001.9368
000000001.8996
000000001.8676
000000001.8399
000000001.8159
000000001.7951
000000001.7771
000000001.7616
000000001.7483
000000001.7369
000000001.7273
000000001.7191
000000001.7123
000000001.7066
000000001.7018
000000001.6979
000000001.6947
000000001.6921
000000001.6900
000000001.6883
000000001.6869
000000001.6859
000000001.6850
000000001.6843
000000001.6838
000000001.6834
000000001.6831
000000001.6829
000000001.6827
000000001.6825
000000001.6824
000000001.6824
000000001.6823
000000001.6823
000000001.6822
000000001.6822
000000001.6822
000000001.6822
000000001.6822
000000001.6822
000000001.6822
000000001.6822
000000001.6822
000000001.6821
000000001.6821
000000001.6821
000000001.6821
000000001.6821
000000001.6821
000000001.6821
000000001.6822
000000001.6822
000000001.6822
000000001.6822
000000001.6822
000000001.6822
000000001.6823
000000001.6824
000000001.6825
000000001.6827
000000001.6829
000000001.6833
000000001.6838
000000001.6846
000000001.6856
000000001.6870
000000001.6889
000000001.6915
000000001.6948
000000001.6991
000000001.7046
000000001.7115
000000001.7202
000000001.7309
000000001.7440
000000001.7598
000000001.7788
000000001.8014
000000001.8281
000000001.8595
000000001.8962
000000001.9392
000000001.9895
000000002.0487
000000002.1194
000000002.2053
000000002.3129
000000002.4532
000000002.6462
000000002.9282
000000003.3594
000000004.0000
000000003.0000
000000002.4843
000000002.2713
000000002.1634
000000002.0982
000000002.0531
000000002.0192
000000001.9921
000000001.9696
000000001.9506
000000001.9344
000000001.9203
000000001.9082
000000001.8977
000000001.8886
000000001.8808
000000001.8741
000000001.8684
000000001.8635
000000001.8594
000000001.8559
000000001.8530
000000001.8507
000000001.8487
000000001.8471
000000001.8457
000000001.8447
000000001.8438
000000001.8431
000000001.8426
000000001.8421
000000001.8418
000000001.8415
000000001.8413
000000001.8412
000000001.8410
000000001.8409
000000001.8409
000000001.8408
000000001.8408
000000001.8408
000000001.8407
000000001.8407
000000001.8407
000000001.8407
000000001.8407
000000001.8407
000000001.8407
000000001.8407
000000001.8407
000000001.8407
000000001.8407
000000001.8407
000000001.8407
000000001.8407
000000001.8407
000000001.8407
000000001.8407
000000001.8407
000000001.8407
000000001.8407
000000001.8407
000000001.8407
000000001.8407
000000001.8407
000000001.8408
000000001.8408
000000001.8409
000000001.8411
000000001.8413
000000001.8415
000000001.8419
000000001.8424
000000001.8432
000000001.8441
000000001.8454
000000001.8471
000000001.8493
000000001.8521
000000001.8556
000000001.8600
000000001.8654
000000001.8720
000000001.8800
000000001.8896
000000001.9011
000000001.9146
000000001.9304
000000001.9491
000000001.9709
000000001.9965
000000002.0269
000000002.0635
000000002.1087
000000002.1668
000000002.2462
000000002.3652
000000002.5688
000000002.9821
000000004.0000
000000002.0000
000000002.0000
000000002.0000
000000002.0000
000000002.0000
000000002.0000
000000002.0000
000000002.0000
000000002.0000
000000002.0000
000000002.0000
000000002.0000
000000002.0000
000000002.0000
000000002.0000
000000002.0000
000000002.0000
000000002.0000
000000002.0000
000000002.0000
000000002.0000
000000002.0000
000000002.0000
000000002.0000
000000002.0000
000000002.0000
000000002.0000
000000002.0000
000000002.0000
000000002.0000
000000002.0000
000000002.0000
000000002.0000
000000002.0000
000000002.0000
000000002.0000
000000002.0000
000000002.0000
000000002.0000
000000002.0000
000000002.0000
000000002.0000
000000002.0000
000000002.0000
000000002.0000
000000002.0000
000000002.0000
000000002.0000
000000002.0000
000000002.0000
000000002.0000
000000002.0000
000000002.0000
000000002.0000
000000002.0000
000000002.0000
000000002.0000
000000002.0000
000000002.0000
000000002.0000
000000002.0000
000000002.0000
000000002.0000
000000002.0000
000000002.0000
000000002.0000
000000002.0000
000000002.0000
000000002.0000
000000002.0000
000000002.0000
000000002.0000
000000002.0000
000000002.0000
000000002.0000
000000002.0000
000000002.0000
000000002.0000
000000002.0000
000000002.0000
000000002.0000
000000002.0000
000000002.0000
000000002.0000
000000002.0000
000000002.0000
000000002.0000
000000002.0000
000000002.0000
000000002.0000
000000002.0000
000000002.0000
000000002.0000
000000002.0000
000000002.0000
000000002.0000
000000002.0000
000000002.0000
000000002.0000
000000002.0000
