000000001.0000
000000001.0000
000000001.0000
000000001.0000
000000001.0000
000000001.0000
000000001.0000
000000001.0000
000000001.0000
000000001.0000
000000001.0000
000000001.0000
000000001.0000
000000001.0000
000000001.0000
000000001.0000
000000001.0000
000000001.0000
000000001.0000
000000001.0000
000000001.0000
000000001.0000
000000001.0000
000000001.0000
000000001.0000
000000001.0000
000000001.0000
000000001.0000
000000001.0000
000000001.0000
000000001.0000
000000001.0000
000000001.0000
000000001.0000
000000001.0000
000000001.0000
000000001.0000
000000001.0000
000000001.0000
000000001.0000
000000001.0000
000000001.0000
000000001.0000
000000001.0000
000000001.0000
000000001.0000
000000001.0000
000000001.0000
000000001.0000
000000001.0000
000000001.0000
000000001.0000
000000001.0000
000000001.0000
000000001.0000
000000001.0000
000000001.0000
000000001.0000
000000001.0000
000000001.0000
000000001.0000
000000001.0000
000000001.0000
000000001.0000
000000001.0000
000000001.0000
000000001.0000
000000001.0000
000000001.0000
000000001.0000
000000001.0000
000000001.0000
000000001.0000
000000001.0000
000000001.0000
000000001.0000
000000001.0000
000000001.0000
000000001.0000
000000001.0000
000000001.0000
000000001.0000
000000001.0000
000000001.0000
000000001.0000
000000001.0000
000000001.0000
000000001.0000
000000001.0000
000000001.0000
000000001.0000
000000001.0000
000000001.0000
000000001.0000
000000001.0000
000000001.0000
000000001.0000
000000001.0000
000000001.0000
000000001.0000
000000003.0000
000000001.8591
000000001.3528
000000001.0900
000000000.9422
000000000.8571
000000000.8086
000000000.7815
000000000.7669
000000000.7592
000000000.7553
000000000.7534
000000000.7525
000000000.7520
000000000.7518
000000000.7517
000000000.7517
000000000.7517
000000000.7516
000000000.7516
000000000.7516
000000000.7516
000000000.7516
000000000.7516
000000000.7516
000000000.7516
000000000.7516
000000000.7516
000000000.7516
000000000.7516
000000000.7516
000000000.7516
000000000.7516
000000000.7516
000000000.7516
000000000.7516
000000000.7516
000000000.7516
000000000.7516
000000000.7516
000000000.7516
000000000.7516
000000000.7516
000000000.7516
000000000.7516
000000000.7516
000000000.7516
000000000.7516
000000000.7516
000000000.7516
000000000.7516
000000000.7516
000000000.7516
000000000.7516
000000000.7516
000000000.7516
000000000.7516
000000000.7516
000000000.7516
000000000.7516
000000000.7516
000000000.7516
000000000.7516
000000000.7516
000000000.7516
000000000.7516
000000000.7516
000000000.7516
000000000.7516
000000000.7516
000000000.7516
000000000.7516
000000000.7516
000000000.7516
000000000.7516
000000000.7516
000000000.7516
000000000.7516
000000000.7516
000000000.7516
000000000.7516
000000000.7516
000000000.7516
000000000.7516
000000000.7516
000000000.7516
000000000.7516
000000000.7516
000000000.7516
000000000.7516
000000000.7517
000000000.7527
000000000.7579
000000000.7775
000000000.8319
000000000.9519
000000001.1794
000000001.5822
000000002.3329
000000004.0000
000000003.0000
000000002.1351
000000001.5324
000000001.1397
000000000.8916
000000000.7394
000000000.6490
000000000.5971
000000000.5683
000000000.5528
000000000.5448
000000000.5407
000000000.5387
000000000.5377
000000000.5373
000000000.5371
000000000.5370
000000000.5370
000000000.5369
000000000.5369
000000000.5369
000000000.5369
000000000.5369
000000000.5369
000000000.5369
000000000.5369
000000000.5369
000000000.5369
000000000.5369
000000000.5369
000000000.5369
000000000.5369
000000000.5369
000000000.5369
000000000.5369
000000000.5369
000000000.5369
000000000.5369
000000000.5369
000000000.5369
000000000.5369
000000000.5369
000000000.5369
000000000.5369
000000000.5369
000000000.5369
000000000.5369
000000000.5369
000000000.5369
000000000.5369
000000000.5369
000000000.5369
000000000.5369
000000000.5369
000000000.5369
000000000.5369
000000000.5369
000000000.5369
000000000.5369
000000000.5369
000000000.5369
000000000.5369
000000000.5369
000000000.5369
000000000.5369
000000000.5369
000000000.5369
000000000.5369
000000000.5369
000000000.5369
000000000.5369
000000000.5369
000000000.5369
000000000.5369
000000000.5369
000000000.5369
000000000.5369
000000000.5369
000000000.5369
000000000.5369
000000000.5369
000000000.5369
000000000.5369
000000000.5369
000000000.5369
000000000.5369
000000000.5369
000000000.5369
000000000.5369
000000000.5369
000000000.5372
000000000.5394
000000000.5507
000000000.5899
000000000.6926
000000000.9082
000000001.2906
000000001.8939
000000002.7814
000000004.0000
000000003.0000
000000002.2251
000000001.6033
000000001.1517
000000000.8446
000000000.6467
000000000.5248
000000000.4529
000000000.4120
000000000.3896
000000000.3777
000000000.3716
000000000.3686
000000000.3671
000000000.3664
000000000.3660
000000000.3659
000000000.3658
000000000.3658
000000000.3658
000000000.3658
000000000.3658
000000000.3658
000000000.3658
000000000.3658
000000000.3658
000000000.3658
000000000.3658
000000000.3658
000000000.3658
000000000.3658
000000000.3658
000000000.3658
000000000.3658
000000000.3658
000000000.3658
000000000.3658
000000000.3658
000000000.3658
000000000.3658
000000000.3658
000000000.3658
000000000.3658
000000000.3658
000000000.3658
000000000.3658
000000000.3658
000000000.3658
000000000.3658
000000000.3658
000000000.3658
000000000.3658
000000000.3658
000000000.3658
000000000.3658
000000000.3658
000000000.3658
000000000.3658
000000000.3658
000000000.3658
000000000.3658
000000000.3658
000000000.3658
000000000.3658
000000000.3658
000000000.3658
000000000.3658
000000000.3658
000000000.3658
000000000.3658
000000000.3658
000000000.3658
000000000.3658
000000000.3658
000000000.3658
000000000.3658
000000000.3658
000000000.3658
000000000.3658
000000000.3658
000000000.3658
000000000.3658
000000000.3658
000000000.3658
000000000.3658
000000000.3658
000000000.3658
000000000.3658
000000000.3658
000000000.3658
000000000.3662
000000000.3697
000000000.3864
000000000.4415
000000000.5802
000000000.8603
000000001.3341
000000002.0297
000000002.9399
000000004.0000
000000003.0000
000000002.2525
000000001.6242
000000001.1443
000000000.8042
000000000.5774
000000000.4341
000000000.3475
000000000.2973
000000000.2693
000000000.2542
000000000.2463
000000000.2423
000000000.2403
000000000.2393
000000000.2389
000000000.2387
000000000.2386
000000000.2385
000000000.2385
000000000.2385
000000000.2385
000000000.2385
000000000.2385
000000000.2385
000000000.2385
000000000.2385
000000000.2385
000000000.2385
000000000.2385
000000000.2385
000000000.2385
000000000.2385
000000000.2385
000000000.2385
000000000.2385
000000000.2385
000000000.2385
000000000.2385
000000000.2385
000000000.2385
000000000.2385
000000000.2385
000000000.2385
000000000.2385
000000000.2385
000000000.2385
000000000.2385
000000000.2385
000000000.2385
000000000.2385
000000000.2385
000000000.2385
000000000.2385
000000000.2385
000000000.2385
000000000.2385
000000000.2385
000000000.2385
000000000.2385
000000000.2385
000000000.2385
000000000.2385
000000000.2385
000000000.2385
000000000.2385
000000000.2385
000000000.2385
000000000.2385
000000000.2385
000000000.2385
000000000.2385
000000000.2385
000000000.2385
000000000.2385
000000000.2385
000000000.2385
000000000.2385
000000000.2385
000000000.2385
000000000.2385
000000000.2385
000000000.2385
000000000.2385
000000000.2385
000000000.2385
000000000.2385
000000000.2385
000000000.2385
000000000.2385
000000000.2391
000000000.2437
000000000.2644
000000000.3307
000000000.4933
000000000.8132
000000001.3382
000000002.0784
000000002.9951
000000004.0000
000000003.0000
000000002.2591
000000001.6260
000000001.1314
000000000.7728
000000000.5287
000000000.3715
000000000.2749
000000000.2181
000000000.1859
000000000.1683
000000000.1589
000000000.1541
000000000.1517
000000000.1505
000000000.1499
000000000.1496
000000000.1495
000000000.1494
000000000.1494
000000000.1494
000000000.1494
000000000.1494
000000000.1494
000000000.1494
000000000.1494
000000000.1494
000000000.1494
000000000.1494
000000000.1494
000000000.1494
000000000.1494
000000000.1494
000000000.1494
000000000.1494
000000000.1494
000000000.1494
000000000.1494
000000000.1494
000000000.1494
000000000.1494
000000000.1494
000000000.1494
000000000.1494
000000000.1494
000000000.1494
000000000.1494
000000000.1494
000000000.1494
000000000.1494
000000000.1494
000000000.1494
000000000.1494
000000000.1494
000000000.1494
000000000.1494
000000000.1494
000000000.1494
000000000.1494
000000000.1494
000000000.1494
000000000.1494
000000000.1494
000000000.1494
000000000.1494
000000000.1494
000000000.1494
000000000.1494
000000000.1494
000000000.1494
000000000.1494
000000000.1494
000000000.1494
000000000.1494
000000000.1494
000000000.1494
000000000.1494
000000000.1494
000000000.1494
000000000.1494
000000000.1494
000000000.1494
000000000.1494
000000000.1494
000000000.1494
000000000.1494
000000000.1494
000000000.1494
000000000.1494
000000000.1495
000000000.1502
000000000.1555
000000000.1789
000000000.2524
000000000.4296
000000000.7727
000000001.3259
000000002.0898
000000003.0122
000000004.0000
000000003.0000
000000002.2593
000000001.6224
000000001.1195
000000000.7505
000000000.4963
000000000.3305
000000000.2275
000000000.1662
000000000.1310
000000000.1116
000000000.1011
000000000.0957
000000000.0929
000000000.0915
000000000.0908
000000000.0905
000000000.0904
000000000.0903
000000000.0903
000000000.0903
000000000.0903
000000000.0903
000000000.0903
000000000.0903
000000000.0903
000000000.0903
000000000.0903
000000000.0903
000000000.0903
000000000.0903
000000000.0903
000000000.0903
000000000.0903
000000000.0903
000000000.0903
000000000.0903
000000000.0903
000000000.0903
000000000.0903
000000000.0903
000000000.0903
000000000.0903
000000000.0903
000000000.0903
000000000.0903
000000000.0903
000000000.0903
000000000.0903
000000000.0903
000000000.0903
000000000.0903
000000000.0903
000000000.0903
000000000.0903
000000000.0903
000000000.0903
000000000.0903
000000000.0903
000000000.0903
000000000.0903
000000000.0903
000000000.0903
000000000.0903
000000000.0903
000000000.0903
000000000.0903
000000000.0903
000000000.0903
000000000.0903
000000000.0903
000000000.0903
000000000.0903
000000000.0903
000000000.0903
000000000.0903
000000000.0903
000000000.0903
000000000.0903
000000000.0903
000000000.0903
000000000.0903
000000000.0903
000000000.0903
000000000.0903
000000000.0903
000000000.0903
000000000.0903
000000000.0903
000000000.0903
000000000.0912
000000000.0969
000000000.1220
000000000.1998
000000000.3854
000000000.7414
000000001.3102
000000002.0874
000000003.0154
000000004.0000
000000003.0000
000000002.2580
000000001.6183
000000001.1107
000000000.7359
000000000.4758
000000000.3050
000000000.1980
000000000.1337
000000000.0966
000000000.0759
000000000.0646
000000000.0587
000000000.0557
000000000.0542
000000000.0534
000000000.0531
000000000.0529
000000000.0528
000000000.0528
000000000.0528
000000000.0528
000000000.0528
000000000.0528
000000000.0528
000000000.0528
000000000.0528
000000000.0528
000000000.0528
000000000.0528
000000000.0528
000000000.0528
000000000.0528
000000000.0528
000000000.0528
000000000.0528
000000000.0528
000000000.0528
000000000.0528
000000000.0528
000000000.0528
000000000.0528
000000000.0528
000000000.0528
000000000.0528
000000000.0528
000000000.0528
000000000.0528
000000000.0528
000000000.0528
000000000.0528
000000000.0528
000000000.0528
000000000.0528
000000000.0528
000000000.0528
000000000.0528
000000000.0528
000000000.0528
000000000.0528
000000000.0528
000000000.0528
000000000.0528
000000000.0528
000000000.0528
000000000.0528
000000000.0528
000000000.0528
000000000.0528
000000000.0528
000000000.0528
000000000.0528
000000000.0528
000000000.0528
000000000.0528
000000000.0528
000000000.0528
000000000.0528
000000000.0528
000000000.0528
000000000.0528
000000000.0528
000000000.0528
000000000.0528
000000000.0528
000000000.0528
000000000.0528
000000000.0528
000000000.0528
000000000.0528
000000000.0537
000000000.0597
000000000.0857
000000000.1659
000000000.3562
000000000.7193
000000001.2966
000000002.0815
000000003.0141
000000004.0000
000000003.0000
000000002.2568
000000001.6152
000000001.1049
000000000.7269
000000000.4635
000000000.2897
000000000.1803
000000000.1143
000000000.0759
000000000.0543
000000000.0425
000000000.0363
000000000.0331
000000000.0315
000000000.0307
000000000.0303
000000000.0301
000000000.0300
000000000.0300
000000000.0299
000000000.0299
000000000.0299
000000000.0299
000000000.0299
000000000.0299
000000000.0299
000000000.0299
000000000.0299
000000000.0299
000000000.0299
000000000.0299
000000000.0299
000000000.0299
000000000.0299
000000000.0299
000000000.0299
000000000.0299
000000000.0299
000000000.0299
000000000.0299
000000000.0299
000000000.0299
000000000.0299
000000000.0299
000000000.0299
000000000.0299
000000000.0299
000000000.0299
000000000.0299
000000000.0299
000000000.0299
000000000.0299
000000000.0299
000000000.0299
000000000.0299
000000000.0299
000000000.0299
000000000.0299
000000000.0299
000000000.0299
000000000.0299
000000000.0299
000000000.0299
000000000.0299
000000000.0299
000000000.0299
000000000.0299
000000000.0299
000000000.0299
000000000.0299
000000000.0299
000000000.0299
000000000.0299
000000000.0299
000000000.0299
000000000.0299
000000000.0299
000000000.0299
000000000.0299
000000000.0299
000000000.0299
000000000.0299
000000000.0299
000000000.0299
000000000.0299
000000000.0299
000000000.0299
000000000.0299
000000000.0300
000000000.0309
000000000.0371
000000000.0636
000000000.1451
000000000.3377
000000000.7047
000000001.2866
000000002.0760
000000003.0120
000000004.0000
000000003.0000
000000002.2560
000000001.6132
000000001.1014
000000000.7216
000000000.4564
000000000.2809
000000000.1701
000000000.1030
000000000.0639
000000000.0418
000000000.0297
000000000.0232
000000000.0198
000000000.0181
000000000.0173
000000000.0169
000000000.0167
000000000.0166
000000000.0165
000000000.0165
000000000.0165
000000000.0165
000000000.0165
000000000.0165
000000000.0165
000000000.0165
000000000.0165
000000000.0165
000000000.0165
000000000.0165
000000000.0165
000000000.0165
000000000.0165
000000000.0165
000000000.0165
000000000.0165
000000000.0165
000000000.0165
000000000.0165
000000000.0165
000000000.0165
000000000.0165
000000000.0165
000000000.0165
000000000.0165
000000000.0165
000000000.0165
000000000.0165
000000000.0165
000000000.0165
000000000.0165
000000000.0165
000000000.0165
000000000.0165
000000000.0165
000000000.0165
000000000.0165
000000000.0165
000000000.0165
000000000.0165
000000000.0165
000000000.0165
000000000.0165
000000000.0165
000000000.0165
000000000.0165
000000000.0165
000000000.0165
000000000.0165
000000000.0165
000000000.0165
000000000.0165
000000000.0165
000000000.0165
000000000.0165
000000000.0165
000000000.0165
000000000.0165
000000000.0165
000000000.0165
000000000.0165
000000000.0165
000000000.0165
000000000.0165
000000000.0165
000000000.0165
000000000.0165
000000000.0165
000000000.0166
000000000.0175
000000000.0238
000000000.0505
000000000.1327
000000000.3266
000000000.6955
000000001.2799
000000002.0718
000000003.0101
000000004.0000
000000003.0000
000000002.2555
000000001.6121
000000001.0994
000000000.7186
000000000.4525
000000000.2761
000000000.1645
000000000.0968
000000000.0571
000000000.0347
000000000.0224
000000000.0158
000000000.0123
000000000.0106
000000000.0097
000000000.0093
000000000.0091
000000000.0090
000000000.0089
000000000.0089
000000000.0089
000000000.0089
000000000.0089
000000000.0089
000000000.0089
000000000.0089
000000000.0089
000000000.0089
000000000.0089
000000000.0089
000000000.0089
000000000.0089
000000000.0089
000000000.0089
000000000.0089
000000000.0089
000000000.0089
000000000.0089
000000000.0089
000000000.0089
000000000.0089
000000000.0089
000000000.0089
000000000.0089
000000000.0089
000000000.0089
000000000.0089
000000000.0089
000000000.0089
000000000.0089
000000000.0089
000000000.0089
000000000.0089
000000000.0089
000000000.0089
000000000.0089
000000000.0089
000000000.0089
000000000.0089
000000000.0089
000000000.0089
000000000.0089
000000000.0089
000000000.0089
000000000.0089
000000000.0089
000000000.0089
000000000.0089
000000000.0089
000000000.0089
000000000.0089
000000000.0089
000000000.0089
000000000.0089
000000000.0089
000000000.0089
000000000.0089
000000000.0089
000000000.0089
000000000.0089
000000000.0089
000000000.0089
000000000.0089
000000000.0089
000000000.0089
000000000.0089
000000000.0089
000000000.0089
000000000.0090
000000000.0099
000000000.0162
000000000.0431
000000000.1255
000000000.3201
000000000.6900
000000001.2757
000000002.0690
000000003.0087
000000004.0000
000000003.0000
000000002.2552
000000001.6114
000000001.0983
000000000.7171
000000000.4504
000000000.2735
000000000.1614
000000000.0934
000000000.0535
000000000.0308
000000000.0184
000000000.0117
000000000.0082
000000000.0064
000000000.0055
000000000.0051
000000000.0049
000000000.0048
000000000.0047
000000000.0047
000000000.0047
000000000.0047
000000000.0047
000000000.0047
000000000.0047
000000000.0047
000000000.0047
000000000.0047
000000000.0047
000000000.0047
000000000.0047
000000000.0047
000000000.0047
000000000.0047
000000000.0047
000000000.0047
000000000.0047
000000000.0047
000000000.0047
000000000.0047
000000000.0047
000000000.0047
000000000.0047
000000000.0047
000000000.0047
000000000.0047
000000000.0047
000000000.0047
000000000.0047
000000000.0047
000000000.0047
000000000.0047
000000000.0047
000000000.0047
000000000.0047
000000000.0047
000000000.0047
000000000.0047
000000000.0047
000000000.0047
000000000.0047
000000000.0047
000000000.0047
000000000.0047
000000000.0047
000000000.0047
000000000.0047
000000000.0047
000000000.0047
000000000.0047
000000000.0047
000000000.0047
000000000.0047
000000000.0047
000000000.0047
000000000.0047
000000000.0047
000000000.0047
000000000.0047
000000000.0047
000000000.0047
000000000.0047
000000000.0047
000000000.0047
000000000.0047
000000000.0047
000000000.0047
000000000.0047
000000000.0047
000000000.0057
000000000.0120
000000000.0390
000000000.1216
000000000.3164
000000000.6868
000000001.2732
000000002.0673
000000003.0078
000000004.0000
000000003.0000
000000002.2551
000000001.6111
000000001.0978
000000000.7162
000000000.4493
000000000.2721
000000000.1599
000000000.0916
000000000.0515
000000000.0288
000000000.0162
000000000.0095
000000000.0060
000000000.0042
000000000.0033
000000000.0028
000000000.0026
000000000.0025
000000000.0025
000000000.0024
000000000.0024
000000000.0024
000000000.0024
000000000.0024
000000000.0024
000000000.0024
000000000.0024
000000000.0024
000000000.0024
000000000.0024
000000000.0024
000000000.0024
000000000.0024
000000000.0024
000000000.0024
000000000.0024
000000000.0024
000000000.0024
000000000.0024
000000000.0024
000000000.0024
000000000.0024
000000000.0024
000000000.0024
000000000.0024
000000000.0024
000000000.0024
000000000.0024
000000000.0024
000000000.0024
000000000.0024
000000000.0024
000000000.0024
000000000.0024
000000000.0024
000000000.0024
000000000.0024
000000000.0024
000000000.0024
000000000.0024
000000000.0024
000000000.0024
000000000.0024
000000000.0024
000000000.0024
000000000.0024
000000000.0024
000000000.0024
000000000.0024
000000000.0024
000000000.0024
000000000.0024
000000000.0024
000000000.0024
000000000.0024
000000000.0024
000000000.0024
000000000.0024
000000000.0024
000000000.0024
000000000.0024
000000000.0024
000000000.0024
000000000.0024
000000000.0024
000000000.0024
000000000.0024
000000000.0024
000000000.0025
000000000.0034
000000000.0098
000000000.0367
000000000.1194
000000000.3144
000000000.6850
000000001.2717
000000002.0663
000000003.0073
000000004.0000
000000003.0000
000000002.2550
000000001.6109
000000001.0975
000000000.7158
000000000.4487
000000000.2714
000000000.1590
000000000.0906
000000000.0505
000000000.0277
000000000.0151
000000000.0084
000000000.0048
000000000.0030
000000000.0021
000000000.0016
000000000.0014
000000000.0013
000000000.0013
000000000.0012
000000000.0012
000000000.0012
000000000.0012
000000000.0012
000000000.0012
000000000.0012
000000000.0012
000000000.0012
000000000.0012
000000000.0012
000000000.0012
000000000.0012
000000000.0012
000000000.0012
000000000.0012
000000000.0012
000000000.0012
000000000.0012
000000000.0012
000000000.0012
000000000.0012
000000000.0012
000000000.0012
000000000.0012
000000000.0012
000000000.0012
000000000.0012
000000000.0012
000000000.0012
000000000.0012
000000000.0012
000000000.0012
000000000.0012
000000000.0012
000000000.0012
000000000.0012
000000000.0012
000000000.0012
000000000.0012
000000000.0012
000000000.0012
000000000.0012
000000000.0012
000000000.0012
000000000.0012
000000000.0012
000000000.0012
000000000.0012
000000000.0012
000000000.0012
000000000.0012
000000000.0012
000000000.0012
000000000.0012
000000000.0012
000000000.0012
000000000.0012
000000000.0012
000000000.0012
000000000.0012
000000000.0012
000000000.0012
000000000.0012
000000000.0012
000000000.0012
000000000.0012
000000000.0012
000000000.0012
000000000.0013
000000000.0022
000000000.0086
000000000.0356
000000000.1183
000000000.3133
000000000.6841
000000001.2709
000000002.0657
000000003.0069
000000004.0000
000000003.0000
000000002.2550
000000001.6109
000000001.0974
000000000.7156
000000000.4485
000000000.2711
000000000.1586
000000000.0902
000000000.0500
000000000.0272
000000000.0146
000000000.0078
000000000.0042
000000000.0024
000000000.0015
000000000.0010
000000000.0008
000000000.0007
000000000.0006
000000000.0006
000000000.0006
000000000.0006
000000000.0006
000000000.0006
000000000.0006
000000000.0006
000000000.0006
000000000.0006
000000000.0006
000000000.0006
000000000.0006
000000000.0006
000000000.0006
000000000.0006
000000000.0006
000000000.0006
000000000.0006
000000000.0006
000000000.0006
000000000.0006
000000000.0006
000000000.0006
000000000.0006
000000000.0006
000000000.0006
000000000.0006
000000000.0006
000000000.0006
000000000.0006
000000000.0006
000000000.0006
000000000.0006
000000000.0006
000000000.0006
000000000.0006
000000000.0006
000000000.0006
000000000.0006
000000000.0006
000000000.0006
000000000.0006
000000000.0006
000000000.0006
000000000.0006
000000000.0006
000000000.0006
000000000.0006
000000000.0006
000000000.0006
000000000.0006
000000000.0006
000000000.0006
000000000.0006
000000000.0006
000000000.0006
000000000.0006
000000000.0006
000000000.0006
000000000.0006
000000000.0006
000000000.0006
000000000.0006
000000000.0006
000000000.0006
000000000.0006
000000000.0006
000000000.0006
000000000.0006
000000000.0007
000000000.0016
000000000.0080
000000000.0350
000000000.1177
000000000.3128
000000000.6836
000000001.2705
000000002.0654
000000003.0068
000000004.0000
000000003.0000
000000002.2549
000000001.6108
000000001.0973
000000000.7155
000000000.4483
000000000.2709
000000000.1584
000000000.0900
000000000.0498
000000000.0269
000000000.0143
000000000.0075
000000000.0039
000000000.0021
000000000.0012
000000000.0007
000000000.0005
000000000.0004
000000000.0003
000000000.0003
000000000.0003
000000000.0003
000000000.0003
000000000.0003
000000000.0003
000000000.0003
000000000.0003
000000000.0003
000000000.0003
000000000.0003
000000000.0003
000000000.0003
000000000.0003
000000000.0003
000000000.0003
000000000.0003
000000000.0003
000000000.0003
000000000.0003
000000000.0003
000000000.0003
000000000.0003
000000000.0003
000000000.0003
000000000.0003
000000000.0003
000000000.0003
000000000.0003
000000000.0003
000000000.0003
000000000.0003
000000000.0003
000000000.0003
000000000.0003
000000000.0003
000000000.0003
000000000.0003
000000000.0003
000000000.0003
000000000.0003
000000000.0003
000000000.0003
000000000.0003
000000000.0003
000000000.0003
000000000.0003
000000000.0003
000000000.0003
000000000.0003
000000000.0003
000000000.0003
000000000.0003
000000000.0003
000000000.0003
000000000.0003
000000000.0003
000000000.0003
000000000.0003
000000000.0003
000000000.0003
000000000.0003
000000000.0003
000000000.0003
000000000.0003
000000000.0003
000000000.0003
000000000.0003
000000000.0003
000000000.0004
000000000.0013
000000000.0076
000000000.0346
000000000.1174
000000000.3125
000000000.6833
000000001.2703
000000002.0652
000000003.0067
000000004.0000
000000003.0000
000000002.2549
000000001.6108
000000001.0973
000000000.7155
000000000.4483
000000000.2708
000000000.1583
000000000.0899
000000000.0496
000000000.0268
000000000.0142
000000000.0074
000000000.0038
000000000.0020
000000000.0010
000000000.0006
000000000.0003
000000000.0002
000000000.0002
000000000.0002
000000000.0002
000000000.0001
000000000.0001
000000000.0001
000000000.0001
000000000.0001
000000000.0001
000000000.0001
000000000.0001
000000000.0001
000000000.0001
000000000.0001
000000000.0001
000000000.0001
000000000.0001
000000000.0001
000000000.0001
000000000.0001
000000000.0001
000000000.0001
000000000.0001
000000000.0001
000000000.0001
000000000.0001
000000000.0001
000000000.0001
000000000.0001
000000000.0001
000000000.0001
000000000.0001
000000000.0001
000000000.0001
000000000.0001
000000000.0001
000000000.0001
000000000.0001
000000000.0001
000000000.0001
000000000.0001
000000000.0001
000000000.0001
000000000.0001
000000000.0001
000000000.0001
000000000.0001
000000000.0001
000000000.0001
000000000.0001
000000000.0001
000000000.0001
000000000.0001
000000000.0001
000000000.0001
000000000.0001
000000000.0001
000000000.0001
000000000.0001
000000000.0001
000000000.0001
000000000.0001
000000000.0001
000000000.0001
000000000.0001
000000000.0001
000000000.0001
000000000.0001
000000000.0001
000000000.0001
000000000.0002
000000000.0012
000000000.0075
000000000.0345
000000000.1172
000000000.3124
000000000.6832
000000001.2701
000000002.0651
000000003.0066
000000004.0000
000000003.0000
000000002.2549
000000001.6108
000000001.0973
000000000.7155
000000000.4482
000000000.2708
000000000.1583
000000000.0898
000000000.0496
000000000.0267
000000000.0141
000000000.0073
000000000.0037
000000000.0019
000000000.0010
000000000.0005
000000000.0003
000000000.0002
000000000.0001
000000000.0001
000000000.0001
000000000.0001
000000000.0001
000000000.0001
000000000.0001
000000000.0001
000000000.0001
000000000.0001
000000000.0001
000000000.0001
000000000.0001
000000000.0001
000000000.0001
000000000.0001
000000000.0001
000000000.0001
000000000.0001
000000000.0001
000000000.0001
000000000.0001
000000000.0001
000000000.0001
000000000.0001
000000000.0001
000000000.0001
000000000.0001
000000000.0001
000000000.0001
000000000.0001
000000000.0001
000000000.0001
000000000.0001
000000000.0001
000000000.0001
000000000.0001
000000000.0001
000000000.0001
000000000.0001
000000000.0001
000000000.0001
000000000.0001
000000000.0001
000000000.0001
000000000.0001
000000000.0001
000000000.0001
000000000.0001
000000000.0001
000000000.0001
000000000.0001
000000000.0001
000000000.0001
000000000.0001
000000000.0001
000000000.0001
000000000.0001
000000000.0001
000000000.0001
000000000.0001
000000000.0001
000000000.0001
000000000.0001
000000000.0001
000000000.0001
000000000.0001
000000000.0001
000000000.0001
000000000.0001
000000000.0001
000000000.0011
000000000.0074
000000000.0344
000000000.1171
000000000.3123
000000000.6831
000000001.2701
000000002.0651
000000003.0066
000000004.0000
000000003.0000
000000002.2549
000000001.6108
000000001.0973
000000000.7155
000000000.4482
000000000.2708
000000000.1583
000000000.0898
000000000.0496
000000000.0267
000000000.0141
000000000.0073
000000000.0037
000000000.0018
000000000.0009
000000000.0005
000000000.0002
000000000.0001
000000000.0001
000000000.0001
000000000.0000
000000000.0000
000000000.0000
000000000.0000
000000000.0000
000000000.0000
000000000.0000
000000000.0000
000000000.0000
000000000.0000
000000000.0000
000000000.0000
000000000.0000
000000000.0000
000000000.0000
000000000.0000
000000000.0000
000000000.0000
000000000.0000
000000000.0000
000000000.0000
000000000.0000
000000000.0000
000000000.0000
000000000.0000
000000000.0000
000000000.0000
000000000.0000
000000000.0000
000000000.0000
000000000.0000
000000000.0000
000000000.0000
000000000.0000
000000000.0000
000000000.0000
000000000.0000
000000000.0000
000000000.0000
000000000.0000
000000000.0000
000000000.0000
000000000.0000
000000000.0000
000000000.0000
000000000.0000
000000000.0000
000000000.0000
000000000.0000
000000000.0000
000000000.0000
000000000.0000
000000000.0000
000000000.0000
000000000.0000
000000000.0000
000000000.0000
000000000.0000
000000000.0000
000000000.0000
000000000.0000
000000000.0000
000000000.0000
000000000.0000
000000000.0000
000000000.0000
000000000.0000
000000000.0000
000000000.0001
000000000.0010
000000000.0074
000000000.0344
000000000.1171
000000000.3123
000000000.6831
000000001.2701
000000002.0650
000000003.0066
000000004.0000
000000003.0000
000000002.2549
000000001.6108
000000001.0973
000000000.7154
000000000.4482
000000000.2708
000000000.1583
000000000.0898
000000000.0495
000000000.0267
000000000.0140
000000000.0072
000000000.0037
000000000.0018
000000000.0009
000000000.0004
000000000.0002
000000000.0001
000000000.0001
000000000.0000
000000000.0000
000000000.0000
000000000.0000
000000000.0000
000000000.0000
000000000.0000
000000000.0000
000000000.0000
000000000.0000
000000000.0000
000000000.0000
000000000.0000
000000000.0000
000000000.0000
000000000.0000
000000000.0000
000000000.0000
000000000.0000
000000000.0000
000000000.0000
000000000.0000
000000000.0000
000000000.0000
000000000.0000
000000000.0000
000000000.0000
000000000.0000
000000000.0000
000000000.0000
000000000.0000
000000000.0000
000000000.0000
000000000.0000
000000000.0000
000000000.0000
000000000.0000
000000000.0000
000000000.0000
000000000.0000
000000000.0000
000000000.0000
000000000.0000
000000000.0000
000000000.0000
000000000.0000
000000000.0000
000000000.0000
000000000.0000
000000000.0000
000000000.0000
000000000.0000
000000000.0000
000000000.0000
000000000.0000
000000000.0000
000000000.0000
000000000.0000
000000000.0000
000000000.0000
000000000.0000
000000000.0000
000000000.0000
000000000.0000
000000000.0000
000000000.0000
000000000.0000
000000000.0000
000000000.0000
000000000.0001
000000000.0010
000000000.0074
000000000.0344
000000000.1171
000000000.3122
000000000.6830
000000001.2701
000000002.0650
000000003.0066
000000004.0000
000000003.0000
000000002.2549
000000001.6108
000000001.0973
000000000.7154
000000000.4482
000000000.2708
000000000.1583
000000000.0898
000000000.0495
000000000.0267
000000000.0140
000000000.0072
000000000.0037
000000000.0018
000000000.0009
000000000.0004
000000000.0002
000000000.0001
000000000.0001
000000000.0000
000000000.0000
000000000.0000
000000000.0000
000000000.0000
000000000.0000
000000000.0000
000000000.0000
000000000.0000
000000000.0000
000000000.0000
000000000.0000
000000000.0000
000000000.0000
000000000.0000
000000000.0000
000000000.0000
000000000.0000
000000000.0000
000000000.0000
000000000.0000
000000000.0000
000000000.0000
000000000.0000
000000000.0000
000000000.0000
000000000.0000
000000000.0000
000000000.0000
000000000.0000
000000000.0000
000000000.0000
000000000.0000
000000000.0000
000000000.0000
000000000.0000
000000000.0000
000000000.0000
000000000.0000
000000000.0000
000000000.0000
000000000.0000
000000000.0000
000000000.0000
000000000.0000
000000000.0000
000000000.0000
000000000.0000
000000000.0000
000000000.0000
000000000.0000
000000000.0000
000000000.0000
000000000.0000
000000000.0000
000000000.0000
000000000.0000
000000000.0000
000000000.0000
000000000.0000
000000000.0000
000000000.0000
000000000.0000
000000000.0000
000000000.0000
000000000.0000
000000000.0000
000000000.0000
000000000.0000
000000000.0001
000000000.0010
000000000.0074
000000000.0344
000000000.1171
000000000.3122
000000000.6830
000000001.2700
000000002.0650
000000003.0066
000000004.0000
000000003.0000
000000002.2549
000000001.6108
000000001.0973
000000000.7154
000000000.4482
000000000.2708
000000000.1583
000000000.0898
000000000.0495
000000000.0267
000000000.0140
000000000.0072
000000000.0037
000000000.0018
000000000.0009
000000000.0004
000000000.0002
000000000.0001
000000000.0000
000000000.0000
000000000.0000
000000000.0000
000000000.0000
000000000.0000
000000000.0000
000000000.0000
000000000.0000
000000000.0000
000000000.0000
000000000.0000
000000000.0000
000000000.0000
000000000.0000
000000000.0000
000000000.0000
000000000.0000
000000000.0000
000000000.0000
000000000.0000
000000000.0000
000000000.0000
000000000.0000
000000000.0000
000000000.0000
000000000.0000
000000000.0000
000000000.0000
000000000.0000
000000000.0000
000000000.0000
000000000.0000
000000000.0000
000000000.0000
000000000.0000
000000000.0000
000000000.0000
000000000.0000
000000000.0000
000000000.0000
000000000.0000
000000000.0000
000000000.0000
000000000.0000
000000000.0000
000000000.0000
000000000.0000
000000000.0000
000000000.0000
000000000.0000
000000000.0000
000000000.0000
000000000.0000
000000000.0000
000000000.0000
000000000.0000
000000000.0000
000000000.0000
000000000.0000
000000000.0000
000000000.0000
000000000.0000
000000000.0000
000000000.0000
000000000.0000
000000000.0000
000000000.0000
000000000.0000
000000000.0000
000000000.0001
000000000.0010
000000000.0074
000000000.0344
000000000.1171
000000000.3122
000000000.6830
000000001.2700
000000002.0650
000000003.0066
000000004.0000
000000003.0000
000000002.2549
000000001.6108
000000001.0973
000000000.7154
000000000.4482
000000000.2708
000000000.1583
000000000.0898
000000000.0495
000000000.0267
000000000.0140
000000000.0072
000000000.0037
000000000.0018
000000000.0009
000000000.0004
000000000.0002
000000000.0001
000000000.0000
000000000.0000
000000000.0000
000000000.0000
000000000.0000
000000000.0000
000000000.0000
000000000.0000
000000000.0000
000000000.0000
000000000.0000
000000000.0000
000000000.0000
000000000.0000
000000000.0000
000000000.0000
000000000.0000
000000000.0000
000000000.0000
000000000.0000
000000000.0000
000000000.0000
000000000.0000
000000000.0000
000000000.0000
000000000.0000
000000000.0000
000000000.0000
000000000.0000
000000000.0000
000000000.0000
000000000.0000
000000000.0000
000000000.0000
000000000.0000
000000000.0000
000000000.0000
000000000.0000
000000000.0000
000000000.0000
000000000.0000
000000000.0000
000000000.0000
000000000.0000
000000000.0000
000000000.0000
000000000.0000
000000000.0000
000000000.0000
000000000.0000
000000000.0000
000000000.0000
000000000.0000
000000000.0000
000000000.0000
000000000.0000
000000000.0000
000000000.0000
000000000.0000
000000000.0000
000000000.0000
000000000.0000
000000000.0000
000000000.0000
000000000.0000
000000000.0000
000000000.0000
000000000.0000
000000000.0000
000000000.0000
000000000.0001
000000000.0010
000000000.0074
000000000.0344
000000000.1171
000000000.3122
000000000.6830
000000001.2700
000000002.0650
000000003.0066
000000004.0000
000000003.0000
000000002.2549
000000001.6108
000000001.0973
000000000.7154
000000000.4482
000000000.2708
000000000.1583
000000000.0898
000000000.0495
000000000.0267
000000000.0140
000000000.0072
000000000.0037
000000000.0018
000000000.0009
000000000.0004
000000000.0002
000000000.0001
000000000.0000
000000000.0000
000000000.0000
000000000.0000
000000000.0000
000000000.0000
000000000.0000
000000000.0000
000000000.0000
000000000.0000
000000000.0000
000000000.0000
000000000.0000
000000000.0000
000000000.0000
000000000.0000
000000000.0000
000000000.0000
000000000.0000
000000000.0000
000000000.0000
000000000.0000
000000000.0000
000000000.0000
000000000.0000
000000000.0000
000000000.0000
000000000.0000
000000000.0000
000000000.0000
000000000.0000
000000000.0000
000000000.0000
000000000.0000
000000000.0000
000000000.0000
000000000.0000
000000000.0000
000000000.0000
000000000.0000
000000000.0000
000000000.0000
000000000.0000
000000000.0000
000000000.0000
000000000.0000
000000000.0000
000000000.0000
000000000.0000
000000000.0000
000000000.0000
000000000.0000
000000000.0000
000000000.0000
000000000.0000
000000000.0000
000000000.0000
000000000.0000
000000000.0000
000000000.0000
000000000.0000
000000000.0000
000000000.0000
000000000.0000
000000000.0000
000000000.0000
000000000.0000
000000000.0000
000000000.0000
000000000.0000
000000000.0001
000000000.0010
000000000.0074
000000000.0344
000000000.1171
000000000.3122
000000000.6830
000000001.2700
000000002.0650
000000003.0066
000000004.0000
000000003.0000
000000002.2549
000000001.6108
000000001.0973
000000000.7154
000000000.4482
000000000.2708
000000000.1583
000000000.0898
000000000.0495
000000000.0267
000000000.0140
000000000.0072
000000000.0037
000000000.0018
000000000.0009
000000000.0004
000000000.0002
000000000.0001
000000000.0000
000000000.0000
000000000.0000
000000000.0000
000000000.0000
000000000.0000
000000000.0000
000000000.0000
000000000.0000
000000000.0000
000000000.0000
000000000.0000
000000000.0000
000000000.0000
000000000.0000
000000000.0000
000000000.0000
000000000.0000
000000000.0000
000000000.0000
000000000.0000
000000000.0000
000000000.0000
000000000.0000
000000000.0000
000000000.0000
000000000.0000
000000000.0000
000000000.0000
000000000.0000
000000000.0000
000000000.0000
000000000.0000
000000000.0000
000000000.0000
000000000.0000
000000000.0000
000000000.0000
000000000.0000
000000000.0000
000000000.0000
000000000.0000
000000000.0000
000000000.0000
000000000.0000
000000000.0000
000000000.0000
000000000.0000
000000000.0000
000000000.0000
000000000.0000
000000000.0000
000000000.0000
000000000.0000
000000000.0000
000000000.0000
000000000.0000
000000000.0000
000000000.0000
000000000.0000
000000000.0000
000000000.0000
000000000.0000
000000000.0000
000000000.0000
000000000.0000
000000000.0000
000000000.0000
000000000.0000
000000000.0000
000000000.0001
000000000.0010
000000000.0074
000000000.0344
000000000.1171
000000000.3122
000000000.6830
000000001.2700
000000002.0650
000000003.0066
000000004.0000
000000003.0000
000000002.2549
000000001.6108
000000001.0973
000000000.7154
000000000.4482
000000000.2708
000000000.1583
000000000.0898
000000000.0495
000000000.0267
000000000.0140
000000000.0072
000000000.0037
000000000.0018
000000000.0009
000000000.0004
000000000.0002
000000000.0001
000000000.0000
000000000.0000
000000000.0000
000000000.0000
000000000.0000
000000000.0000
000000000.0000
000000000.0000
000000000.0000
000000000.0000
000000000.0000
000000000.0000
000000000.0000
000000000.0000
000000000.0000
000000000.0000
000000000.0000
000000000.0000
000000000.0000
000000000.0000
000000000.0000
000000000.0000
000000000.0000
000000000.0000
000000000.0000
000000000.0000
000000000.0000
000000000.0000
000000000.0000
000000000.0000
000000000.0000
000000000.0000
000000000.0000
000000000.0000
000000000.0000
000000000.0000
000000000.0000
000000000.0000
000000000.0000
000000000.0000
000000000.0000
000000000.0000
000000000.0000
000000000.0000
000000000.0000
000000000.0000
000000000.0000
000000000.0000
000000000.0000
000000000.0000
000000000.0000
000000000.0000
000000000.0000
000000000.0000
000000000.0000
000000000.0000
000000000.0000
000000000.0000
000000000.0000
000000000.0000
000000000.0000
000000000.0000
000000000.0000
000000000.0000
000000000.0000
000000000.0000
000000000.0000
000000000.0000
000000000.0000
000000000.0000
000000000.0001
000000000.0010
000000000.0074
000000000.0344
000000000.1171
000000000.3122
000000000.6830
000000001.2700
000000002.0650
000000003.0066
000000004.0000
000000003.0000
000000002.2549
000000001.6108
000000001.0973
000000000.7154
000000000.4482
000000000.2708
000000000.1583
000000000.0898
000000000.0495
000000000.0267
000000000.0140
000000000.0072
000000000.0037
000000000.0018
000000000.0009
000000000.0004
000000000.0002
000000000.0001
000000000.0000
000000000.0000
000000000.0000
000000000.0000
000000000.0000
000000000.0000
000000000.0000
000000000.0000
000000000.0000
000000000.0000
000000000.0000
000000000.0000
000000000.0000
000000000.0000
000000000.0000
000000000.0000
000000000.0000
000000000.0000
000000000.0000
000000000.0000
000000000.0000
000000000.0000
000000000.0000
000000000.0000
000000000.0000
000000000.0000
000000000.0000
000000000.0000
000000000.0000
000000000.0000
000000000.0000
000000000.0000
000000000.0000
000000000.0000
000000000.0000
000000000.0000
000000000.0000
000000000.0000
000000000.0000
000000000.0000
000000000.0000
000000000.0000
000000000.0000
000000000.0000
000000000.0000
000000000.0000
000000000.0000
000000000.0000
000000000.0000
000000000.0000
000000000.0000
000000000.0000
000000000.0000
000000000.0000
000000000.0000
000000000.0000
000000000.0000
000000000.0000
000000000.0000
000000000.0000
000000000.0000
000000000.0000
000000000.0000
000000000.0000
000000000.0000
000000000.0000
000000000.0000
000000000.0000
000000000.0000
000000000.0000
000000000.0001
000000000.0010
000000000.0074
000000000.0344
000000000.1171
000000000.3122
000000000.6830
000000001.2700
000000002.0650
000000003.0066
000000004.0000
000000003.0000
000000002.2549
000000001.6108
000000001.0973
000000000.7154
000000000.4482
000000000.2708
000000000.1583
000000000.0898
000000000.0495
000000000.0267
000000000.0140
000000000.0072
000000000.0037
000000000.0018
000000000.0009
000000000.0004
000000000.0002
000000000.0001
000000000.0000
000000000.0000
000000000.0000
000000000.0000
000000000.0000
000000000.0000
000000000.0000
000000000.0000
000000000.0000
000000000.0000
000000000.0000
000000000.0000
000000000.0000
000000000.0000
000000000.0000
000000000.0000
000000000.0000
000000000.0000
000000000.0000
000000000.0000
000000000.0000
000000000.0000
000000000.0000
000000000.0000
000000000.0000
000000000.0000
000000000.0000
000000000.0000
000000000.0000
000000000.0000
000000000.0000
000000000.0000
000000000.0000
000000000.0000
000000000.0000
000000000.0000
000000000.0000
000000000.0000
000000000.0000
000000000.0000
000000000.0000
000000000.0000
000000000.0000
000000000.0000
000000000.0000
000000000.0000
000000000.0000
000000000.0000
000000000.0000
000000000.0000
000000000.0000
000000000.0000
000000000.0000
000000000.0000
000000000.0000
000000000.0000
000000000.0000
000000000.0000
000000000.0000
000000000.0000
000000000.0000
000000000.0000
000000000.0000
000000000.0000
000000000.0000
000000000.0000
000000000.0000
000000000.0000
000000000.0000
000000000.0000
000000000.0001
000000000.0010
000000000.0074
000000000.0344
000000000.1171
000000000.3122
000000000.6830
000000001.2700
000000002.0650
000000003.0066
000000004.0000
000000003.0000
000000002.2549
000000001.6108
000000001.0973
000000000.7154
000000000.4482
000000000.2708
000000000.1583
000000000.0898
000000000.0495
000000000.0267
000000000.0140
000000000.0072
000000000.0037
000000000.0018
000000000.0009
000000000.0004
000000000.0002
000000000.0001
000000000.0000
000000000.0000
000000000.0000
000000000.0000
000000000.0000
000000000.0000
000000000.0000
000000000.0000
000000000.0000
000000000.0000
000000000.0000
000000000.0000
000000000.0000
000000000.0000
000000000.0000
000000000.0000
000000000.0000
000000000.0000
000000000.0000
000000000.0000
000000000.0000
000000000.0000
000000000.0000
000000000.0000
000000000.0000
000000000.0000
000000000.0000
000000000.0000
000000000.0000
000000000.0000
000000000.0000
000000000.0000
000000000.0000
000000000.0000
000000000.0000
000000000.0000
000000000.0000
000000000.0000
000000000.0000
000000000.0000
000000000.0000
000000000.0000
000000000.0000
000000000.0000
000000000.0000
000000000.0000
000000000.0000
000000000.0000
000000000.0000
000000000.0000
000000000.0000
000000000.0000
000000000.0000
000000000.0000
000000000.0000
000000000.0000
000000000.0000
000000000.0000
000000000.0000
000000000.0000
000000000.0000
000000000.0000
000000000.0000
000000000.0000
000000000.0000
000000000.0000
000000000.0000
000000000.0000
000000000.0000
000000000.0000
000000000.0001
000000000.0010
000000000.0074
000000000.0344
000000000.1171
000000000.3122
000000000.6830
000000001.2700
000000002.0650
000000003.0066
000000004.0000
000000003.0000
000000002.2549
000000001.6108
000000001.0973
000000000.7154
000000000.4482
000000000.2708
000000000.1583
000000000.0898
000000000.0495
000000000.0267
000000000.0140
000000000.0072
000000000.0037
000000000.0018
000000000.0009
000000000.0004
000000000.0002
000000000.0001
000000000.0000
000000000.0000
000000000.0000
000000000.0000
000000000.0000
000000000.0000
000000000.0000
000000000.0000
000000000.0000
000000000.0000
000000000.0000
000000000.0000
000000000.0000
000000000.0000
000000000.0000
000000000.0000
000000000.0000
000000000.0000
000000000.0000
000000000.0000
000000000.0000
000000000.0000
000000000.0000
000000000.0000
000000000.0000
000000000.0000
000000000.0000
000000000.0000
000000000.0000
000000000.0000
000000000.0000
000000000.0000
000000000.0000
000000000.0000
000000000.0000
000000000.0000
000000000.0000
000000000.0000
000000000.0000
000000000.0000
000000000.0000
000000000.0000
000000000.0000
000000000.0000
000000000.0000
000000000.0000
000000000.0000
000000000.0000
000000000.0000
000000000.0000
000000000.0000
000000000.0000
000000000.0000
000000000.0000
000000000.0000
000000000.0000
000000000.0000
000000000.0000
000000000.0000
000000000.0000
000000000.0000
000000000.0000
000000000.0000
000000000.0000
000000000.0000
000000000.0000
000000000.0000
000000000.0000
000000000.0000
000000000.0000
000000000.0001
000000000.0010
000000000.0074
000000000.0344
000000000.1171
000000000.3122
000000000.6830
000000001.2700
000000002.0650
000000003.0066
000000004.0000
000000003.0000
000000002.2549
000000001.6108
000000001.0973
000000000.7154
000000000.4482
000000000.2708
000000000.1583
000000000.0898
000000000.0495
000000000.0267
000000000.0140
000000000.0072
000000000.0037
000000000.0018
000000000.0009
000000000.0004
000000000.0002
000000000.0001
000000000.0000
000000000.0000
000000000.0000
000000000.0000
000000000.0000
000000000.0000
000000000.0000
000000000.0000
000000000.0000
000000000.0000
000000000.0000
000000000.0000
000000000.0000
000000000.0000
000000000.0000
000000000.0000
000000000.0000
000000000.0000
000000000.0000
000000000.0000
000000000.0000
000000000.0000
000000000.0000
000000000.0000
000000000.0000
000000000.0000
000000000.0000
000000000.0000
000000000.0000
000000000.0000
000000000.0000
000000000.0000
000000000.0000
000000000.0000
000000000.0000
000000000.0000
000000000.0000
000000000.0000
000000000.0000
000000000.0000
000000000.0000
000000000.0000
000000000.0000
000000000.0000
000000000.0000
000000000.0000
000000000.0000
000000000.0000
000000000.0000
000000000.0000
000000000.0000
000000000.0000
000000000.0000
000000000.0000
000000000.0000
000000000.0000
000000000.0000
000000000.0000
000000000.0000
000000000.0000
000000000.0000
000000000.0000
000000000.0000
000000000.0000
000000000.0000
000000000.0000
000000000.0000
000000000.0000
000000000.0000
000000000.0000
000000000.0001
000000000.0010
000000000.0074
000000000.0344
000000000.1171
000000000.3122
000000000.6830
000000001.2700
000000002.0650
000000003.0066
000000004.0000
000000003.0000
000000002.2549
000000001.6108
000000001.0973
000000000.7154
000000000.4482
000000000.2708
000000000.1583
000000000.0898
000000000.0495
000000000.0267
000000000.0140
000000000.0072
000000000.0037
000000000.0018
000000000.0009
000000000.0004
000000000.0002
000000000.0001
000000000.0000
000000000.0000
000000000.0000
000000000.0000
000000000.0000
000000000.0000
000000000.0000
000000000.0000
000000000.0000
000000000.0000
000000000.0000
000000000.0000
000000000.0000
000000000.0000
000000000.0000
000000000.0000
000000000.0000
000000000.0000
000000000.0000
000000000.0000
000000000.0000
000000000.0000
000000000.0000
000000000.0000
000000000.0000
000000000.0000
000000000.0000
000000000.0000
000000000.0000
000000000.0000
000000000.0000
000000000.0000
000000000.0000
000000000.0000
000000000.0000
000000000.0000
000000000.0000
000000000.0000
000000000.0000
000000000.0000
000000000.0000
000000000.0000
000000000.0000
000000000.0000
000000000.0000
000000000.0000
000000000.0000
000000000.0000
000000000.0000
000000000.0000
000000000.0000
000000000.0000
000000000.0000
000000000.0000
000000000.0000
000000000.0000
000000000.0000
000000000.0000
000000000.0000
000000000.0000
000000000.0000
000000000.0000
000000000.0000
000000000.0000
000000000.0000
000000000.0000
000000000.0000
000000000.0000
000000000.0000
000000000.0000
000000000.0001
000000000.0010
000000000.0074
000000000.0344
000000000.1171
000000000.3122
000000000.6830
000000001.2700
000000002.0650
000000003.0066
000000004.0000
000000003.0000
000000002.2549
000000001.6108
000000001.0973
000000000.7154
000000000.4482
000000000.2708
000000000.1583
000000000.0898
000000000.0495
000000000.0267
000000000.0140
000000000.0072
000000000.0037
000000000.0018
000000000.0009
000000000.0004
000000000.0002
000000000.0001
000000000.0000
000000000.0000
000000000.0000
000000000.0000
000000000.0000
000000000.0000
000000000.0000
000000000.0000
000000000.0000
000000000.0000
000000000.0000
000000000.0000
000000000.0000
000000000.0000
000000000.0000
000000000.0000
000000000.0000
000000000.0000
000000000.0000
000000000.0000
000000000.0000
000000000.0000
000000000.0000
000000000.0000
000000000.0000
000000000.0000
000000000.0000
000000000.0000
000000000.0000
000000000.0000
000000000.0000
000000000.0000
000000000.0000
000000000.0000
000000000.0000
000000000.0000
000000000.0000
000000000.0000
000000000.0000
000000000.0000
000000000.0000
000000000.0000
000000000.0000
000000000.0000
000000000.0000
000000000.0000
000000000.0000
000000000.0000
000000000.0000
000000000.0000
000000000.0000
000000000.0000
000000000.0000
000000000.0000
000000000.0000
000000000.0000
000000000.0000
000000000.0000
000000000.0000
000000000.0000
000000000.0000
000000000.0000
000000000.0000
000000000.0000
000000000.0000
000000000.0000
000000000.0000
000000000.0000
000000000.0000
000000000.0000
000000000.0001
000000000.0010
000000000.0074
000000000.0344
000000000.1171
000000000.3122
000000000.6830
000000001.2700
000000002.0650
000000003.0066
000000004.0000
000000003.0000
000000002.2549
000000001.6108
000000001.0973
000000000.7154
000000000.4482
000000000.2708
000000000.1583
000000000.0898
000000000.0495
000000000.0267
000000000.0140
000000000.0072
000000000.0037
000000000.0018
000000000.0009
000000000.0004
000000000.0002
000000000.0001
000000000.0000
000000000.0000
000000000.0000
000000000.0000
000000000.0000
000000000.0000
000000000.0000
000000000.0000
000000000.0000
000000000.0000
000000000.0000
000000000.0000
000000000.0000
000000000.0000
000000000.0000
000000000.0000
000000000.0000
000000000.0000
000000000.0000
000000000.0000
000000000.0000
000000000.0000
000000000.0000
000000000.0000
000000000.0000
000000000.0000
000000000.0000
000000000.0000
000000000.0000
000000000.0000
000000000.0000
000000000.0000
000000000.0000
000000000.0000
000000000.0000
000000000.0000
000000000.0000
000000000.0000
000000000.0000
000000000.0000
000000000.0000
000000000.0000
000000000.0000
000000000.0000
000000000.0000
000000000.0000
000000000.0000
000000000.0000
000000000.0000
000000000.0000
000000000.0000
000000000.0000
000000000.0000
000000000.0000
000000000.0000
000000000.0000
000000000.0000
000000000.0000
000000000.0000
000000000.0000
000000000.0000
000000000.0000
000000000.0000
000000000.0000
000000000.0000
000000000.0000
000000000.0000
000000000.0000
000000000.0000
000000000.0000
000000000.0001
000000000.0010
000000000.0074
000000000.0344
000000000.1171
000000000.3122
000000000.6830
000000001.2700
000000002.0650
000000003.0066
000000004.0000
000000003.0000
000000002.2549
000000001.6108
000000001.0973
000000000.7154
000000000.4482
000000000.2708
000000000.1583
000000000.0898
000000000.0495
000000000.0267
000000000.0140
000000000.0072
000000000.0037
000000000.0018
000000000.0009
000000000.0004
000000000.0002
000000000.0001
000000000.0000
000000000.0000
000000000.0000
000000000.0000
000000000.0000
000000000.0000
000000000.0000
000000000.0000
000000000.0000
000000000.0000
000000000.0000
000000000.0000
000000000.0000
000000000.0000
000000000.0000
000000000.0000
000000000.0000
000000000.0000
000000000.0000
000000000.0000
000000000.0000
000000000.0000
000000000.0000
000000000.0000
000000000.0000
000000000.0000
000000000.0000
000000000.0000
000000000.0000
000000000.0000
000000000.0000
000000000.0000
000000000.0000
000000000.0000
000000000.0000
000000000.0000
000000000.0000
000000000.0000
000000000.0000
000000000.0000
000000000.0000
000000000.0000
000000000.0000
000000000.0000
000000000.0000
000000000.0000
000000000.0000
000000000.0000
000000000.0000
000000000.0000
000000000.0000
000000000.0000
000000000.0000
000000000.0000
000000000.0000
000000000.0000
000000000.0000
000000000.0000
000000000.0000
000000000.0000
000000000.0000
000000000.0000
000000000.0000
000000000.0000
000000000.0000
000000000.0000
000000000.0000
000000000.0000
000000000.0000
000000000.0000
000000000.0001
000000000.0010
000000000.0074
000000000.0344
000000000.1171
000000000.3122
000000000.6830
000000001.2700
000000002.0650
000000003.0066
000000004.0000
000000003.0000
000000002.2549
000000001.6108
000000001.0973
000000000.7154
000000000.4482
000000000.2708
000000000.1583
000000000.0898
000000000.0495
000000000.0267
000000000.0140
000000000.0072
000000000.0037
000000000.0018
000000000.0009
000000000.0004
000000000.0002
000000000.0001
000000000.0000
000000000.0000
000000000.0000
000000000.0000
000000000.0000
000000000.0000
000000000.0000
000000000.0000
000000000.0000
000000000.0000
000000000.0000
000000000.0000
000000000.0000
000000000.0000
000000000.0000
000000000.0000
000000000.0000
000000000.0000
000000000.0000
000000000.0000
000000000.0000
000000000.0000
000000000.0000
000000000.0000
000000000.0000
000000000.0000
000000000.0000
000000000.0000
000000000.0000
000000000.0000
000000000.0000
000000000.0000
000000000.0000
000000000.0000
000000000.0000
000000000.0000
000000000.0000
000000000.0000
000000000.0000
000000000.0000
000000000.0000
000000000.0000
000000000.0000
000000000.0000
000000000.0000
000000000.0000
000000000.0000
000000000.0000
000000000.0000
000000000.0000
000000000.0000
000000000.0000
000000000.0000
000000000.0000
000000000.0000
000000000.0000
000000000.0000
000000000.0000
000000000.0000
000000000.0000
000000000.0000
000000000.0000
000000000.0000
000000000.0000
000000000.0000
000000000.0000
000000000.0000
000000000.0000
000000000.0000
000000000.0000
000000000.0001
000000000.0010
000000000.0074
000000000.0344
000000000.1171
000000000.3122
000000000.6830
000000001.2700
000000002.0650
000000003.0066
000000004.0000
000000003.0000
000000002.2549
000000001.6108
000000001.0973
000000000.7154
000000000.4482
000000000.2708
000000000.1583
000000000.0898
000000000.0495
000000000.0267
000000000.0140
000000000.0072
000000000.0037
000000000.0018
000000000.0009
000000000.0004
000000000.0002
000000000.0001
000000000.0000
000000000.0000
000000000.0000
000000000.0000
000000000.0000
000000000.0000
000000000.0000
000000000.0000
000000000.0000
000000000.0000
000000000.0000
000000000.0000
000000000.0000
000000000.0000
000000000.0000
000000000.0000
000000000.0000
000000000.0000
000000000.0000
000000000.0000
000000000.0000
000000000.0000
000000000.0000
000000000.0000
000000000.0000
000000000.0000
000000000.0000
000000000.0000
000000000.0000
000000000.0000
000000000.0000
000000000.0000
000000000.0000
000000000.0000
000000000.0000
000000000.0000
000000000.0000
000000000.0000
000000000.0000
000000000.0000
000000000.0000
000000000.0000
000000000.0000
000000000.0000
000000000.0000
000000000.0000
000000000.0000
000000000.0000
000000000.0000
000000000.0000
000000000.0000
000000000.0000
000000000.0000
000000000.0000
000000000.0000
000000000.0000
000000000.0000
000000000.0000
000000000.0000
000000000.0000
000000000.0000
000000000.0000
000000000.0000
000000000.0000
000000000.0000
000000000.0000
000000000.0000
000000000.0000
000000000.0000
000000000.0000
000000000.0001
000000000.0010
000000000.0074
000000000.0344
000000000.1171
000000000.3122
000000000.6830
000000001.2700
000000002.0650
000000003.0066
000000004.0000
000000003.0000
000000002.2549
000000001.6108
000000001.0973
000000000.7154
000000000.4482
000000000.2708
000000000.1583
000000000.0898
000000000.0495
000000000.0267
000000000.0140
000000000.0072
000000000.0037
000000000.0018
000000000.0009
000000000.0004
000000000.0002
000000000.0001
000000000.0000
000000000.0000
000000000.0000
000000000.0000
000000000.0000
000000000.0000
000000000.0000
000000000.0000
000000000.0000
000000000.0000
000000000.0000
000000000.0000
000000000.0000
000000000.0000
000000000.0000
000000000.0000
000000000.0000
000000000.0000
000000000.0000
000000000.0000
000000000.0000
000000000.0000
000000000.0000
000000000.0000
000000000.0000
000000000.0000
000000000.0000
000000000.0000
000000000.0000
000000000.0000
000000000.0000
000000000.0000
000000000.0000
000000000.0000
000000000.0000
000000000.0000
000000000.0000
000000000.0000
000000000.0000
000000000.0000
000000000.0000
000000000.0000
000000000.0000
000000000.0000
000000000.0000
000000000.0000
000000000.0000
000000000.0000
000000000.0000
000000000.0000
000000000.0000
000000000.0000
000000000.0000
000000000.0000
000000000.0000
000000000.0000
000000000.0000
000000000.0000
000000000.0000
000000000.0000
000000000.0000
000000000.0000
000000000.0000
000000000.0000
000000000.0000
000000000.0000
000000000.0000
000000000.0000
000000000.0000
000000000.0000
000000000.0001
000000000.0010
000000000.0074
000000000.0344
000000000.1171
000000000.3122
000000000.6830
000000001.2700
000000002.0650
000000003.0066
000000004.0000
000000003.0000
000000002.2549
000000001.6108
000000001.0973
000000000.7154
000000000.4482
000000000.2708
000000000.1583
000000000.0898
000000000.0495
000000000.0267
000000000.0140
000000000.0072
000000000.0037
000000000.0018
000000000.0009
000000000.0004
000000000.0002
000000000.0001
000000000.0000
000000000.0000
000000000.0000
000000000.0000
000000000.0000
000000000.0000
000000000.0000
000000000.0000
000000000.0000
000000000.0000
000000000.0000
000000000.0000
000000000.0000
000000000.0000
000000000.0000
000000000.0000
000000000.0000
000000000.0000
000000000.0000
000000000.0000
000000000.0000
000000000.0000
000000000.0000
000000000.0000
000000000.0000
000000000.0000
000000000.0000
000000000.0000
000000000.0000
000000000.0000
000000000.0000
000000000.0000
000000000.0000
000000000.0000
000000000.0000
000000000.0000
000000000.0000
000000000.0000
000000000.0000
000000000.0000
000000000.0000
000000000.0000
000000000.0000
000000000.0000
000000000.0000
000000000.0000
000000000.0000
000000000.0000
000000000.0000
000000000.0000
000000000.0000
000000000.0000
000000000.0000
000000000.0000
000000000.0000
000000000.0000
000000000.0000
000000000.0000
000000000.0000
000000000.0000
000000000.0000
000000000.0000
000000000.0000
000000000.0000
000000000.0000
000000000.0000
000000000.0000
000000000.0000
000000000.0000
000000000.0000
000000000.0001
000000000.0010
000000000.0074
000000000.0344
000000000.1171
000000000.3122
000000000.6830
000000001.2700
000000002.0650
000000003.0066
000000004.0000
000000003.0000
000000002.2549
000000001.6108
000000001.0973
000000000.7154
000000000.4482
000000000.2708
000000000.1583
000000000.0898
000000000.0495
000000000.0267
000000000.0140
000000000.0072
000000000.0037
000000000.0018
000000000.0009
000000000.0004
000000000.0002
000000000.0001
000000000.0000
000000000.0000
000000000.0000
000000000.0000
000000000.0000
000000000.0000
000000000.0000
000000000.0000
000000000.0000
000000000.0000
000000000.0000
000000000.0000
000000000.0000
000000000.0000
000000000.0000
000000000.0000
000000000.0000
000000000.0000
000000000.0000
000000000.0000
000000000.0000
000000000.0000
000000000.0000
000000000.0000
000000000.0000
000000000.0000
000000000.0000
000000000.0000
000000000.0000
000000000.0000
000000000.0000
000000000.0000
000000000.0000
000000000.0000
000000000.0000
000000000.0000
000000000.0000
000000000.0000
000000000.0000
000000000.0000
000000000.0000
000000000.0000
000000000.0000
000000000.0000
000000000.0000
000000000.0000
000000000.0000
000000000.0000
000000000.0000
000000000.0000
000000000.0000
000000000.0000
000000000.0000
000000000.0000
000000000.0000
000000000.0000
000000000.0000
000000000.0000
000000000.0000
000000000.0000
000000000.0000
000000000.0000
000000000.0000
000000000.0000
000000000.0000
000000000.0000
000000000.0000
000000000.0000
000000000.0000
000000000.0000
000000000.0001
000000000.0010
000000000.0074
000000000.0344
000000000.1171
000000000.3122
000000000.6830
000000001.2700
000000002.0650
000000003.0066
000000004.0000
000000003.0000
000000002.2549
000000001.6108
000000001.0973
000000000.7154
000000000.4482
000000000.2708
000000000.1583
000000000.0898
000000000.0495
000000000.0267
000000000.0140
000000000.0072
000000000.0037
000000000.0018
000000000.0009
000000000.0004
000000000.0002
000000000.0001
000000000.0000
000000000.0000
000000000.0000
000000000.0000
000000000.0000
000000000.0000
000000000.0000
000000000.0000
000000000.0000
000000000.0000
000000000.0000
000000000.0000
000000000.0000
000000000.0000
000000000.0000
000000000.0000
000000000.0000
000000000.0000
000000000.0000
000000000.0000
000000000.0000
000000000.0000
000000000.0000
000000000.0000
000000000.0000
000000000.0000
000000000.0000
000000000.0000
000000000.0000
000000000.0000
000000000.0000
000000000.0000
000000000.0000
000000000.0000
000000000.0000
000000000.0000
000000000.0000
000000000.0000
000000000.0000
000000000.0000
000000000.0000
000000000.0000
000000000.0000
000000000.0000
000000000.0000
000000000.0000
000000000.0000
000000000.0000
000000000.0000
000000000.0000
000000000.0000
000000000.0000
000000000.0000
000000000.0000
000000000.0000
000000000.0000
000000000.0000
000000000.0000
000000000.0000
000000000.0000
000000000.0000
000000000.0000
000000000.0000
000000000.0000
000000000.0000
000000000.0000
000000000.0000
000000000.0000
000000000.0000
000000000.0000
000000000.0001
000000000.0010
000000000.0074
000000000.0344
000000000.1171
000000000.3122
000000000.6830
000000001.2700
000000002.0650
000000003.0066
000000004.0000
000000003.0000
000000002.2549
000000001.6108
000000001.0973
000000000.7154
000000000.4482
000000000.2708
000000000.1583
000000000.0898
000000000.0495
000000000.0267
000000000.0140
000000000.0072
000000000.0037
000000000.0018
000000000.0009
000000000.0004
000000000.0002
000000000.0001
000000000.0000
000000000.0000
000000000.0000
000000000.0000
000000000.0000
000000000.0000
000000000.0000
000000000.0000
000000000.0000
000000000.0000
000000000.0000
000000000.0000
000000000.0000
000000000.0000
000000000.0000
000000000.0000
000000000.0000
000000000.0000
000000000.0000
000000000.0000
000000000.0000
000000000.0000
000000000.0000
000000000.0000
000000000.0000
000000000.0000
000000000.0000
000000000.0000
000000000.0000
000000000.0000
000000000.0000
000000000.0000
000000000.0000
000000000.0000
000000000.0000
000000000.0000
000000000.0000
000000000.0000
000000000.0000
000000000.0000
000000000.0000
000000000.0000
000000000.0000
000000000.0000
000000000.0000
000000000.0000
000000000.0000
000000000.0000
000000000.0000
000000000.0000
000000000.0000
000000000.0000
000000000.0000
000000000.0000
000000000.0000
000000000.0000
000000000.0000
000000000.0000
000000000.0000
000000000.0000
000000000.0000
000000000.0000
000000000.0000
000000000.0000
000000000.0000
000000000.0000
000000000.0000
000000000.0000
000000000.0000
000000000.0000
000000000.0001
000000000.0010
000000000.0074
000000000.0344
000000000.1171
000000000.3122
000000000.6830
000000001.2700
000000002.0650
000000003.0066
000000004.0000
000000003.0000
000000002.2549
000000001.6108
000000001.0973
000000000.7154
000000000.4482
000000000.2708
000000000.1583
000000000.0898
000000000.0495
000000000.0267
000000000.0140
000000000.0072
000000000.0037
000000000.0018
000000000.0009
000000000.0004
000000000.0002
000000000.0001
000000000.0000
000000000.0000
000000000.0000
000000000.0000
000000000.0000
000000000.0000
000000000.0000
000000000.0000
000000000.0000
000000000.0000
000000000.0000
000000000.0000
000000000.0000
000000000.0000
000000000.0000
000000000.0000
000000000.0000
000000000.0000
000000000.0000
000000000.0000
000000000.0000
000000000.0000
000000000.0000
000000000.0000
000000000.0000
000000000.0000
000000000.0000
000000000.0000
000000000.0000
000000000.0000
000000000.0000
000000000.0000
000000000.0000
000000000.0000
000000000.0000
000000000.0000
000000000.0000
000000000.0000
000000000.0000
000000000.0000
000000000.0000
000000000.0000
000000000.0000
000000000.0000
000000000.0000
000000000.0000
000000000.0000
000000000.0000
000000000.0000
000000000.0000
000000000.0000
000000000.0000
000000000.0000
000000000.0000
000000000.0000
000000000.0000
000000000.0000
000000000.0000
000000000.0000
000000000.0000
000000000.0000
000000000.0000
000000000.0000
000000000.0000
000000000.0000
000000000.0000
000000000.0000
000000000.0000
000000000.0000
000000000.0000
000000000.0001
000000000.0010
000000000.0074
000000000.0344
000000000.1171
000000000.3122
000000000.6830
000000001.2700
000000002.0650
000000003.0066
000000004.0000
000000003.0000
000000002.2549
000000001.6108
000000001.0973
000000000.7154
000000000.4482
000000000.2708
000000000.1583
000000000.0898
000000000.0495
000000000.0267
000000000.0140
000000000.0072
000000000.0037
000000000.0018
000000000.0009
000000000.0004
000000000.0002
000000000.0001
000000000.0000
000000000.0000
000000000.0000
000000000.0000
000000000.0000
000000000.0000
000000000.0000
000000000.0000
000000000.0000
000000000.0000
000000000.0000
000000000.0000
000000000.0000
000000000.0000
000000000.0000
000000000.0000
000000000.0000
000000000.0000
000000000.0000
000000000.0000
000000000.0000
000000000.0000
000000000.0000
000000000.0000
000000000.0000
000000000.0000
000000000.0000
000000000.0000
000000000.0000
000000000.0000
000000000.0000
000000000.0000
000000000.0000
000000000.0000
000000000.0000
000000000.0000
000000000.0000
000000000.0000
000000000.0000
000000000.0000
000000000.0000
000000000.0000
000000000.0000
000000000.0000
000000000.0000
000000000.0000
000000000.0000
000000000.0000
000000000.0000
000000000.0000
000000000.0000
000000000.0000
000000000.0000
000000000.0000
000000000.0000
000000000.0000
000000000.0000
000000000.0000
000000000.0000
000000000.0000
000000000.0000
000000000.0000
000000000.0000
000000000.0000
000000000.0000
000000000.0000
000000000.0000
000000000.0000
000000000.0000
000000000.0000
000000000.0001
000000000.0010
000000000.0074
000000000.0344
000000000.1171
000000000.3122
000000000.6830
000000001.2700
000000002.0650
000000003.0066
000000004.0000
000000003.0000
000000002.2549
000000001.6108
000000001.0973
000000000.7154
000000000.4482
000000000.2708
000000000.1583
000000000.0898
000000000.0495
000000000.0267
000000000.0140
000000000.0072
000000000.0037
000000000.0018
000000000.0009
000000000.0004
000000000.0002
000000000.0001
000000000.0000
000000000.0000
000000000.0000
000000000.0000
000000000.0000
000000000.0000
000000000.0000
000000000.0000
000000000.0000
000000000.0000
000000000.0000
000000000.0000
000000000.0000
000000000.0000
000000000.0000
000000000.0000
000000000.0000
000000000.0000
000000000.0000
000000000.0000
000000000.0000
000000000.0000
000000000.0000
000000000.0000
000000000.0000
000000000.0000
000000000.0000
000000000.0000
000000000.0000
000000000.0000
000000000.0000
000000000.0000
000000000.0000
000000000.0000
000000000.0000
000000000.0000
000000000.0000
000000000.0000
000000000.0000
000000000.0000
000000000.0000
000000000.0000
000000000.0000
000000000.0000
000000000.0000
000000000.0000
000000000.0000
000000000.0000
000000000.0000
000000000.0000
000000000.0000
000000000.0000
000000000.0000
000000000.0000
000000000.0000
000000000.0000
000000000.0000
000000000.0000
000000000.0000
000000000.0000
000000000.0000
000000000.0000
000000000.0000
000000000.0000
000000000.0000
000000000.0000
000000000.0000
000000000.0000
000000000.0000
000000000.0000
000000000.0001
000000000.0010
000000000.0074
000000000.0344
000000000.1171
000000000.3122
000000000.6830
000000001.2700
000000002.0650
000000003.0066
000000004.0000
000000003.0000
000000002.2549
000000001.6108
000000001.0973
000000000.7154
000000000.4482
000000000.2708
000000000.1583
000000000.0898
000000000.0495
000000000.0267
000000000.0140
000000000.0072
000000000.0037
000000000.0018
000000000.0009
000000000.0004
000000000.0002
000000000.0001
000000000.0000
000000000.0000
000000000.0000
000000000.0000
000000000.0000
000000000.0000
000000000.0000
000000000.0000
000000000.0000
000000000.0000
000000000.0000
000000000.0000
000000000.0000
000000000.0000
000000000.0000
000000000.0000
000000000.0000
000000000.0000
000000000.0000
000000000.0000
000000000.0000
000000000.0000
000000000.0000
000000000.0000
000000000.0000
000000000.0000
000000000.0000
000000000.0000
000000000.0000
000000000.0000
000000000.0000
000000000.0000
000000000.0000
000000000.0000
000000000.0000
000000000.0000
000000000.0000
000000000.0000
000000000.0000
000000000.0000
000000000.0000
000000000.0000
000000000.0000
000000000.0000
000000000.0000
000000000.0000
000000000.0000
000000000.0000
000000000.0000
000000000.0000
000000000.0000
000000000.0000
000000000.0000
000000000.0000
000000000.0000
000000000.0000
000000000.0000
000000000.0000
000000000.0000
000000000.0000
000000000.0000
000000000.0000
000000000.0000
000000000.0000
000000000.0000
000000000.0000
000000000.0000
000000000.0000
000000000.0000
000000000.0000
000000000.0001
000000000.0010
000000000.0074
000000000.0344
000000000.1171
000000000.3122
000000000.6830
000000001.2700
000000002.0650
000000003.0066
000000004.0000
000000003.0000
000000002.2549
000000001.6108
000000001.0973
000000000.7154
000000000.4482
000000000.2708
000000000.1583
000000000.0898
000000000.0495
000000000.0267
000000000.0140
000000000.0072
000000000.0037
000000000.0018
000000000.0009
000000000.0004
000000000.0002
000000000.0001
000000000.0000
000000000.0000
000000000.0000
000000000.0000
000000000.0000
000000000.0000
000000000.0000
000000000.0000
000000000.0000
000000000.0000
000000000.0000
000000000.0000
000000000.0000
000000000.0000
000000000.0000
000000000.0000
000000000.0000
000000000.0000
000000000.0000
000000000.0000
000000000.0000
000000000.0000
000000000.0000
000000000.0000
000000000.0000
000000000.0000
000000000.0000
000000000.0000
000000000.0000
000000000.0000
000000000.0000
000000000.0000
000000000.0000
000000000.0000
000000000.0000
000000000.0000
000000000.0000
000000000.0000
000000000.0000
000000000.0000
000000000.0000
000000000.0000
000000000.0000
000000000.0000
000000000.0000
000000000.0000
000000000.0000
000000000.0000
000000000.0000
000000000.0000
000000000.0000
000000000.0000
000000000.0000
000000000.0000
000000000.0000
000000000.0000
000000000.0000
000000000.0000
000000000.0000
000000000.0000
000000000.0000
000000000.0000
000000000.0000
000000000.0000
000000000.0000
000000000.0000
000000000.0000
000000000.0000
000000000.0000
000000000.0000
000000000.0001
000000000.0010
000000000.0074
000000000.0344
000000000.1171
000000000.3122
000000000.6830
000000001.2700
000000002.0650
000000003.0066
000000004.0000
000000003.0000
000000002.2549
000000001.6108
000000001.0973
000000000.7154
000000000.4482
000000000.2708
000000000.1583
000000000.0898
000000000.0495
000000000.0267
000000000.0140
000000000.0072
000000000.0037
000000000.0018
000000000.0009
000000000.0004
000000000.0002
000000000.0001
000000000.0000
000000000.0000
000000000.0000
000000000.0000
000000000.0000
000000000.0000
000000000.0000
000000000.0000
000000000.0000
000000000.0000
000000000.0000
000000000.0000
000000000.0000
000000000.0000
000000000.0000
000000000.0000
000000000.0000
000000000.0000
000000000.0000
000000000.0000
000000000.0000
000000000.0000
000000000.0000
000000000.0000
000000000.0000
000000000.0000
000000000.0000
000000000.0000
000000000.0000
000000000.0000
000000000.0000
000000000.0000
000000000.0000
000000000.0000
000000000.0000
000000000.0000
000000000.0000
000000000.0000
000000000.0000
000000000.0000
000000000.0000
000000000.0000
000000000.0000
000000000.0000
000000000.0000
000000000.0000
000000000.0000
000000000.0000
000000000.0000
000000000.0000
000000000.0000
000000000.0000
000000000.0000
000000000.0000
000000000.0000
000000000.0000
000000000.0000
000000000.0000
000000000.0000
000000000.0000
000000000.0000
000000000.0000
000000000.0000
000000000.0000
000000000.0000
000000000.0000
000000000.0000
000000000.0000
000000000.0000
000000000.0000
000000000.0001
000000000.0010
000000000.0074
000000000.0344
000000000.1171
000000000.3122
000000000.6830
000000001.2700
000000002.0650
000000003.0066
000000004.0000
000000003.0000
000000002.2549
000000001.6108
000000001.0973
000000000.7154
000000000.4482
000000000.2708
000000000.1583
000000000.0898
000000000.0495
000000000.0267
000000000.0140
000000000.0072
000000000.0037
000000000.0018
000000000.0009
000000000.0004
000000000.0002
000000000.0001
000000000.0000
000000000.0000
000000000.0000
000000000.0000
000000000.0000
000000000.0000
000000000.0000
000000000.0000
000000000.0000
000000000.0000
000000000.0000
000000000.0000
000000000.0000
000000000.0000
000000000.0000
000000000.0000
000000000.0000
000000000.0000
000000000.0000
000000000.0000
000000000.0000
000000000.0000
000000000.0000
000000000.0000
000000000.0000
000000000.0000
000000000.0000
000000000.0000
000000000.0000
000000000.0000
000000000.0000
000000000.0000
000000000.0000
000000000.0000
000000000.0000
000000000.0000
000000000.0000
000000000.0000
000000000.0000
000000000.0000
000000000.0000
000000000.0000
000000000.0000
000000000.0000
000000000.0000
000000000.0000
000000000.0000
000000000.0000
000000000.0000
000000000.0000
000000000.0000
000000000.0000
000000000.0000
000000000.0000
000000000.0000
000000000.0000
000000000.0000
000000000.0000
000000000.0000
000000000.0000
000000000.0000
000000000.0000
000000000.0000
000000000.0000
000000000.0000
000000000.0000
000000000.0000
000000000.0000
000000000.0000
000000000.0000
000000000.0001
000000000.0010
000000000.0074
000000000.0344
000000000.1171
000000000.3122
000000000.6830
000000001.2700
000000002.0650
000000003.0066
000000004.0000
000000003.0000
000000002.2549
000000001.6108
000000001.0973
000000000.7154
000000000.4482
000000000.2708
000000000.1583
000000000.0898
000000000.0495
000000000.0267
000000000.0140
000000000.0072
000000000.0037
000000000.0018
000000000.0009
000000000.0004
000000000.0002
000000000.0001
000000000.0000
000000000.0000
000000000.0000
000000000.0000
000000000.0000
000000000.0000
000000000.0000
000000000.0000
000000000.0000
000000000.0000
000000000.0000
000000000.0000
000000000.0000
000000000.0000
000000000.0000
000000000.0000
000000000.0000
000000000.0000
000000000.0000
000000000.0000
000000000.0000
000000000.0000
000000000.0000
000000000.0000
000000000.0000
000000000.0000
000000000.0000
000000000.0000
000000000.0000
000000000.0000
000000000.0000
000000000.0000
000000000.0000
000000000.0000
000000000.0000
000000000.0000
000000000.0000
000000000.0000
000000000.0000
000000000.0000
000000000.0000
000000000.0000
000000000.0000
000000000.0000
000000000.0000
000000000.0000
000000000.0000
000000000.0000
000000000.0000
000000000.0000
000000000.0000
000000000.0000
000000000.0000
000000000.0000
000000000.0000
000000000.0000
000000000.0000
000000000.0000
000000000.0000
000000000.0000
000000000.0000
000000000.0000
000000000.0000
000000000.0000
000000000.0000
000000000.0000
000000000.0000
000000000.0000
000000000.0000
000000000.0000
000000000.0001
000000000.0010
000000000.0074
000000000.0344
000000000.1171
000000000.3122
000000000.6830
000000001.2700
000000002.0650
000000003.0066
000000004.0000
000000003.0000
000000002.2549
000000001.6108
000000001.0973
000000000.7154
000000000.4482
000000000.2708
000000000.1583
000000000.0898
000000000.0495
000000000.0267
000000000.0140
000000000.0072
000000000.0037
000000000.0018
000000000.0009
000000000.0004
000000000.0002
000000000.0001
000000000.0000
000000000.0000
000000000.0000
000000000.0000
000000000.0000
000000000.0000
000000000.0000
000000000.0000
000000000.0000
000000000.0000
000000000.0000
000000000.0000
000000000.0000
000000000.0000
000000000.0000
000000000.0000
000000000.0000
000000000.0000
000000000.0000
000000000.0000
000000000.0000
000000000.0000
000000000.0000
000000000.0000
000000000.0000
000000000.0000
000000000.0000
000000000.0000
000000000.0000
000000000.0000
000000000.0000
000000000.0000
000000000.0000
000000000.0000
000000000.0000
000000000.0000
000000000.0000
000000000.0000
000000000.0000
000000000.0000
000000000.0000
000000000.0000
000000000.0000
000000000.0000
000000000.0000
000000000.0000
000000000.0000
000000000.0000
000000000.0000
000000000.0000
000000000.0000
000000000.0000
000000000.0000
000000000.0000
000000000.0000
000000000.0000
000000000.0000
000000000.0000
000000000.0000
000000000.0000
000000000.0000
000000000.0000
000000000.0000
000000000.0000
000000000.0000
000000000.0000
000000000.0000
000000000.0000
000000000.0000
000000000.0000
000000000.0001
000000000.0010
000000000.0074
000000000.0344
000000000.1171
000000000.3122
000000000.6830
000000001.2700
000000002.0650
000000003.0066
000000004.0000
000000003.0000
000000002.2549
000000001.6108
000000001.0973
000000000.7154
000000000.4482
000000000.2708
000000000.1583
000000000.0898
000000000.0495
000000000.0267
000000000.0140
000000000.0072
000000000.0037
000000000.0018
000000000.0009
000000000.0004
000000000.0002
000000000.0001
000000000.0000
000000000.0000
000000000.0000
000000000.0000
000000000.0000
000000000.0000
000000000.0000
000000000.0000
000000000.0000
000000000.0000
000000000.0000
000000000.0000
000000000.0000
000000000.0000
000000000.0000
000000000.0000
000000000.0000
000000000.0000
000000000.0000
000000000.0000
000000000.0000
000000000.0000
000000000.0000
000000000.0000
000000000.0000
000000000.0000
000000000.0000
000000000.0000
000000000.0000
000000000.0000
000000000.0000
000000000.0000
000000000.0000
000000000.0000
000000000.0000
000000000.0000
000000000.0000
000000000.0000
000000000.0000
000000000.0000
000000000.0000
000000000.0000
000000000.0000
000000000.0000
000000000.0000
000000000.0000
000000000.0000
000000000.0000
000000000.0000
000000000.0000
000000000.0000
000000000.0000
000000000.0000
000000000.0000
000000000.0000
000000000.0000
000000000.0000
000000000.0000
000000000.0000
000000000.0000
000000000.0000
000000000.0000
000000000.0000
000000000.0000
000000000.0000
000000000.0000
000000000.0000
000000000.0000
000000000.0000
000000000.0000
000000000.0001
000000000.0010
000000000.0074
000000000.0344
000000000.1171
000000000.3122
000000000.6830
000000001.2700
000000002.0650
000000003.0066
000000004.0000
000000003.0000
000000002.2549
000000001.6108
000000001.0973
000000000.7154
000000000.4482
000000000.2708
000000000.1583
000000000.0898
000000000.0495
000000000.0267
000000000.0140
000000000.0072
000000000.0037
000000000.0018
000000000.0009
000000000.0004
000000000.0002
000000000.0001
000000000.0000
000000000.0000
000000000.0000
000000000.0000
000000000.0000
000000000.0000
000000000.0000
000000000.0000
000000000.0000
000000000.0000
000000000.0000
000000000.0000
000000000.0000
000000000.0000
000000000.0000
000000000.0000
000000000.0000
000000000.0000
000000000.0000
000000000.0000
000000000.0000
000000000.0000
000000000.0000
000000000.0000
000000000.0000
000000000.0000
000000000.0000
000000000.0000
000000000.0000
000000000.0000
000000000.0000
000000000.0000
000000000.0000
000000000.0000
000000000.0000
000000000.0000
000000000.0000
000000000.0000
000000000.0000
000000000.0000
000000000.0000
000000000.0000
000000000.0000
000000000.0000
000000000.0000
000000000.0000
000000000.0000
000000000.0000
000000000.0000
000000000.0000
000000000.0000
000000000.0000
000000000.0000
000000000.0000
000000000.0000
000000000.0000
000000000.0000
000000000.0000
000000000.0000
000000000.0000
000000000.0000
000000000.0000
000000000.0000
000000000.0000
000000000.0000
000000000.0000
000000000.0000
000000000.0000
000000000.0000
000000000.0000
000000000.0001
000000000.0010
000000000.0074
000000000.0344
000000000.1171
000000000.3122
000000000.6830
000000001.2700
000000002.0650
000000003.0066
000000004.0000
000000003.0000
000000002.2549
000000001.6108
000000001.0973
000000000.7154
000000000.4482
000000000.2708
000000000.1583
000000000.0898
000000000.0495
000000000.0267
000000000.0140
000000000.0072
000000000.0037
000000000.0018
000000000.0009
000000000.0004
000000000.0002
000000000.0001
000000000.0000
000000000.0000
000000000.0000
000000000.0000
000000000.0000
000000000.0000
000000000.0000
000000000.0000
000000000.0000
000000000.0000
000000000.0000
000000000.0000
000000000.0000
000000000.0000
000000000.0000
000000000.0000
000000000.0000
000000000.0000
000000000.0000
000000000.0000
000000000.0000
000000000.0000
000000000.0000
000000000.0000
000000000.0000
000000000.0000
000000000.0000
000000000.0000
000000000.0000
000000000.0000
000000000.0000
000000000.0000
000000000.0000
000000000.0000
000000000.0000
000000000.0000
000000000.0000
000000000.0000
000000000.0000
000000000.0000
000000000.0000
000000000.0000
000000000.0000
000000000.0000
000000000.0000
000000000.0000
000000000.0000
000000000.0000
000000000.0000
000000000.0000
000000000.0000
000000000.0000
000000000.0000
000000000.0000
000000000.0000
000000000.0000
000000000.0000
000000000.0000
000000000.0000
000000000.0000
000000000.0000
000000000.0000
000000000.0000
000000000.0000
000000000.0000
000000000.0000
000000000.0000
000000000.0000
000000000.0000
000000000.0000
000000000.0001
000000000.0010
000000000.0074
000000000.0344
000000000.1171
000000000.3122
000000000.6830
000000001.2700
000000002.0650
000000003.0066
000000004.0000
000000003.0000
000000002.2549
000000001.6108
000000001.0973
000000000.7154
000000000.4482
000000000.2708
000000000.1583
000000000.0898
000000000.0495
000000000.0267
000000000.0140
000000000.0072
000000000.0037
000000000.0018
000000000.0009
000000000.0004
000000000.0002
000000000.0001
000000000.0000
000000000.0000
000000000.0000
000000000.0000
000000000.0000
000000000.0000
000000000.0000
000000000.0000
000000000.0000
000000000.0000
000000000.0000
000000000.0000
000000000.0000
000000000.0000
000000000.0000
000000000.0000
000000000.0000
000000000.0000
000000000.0000
000000000.0000
000000000.0000
000000000.0000
000000000.0000
000000000.0000
000000000.0000
000000000.0000
000000000.0000
000000000.0000
000000000.0000
000000000.0000
000000000.0000
000000000.0000
000000000.0000
000000000.0000
000000000.0000
000000000.0000
000000000.0000
000000000.0000
000000000.0000
000000000.0000
000000000.0000
000000000.0000
000000000.0000
000000000.0000
000000000.0000
000000000.0000
000000000.0000
000000000.0000
000000000.0000
000000000.0000
000000000.0000
000000000.0000
000000000.0000
000000000.0000
000000000.0000
000000000.0000
000000000.0000
000000000.0000
000000000.0000
000000000.0000
000000000.0000
000000000.0000
000000000.0000
000000000.0000
000000000.0000
000000000.0000
000000000.0000
000000000.0000
000000000.0000
000000000.0000
000000000.0001
000000000.0010
000000000.0074
000000000.0344
000000000.1171
000000000.3122
000000000.6830
000000001.2700
000000002.0650
000000003.0066
000000004.0000
000000003.0000
000000002.2549
000000001.6108
000000001.0973
000000000.7154
000000000.4482
000000000.2708
000000000.1583
000000000.0898
000000000.0495
000000000.0267
000000000.0140
000000000.0072
000000000.0037
000000000.0018
000000000.0009
000000000.0004
000000000.0002
000000000.0001
000000000.0000
000000000.0000
000000000.0000
000000000.0000
000000000.0000
000000000.0000
000000000.0000
000000000.0000
000000000.0000
000000000.0000
000000000.0000
000000000.0000
000000000.0000
000000000.0000
000000000.0000
000000000.0000
000000000.0000
000000000.0000
000000000.0000
000000000.0000
000000000.0000
000000000.0000
000000000.0000
000000000.0000
000000000.0000
000000000.0000
000000000.0000
000000000.0000
000000000.0000
000000000.0000
000000000.0000
000000000.0000
000000000.0000
000000000.0000
000000000.0000
000000000.0000
000000000.0000
000000000.0000
000000000.0000
000000000.0000
000000000.0000
000000000.0000
000000000.0000
000000000.0000
000000000.0000
000000000.0000
000000000.0000
000000000.0000
000000000.0000
000000000.0000
000000000.0000
000000000.0000
000000000.0000
000000000.0000
000000000.0000
000000000.0000
000000000.0000
000000000.0000
000000000.0000
000000000.0000
000000000.0000
000000000.0000
000000000.0000
000000000.0000
000000000.0000
000000000.0000
000000000.0000
000000000.0000
000000000.0000
000000000.0000
000000000.0001
000000000.0010
000000000.0074
000000000.0344
000000000.1171
000000000.3122
000000000.6830
000000001.2700
000000002.0650
000000003.0066
000000004.0000
000000003.0000
000000002.2549
000000001.6108
000000001.0973
000000000.7154
000000000.4482
000000000.2708
000000000.1583
000000000.0898
000000000.0495
000000000.0267
000000000.0140
000000000.0072
000000000.0037
000000000.0018
000000000.0009
000000000.0004
000000000.0002
000000000.0001
000000000.0000
000000000.0000
000000000.0000
000000000.0000
000000000.0000
000000000.0000
000000000.0000
000000000.0000
000000000.0000
000000000.0000
000000000.0000
000000000.0000
000000000.0000
000000000.0000
000000000.0000
000000000.0000
000000000.0000
000000000.0000
000000000.0000
000000000.0000
000000000.0000
000000000.0000
000000000.0000
000000000.0000
000000000.0000
000000000.0000
000000000.0000
000000000.0000
000000000.0000
000000000.0000
000000000.0000
000000000.0000
000000000.0000
000000000.0000
000000000.0000
000000000.0000
000000000.0000
000000000.0000
000000000.0000
000000000.0000
000000000.0000
000000000.0000
000000000.0000
000000000.0000
000000000.0000
000000000.0000
000000000.0000
000000000.0000
000000000.0000
000000000.0000
000000000.0000
000000000.0000
000000000.0000
000000000.0000
000000000.0000
000000000.0000
000000000.0000
000000000.0000
000000000.0000
000000000.0000
000000000.0000
000000000.0000
000000000.0000
000000000.0000
000000000.0000
000000000.0000
000000000.0000
000000000.0000
000000000.0000
000000000.0000
000000000.0001
000000000.0010
000000000.0074
000000000.0344
000000000.1171
000000000.3122
000000000.6830
000000001.2700
000000002.0650
000000003.0066
000000004.0000
000000003.0000
000000002.2549
000000001.6108
000000001.0973
000000000.7154
000000000.4482
000000000.2708
000000000.1583
000000000.0898
000000000.0495
000000000.0267
000000000.0140
000000000.0072
000000000.0037
000000000.0018
000000000.0009
000000000.0004
000000000.0002
000000000.0001
000000000.0000
000000000.0000
000000000.0000
000000000.0000
000000000.0000
000000000.0000
000000000.0000
000000000.0000
000000000.0000
000000000.0000
000000000.0000
000000000.0000
000000000.0000
000000000.0000
000000000.0000
000000000.0000
000000000.0000
000000000.0000
000000000.0000
000000000.0000
000000000.0000
000000000.0000
000000000.0000
000000000.0000
000000000.0000
000000000.0000
000000000.0000
000000000.0000
000000000.0000
000000000.0000
000000000.0000
000000000.0000
000000000.0000
000000000.0000
000000000.0000
000000000.0000
000000000.0000
000000000.0000
000000000.0000
000000000.0000
000000000.0000
000000000.0000
000000000.0000
000000000.0000
000000000.0000
000000000.0000
000000000.0000
000000000.0000
000000000.0000
000000000.0000
000000000.0000
000000000.0000
000000000.0000
000000000.0000
000000000.0000
000000000.0000
000000000.0000
000000000.0000
000000000.0000
000000000.0000
000000000.0000
000000000.0000
000000000.0000
000000000.0000
000000000.0000
000000000.0000
000000000.0000
000000000.0000
000000000.0000
000000000.0000
000000000.0001
000000000.0010
000000000.0074
000000000.0344
000000000.1171
000000000.3122
000000000.6830
000000001.2700
000000002.0650
000000003.0066
000000004.0000
000000003.0000
000000002.2549
000000001.6108
000000001.0973
000000000.7154
000000000.4482
000000000.2708
000000000.1583
000000000.0898
000000000.0495
000000000.0267
000000000.0140
000000000.0072
000000000.0037
000000000.0018
000000000.0009
000000000.0004
000000000.0002
000000000.0001
000000000.0000
000000000.0000
000000000.0000
000000000.0000
000000000.0000
000000000.0000
000000000.0000
000000000.0000
000000000.0000
000000000.0000
000000000.0000
000000000.0000
000000000.0000
000000000.0000
000000000.0000
000000000.0000
000000000.0000
000000000.0000
000000000.0000
000000000.0000
000000000.0000
000000000.0000
000000000.0000
000000000.0000
000000000.0000
000000000.0000
000000000.0000
000000000.0000
000000000.0000
000000000.0000
000000000.0000
000000000.0000
000000000.0000
000000000.0000
000000000.0000
000000000.0000
000000000.0000
000000000.0000
000000000.0000
000000000.0000
000000000.0000
000000000.0000
000000000.0000
000000000.0000
000000000.0000
000000000.0000
000000000.0000
000000000.0000
000000000.0000
000000000.0000
000000000.0000
000000000.0000
000000000.0000
000000000.0000
000000000.0000
000000000.0000
000000000.0000
000000000.0000
000000000.0000
000000000.0000
000000000.0000
000000000.0000
000000000.0000
000000000.0000
000000000.0000
000000000.0000
000000000.0000
000000000.0000
000000000.0000
000000000.0000
000000000.0001
000000000.0010
000000000.0074
000000000.0344
000000000.1171
000000000.3122
000000000.6830
000000001.2700
000000002.0650
000000003.0066
000000004.0000
000000003.0000
000000002.2549
000000001.6108
000000001.0973
000000000.7154
000000000.4482
000000000.2708
000000000.1583
000000000.0898
000000000.0495
000000000.0267
000000000.0140
000000000.0072
000000000.0037
000000000.0018
000000000.0009
000000000.0004
000000000.0002
000000000.0001
000000000.0000
000000000.0000
000000000.0000
000000000.0000
000000000.0000
000000000.0000
000000000.0000
000000000.0000
000000000.0000
000000000.0000
000000000.0000
000000000.0000
000000000.0000
000000000.0000
000000000.0000
000000000.0000
000000000.0000
000000000.0000
000000000.0000
000000000.0000
000000000.0000
000000000.0000
000000000.0000
000000000.0000
000000000.0000
000000000.0000
000000000.0000
000000000.0000
000000000.0000
000000000.0000
000000000.0000
000000000.0000
000000000.0000
000000000.0000
000000000.0000
000000000.0000
000000000.0000
000000000.0000
000000000.0000
000000000.0000
000000000.0000
000000000.0000
000000000.0000
000000000.0000
000000000.0000
000000000.0000
000000000.0000
000000000.0000
000000000.0000
000000000.0000
000000000.0000
000000000.0000
000000000.0000
000000000.0000
000000000.0000
000000000.0000
000000000.0000
000000000.0000
000000000.0000
000000000.0000
000000000.0000
000000000.0000
000000000.0000
000000000.0000
000000000.0000
000000000.0000
000000000.0000
000000000.0000
000000000.0000
000000000.0000
000000000.0001
000000000.0010
000000000.0074
000000000.0344
000000000.1171
000000000.3122
000000000.6830
000000001.2700
000000002.0650
000000003.0066
000000004.0000
000000003.0000
000000002.2549
000000001.6108
000000001.0973
000000000.7154
000000000.4482
000000000.2708
000000000.1583
000000000.0898
000000000.0495
000000000.0267
000000000.0140
000000000.0072
000000000.0037
000000000.0018
000000000.0009
000000000.0004
000000000.0002
000000000.0001
000000000.0000
000000000.0000
000000000.0000
000000000.0000
000000000.0000
000000000.0000
000000000.0000
000000000.0000
000000000.0000
000000000.0000
000000000.0000
000000000.0000
000000000.0000
000000000.0000
000000000.0000
000000000.0000
000000000.0000
000000000.0000
000000000.0000
000000000.0000
000000000.0000
000000000.0000
000000000.0000
000000000.0000
000000000.0000
000000000.0000
000000000.0000
000000000.0000
000000000.0000
000000000.0000
000000000.0000
000000000.0000
000000000.0000
000000000.0000
000000000.0000
000000000.0000
000000000.0000
000000000.0000
000000000.0000
000000000.0000
000000000.0000
000000000.0000
000000000.0000
000000000.0000
000000000.0000
000000000.0000
000000000.0000
000000000.0000
000000000.0000
000000000.0000
000000000.0000
000000000.0000
000000000.0000
000000000.0000
000000000.0000
000000000.0000
000000000.0000
000000000.0000
000000000.0000
000000000.0000
000000000.0000
000000000.0000
000000000.0000
000000000.0000
000000000.0000
000000000.0000
000000000.0000
000000000.0000
000000000.0000
000000000.0000
000000000.0001
000000000.0010
000000000.0074
000000000.0344
000000000.1171
000000000.3122
000000000.6830
000000001.2700
000000002.0650
000000003.0066
000000004.0000
000000003.0000
000000002.2549
000000001.6108
000000001.0973
000000000.7154
000000000.4482
000000000.2708
000000000.1583
000000000.0898
000000000.0495
000000000.0267
000000000.0140
000000000.0072
000000000.0037
000000000.0018
000000000.0009
000000000.0004
000000000.0002
000000000.0001
000000000.0000
000000000.0000
000000000.0000
000000000.0000
000000000.0000
000000000.0000
000000000.0000
000000000.0000
000000000.0000
000000000.0000
000000000.0000
000000000.0000
000000000.0000
000000000.0000
000000000.0000
000000000.0000
000000000.0000
000000000.0000
000000000.0000
000000000.0000
000000000.0000
000000000.0000
000000000.0000
000000000.0000
000000000.0000
000000000.0000
000000000.0000
000000000.0000
000000000.0000
000000000.0000
000000000.0000
000000000.0000
000000000.0000
000000000.0000
000000000.0000
000000000.0000
000000000.0000
000000000.0000
000000000.0000
000000000.0000
000000000.0000
000000000.0000
000000000.0000
000000000.0000
000000000.0000
000000000.0000
000000000.0000
000000000.0000
000000000.0000
000000000.0000
000000000.0000
000000000.0000
000000000.0000
000000000.0000
000000000.0000
000000000.0000
000000000.0000
000000000.0000
000000000.0000
000000000.0000
000000000.0000
000000000.0000
000000000.0000
000000000.0000
000000000.0000
000000000.0000
000000000.0000
000000000.0000
000000000.0000
000000000.0000
000000000.0001
000000000.0010
000000000.0074
000000000.0344
000000000.1171
000000000.3122
000000000.6830
000000001.2700
000000002.0650
000000003.0066
000000004.0000
000000003.0000
000000002.2549
000000001.6108
000000001.0973
000000000.7154
000000000.4482
000000000.2708
000000000.1583
000000000.0898
000000000.0495
000000000.0267
000000000.0140
000000000.0072
000000000.0037
000000000.0018
000000000.0009
000000000.0004
000000000.0002
000000000.0001
000000000.0000
000000000.0000
000000000.0000
000000000.0000
000000000.0000
000000000.0000
000000000.0000
000000000.0000
000000000.0000
000000000.0000
000000000.0000
000000000.0000
000000000.0000
000000000.0000
000000000.0000
000000000.0000
000000000.0000
000000000.0000
000000000.0000
000000000.0000
000000000.0000
000000000.0000
000000000.0000
000000000.0000
000000000.0000
000000000.0000
000000000.0000
000000000.0000
000000000.0000
000000000.0000
000000000.0000
000000000.0000
000000000.0000
000000000.0000
000000000.0000
000000000.0000
000000000.0000
000000000.0000
000000000.0000
000000000.0000
000000000.0000
000000000.0000
000000000.0000
000000000.0000
000000000.0000
000000000.0000
000000000.0000
000000000.0000
000000000.0000
000000000.0000
000000000.0000
000000000.0000
000000000.0000
000000000.0000
000000000.0000
000000000.0000
000000000.0000
000000000.0000
000000000.0000
000000000.0000
000000000.0000
000000000.0000
000000000.0000
000000000.0000
000000000.0000
000000000.0000
000000000.0000
000000000.0000
000000000.0000
000000000.0000
000000000.0001
000000000.0010
000000000.0074
000000000.0344
000000000.1171
000000000.3122
000000000.6830
000000001.2700
000000002.0650
000000003.0066
000000004.0000
000000003.0000
000000002.2549
000000001.6108
000000001.0973
000000000.7154
000000000.4482
000000000.2708
000000000.1583
000000000.0898
000000000.0495
000000000.0267
000000000.0140
000000000.0072
000000000.0037
000000000.0018
000000000.0009
000000000.0004
000000000.0002
000000000.0001
000000000.0000
000000000.0000
000000000.0000
000000000.0000
000000000.0000
000000000.0000
000000000.0000
000000000.0000
000000000.0000
000000000.0000
000000000.0000
000000000.0000
000000000.0000
000000000.0000
000000000.0000
000000000.0000
000000000.0000
000000000.0000
000000000.0000
000000000.0000
000000000.0000
000000000.0000
000000000.0000
000000000.0000
000000000.0000
000000000.0000
000000000.0000
000000000.0000
000000000.0000
000000000.0000
000000000.0000
000000000.0000
000000000.0000
000000000.0000
000000000.0000
000000000.0000
000000000.0000
000000000.0000
000000000.0000
000000000.0000
000000000.0000
000000000.0000
000000000.0000
000000000.0000
000000000.0000
000000000.0000
000000000.0000
000000000.0000
000000000.0000
000000000.0000
000000000.0000
000000000.0000
000000000.0000
000000000.0000
000000000.0000
000000000.0000
000000000.0000
000000000.0000
000000000.0000
000000000.0000
000000000.0000
000000000.0000
000000000.0000
000000000.0000
000000000.0000
000000000.0000
000000000.0000
000000000.0000
000000000.0000
000000000.0000
000000000.0001
000000000.0010
000000000.0074
000000000.0344
000000000.1171
000000000.3122
000000000.6830
000000001.2700
000000002.0650
000000003.0066
000000004.0000
000000003.0000
000000002.2549
000000001.6108
000000001.0973
000000000.7154
000000000.4482
000000000.2708
000000000.1583
000000000.0898
000000000.0495
000000000.0267
000000000.0140
000000000.0072
000000000.0037
000000000.0018
000000000.0009
000000000.0004
000000000.0002
000000000.0001
000000000.0000
000000000.0000
000000000.0000
000000000.0000
000000000.0000
000000000.0000
000000000.0000
000000000.0000
000000000.0000
000000000.0000
000000000.0000
000000000.0000
000000000.0000
000000000.0000
000000000.0000
000000000.0000
000000000.0000
000000000.0000
000000000.0000
000000000.0000
000000000.0000
000000000.0000
000000000.0000
000000000.0000
000000000.0000
000000000.0000
000000000.0000
000000000.0000
000000000.0000
000000000.0000
000000000.0000
000000000.0000
000000000.0000
000000000.0000
000000000.0000
000000000.0000
000000000.0000
000000000.0000
000000000.0000
000000000.0000
000000000.0000
000000000.0000
000000000.0000
000000000.0000
000000000.0000
000000000.0000
000000000.0000
000000000.0000
000000000.0000
000000000.0000
000000000.0000
000000000.0000
000000000.0000
000000000.0000
000000000.0000
000000000.0000
000000000.0000
000000000.0000
000000000.0000
000000000.0000
000000000.0000
000000000.0000
000000000.0000
000000000.0000
000000000.0000
000000000.0000
000000000.0000
000000000.0000
000000000.0000
000000000.0000
000000000.0001
000000000.0010
000000000.0074
000000000.0344
000000000.1171
000000000.3122
000000000.6830
000000001.2700
000000002.0650
000000003.0066
000000004.0000
000000003.0000
000000002.2549
000000001.6108
000000001.0973
000000000.7154
000000000.4482
000000000.2708
000000000.1583
000000000.0898
000000000.0495
000000000.0267
000000000.0140
000000000.0072
000000000.0037
000000000.0018
000000000.0009
000000000.0004
000000000.0002
000000000.0001
000000000.0000
000000000.0000
000000000.0000
000000000.0000
000000000.0000
000000000.0000
000000000.0000
000000000.0000
000000000.0000
000000000.0000
000000000.0000
000000000.0000
000000000.0000
000000000.0000
000000000.0000
000000000.0000
000000000.0000
000000000.0000
000000000.0000
000000000.0000
000000000.0000
000000000.0000
000000000.0000
000000000.0000
000000000.0000
000000000.0000
000000000.0000
000000000.0000
000000000.0000
000000000.0000
000000000.0000
000000000.0000
000000000.0000
000000000.0000
000000000.0000
000000000.0000
000000000.0000
000000000.0000
000000000.0000
000000000.0000
000000000.0000
000000000.0000
000000000.0000
000000000.0000
000000000.0000
000000000.0000
000000000.0000
000000000.0000
000000000.0000
000000000.0000
000000000.0000
000000000.0000
000000000.0000
000000000.0000
000000000.0000
000000000.0000
000000000.0000
000000000.0000
000000000.0000
000000000.0000
000000000.0000
000000000.0000
000000000.0000
000000000.0000
000000000.0000
000000000.0000
000000000.0000
000000000.0000
000000000.0000
000000000.0000
000000000.0001
000000000.0010
000000000.0074
000000000.0344
000000000.1171
000000000.3122
000000000.6830
000000001.2700
000000002.0650
000000003.0066
000000004.0000
000000003.0000
000000002.2549
000000001.6108
000000001.0973
000000000.7154
000000000.4482
000000000.2708
000000000.1583
000000000.0898
000000000.0495
000000000.0267
000000000.0140
000000000.0072
000000000.0037
000000000.0018
000000000.0009
000000000.0004
000000000.0002
000000000.0001
000000000.0000
000000000.0000
000000000.0000
000000000.0000
000000000.0000
000000000.0000
000000000.0000
000000000.0000
000000000.0000
000000000.0000
000000000.0000
000000000.0000
000000000.0000
000000000.0000
000000000.0000
000000000.0000
000000000.0000
000000000.0000
000000000.0000
000000000.0000
000000000.0000
000000000.0000
000000000.0000
000000000.0000
000000000.0000
000000000.0000
000000000.0000
000000000.0000
000000000.0000
000000000.0000
000000000.0000
000000000.0000
000000000.0000
000000000.0000
000000000.0000
000000000.0000
000000000.0000
000000000.0000
000000000.0000
000000000.0000
000000000.0000
000000000.0000
000000000.0000
000000000.0000
000000000.0000
000000000.0000
000000000.0000
000000000.0000
000000000.0000
000000000.0000
000000000.0000
000000000.0000
000000000.0000
000000000.0000
000000000.0000
000000000.0000
000000000.0000
000000000.0000
000000000.0000
000000000.0000
000000000.0000
000000000.0000
000000000.0000
000000000.0000
000000000.0000
000000000.0000
000000000.0000
000000000.0000
000000000.0000
000000000.0000
000000000.0001
000000000.0010
000000000.0074
000000000.0344
000000000.1171
000000000.3122
000000000.6830
000000001.2700
000000002.0650
000000003.0066
000000004.0000
000000003.0000
000000002.2549
000000001.6108
000000001.0973
000000000.7154
000000000.4482
000000000.2708
000000000.1583
000000000.0898
000000000.0495
000000000.0267
000000000.0140
000000000.0072
000000000.0037
000000000.0018
000000000.0009
000000000.0004
000000000.0002
000000000.0001
000000000.0000
000000000.0000
000000000.0000
000000000.0000
000000000.0000
000000000.0000
000000000.0000
000000000.0000
000000000.0000
000000000.0000
000000000.0000
000000000.0000
000000000.0000
000000000.0000
000000000.0000
000000000.0000
000000000.0000
000000000.0000
000000000.0000
000000000.0000
000000000.0000
000000000.0000
000000000.0000
000000000.0000
000000000.0000
000000000.0000
000000000.0000
000000000.0000
000000000.0000
000000000.0000
000000000.0000
000000000.0000
000000000.0000
000000000.0000
000000000.0000
000000000.0000
000000000.0000
000000000.0000
000000000.0000
000000000.0000
000000000.0000
000000000.0000
000000000.0000
000000000.0000
000000000.0000
000000000.0000
000000000.0000
000000000.0000
000000000.0000
000000000.0000
000000000.0000
000000000.0000
000000000.0000
000000000.0000
000000000.0000
000000000.0000
000000000.0000
000000000.0000
000000000.0000
000000000.0000
000000000.0000
000000000.0000
000000000.0000
000000000.0000
000000000.0000
000000000.0000
000000000.0000
000000000.0000
000000000.0000
000000000.0000
000000000.0001
000000000.0010
000000000.0074
000000000.0344
000000000.1171
000000000.3122
000000000.6830
000000001.2700
000000002.0650
000000003.0066
000000004.0000
000000003.0000
000000002.2549
000000001.6108
000000001.0973
000000000.7154
000000000.4482
000000000.2708
000000000.1583
000000000.0898
000000000.0495
000000000.0267
000000000.0140
000000000.0072
000000000.0037
000000000.0018
000000000.0009
000000000.0004
000000000.0002
000000000.0001
000000000.0000
000000000.0000
000000000.0000
000000000.0000
000000000.0000
000000000.0000
000000000.0000
000000000.0000
000000000.0000
000000000.0000
000000000.0000
000000000.0000
000000000.0000
000000000.0000
000000000.0000
000000000.0000
000000000.0000
000000000.0000
000000000.0000
000000000.0000
000000000.0000
000000000.0000
000000000.0000
000000000.0000
000000000.0000
000000000.0000
000000000.0000
000000000.0000
000000000.0000
000000000.0000
000000000.0000
000000000.0000
000000000.0000
000000000.0000
000000000.0000
000000000.0000
000000000.0000
000000000.0000
000000000.0000
000000000.0000
000000000.0000
000000000.0000
000000000.0000
000000000.0000
000000000.0000
000000000.0000
000000000.0000
000000000.0000
000000000.0000
000000000.0000
000000000.0000
000000000.0000
000000000.0000
000000000.0000
000000000.0000
000000000.0000
000000000.0000
000000000.0000
000000000.0000
000000000.0000
000000000.0000
000000000.0000
000000000.0000
000000000.0000
000000000.0000
000000000.0000
000000000.0000
000000000.0000
000000000.0000
000000000.0000
000000000.0001
000000000.0010
000000000.0074
000000000.0344
000000000.1171
000000000.3122
000000000.6830
000000001.2700
000000002.0650
000000003.0066
000000004.0000
000000003.0000
000000002.2549
000000001.6108
000000001.0973
000000000.7154
000000000.4482
000000000.2708
000000000.1583
000000000.0898
000000000.0495
000000000.0267
000000000.0140
000000000.0072
000000000.0037
000000000.0018
000000000.0009
000000000.0004
000000000.0002
000000000.0001
000000000.0000
000000000.0000
000000000.0000
000000000.0000
000000000.0000
000000000.0000
000000000.0000
000000000.0000
000000000.0000
000000000.0000
000000000.0000
000000000.0000
000000000.0000
000000000.0000
000000000.0000
000000000.0000
000000000.0000
000000000.0000
000000000.0000
000000000.0000
000000000.0000
000000000.0000
000000000.0000
000000000.0000
000000000.0000
000000000.0000
000000000.0000
000000000.0000
000000000.0000
000000000.0000
000000000.0000
000000000.0000
000000000.0000
000000000.0000
000000000.0000
000000000.0000
000000000.0000
000000000.0000
000000000.0000
000000000.0000
000000000.0000
000000000.0000
000000000.0000
000000000.0000
000000000.0000
000000000.0000
000000000.0000
000000000.0000
000000000.0000
000000000.0000
000000000.0000
000000000.0000
000000000.0000
000000000.0000
000000000.0000
000000000.0000
000000000.0000
000000000.0000
000000000.0000
000000000.0000
000000000.0000
000000000.0000
000000000.0000
000000000.0000
000000000.0000
000000000.0000
000000000.0000
000000000.0000
000000000.0000
000000000.0000
000000000.0001
000000000.0010
000000000.0074
000000000.0344
000000000.1171
000000000.3122
000000000.6830
000000001.2700
000000002.0650
000000003.0066
000000004.0000
000000003.0000
000000002.2549
000000001.6108
000000001.0973
000000000.7154
000000000.4482
000000000.2708
000000000.1583
000000000.0898
000000000.0495
000000000.0267
000000000.0140
000000000.0072
000000000.0037
000000000.0018
000000000.0009
000000000.0004
000000000.0002
000000000.0001
000000000.0000
000000000.0000
000000000.0000
000000000.0000
000000000.0000
000000000.0000
000000000.0000
000000000.0000
000000000.0000
000000000.0000
000000000.0000
000000000.0000
000000000.0000
000000000.0000
000000000.0000
000000000.0000
000000000.0000
000000000.0000
000000000.0000
000000000.0000
000000000.0000
000000000.0000
000000000.0000
000000000.0000
000000000.0000
000000000.0000
000000000.0000
000000000.0000
000000000.0000
000000000.0000
000000000.0000
000000000.0000
000000000.0000
000000000.0000
000000000.0000
000000000.0000
000000000.0000
000000000.0000
000000000.0000
000000000.0000
000000000.0000
000000000.0000
000000000.0000
000000000.0000
000000000.0000
000000000.0000
000000000.0000
000000000.0000
000000000.0000
000000000.0000
000000000.0000
000000000.0000
000000000.0000
000000000.0000
000000000.0000
000000000.0000
000000000.0000
000000000.0000
000000000.0000
000000000.0000
000000000.0000
000000000.0000
000000000.0000
000000000.0000
000000000.0000
000000000.0000
000000000.0000
000000000.0000
000000000.0000
000000000.0000
000000000.0001
000000000.0010
000000000.0074
000000000.0344
000000000.1171
000000000.3122
000000000.6830
000000001.2700
000000002.0650
000000003.0066
000000004.0000
000000003.0000
000000002.2549
000000001.6108
000000001.0973
000000000.7154
000000000.4482
000000000.2708
000000000.1583
000000000.0898
000000000.0495
000000000.0267
000000000.0140
000000000.0072
000000000.0037
000000000.0018
000000000.0009
000000000.0004
000000000.0002
000000000.0001
000000000.0000
000000000.0000
000000000.0000
000000000.0000
000000000.0000
000000000.0000
000000000.0000
000000000.0000
000000000.0000
000000000.0000
000000000.0000
000000000.0000
000000000.0000
000000000.0000
000000000.0000
000000000.0000
000000000.0000
000000000.0000
000000000.0000
000000000.0000
000000000.0000
000000000.0000
000000000.0000
000000000.0000
000000000.0000
000000000.0000
000000000.0000
000000000.0000
000000000.0000
000000000.0000
000000000.0000
000000000.0000
000000000.0000
000000000.0000
000000000.0000
000000000.0000
000000000.0000
000000000.0000
000000000.0000
000000000.0000
000000000.0000
000000000.0000
000000000.0000
000000000.0000
000000000.0000
000000000.0000
000000000.0000
000000000.0000
000000000.0000
000000000.0000
000000000.0000
000000000.0000
000000000.0000
000000000.0000
000000000.0000
000000000.0000
000000000.0000
000000000.0000
000000000.0000
000000000.0000
000000000.0000
000000000.0000
000000000.0000
000000000.0000
000000000.0000
000000000.0000
000000000.0000
000000000.0000
000000000.0000
000000000.0000
000000000.0001
000000000.0010
000000000.0074
000000000.0344
000000000.1171
000000000.3122
000000000.6830
000000001.2700
000000002.0650
000000003.0066
000000004.0000
000000003.0000
000000002.2549
000000001.6108
000000001.0973
000000000.7154
000000000.4482
000000000.2708
000000000.1583
000000000.0898
000000000.0495
000000000.0267
000000000.0140
000000000.0072
000000000.0037
000000000.0018
000000000.0009
000000000.0004
000000000.0002
000000000.0001
000000000.0000
000000000.0000
000000000.0000
000000000.0000
000000000.0000
000000000.0000
000000000.0000
000000000.0000
000000000.0000
000000000.0000
000000000.0000
000000000.0000
000000000.0000
000000000.0000
000000000.0000
000000000.0000
000000000.0000
000000000.0000
000000000.0000
000000000.0000
000000000.0000
000000000.0000
000000000.0000
000000000.0000
000000000.0000
000000000.0000
000000000.0000
000000000.0000
000000000.0000
000000000.0000
000000000.0000
000000000.0000
000000000.0000
000000000.0000
000000000.0000
000000000.0000
000000000.0000
000000000.0000
000000000.0000
000000000.0000
000000000.0000
000000000.0000
000000000.0000
000000000.0000
000000000.0000
000000000.0000
000000000.0000
000000000.0000
000000000.0000
000000000.0000
000000000.0000
000000000.0000
000000000.0000
000000000.0000
000000000.0000
000000000.0000
000000000.0000
000000000.0000
000000000.0000
000000000.0000
000000000.0000
000000000.0000
000000000.0000
000000000.0000
000000000.0000
000000000.0000
000000000.0000
000000000.0000
000000000.0000
000000000.0000
000000000.0001
000000000.0010
000000000.0074
000000000.0344
000000000.1171
000000000.3122
000000000.6830
000000001.2700
000000002.0650
000000003.0066
000000004.0000
000000003.0000
000000002.2549
000000001.6108
000000001.0973
000000000.7154
000000000.4482
000000000.2708
000000000.1583
000000000.0898
000000000.0495
000000000.0267
000000000.0140
000000000.0072
000000000.0037
000000000.0018
000000000.0009
000000000.0004
000000000.0002
000000000.0001
000000000.0000
000000000.0000
000000000.0000
000000000.0000
000000000.0000
000000000.0000
000000000.0000
000000000.0000
000000000.0000
000000000.0000
000000000.0000
000000000.0000
000000000.0000
000000000.0000
000000000.0000
000000000.0000
000000000.0000
000000000.0000
000000000.0000
000000000.0000
000000000.0000
000000000.0000
000000000.0000
000000000.0000
000000000.0000
000000000.0000
000000000.0000
000000000.0000
000000000.0000
000000000.0000
000000000.0000
000000000.0000
000000000.0000
000000000.0000
000000000.0000
000000000.0000
000000000.0000
000000000.0000
000000000.0000
000000000.0000
000000000.0000
000000000.0000
000000000.0000
000000000.0000
000000000.0000
000000000.0000
000000000.0000
000000000.0000
000000000.0000
000000000.0000
000000000.0000
000000000.0000
000000000.0000
000000000.0000
000000000.0000
000000000.0000
000000000.0000
000000000.0000
000000000.0000
000000000.0000
000000000.0000
000000000.0000
000000000.0000
000000000.0000
000000000.0000
000000000.0000
000000000.0000
000000000.0000
000000000.0000
000000000.0000
000000000.0001
000000000.0010
000000000.0074
000000000.0344
000000000.1171
000000000.3122
000000000.6830
000000001.2700
000000002.0650
000000003.0066
000000004.0000
000000003.0000
000000002.2549
000000001.6108
000000001.0973
000000000.7154
000000000.4482
000000000.2708
000000000.1583
000000000.0898
000000000.0495
000000000.0267
000000000.0140
000000000.0072
000000000.0037
000000000.0018
000000000.0009
000000000.0004
000000000.0002
000000000.0001
000000000.0000
000000000.0000
000000000.0000
000000000.0000
000000000.0000
000000000.0000
000000000.0000
000000000.0000
000000000.0000
000000000.0000
000000000.0000
000000000.0000
000000000.0000
000000000.0000
000000000.0000
000000000.0000
000000000.0000
000000000.0000
000000000.0000
000000000.0000
000000000.0000
000000000.0000
000000000.0000
000000000.0000
000000000.0000
000000000.0000
000000000.0000
000000000.0000
000000000.0000
000000000.0000
000000000.0000
000000000.0000
000000000.0000
000000000.0000
000000000.0000
000000000.0000
000000000.0000
000000000.0000
000000000.0000
000000000.0000
000000000.0000
000000000.0000
000000000.0000
000000000.0000
000000000.0000
000000000.0000
000000000.0000
000000000.0000
000000000.0000
000000000.0000
000000000.0000
000000000.0000
000000000.0000
000000000.0000
000000000.0000
000000000.0000
000000000.0000
000000000.0000
000000000.0000
000000000.0000
000000000.0000
000000000.0000
000000000.0000
000000000.0000
000000000.0000
000000000.0000
000000000.0000
000000000.0000
000000000.0000
000000000.0000
000000000.0001
000000000.0010
000000000.0074
000000000.0344
000000000.1171
000000000.3122
000000000.6830
000000001.2700
000000002.0650
000000003.0066
000000004.0000
000000003.0000
000000002.2549
000000001.6108
000000001.0973
000000000.7154
000000000.4482
000000000.2708
000000000.1583
000000000.0898
000000000.0495
000000000.0267
000000000.0140
000000000.0072
000000000.0037
000000000.0018
000000000.0009
000000000.0004
000000000.0002
000000000.0001
000000000.0000
000000000.0000
000000000.0000
000000000.0000
000000000.0000
000000000.0000
000000000.0000
000000000.0000
000000000.0000
000000000.0000
000000000.0000
000000000.0000
000000000.0000
000000000.0000
000000000.0000
000000000.0000
000000000.0000
000000000.0000
000000000.0000
000000000.0000
000000000.0000
000000000.0000
000000000.0000
000000000.0000
000000000.0000
000000000.0000
000000000.0000
000000000.0000
000000000.0000
000000000.0000
000000000.0000
000000000.0000
000000000.0000
000000000.0000
000000000.0000
000000000.0000
000000000.0000
000000000.0000
000000000.0000
000000000.0000
000000000.0000
000000000.0000
000000000.0000
000000000.0000
000000000.0000
000000000.0000
000000000.0000
000000000.0000
000000000.0000
000000000.0000
000000000.0000
000000000.0000
000000000.0000
000000000.0000
000000000.0000
000000000.0000
000000000.0000
000000000.0000
000000000.0000
000000000.0000
000000000.0000
000000000.0000
000000000.0000
000000000.0000
000000000.0000
000000000.0000
000000000.0000
000000000.0000
000000000.0000
000000000.0000
000000000.0001
000000000.0010
000000000.0074
000000000.0344
000000000.1171
000000000.3122
000000000.6830
000000001.2700
000000002.0650
000000003.0066
000000004.0000
000000003.0000
000000002.2549
000000001.6108
000000001.0973
000000000.7154
000000000.4482
000000000.2708
000000000.1583
000000000.0898
000000000.0495
000000000.0267
000000000.0140
000000000.0072
000000000.0037
000000000.0018
000000000.0009
000000000.0004
000000000.0002
000000000.0001
000000000.0000
000000000.0000
000000000.0000
000000000.0000
000000000.0000
000000000.0000
000000000.0000
000000000.0000
000000000.0000
000000000.0000
000000000.0000
000000000.0000
000000000.0000
000000000.0000
000000000.0000
000000000.0000
000000000.0000
000000000.0000
000000000.0000
000000000.0000
000000000.0000
000000000.0000
000000000.0000
000000000.0000
000000000.0000
000000000.0000
000000000.0000
000000000.0000
000000000.0000
000000000.0000
000000000.0000
000000000.0000
000000000.0000
000000000.0000
000000000.0000
000000000.0000
000000000.0000
000000000.0000
000000000.0000
000000000.0000
000000000.0000
000000000.0000
000000000.0000
000000000.0000
000000000.0000
000000000.0000
000000000.0000
000000000.0000
000000000.0000
000000000.0000
000000000.0000
000000000.0000
000000000.0000
000000000.0000
000000000.0000
000000000.0000
000000000.0000
000000000.0000
000000000.0000
000000000.0000
000000000.0000
000000000.0000
000000000.0000
000000000.0000
000000000.0000
000000000.0000
000000000.0000
000000000.0000
000000000.0000
000000000.0000
000000000.0001
000000000.0010
000000000.0074
000000000.0344
000000000.1171
000000000.3122
000000000.6830
000000001.2700
000000002.0650
000000003.0066
000000004.0000
000000003.0000
000000002.2549
000000001.6108
000000001.0973
000000000.7154
000000000.4482
000000000.2708
000000000.1583
000000000.0898
000000000.0495
000000000.0267
000000000.0140
000000000.0072
000000000.0037
000000000.0018
000000000.0009
000000000.0004
000000000.0002
000000000.0001
000000000.0000
000000000.0000
000000000.0000
000000000.0000
000000000.0000
000000000.0000
000000000.0000
000000000.0000
000000000.0000
000000000.0000
000000000.0000
000000000.0000
000000000.0000
000000000.0000
000000000.0000
000000000.0000
000000000.0000
000000000.0000
000000000.0000
000000000.0000
000000000.0000
000000000.0000
000000000.0000
000000000.0000
000000000.0000
000000000.0000
000000000.0000
000000000.0000
000000000.0000
000000000.0000
000000000.0000
000000000.0000
000000000.0000
000000000.0000
000000000.0000
000000000.0000
000000000.0000
000000000.0000
000000000.0000
000000000.0000
000000000.0000
000000000.0000
000000000.0000
000000000.0000
000000000.0000
000000000.0000
000000000.0000
000000000.0000
000000000.0000
000000000.0000
000000000.0000
000000000.0000
000000000.0000
000000000.0000
000000000.0000
000000000.0000
000000000.0000
000000000.0000
000000000.0000
000000000.0000
000000000.0000
000000000.0000
000000000.0000
000000000.0000
000000000.0000
000000000.0000
000000000.0000
000000000.0000
000000000.0000
000000000.0000
000000000.0001
000000000.0010
000000000.0074
000000000.0344
000000000.1171
000000000.3122
000000000.6830
000000001.2700
000000002.0650
000000003.0066
000000004.0000
000000003.0000
000000002.2549
000000001.6108
000000001.0973
000000000.7154
000000000.4482
000000000.2708
000000000.1583
000000000.0898
000000000.0495
000000000.0267
000000000.0140
000000000.0072
000000000.0037
000000000.0018
000000000.0009
000000000.0004
000000000.0002
000000000.0001
000000000.0000
000000000.0000
000000000.0000
000000000.0000
000000000.0000
000000000.0000
000000000.0000
000000000.0000
000000000.0000
000000000.0000
000000000.0000
000000000.0000
000000000.0000
000000000.0000
000000000.0000
000000000.0000
000000000.0000
000000000.0000
000000000.0000
000000000.0000
000000000.0000
000000000.0000
000000000.0000
000000000.0000
000000000.0000
000000000.0000
000000000.0000
000000000.0000
000000000.0000
000000000.0000
000000000.0000
000000000.0000
000000000.0000
000000000.0000
000000000.0000
000000000.0000
000000000.0000
000000000.0000
000000000.0000
000000000.0000
000000000.0000
000000000.0000
000000000.0000
000000000.0000
000000000.0000
000000000.0000
000000000.0000
000000000.0000
000000000.0000
000000000.0000
000000000.0000
000000000.0000
000000000.0000
000000000.0000
000000000.0000
000000000.0000
000000000.0000
000000000.0000
000000000.0000
000000000.0000
000000000.0000
000000000.0000
000000000.0000
000000000.0000
000000000.0000
000000000.0000
000000000.0000
000000000.0000
000000000.0000
000000000.0000
000000000.0001
000000000.0010
000000000.0074
000000000.0344
000000000.1171
000000000.3122
000000000.6830
000000001.2700
000000002.0650
000000003.0066
000000004.0000
000000003.0000
000000002.2549
000000001.6108
000000001.0973
000000000.7154
000000000.4482
000000000.2708
000000000.1583
000000000.0898
000000000.0495
000000000.0267
000000000.0140
000000000.0072
000000000.0037
000000000.0018
000000000.0009
000000000.0004
000000000.0002
000000000.0001
000000000.0000
000000000.0000
000000000.0000
000000000.0000
000000000.0000
000000000.0000
000000000.0000
000000000.0000
000000000.0000
000000000.0000
000000000.0000
000000000.0000
000000000.0000
000000000.0000
000000000.0000
000000000.0000
000000000.0000
000000000.0000
000000000.0000
000000000.0000
000000000.0000
000000000.0000
000000000.0000
000000000.0000
000000000.0000
000000000.0000
000000000.0000
000000000.0000
000000000.0000
000000000.0000
000000000.0000
000000000.0000
000000000.0000
000000000.0000
000000000.0000
000000000.0000
000000000.0000
000000000.0000
000000000.0000
000000000.0000
000000000.0000
000000000.0000
000000000.0000
000000000.0000
000000000.0000
000000000.0000
000000000.0000
000000000.0000
000000000.0000
000000000.0000
000000000.0000
000000000.0000
000000000.0000
000000000.0000
000000000.0000
000000000.0000
000000000.0000
000000000.0000
000000000.0000
000000000.0000
000000000.0000
000000000.0000
000000000.0000
000000000.0000
000000000.0000
000000000.0000
000000000.0000
000000000.0000
000000000.0000
000000000.0000
000000000.0001
000000000.0010
000000000.0074
000000000.0344
000000000.1171
000000000.3122
000000000.6830
000000001.2700
000000002.0650
000000003.0066
000000004.0000
000000003.0000
000000002.2549
000000001.6108
000000001.0973
000000000.7154
000000000.4482
000000000.2708
000000000.1583
000000000.0898
000000000.0495
000000000.0267
000000000.0140
000000000.0072
000000000.0037
000000000.0018
000000000.0009
000000000.0004
000000000.0002
000000000.0001
000000000.0000
000000000.0000
000000000.0000
000000000.0000
000000000.0000
000000000.0000
000000000.0000
000000000.0000
000000000.0000
000000000.0000
000000000.0000
000000000.0000
000000000.0000
000000000.0000
000000000.0000
000000000.0000
000000000.0000
000000000.0000
000000000.0000
000000000.0000
000000000.0000
000000000.0000
000000000.0000
000000000.0000
000000000.0000
000000000.0000
000000000.0000
000000000.0000
000000000.0000
000000000.0000
000000000.0000
000000000.0000
000000000.0000
000000000.0000
000000000.0000
000000000.0000
000000000.0000
000000000.0000
000000000.0000
000000000.0000
000000000.0000
000000000.0000
000000000.0000
000000000.0000
000000000.0000
000000000.0000
000000000.0000
000000000.0000
000000000.0000
000000000.0000
000000000.0000
000000000.0000
000000000.0000
000000000.0000
000000000.0000
000000000.0000
000000000.0000
000000000.0000
000000000.0000
000000000.0000
000000000.0000
000000000.0000
000000000.0000
000000000.0000
000000000.0000
000000000.0000
000000000.0000
000000000.0000
000000000.0000
000000000.0000
000000000.0001
000000000.0010
000000000.0074
000000000.0344
000000000.1171
000000000.3122
000000000.6830
000000001.2700
000000002.0650
000000003.0066
000000004.0000
000000003.0000
000000002.2549
000000001.6108
000000001.0973
000000000.7154
000000000.4482
000000000.2708
000000000.1583
000000000.0898
000000000.0495
000000000.0267
000000000.0140
000000000.0072
000000000.0037
000000000.0018
000000000.0009
000000000.0004
000000000.0002
000000000.0001
000000000.0000
000000000.0000
000000000.0000
000000000.0000
000000000.0000
000000000.0000
000000000.0000
000000000.0000
000000000.0000
000000000.0000
000000000.0000
000000000.0000
000000000.0000
000000000.0000
000000000.0000
000000000.0000
000000000.0000
000000000.0000
000000000.0000
000000000.0000
000000000.0000
000000000.0000
000000000.0000
000000000.0000
000000000.0000
000000000.0000
000000000.0000
000000000.0000
000000000.0000
000000000.0000
000000000.0000
000000000.0000
000000000.0000
000000000.0000
000000000.0000
000000000.0000
000000000.0000
000000000.0000
000000000.0000
000000000.0000
000000000.0000
000000000.0000
000000000.0000
000000000.0000
000000000.0000
000000000.0000
000000000.0000
000000000.0000
000000000.0000
000000000.0000
000000000.0000
000000000.0000
000000000.0000
000000000.0000
000000000.0000
000000000.0000
000000000.0000
000000000.0000
000000000.0000
000000000.0000
000000000.0000
000000000.0000
000000000.0000
000000000.0000
000000000.0000
000000000.0000
000000000.0000
000000000.0000
000000000.0000
000000000.0000
000000000.0001
000000000.0010
000000000.0074
000000000.0344
000000000.1171
000000000.3122
000000000.6830
000000001.2700
000000002.0650
000000003.0066
000000004.0000
000000003.0000
000000002.2549
000000001.6108
000000001.0973
000000000.7154
000000000.4482
000000000.2708
000000000.1583
000000000.0898
000000000.0495
000000000.0267
000000000.0140
000000000.0072
000000000.0037
000000000.0018
000000000.0009
000000000.0004
000000000.0002
000000000.0001
000000000.0000
000000000.0000
000000000.0000
000000000.0000
000000000.0000
000000000.0000
000000000.0000
000000000.0000
000000000.0000
000000000.0000
000000000.0000
000000000.0000
000000000.0000
000000000.0000
000000000.0000
000000000.0000
000000000.0000
000000000.0000
000000000.0000
000000000.0000
000000000.0000
000000000.0000
000000000.0000
000000000.0000
000000000.0000
000000000.0000
000000000.0000
000000000.0000
000000000.0000
000000000.0000
000000000.0000
000000000.0000
000000000.0000
000000000.0000
000000000.0000
000000000.0000
000000000.0000
000000000.0000
000000000.0000
000000000.0000
000000000.0000
000000000.0000
000000000.0000
000000000.0000
000000000.0000
000000000.0000
000000000.0000
000000000.0000
000000000.0000
000000000.0000
000000000.0000
000000000.0000
000000000.0000
000000000.0000
000000000.0000
000000000.0000
000000000.0000
000000000.0000
000000000.0000
000000000.0000
000000000.0000
000000000.0000
000000000.0000
000000000.0000
000000000.0000
000000000.0000
000000000.0000
000000000.0000
000000000.0000
000000000.0000
000000000.0001
000000000.0010
000000000.0074
000000000.0344
000000000.1171
000000000.3122
000000000.6830
000000001.2700
000000002.0650
000000003.0066
000000004.0000
000000003.0000
000000002.2549
000000001.6108
000000001.0973
000000000.7154
000000000.4482
000000000.2708
000000000.1583
000000000.0898
000000000.0495
000000000.0267
000000000.0140
000000000.0072
000000000.0037
000000000.0018
000000000.0009
000000000.0004
000000000.0002
000000000.0001
000000000.0000
000000000.0000
000000000.0000
000000000.0000
000000000.0000
000000000.0000
000000000.0000
000000000.0000
000000000.0000
000000000.0000
000000000.0000
000000000.0000
000000000.0000
000000000.0000
000000000.0000
000000000.0000
000000000.0000
000000000.0000
000000000.0000
000000000.0000
000000000.0000
000000000.0000
000000000.0000
000000000.0000
000000000.0000
000000000.0000
000000000.0000
000000000.0000
000000000.0000
000000000.0000
000000000.0000
000000000.0000
000000000.0000
000000000.0000
000000000.0000
000000000.0000
000000000.0000
000000000.0000
000000000.0000
000000000.0000
000000000.0000
000000000.0000
000000000.0000
000000000.0000
000000000.0000
000000000.0000
000000000.0000
000000000.0000
000000000.0000
000000000.0000
000000000.0000
000000000.0000
000000000.0000
000000000.0000
000000000.0000
000000000.0000
000000000.0000
000000000.0000
000000000.0000
000000000.0000
000000000.0000
000000000.0000
000000000.0000
000000000.0000
000000000.0000
000000000.0000
000000000.0000
000000000.0000
000000000.0000
000000000.0000
000000000.0001
000000000.0010
000000000.0074
000000000.0344
000000000.1171
000000000.3122
000000000.6830
000000001.2700
000000002.0650
000000003.0066
000000004.0000
000000003.0000
000000002.2549
000000001.6108
000000001.0973
000000000.7154
000000000.4482
000000000.2708
000000000.1583
000000000.0898
000000000.0495
000000000.0267
000000000.0140
000000000.0072
000000000.0037
000000000.0018
000000000.0009
000000000.0004
000000000.0002
000000000.0001
000000000.0000
000000000.0000
000000000.0000
000000000.0000
000000000.0000
000000000.0000
000000000.0000
000000000.0000
000000000.0000
000000000.0000
000000000.0000
000000000.0000
000000000.0000
000000000.0000
000000000.0000
000000000.0000
000000000.0000
000000000.0000
000000000.0000
000000000.0000
000000000.0000
000000000.0000
000000000.0000
000000000.0000
000000000.0000
000000000.0000
000000000.0000
000000000.0000
000000000.0000
000000000.0000
000000000.0000
000000000.0000
000000000.0000
000000000.0000
000000000.0000
000000000.0000
000000000.0000
000000000.0000
000000000.0000
000000000.0000
000000000.0000
000000000.0000
000000000.0000
000000000.0000
000000000.0000
000000000.0000
000000000.0000
000000000.0000
000000000.0000
000000000.0000
000000000.0000
000000000.0000
000000000.0000
000000000.0000
000000000.0000
000000000.0000
000000000.0000
000000000.0000
000000000.0000
000000000.0000
000000000.0000
000000000.0000
000000000.0000
000000000.0000
000000000.0000
000000000.0000
000000000.0000
000000000.0000
000000000.0000
000000000.0000
000000000.0001
000000000.0010
000000000.0074
000000000.0344
000000000.1171
000000000.3122
000000000.6830
000000001.2700
000000002.0650
000000003.0066
000000004.0000
000000003.0000
000000002.2549
000000001.6108
000000001.0973
000000000.7154
000000000.4482
000000000.2708
000000000.1583
000000000.0898
000000000.0495
000000000.0267
000000000.0140
000000000.0072
000000000.0037
000000000.0018
000000000.0009
000000000.0004
000000000.0002
000000000.0001
000000000.0000
000000000.0000
000000000.0000
000000000.0000
000000000.0000
000000000.0000
000000000.0000
000000000.0000
000000000.0000
000000000.0000
000000000.0000
000000000.0000
000000000.0000
000000000.0000
000000000.0000
000000000.0000
000000000.0000
000000000.0000
000000000.0000
000000000.0000
000000000.0000
000000000.0000
000000000.0000
000000000.0000
000000000.0000
000000000.0000
000000000.0000
000000000.0000
000000000.0000
000000000.0000
000000000.0000
000000000.0000
000000000.0000
000000000.0000
000000000.0000
000000000.0000
000000000.0000
000000000.0000
000000000.0000
000000000.0000
000000000.0000
000000000.0000
000000000.0000
000000000.0000
000000000.0000
000000000.0000
000000000.0000
000000000.0000
000000000.0000
000000000.0000
000000000.0000
000000000.0000
000000000.0000
000000000.0000
000000000.0000
000000000.0000
000000000.0000
000000000.0000
000000000.0000
000000000.0000
000000000.0000
000000000.0000
000000000.0000
000000000.0000
000000000.0000
000000000.0000
000000000.0000
000000000.0000
000000000.0000
000000000.0000
000000000.0001
000000000.0010
000000000.0074
000000000.0344
000000000.1171
000000000.3122
000000000.6830
000000001.2700
000000002.0650
000000003.0066
000000004.0000
000000003.0000
000000002.2549
000000001.6108
000000001.0973
000000000.7154
000000000.4482
000000000.2708
000000000.1583
000000000.0898
000000000.0495
000000000.0267
000000000.0140
000000000.0072
000000000.0037
000000000.0018
000000000.0009
000000000.0004
000000000.0002
000000000.0001
000000000.0000
000000000.0000
000000000.0000
000000000.0000
000000000.0000
000000000.0000
000000000.0000
000000000.0000
000000000.0000
000000000.0000
000000000.0000
000000000.0000
000000000.0000
000000000.0000
000000000.0000
000000000.0000
000000000.0000
000000000.0000
000000000.0000
000000000.0000
000000000.0000
000000000.0000
000000000.0000
000000000.0000
000000000.0000
000000000.0000
000000000.0000
000000000.0000
000000000.0000
000000000.0000
000000000.0000
000000000.0000
000000000.0000
000000000.0000
000000000.0000
000000000.0000
000000000.0000
000000000.0000
000000000.0000
000000000.0000
000000000.0000
000000000.0000
000000000.0000
000000000.0000
000000000.0000
000000000.0000
000000000.0000
000000000.0000
000000000.0000
000000000.0000
000000000.0000
000000000.0000
000000000.0000
000000000.0000
000000000.0000
000000000.0000
000000000.0000
000000000.0000
000000000.0000
000000000.0000
000000000.0000
000000000.0000
000000000.0000
000000000.0000
000000000.0000
000000000.0000
000000000.0000
000000000.0000
000000000.0000
000000000.0000
000000000.0001
000000000.0010
000000000.0074
000000000.0344
000000000.1171
000000000.3122
000000000.6830
000000001.2700
000000002.0650
000000003.0066
000000004.0000
000000003.0000
000000002.2549
000000001.6108
000000001.0973
000000000.7154
000000000.4482
000000000.2708
000000000.1583
000000000.0898
000000000.0495
000000000.0267
000000000.0140
000000000.0072
000000000.0037
000000000.0018
000000000.0009
000000000.0004
000000000.0002
000000000.0001
000000000.0000
000000000.0000
000000000.0000
000000000.0000
000000000.0000
000000000.0000
000000000.0000
000000000.0000
000000000.0000
000000000.0000
000000000.0000
000000000.0000
000000000.0000
000000000.0000
000000000.0000
000000000.0000
000000000.0000
000000000.0000
000000000.0000
000000000.0000
000000000.0000
000000000.0000
000000000.0000
000000000.0000
000000000.0000
000000000.0000
000000000.0000
000000000.0000
000000000.0000
000000000.0000
000000000.0000
000000000.0000
000000000.0000
000000000.0000
000000000.0000
000000000.0000
000000000.0000
000000000.0000
000000000.0000
000000000.0000
000000000.0000
000000000.0000
000000000.0000
000000000.0000
000000000.0000
000000000.0000
000000000.0000
000000000.0000
000000000.0000
000000000.0000
000000000.0000
000000000.0000
000000000.0000
000000000.0000
000000000.0000
000000000.0000
000000000.0000
000000000.0000
000000000.0000
000000000.0000
000000000.0000
000000000.0000
000000000.0000
000000000.0000
000000000.0000
000000000.0000
000000000.0000
000000000.0000
000000000.0000
000000000.0000
000000000.0001
000000000.0010
000000000.0074
000000000.0344
000000000.1171
000000000.3122
000000000.6830
000000001.2700
000000002.0650
000000003.0066
000000004.0000
000000003.0000
000000002.2549
000000001.6108
000000001.0973
000000000.7154
000000000.4482
000000000.2708
000000000.1583
000000000.0898
000000000.0495
000000000.0267
000000000.0140
000000000.0072
000000000.0037
000000000.0018
000000000.0009
000000000.0004
000000000.0002
000000000.0001
000000000.0000
000000000.0000
000000000.0000
000000000.0000
000000000.0000
000000000.0000
000000000.0000
000000000.0000
000000000.0000
000000000.0000
000000000.0000
000000000.0000
000000000.0000
000000000.0000
000000000.0000
000000000.0000
000000000.0000
000000000.0000
000000000.0000
000000000.0000
000000000.0000
000000000.0000
000000000.0000
000000000.0000
000000000.0000
000000000.0000
000000000.0000
000000000.0000
000000000.0000
000000000.0000
000000000.0000
000000000.0000
000000000.0000
000000000.0000
000000000.0000
000000000.0000
000000000.0000
000000000.0000
000000000.0000
000000000.0000
000000000.0000
000000000.0000
000000000.0000
000000000.0000
000000000.0000
000000000.0000
000000000.0000
000000000.0000
000000000.0000
000000000.0000
000000000.0000
000000000.0000
000000000.0000
000000000.0000
000000000.0000
000000000.0000
000000000.0000
000000000.0000
000000000.0000
000000000.0000
000000000.0000
000000000.0000
000000000.0000
000000000.0000
000000000.0000
000000000.0000
000000000.0000
000000000.0000
000000000.0000
000000000.0000
000000000.0001
000000000.0010
000000000.0074
000000000.0344
000000000.1171
000000000.3122
000000000.6830
000000001.2700
000000002.0650
000000003.0066
000000004.0000
000000003.0000
000000002.2549
000000001.6108
000000001.0973
000000000.7155
000000000.4482
000000000.2708
000000000.1583
000000000.0898
000000000.0496
000000000.0267
000000000.0141
000000000.0073
000000000.0037
000000000.0018
000000000.0009
000000000.0005
000000000.0002
000000000.0001
000000000.0001
000000000.0001
000000000.0000
000000000.0000
000000000.0000
000000000.0000
000000000.0000
000000000.0000
000000000.0000
000000000.0000
000000000.0000
000000000.0000
000000000.0000
000000000.0000
000000000.0000
000000000.0000
000000000.0000
000000000.0000
000000000.0000
000000000.0000
000000000.0000
000000000.0000
000000000.0000
000000000.0000
000000000.0000
000000000.0000
000000000.0000
000000000.0000
000000000.0000
000000000.0000
000000000.0000
000000000.0000
000000000.0000
000000000.0000
000000000.0000
000000000.0000
000000000.0000
000000000.0000
000000000.0000
000000000.0000
000000000.0000
000000000.0000
000000000.0000
000000000.0000
000000000.0000
000000000.0000
000000000.0000
000000000.0000
000000000.0000
000000000.0000
000000000.0000
000000000.0000
000000000.0000
000000000.0000
000000000.0000
000000000.0000
000000000.0000
000000000.0000
000000000.0000
000000000.0000
000000000.0000
000000000.0000
000000000.0000
000000000.0000
000000000.0000
000000000.0000
000000000.0000
000000000.0000
000000000.0000
000000000.0000
000000000.0001
000000000.0010
000000000.0074
000000000.0344
000000000.1171
000000000.3123
000000000.6831
000000001.2701
000000002.0651
000000003.0066
000000004.0000
000000003.0000
000000002.2550
000000001.6109
000000001.0975
000000000.7158
000000000.4486
000000000.2712
000000000.1587
000000000.0902
000000000.0500
000000000.0272
000000000.0145
000000000.0077
000000000.0042
000000000.0023
000000000.0014
000000000.0009
000000000.0007
000000000.0006
000000000.0006
000000000.0005
000000000.0005
000000000.0005
000000000.0005
000000000.0005
000000000.0005
000000000.0005
000000000.0005
000000000.0005
000000000.0005
000000000.0005
000000000.0005
000000000.0005
000000000.0005
000000000.0005
000000000.0005
000000000.0005
000000000.0005
000000000.0005
000000000.0005
000000000.0005
000000000.0005
000000000.0005
000000000.0005
000000000.0005
000000000.0005
000000000.0005
000000000.0005
000000000.0005
000000000.0005
000000000.0005
000000000.0005
000000000.0005
000000000.0005
000000000.0005
000000000.0005
000000000.0005
000000000.0005
000000000.0005
000000000.0005
000000000.0005
000000000.0005
000000000.0005
000000000.0005
000000000.0005
000000000.0005
000000000.0005
000000000.0005
000000000.0005
000000000.0005
000000000.0005
000000000.0005
000000000.0005
000000000.0005
000000000.0005
000000000.0005
000000000.0005
000000000.0005
000000000.0005
000000000.0005
000000000.0005
000000000.0005
000000000.0005
000000000.0005
000000000.0005
000000000.0005
000000000.0005
000000000.0005
000000000.0005
000000000.0006
000000000.0015
000000000.0079
000000000.0349
000000000.1176
000000000.3127
000000000.6835
000000001.2705
000000002.0655
000000003.0070
000000004.0000
000000003.0000
000000002.2554
000000001.6119
000000001.0991
000000000.7179
000000000.4511
000000000.2740
000000000.1617
000000000.0933
000000000.0532
000000000.0303
000000000.0177
000000000.0109
000000000.0073
000000000.0055
000000000.0046
000000000.0041
000000000.0039
000000000.0038
000000000.0037
000000000.0037
000000000.0037
000000000.0037
000000000.0037
000000000.0037
000000000.0037
000000000.0037
000000000.0037
000000000.0037
000000000.0037
000000000.0037
000000000.0037
000000000.0037
000000000.0037
000000000.0037
000000000.0037
000000000.0037
000000000.0037
000000000.0037
000000000.0037
000000000.0037
000000000.0037
000000000.0037
000000000.0037
000000000.0037
000000000.0037
000000000.0037
000000000.0037
000000000.0037
000000000.0037
000000000.0037
000000000.0037
000000000.0037
000000000.0037
000000000.0037
000000000.0037
000000000.0037
000000000.0037
000000000.0037
000000000.0037
000000000.0037
000000000.0037
000000000.0037
000000000.0037
000000000.0037
000000000.0037
000000000.0037
000000000.0037
000000000.0037
000000000.0037
000000000.0037
000000000.0037
000000000.0037
000000000.0037
000000000.0037
000000000.0037
000000000.0037
000000000.0037
000000000.0037
000000000.0037
000000000.0037
000000000.0037
000000000.0037
000000000.0037
000000000.0037
000000000.0037
000000000.0037
000000000.0037
000000000.0037
000000000.0037
000000000.0047
000000000.0110
000000000.0380
000000000.1208
000000000.3159
000000000.6867
000000001.2737
000000002.0684
000000003.0089
000000004.0000
000000003.0000
000000002.2575
000000001.6167
000000001.1064
000000000.7273
000000000.4621
000000000.2860
000000000.1744
000000000.1064
000000000.0664
000000000.0437
000000000.0311
000000000.0244
000000000.0208
000000000.0190
000000000.0181
000000000.0176
000000000.0174
000000000.0173
000000000.0172
000000000.0172
000000000.0172
000000000.0172
000000000.0172
000000000.0172
000000000.0172
000000000.0172
000000000.0172
000000000.0172
000000000.0172
000000000.0172
000000000.0172
000000000.0172
000000000.0172
000000000.0172
000000000.0172
000000000.0172
000000000.0172
000000000.0172
000000000.0172
000000000.0172
000000000.0172
000000000.0172
000000000.0172
000000000.0172
000000000.0172
000000000.0172
000000000.0172
000000000.0172
000000000.0172
000000000.0172
000000000.0172
000000000.0172
000000000.0172
000000000.0172
000000000.0172
000000000.0172
000000000.0172
000000000.0172
000000000.0172
000000000.0172
000000000.0172
000000000.0172
000000000.0172
000000000.0172
000000000.0172
000000000.0172
000000000.0172
000000000.0172
000000000.0172
000000000.0172
000000000.0172
000000000.0172
000000000.0172
000000000.0172
000000000.0172
000000000.0172
000000000.0172
000000000.0172
000000000.0172
000000000.0172
000000000.0172
000000000.0172
000000000.0172
000000000.0172
000000000.0172
000000000.0172
000000000.0172
000000000.0172
000000000.0172
000000000.0182
000000000.0245
000000000.0515
000000000.1343
000000000.3294
000000000.7002
000000001.2867
000000002.0792
000000003.0154
000000004.0000
000000003.0000
000000002.2651
000000001.6323
000000001.1296
000000000.7567
000000000.4961
000000000.3231
000000000.2133
000000000.1465
000000000.1071
000000000.0847
000000000.0723
000000000.0657
000000000.0621
000000000.0603
000000000.0594
000000000.0590
000000000.0587
000000000.0586
000000000.0586
000000000.0586
000000000.0586
000000000.0585
000000000.0585
000000000.0585
000000000.0585
000000000.0585
000000000.0585
000000000.0585
000000000.0585
000000000.0585
000000000.0585
000000000.0585
000000000.0585
000000000.0585
000000000.0585
000000000.0585
000000000.0585
000000000.0585
000000000.0585
000000000.0585
000000000.0585
000000000.0585
000000000.0585
000000000.0585
000000000.0585
000000000.0585
000000000.0585
000000000.0585
000000000.0585
000000000.0585
000000000.0585
000000000.0585
000000000.0585
000000000.0585
000000000.0585
000000000.0585
000000000.0585
000000000.0585
000000000.0585
000000000.0585
000000000.0585
000000000.0585
000000000.0585
000000000.0585
000000000.0585
000000000.0585
000000000.0585
000000000.0585
000000000.0585
000000000.0585
000000000.0585
000000000.0585
000000000.0585
000000000.0585
000000000.0585
000000000.0585
000000000.0585
000000000.0585
000000000.0585
000000000.0585
000000000.0585
000000000.0585
000000000.0585
000000000.0585
000000000.0585
000000000.0585
000000000.0585
000000000.0585
000000000.0586
000000000.0596
000000000.0659
000000000.0929
000000000.1756
000000000.3708
000000000.7406
000000001.3231
000000002.1072
000000003.0306
000000004.0000
000000003.0000
000000002.2839
000000001.6704
000000001.1852
000000000.8266
000000000.5764
000000000.4104
000000000.3051
000000000.2409
000000000.2031
000000000.1815
000000000.1695
000000000.1630
000000000.1596
000000000.1579
000000000.1570
000000000.1565
000000000.1563
000000000.1562
000000000.1562
000000000.1561
000000000.1561
000000000.1561
000000000.1561
000000000.1561
000000000.1561
000000000.1561
000000000.1561
000000000.1561
000000000.1561
000000000.1561
000000000.1561
000000000.1561
000000000.1561
000000000.1561
000000000.1561
000000000.1561
000000000.1561
000000000.1561
000000000.1561
000000000.1561
000000000.1561
000000000.1561
000000000.1561
000000000.1561
000000000.1561
000000000.1561
000000000.1561
000000000.1561
000000000.1561
000000000.1561
000000000.1561
000000000.1561
000000000.1561
000000000.1561
000000000.1561
000000000.1561
000000000.1561
000000000.1561
000000000.1561
000000000.1561
000000000.1561
000000000.1561
000000000.1561
000000000.1561
000000000.1561
000000000.1561
000000000.1561
000000000.1561
000000000.1561
000000000.1561
000000000.1561
000000000.1561
000000000.1561
000000000.1561
000000000.1561
000000000.1561
000000000.1561
000000000.1561
000000000.1561
000000000.1561
000000000.1561
000000000.1561
000000000.1561
000000000.1561
000000000.1561
000000000.1561
000000000.1561
000000000.1561
000000000.1562
000000000.1571
000000000.1635
000000000.1905
000000000.2732
000000000.4671
000000000.8312
000000001.3997
000000002.1612
000000003.0577
000000004.0000
000000003.0000
000000002.3190
000000001.7415
000000001.2895
000000000.9581
000000000.7280
000000000.5757
000000000.4791
000000000.4200
000000000.3852
000000000.3652
000000000.3541
000000000.3480
000000000.3448
000000000.3432
000000000.3423
000000000.3419
000000000.3417
000000000.3416
000000000.3416
000000000.3415
000000000.3415
000000000.3415
000000000.3415
000000000.3415
000000000.3415
000000000.3415
000000000.3415
000000000.3415
000000000.3415
000000000.3415
000000000.3415
000000000.3415
000000000.3415
000000000.3415
000000000.3415
000000000.3415
000000000.3415
000000000.3415
000000000.3415
000000000.3415
000000000.3415
000000000.3415
000000000.3415
000000000.3415
000000000.3415
000000000.3415
000000000.3415
000000000.3415
000000000.3415
000000000.3415
000000000.3415
000000000.3415
000000000.3415
000000000.3415
000000000.3415
000000000.3415
000000000.3415
000000000.3415
000000000.3415
000000000.3415
000000000.3415
000000000.3415
000000000.3415
000000000.3415
000000000.3415
000000000.3415
000000000.3415
000000000.3415
000000000.3415
000000000.3415
000000000.3415
000000000.3415
000000000.3415
000000000.3415
000000000.3415
000000000.3415
000000000.3415
000000000.3415
000000000.3415
000000000.3415
000000000.3415
000000000.3415
000000000.3415
000000000.3415
000000000.3415
000000000.3415
000000000.3415
000000000.3415
000000000.3416
000000000.3425
000000000.3489
000000000.3759
000000000.4574
000000000.6449
000000000.9906
000000001.5252
000000002.2414
000000003.0928
000000004.0000
000000003.0000
000000002.3667
000000001.8448
000000001.4474
000000001.1613
000000000.9647
000000000.8351
000000000.7530
000000000.7026
000000000.6728
000000000.6556
000000000.6460
000000000.6408
000000000.6380
000000000.6365
000000000.6358
000000000.6354
000000000.6352
000000000.6351
000000000.6351
000000000.6350
000000000.6350
000000000.6350
000000000.6350
000000000.6350
000000000.6350
000000000.6350
000000000.6350
000000000.6350
000000000.6350
000000000.6350
000000000.6350
000000000.6350
000000000.6350
000000000.6350
000000000.6350
000000000.6350
000000000.6350
000000000.6350
000000000.6350
000000000.6350
000000000.6350
000000000.6350
000000000.6350
000000000.6350
000000000.6350
000000000.6350
000000000.6350
000000000.6350
000000000.6350
000000000.6350
000000000.6350
000000000.6350
000000000.6350
000000000.6350
000000000.6350
000000000.6350
000000000.6350
000000000.6350
000000000.6350
000000000.6350
000000000.6350
000000000.6350
000000000.6350
000000000.6350
000000000.6350
000000000.6350
000000000.6350
000000000.6350
000000000.6350
000000000.6350
000000000.6350
000000000.6350
000000000.6350
000000000.6350
000000000.6350
000000000.6350
000000000.6350
000000000.6350
000000000.6350
000000000.6350
000000000.6350
000000000.6350
000000000.6350
000000000.6350
000000000.6350
000000000.6350
000000000.6350
000000000.6350
000000000.6351
000000000.6360
000000000.6424
000000000.6685
000000000.7445
000000000.9134
000000001.2187
000000001.6888
000000002.3283
000000003.1172
000000004.0000
000000003.0000
000000002.4020
000000001.9572
000000001.6422
000000001.4244
000000001.2776
000000001.1817
000000001.1209
000000001.0835
000000001.0612
000000001.0483
000000001.0410
000000001.0370
000000001.0348
000000001.0337
000000001.0331
000000001.0328
000000001.0327
000000001.0326
000000001.0325
000000001.0325
000000001.0325
000000001.0325
000000001.0325
000000001.0325
000000001.0325
000000001.0325
000000001.0325
000000001.0325
000000001.0325
000000001.0325
000000001.0325
000000001.0325
000000001.0325
000000001.0325
000000001.0325
000000001.0325
000000001.0325
000000001.0325
000000001.0325
000000001.0325
000000001.0325
000000001.0325
000000001.0325
000000001.0325
000000001.0325
000000001.0325
000000001.0325
000000001.0325
000000001.0325
000000001.0325
000000001.0325
000000001.0325
000000001.0325
000000001.0325
000000001.0325
000000001.0325
000000001.0325
000000001.0325
000000001.0325
000000001.0325
000000001.0325
000000001.0325
000000001.0325
000000001.0325
000000001.0325
000000001.0325
000000001.0325
000000001.0325
000000001.0325
000000001.0325
000000001.0325
000000001.0325
000000001.0325
000000001.0325
000000001.0325
000000001.0325
000000001.0325
000000001.0325
000000001.0325
000000001.0325
000000001.0325
000000001.0325
000000001.0325
000000001.0325
000000001.0325
000000001.0325
000000001.0325
000000001.0325
000000001.0326
000000001.0335
000000001.0394
000000001.0620
000000001.1236
000000001.2556
000000001.4901
000000001.8543
000000002.3730
000000003.0794
000000004.0000
000000003.0000
000000002.3510
000000002.0285
000000001.8380
000000001.7160
000000001.6363
000000001.5846
000000001.5518
000000001.5315
000000001.5193
000000001.5122
000000001.5081
000000001.5059
000000001.5046
000000001.5040
000000001.5036
000000001.5035
000000001.5034
000000001.5033
000000001.5033
000000001.5033
000000001.5033
000000001.5033
000000001.5033
000000001.5033
000000001.5033
000000001.5033
000000001.5033
000000001.5033
000000001.5033
000000001.5033
000000001.5033
000000001.5033
000000001.5033
000000001.5033
000000001.5033
000000001.5033
000000001.5033
000000001.5033
000000001.5033
000000001.5033
000000001.5033
000000001.5033
000000001.5033
000000001.5033
000000001.5033
000000001.5033
000000001.5033
000000001.5033
000000001.5033
000000001.5033
000000001.5033
000000001.5033
000000001.5033
000000001.5033
000000001.5033
000000001.5033
000000001.5033
000000001.5033
000000001.5033
000000001.5033
000000001.5033
000000001.5033
000000001.5033
000000001.5033
000000001.5033
000000001.5033
000000001.5033
000000001.5033
000000001.5033
000000001.5033
000000001.5033
000000001.5033
000000001.5033
000000001.5033
000000001.5033
000000001.5033
000000001.5033
000000001.5033
000000001.5033
000000001.5033
000000001.5033
000000001.5033
000000001.5033
000000001.5033
000000001.5033
000000001.5033
000000001.5033
000000001.5033
000000001.5034
000000001.5041
000000001.5082
000000001.5222
000000001.5582
000000001.6323
000000001.7625
000000001.9696
000000002.2925
000000002.8430
000000004.0000
000000002.0000
000000002.0000
000000002.0000
000000002.0000
000000002.0000
000000002.0000
000000002.0000
000000002.0000
000000002.0000
000000002.0000
000000002.0000
000000002.0000
000000002.0000
000000002.0000
000000002.0000
000000002.0000
000000002.0000
000000002.0000
000000002.0000
000000002.0000
000000002.0000
000000002.0000
000000002.0000
000000002.0000
000000002.0000
000000002.0000
000000002.0000
000000002.0000
000000002.0000
000000002.0000
000000002.0000
000000002.0000
000000002.0000
000000002.0000
000000002.0000
000000002.0000
000000002.0000
000000002.0000
000000002.0000
000000002.0000
000000002.0000
000000002.0000
000000002.0000
000000002.0000
000000002.0000
000000002.0000
000000002.0000
000000002.0000
000000002.0000
000000002.0000
000000002.0000
000000002.0000
000000002.0000
000000002.0000
000000002.0000
000000002.0000
000000002.0000
000000002.0000
000000002.0000
000000002.0000
000000002.0000
000000002.0000
000000002.0000
000000002.0000
000000002.0000
000000002.0000
000000002.0000
000000002.0000
000000002.0000
000000002.0000
000000002.0000
000000002.0000
000000002.0000
000000002.0000
000000002.0000
000000002.0000
000000002.0000
000000002.0000
000000002.0000
000000002.0000
000000002.0000
000000002.0000
000000002.0000
000000002.0000
000000002.0000
000000002.0000
000000002.0000
000000002.0000
000000002.0000
000000002.0000
000000002.0000
000000002.0000
000000002.0000
000000002.0000
000000002.0000
000000002.0000
000000002.0000
000000002.0000
000000002.0000
000000002.0000
