0.000092410354
0.000126448671
0.000167171345
0.000365174031
0.000392560450
0.000408298619
0.000476409793
0.000557140949
0.000581841134
0.000617384953
0.000684065835
0.000898604766
0.001143494530
0.001264413651
0.001424141218
0.001462446569
0.001498754217
0.001838370415
0.001854262988
0.001864664453
0.001930535020
0.002065742603
0.002259805357
0.002488127853
0.002504937845
0.002583518880
0.002703158408
0.002803939369
0.002839676122
0.003009520762
0.003013419342
0.003121129045
0.003147539305
0.003315650930
0.003409970983
0.003440157207
0.003462905916
0.003473632129
0.003510486667
0.003543108333
0.003571591635
0.003585857528
0.003627557032
0.003828504673
0.003832100541
0.003899762749
0.004001647915
0.004003964738
0.004123278593
0.004260440570
0.004283284257
0.004311277329
0.004325338614
0.004325608627
0.004362503123
0.004470384046
0.004580353224
0.004600601204
0.004771839987
0.004954035653
0.005031855783
0.005160261818
0.005353269205
0.005371415975
0.005399089291
0.005413326380
0.005435213030
0.005772056402
0.005932164958
0.006001063410
0.006136477091
0.006209492199
0.006279224118
0.006362251667
0.006495366980
0.006578741021
0.006829789626
0.006832207532
0.006855646835
0.006866750903
0.006904092450
0.006939587059
0.007058973205
0.007169829407
0.007193680797
0.007255046836
0.007312979525
0.007445399078
0.007464680288
0.007538872636
0.007607644310
0.007971363586
0.008100039810
0.008257308884
0.008520657807
0.008594789467
0.008610167810
0.008674811110
0.008693180095
0.008880650542
0.008937984021
0.009012928341
0.009034237159
0.009127234675
0.009201589318
0.009425212748
0.009634495132
0.009677093677
0.009697274358
0.009702480172
0.009721299539
0.009994013326
0.010064952719
0.010270867902
0.010433508887
0.010462016225
0.010574883691
0.010758453026
0.010771249474
0.010933825427
0.010940000027
0.011063812545
0.011512808401
0.011583514716
0.011624344449
0.011672018379
0.011919692227
0.012087370672
0.012155081586
0.012239547226
0.012448138245
0.012484793767
0.012616996925
0.012677059874
0.012740231165
0.012777873480
0.012840175411
0.012993752010
0.013059243133
0.013137605386
0.013547346109
0.013798972000
0.013815038712
0.013921863856
0.013940881753
0.014287238162
0.014444346552
0.014455464951
0.014460397129
0.014494511569
0.014510027119
0.014581287330
0.014615572934
0.015205161825
0.015293249499
0.015373115170
0.015650858001
0.015663153095
0.015713475241
0.015764363297
0.015808747686
0.015858108620
0.015871355866
0.015963026188
0.015997401246
0.016190853548
0.016370960225
0.016401958625
0.016487285583
0.016510187212
0.016591863216
0.016690663371
0.016711315335
0.016741759674
0.016757417821
0.016932013310
0.016988289053
0.016988673953
0.017187655208
0.017201313555
0.017233385745
0.017302760045
0.017328038463
0.017337798004
0.017468900653
0.017540125141
0.017584808757
0.017641735696
0.017743896554
0.017785729764
0.017938536972
0.018083210914
0.018103546827
0.018235583838
0.018273503277
0.018290680022
0.018342291157
0.018383112714
0.018499885483
0.018508984140
0.018525440830
0.018560403149
0.018622267759
0.018675094182
0.018790200523
0.018900423334
0.019057167383
0.019079436907
0.019282722883
0.019330483891
0.019565462524
0.019572760033
0.019686460228
0.019729761303
0.019810911924
0.019915025283
0.020111735337
0.020251073674
0.020306588132
0.020436925109
0.020485807086
0.020656823830
0.020698006448
0.020717782713
0.020962439067
0.020989241760
0.020992479378
0.021083167240
0.021105261389
0.021178569120
0.021280532297
0.021288535476
0.021356379699
0.021826385398
0.021865951422
0.021940485234
0.021951330695
0.021976988726
0.022039419183
0.022342130414
0.022447322943
0.022529553981
0.022555389594
0.022565148279
0.022622690154
0.022727221486
0.022919214583
0.022990934437
0.023152139674
0.023181437972
0.023228440104
0.023237844785
0.023518962948
0.023670936541
0.023678390416
0.023699529912
0.023715618880
0.023719485620
0.023988249554
0.024321955006
0.024425307950
0.024526521175
0.024541219043
0.024541275870
0.024552302269
0.024556592863
0.024557016740
0.024629182475
0.024650361229
0.024755785065
0.025143323224
0.025179344564
0.025289211951
0.025389906193
0.025403372660
0.025425425514
0.025648994725
0.025832274484
0.025955066464
0.025971893630
0.026195113197
0.026201521551
0.026232224580
0.026238994501
0.026267459260
0.026268566963
0.026807241614
0.026890953595
0.026897214403
0.027167006279
0.027214029740
0.027406262634
0.027505659012
0.027515246464
0.027977362991
0.028181120435
0.028321005157
0.028350312995
0.028426158828
0.028621791862
0.028627607289
0.028694437818
0.028931865101
0.028935569756
0.029139176873
0.029448501687
0.029639888356
0.029715957869
0.029852571442
0.029956624654
0.030076331969
0.030185456542
0.030189189623
0.030191559607
0.030223023958
0.030318591272
0.030421374858
0.030483775697
0.030488955891
0.030515858385
0.030521649120
0.030579213460
0.030602660953
0.030636771086
0.030641778438
0.030682092262
0.030928213618
0.031029838276
0.031147897484
0.031188360572
0.031420681722
0.031434414256
0.031753549062
0.031839210172
0.031874775021
0.031922064402
0.032035250721
0.032047629705
0.032174425057
0.032302682689
0.032350885359
0.032407853671
0.032770217421
0.032874111066
0.032977483530
0.033091993677
0.033095921067
0.033130941945
0.033299215784
0.033352465662
0.033381524059
0.033386755032
0.033465485975
0.033493928437
0.033643309112
0.033730556658
0.033821907765
0.033838446331
0.034001024133
0.034052320274
0.034176286232
0.034195008860
0.034274359379
0.034283881515
0.034314061730
0.034346401402
0.034382097387
0.034383808648
0.034535887384
0.034552602872
0.034687855937
0.034780106448
0.034884856743
0.034899553954
0.034946631214
0.035034992410
0.035172833024
0.035182896886
0.035205879544
0.035211362883
0.035225808610
0.035396007298
0.035696762862
0.035839224697
0.035883008708
0.035966816790
0.035971700738
0.035977526183
0.035995948690
0.036100606980
0.036113101510
0.036323090735
0.036548560651
0.036600945453
0.036688936739
0.037126257642
0.037195833210
0.037340123414
0.037374549221
0.037570080963
0.037678591302
0.037828016777
0.037861063016
0.037933866660
0.037951498863
0.037983827895
0.038086971448
0.038094727883
0.038142509487
0.038162180704
0.038176149689
0.038184688199
0.038186414897
0.038211623235
0.038234543291
0.038296116492
0.038401727398
0.038417440179
0.038456188412
0.038711920781
0.038748603378
0.039098870431
0.039169874333
0.039405915056
0.039409430597
0.039465953270
0.039540879434
0.039578624989
0.039588903427
0.039777048601
0.039913888698
0.039940090486
0.040009356050
0.040061204318
0.040132258454
0.040172147515
0.040269014550
0.040296654972
0.040358689387
0.040538724796
0.040724799168
0.041038512419
0.041198409331
0.041230750743
0.041231957405
0.041235147214
0.041363260710
0.041433863870
0.041434837104
0.041519579073
0.041574574830
0.041637236244
0.042094952912
0.042322467817
0.042478897593
0.042482187584
0.042741684475
0.042820758326
0.042955958397
0.043151644970
0.043185369693
0.043238551435
0.043242637106
0.043371436881
0.043426196541
0.043434880496
0.043462675805
0.043617483138
0.043624591953
0.043768251769
0.043876052273
0.043971348137
0.043988147416
0.044098016889
0.044139367502
0.044241539686
0.044243869057
0.044347152009
0.044383710136
0.044520006659
0.044526240553
0.044766735449
0.044783705173
0.044866488613
0.045174206249
0.045183913164
0.045325045340
0.045487893408
0.045682159102
0.045709004317
0.045777635696
0.045814135599
0.045920429451
0.046059711315
0.046179995471
0.046265674668
0.046283366358
0.046489453094
0.046957210928
0.046999998587
0.047113361725
0.047174491125
0.047215515422
0.047355998686
0.047498885493
0.047555620849
0.047767346557
0.047862268870
0.047943974161
0.047995710289
0.048146575997
0.048185130802
0.048203407947
0.048349889795
0.048612266965
0.048669644732
0.048866746668
0.048869146429
0.048893104711
0.049083320914
0.049590592434
0.049691365015
0.049785297643
0.049900162074
0.049931005382
0.049950433403
0.050131960855
0.050145679395
0.050371847525
0.050419866222
0.050738808933
0.050937602924
0.051048094435
0.051093949910
0.051641582833
0.052128783671
0.052131067313
0.052156033102
0.052171346781
0.052288780829
0.052629331849
0.052745229613
0.052755162270
0.052859947951
0.052887812679
0.052894379305
0.052934235036
0.052978866632
0.053000719230
0.053054733106
0.053091397829
0.053146379749
0.053167092747
0.053247722173
0.053255183373
0.053407256163
0.053409357867
0.053424295846
0.053538446245
0.053613425625
0.053770721495
0.053779716661
0.053888070251
0.054552562817
0.054904721319
0.054946954878
0.055177598092
0.055319687656
0.055332401741
0.055370739722
0.055391404733
0.055422161552
0.055531592639
0.055920373744
0.056017761623
0.056369699526
0.056475847393
0.056481219070
0.056549564043
0.056581310172
0.056600182851
0.056605801146
0.056734391739
0.056835915734
0.056871150342
0.056874251142
0.057190483182
0.057335781838
0.057429907019
0.057523235896
0.057563151842
0.057764867555
0.057784966795
0.057799419242
0.057820742341
0.058220777603
0.058228549455
0.058349357935
0.058355816762
0.058487717640
0.058564161233
0.058626939914
0.058645825269
0.058698834580
0.059120915592
0.059209878553
0.059210175553
0.059463742405
0.059503749794
0.059512488560
0.059736699484
0.059870332097
0.060070018985
0.060173637235
0.060174512315
0.060284463631
0.060304297222
0.060536385993
0.061088341643
0.061326474726
0.061351020407
0.061417000121
0.061609499714
0.061617889737
0.061960622443
0.062301832705
0.062422435605
0.062526704379
0.062681206617
0.062783606268
0.062903978460
0.062939206647
0.062993330522
0.062994563363
0.063023985944
0.063229140458
0.063281631924
0.063292250642
0.063367425603
0.063430331223
0.063453194918
0.063649647440
0.063722919849
0.063792031144
0.063871086196
0.063896807441
0.063946352242
0.063985636101
0.064138544918
0.064185844522
0.064268324233
0.064563134719
0.064599943199
0.064622136111
0.064724308106
0.064821311281
0.064930913933
0.065019697289
0.065244491494
0.065273073817
0.065394299117
0.065471563525
0.065526006016
0.065558032964
0.065651103430
0.065823356585
0.066113871208
0.066181842702
0.066303651444
0.066340035790
0.066363231691
0.066600109964
0.066672334286
0.066674170922
0.066831190703
0.066847772180
0.066850456234
0.066913256851
0.066956146764
0.067037597668
0.067089742528
0.067107225519
0.067170139664
0.067300327448
0.067334653782
0.067374724677
0.067624662096
0.067670280552
0.067676692828
0.067771292949
0.067804284074
0.067825071287
0.068054444484
0.068196624038
0.068256716341
0.068296610599
0.068394416874
0.068526320842
0.068549899279
0.068550648806
0.068665066370
0.068798513429
0.068818778320
0.068864895922
0.068872094862
0.068995480220
0.069005309535
0.069032482185
0.069094903017
0.069115482113
0.069242257387
0.069283876555
0.069547390548
0.069574609376
0.069609036932
0.069797367474
0.069921074273
0.069994481296
0.070049456561
0.070136484581
0.070175366695
0.070224267923
0.070264389060
0.070548966960
0.070570367773
0.070792153406
0.070909427145
0.070912880516
0.071012292647
0.071031776334
0.071068575708
0.071164485733
0.071212320390
0.071314903736
0.071407942887
0.071494175978
0.071544097976
0.071593139677
0.071752023159
0.071818473415
0.071878204734
0.071933288151
0.072315505333
0.072370432959
0.072591962426
0.072640001452
0.072879503837
0.073040686333
0.073057000201
0.073147115384
0.073244792027
0.073334882912
0.073502539606
0.073586357451
0.073591393502
0.073802959635
0.073830084987
0.073922517496
0.074258832025
0.074275748254
0.074418894277
0.074452326381
0.074600074890
0.074978536545
0.074982121685
0.075217367754
0.075376567339
0.075441974477
0.075676615763
0.075700183425
0.075771901270
0.075807389905
0.075878921729
0.075957046942
0.075973571986
0.076540612429
0.076657255128
0.076679535411
0.076725329915
0.076754438608
0.076788906115
0.076884356634
0.077105554543
0.077317390509
0.077465225963
0.077487262243
0.077649400114
0.077692286126
0.077881241186
0.077974640423
0.078246540373
0.078327525444
0.078367958289
0.078373046052
0.078382720781
0.078509159406
0.078655984846
0.078852854460
0.078955834542
0.079034266287
0.079087300081
0.079281824461
0.079304419350
0.079469074947
0.079564438010
0.079607808895
0.079843265698
0.079896313352
0.080008587278
0.080024910251
0.080060814865
0.080249168766
0.080401383484
0.080438482634
0.080464032938
0.080465071934
0.080470188682
0.080508001987
0.080630643110
0.081054932255
0.081115392983
0.081139429001
0.081223190396
0.081269085339
0.081481257839
0.081516158227
0.081556224714
0.081595248638
0.081605606297
0.081638429322
0.081790085309
0.081832814934
0.081842980132
0.081987965285
0.081991718875
0.082185921001
0.082232794802
0.082268475216
0.082459216914
0.082459451977
0.082502657494
0.082539376608
0.082569849167
0.082616719727
0.082707107157
0.082743865401
0.082796223806
0.082844952148
0.083008798385
0.083081645544
0.083547459179
0.083564698001
0.083581076555
0.083692428007
0.083894332494
0.084172987981
0.084199004829
0.084329384952
0.084340317666
0.084370617588
0.084587998673
0.084689387427
0.084815665946
0.084887687467
0.085026096305
0.085033080045
0.085107569782
0.085137891840
0.085291109064
0.085302405212
0.085374409437
0.085378813208
0.085421929918
0.085491991439
0.085580195432
0.085662982648
0.085809932666
0.086037124559
0.086045118242
0.086063132856
0.086086439787
0.086110434181
0.086129499150
0.086277383836
0.086308299278
0.086360242660
0.086393391210
0.086436330840
0.086459891729
0.086630932804
0.086717394541
0.087181765696
0.087232097894
0.087232408368
0.087245098578
0.087334027971
0.087364305445
0.087378653843
0.087471636208
0.087531945586
0.087710113704
0.087723003465
0.087850181990
0.087871966165
0.087893807689
0.087991895965
0.088017054141
0.088185260351
0.088291551577
0.088337259438
0.088348087850
0.088582040437
0.088619876164
0.088823078295
0.088880868899
0.089210915365
0.089311303010
0.089334802680
0.089365184653
0.089373329864
0.089410199491
0.089448268256
0.089544856696
0.089638796496
0.089766068005
0.089826525552
0.089846409568
0.089883479253
0.089892647311
0.089930867382
0.090033640139
0.090256998971
0.090382477090
0.090437709502
0.090462091182
0.090540129730
0.090649706101
0.090848632514
0.090872153655
0.090981726007
0.091043822597
0.091122497491
0.091150715366
0.091276552376
0.091286612959
0.091291516095
0.091321397941
0.092031914873
0.092145733892
0.092220213111
0.092266584332
0.092358559711
0.092374538786
0.092388227463
0.092427079854
0.092689070527
0.092700016327
0.092742261191
0.092765583105
0.092767345993
0.092886835137
0.092891300575
0.093020195041
0.093104644711
0.093108085319
0.093134021191
0.093255830685
0.093390579739
0.093459494965
0.093619986219
0.093772644241
0.093792855433
0.093905145247
0.094282887210
0.094434831903
0.094453080864
0.094634628832
0.094640088684
0.094718333915
0.094723865438
0.094743243995
0.094786100897
0.094840049883
0.094899105931
0.094980737656
0.095017127311
0.095044919436
0.095057949364
0.095088464205
0.095288796889
0.095389256716
0.095439608296
0.095447162194
0.095549759174
0.095812604990
0.095833835015
0.095843625289
0.095879010561
0.095882143040
0.095894724082
0.096031633296
0.096060727416
0.096066730691
0.096090711563
0.096277243242
0.096332760403
0.096380727438
0.096728124612
0.096734969106
0.096803148474
0.096821537440
0.097269317015
0.097299033664
0.097495260733
0.097559373372
0.097568494335
0.097574278959
0.097781426902
0.097841041641
0.097870590929
0.097952425875
0.098031925182
0.098033278437
0.098033498379
0.098049811201
0.098100859292
0.098475441198
0.098568768160
0.098709189596
0.098722606906
0.098759167338
0.098923074749
0.098934838634
0.099071839000
0.099154056013
0.099228067213
0.099334534295
0.099375725291
0.099403822040
0.099467569014
0.099488328211
0.099533578833
0.099552009544
0.099629986880
0.099651398957
0.099686836699
0.099789500869
0.099893458686
0.100153081841
0.100202485409
0.100292857919
0.100552779054
0.100798719677
0.101035853417
0.101061322019
0.101199117427
0.101249677437
0.101416789075
0.101433568293
0.101534582704
0.101776504066
0.102043020136
0.102054819117
0.102379512239
0.102464077559
0.102522505566
0.102544121700
0.102553019009
0.102773957684
0.103064343941
0.103250484276
0.103408247462
0.103638930480
0.103672203321
0.103700075231
0.104254758412
0.104387263712
0.104592156578
0.104646180995
0.104925168451
0.104945398660
0.105220774651
0.105261838049
0.105338895939
0.105406100913
0.105451277996
0.105456141569
0.105461975798
0.105475229887
0.105550236859
0.105665962990
0.105692684651
0.105803774213
0.105857674368
0.105874066052
0.105965734897
0.106176977876
0.106282748793
0.106323043427
0.106394112325
0.106528832254
0.107297249460
0.107298479060
0.107319737249
0.107623092703
0.107749861050
0.107769678104
0.107830593954
0.107835755485
0.107877822300
0.107887939848
0.107910283256
0.108120967097
0.108362776619
0.108441270823
0.108587593611
0.108631859255
0.108677115658
0.108680657471
0.108843409120
0.108950865752
0.109001136284
0.109353004580
0.109668236554
0.109738122132
0.109772941256
0.109840109134
0.110074108059
0.110076966086
0.110262305875
0.110390504533
0.110406341453
0.110469223314
0.110534405803
0.110728149651
0.110734612342
0.110769224746
0.110865242864
0.110969183986
0.111003984005
0.111245204426
0.111256200384
0.111387255922
0.111400802884
0.111595920780
0.111738251192
0.111769580848
0.111844537565
0.111931844517
0.111940953041
0.111976451479
0.112295767980
0.112315617534
0.112412962307
0.112612456240
0.112638047246
0.112791528418
0.112840187998
0.113236730709
0.113533980639
0.113555745981
0.113713431013
0.113721704778
0.113960494390
0.114090212514
0.114195097977
0.114281149026
0.114451822124
0.114574820842
0.114825806456
0.114868583985
0.114873469410
0.114898789992
0.114917216524
0.114949503587
0.114974556284
0.115228546473
0.115688264094
0.115750513532
0.115751436144
0.115850455092
0.116183017077
0.116356806026
0.116500384706
0.116721251531
0.116760153238
0.116765754500
0.116768864579
0.116879341360
0.117049114927
0.117140043416
0.117216547887
0.117266629787
0.117471681073
0.117590989798
0.117893595839
0.117952494762
0.118063473263
0.118188879637
0.118212071858
0.118489368547
0.118578946469
0.118743598931
0.118768521672
0.119178122937
0.119267538739
0.119269784977
0.119382388129
0.119528123623
0.119601874821
0.119661830335
0.119752763517
0.119841381368
0.120148484442
0.120420880077
0.120481570530
0.120482255097
0.120732134048
0.120863670214
0.120883601524
0.120892671917
0.120930348658
0.121006248779
0.121209380617
0.121311068881
0.121504517256
0.121605299958
0.121757401782
0.121774135450
0.121832196765
0.121950731335
0.122029678106
0.122042611739
0.122128566425
0.122147844901
0.122254437701
0.122326763255
0.122382088979
0.122450808795
0.122532085847
0.122587746705
0.122723251595
0.122760563738
0.122897164941
0.122910298179
0.123116972481
0.123154647815
0.123379770438
0.123494186827
0.123584128956
0.123633413401
0.123714037758
0.123722783527
0.124018502828
0.124219274186
0.124236370360
0.124248862763
0.124310965420
0.124420958057
0.124550534542
0.124559648717
0.124581444103
0.125305929659
0.125382066521
0.125514886659
0.125597348976
0.125621948858
0.125639195455
0.125670822262
0.125675576851
0.125721067234
0.125721188525
0.126080960745
0.126099056518
0.126251566787
0.126275949928
0.126399749854
0.126425965648
0.126647179731
0.126788189101
0.126797495145
0.126891261283
0.126939497252
0.127330875623
0.127811260573
0.127843012587
0.127888963493
0.128077434225
0.128179885704
0.128191775062
0.128316398802
0.128356584111
0.128456387032
0.128598215052
0.128695179791
0.128739287061
0.128759733615
0.128798916768
0.128907271884
0.128986026554
0.129020558413
0.129047140540
0.129128722332
0.129324086261
0.129463139027
0.129633347683
0.129649468098
0.129996485054
0.130176141452
0.130260129287
0.130347825558
0.130774157065
0.130778060613
0.130904400962
0.130922119323
0.130960589990
0.130970208772
0.131039997115
0.131172494607
0.131223025733
0.131373444871
0.131526267541
0.131611948555
0.131700603462
0.131852669100
0.131890297422
0.131939194288
0.131999407425
0.132040339173
0.132057971843
0.132126291143
0.132193659435
0.132354183434
0.132369853723
0.132426603002
0.132511878822
0.132540865183
0.132566581836
0.132573952456
0.132709466344
0.132783549195
0.132854966745
0.132902760589
0.133194676816
0.133332431883
0.133473559686
0.133671087706
0.133801588565
0.133812393343
0.133942555026
0.134135458498
0.134187300222
0.134241283091
0.134272271051
0.134486922180
0.134611027257
0.134815156710
0.134854145665
0.134877255921
0.134963603759
0.135179377357
0.135495028049
0.135610728460
0.135638728661
0.135648840030
0.135948247146
0.136143197947
0.136469432570
0.136503802262
0.136571862295
0.136596687570
0.136601906805
0.136776137899
0.136863981350
0.136903142343
0.136990641399
0.137019314865
0.137051665032
0.137137602122
0.137271955455
0.137302123236
0.137550620110
0.137624494841
0.137696385813
0.137846907052
0.137915188834
0.137989302192
0.138061827759
0.138184224188
0.138239166770
0.138256483140
0.138261521557
0.138274681859
0.138323361202
0.138340045036
0.138429120594
0.138499660162
0.138546429848
0.138606422182
0.138627305211
0.138637643704
0.138660047983
0.138712335085
0.138836060518
0.138946495207
0.139352898944
0.139376753954
0.139390366504
0.139424200326
0.139441430420
0.139507500100
0.139547005877
0.139643297973
0.139653780689
0.139666241327
0.139675236841
0.139920685856
0.140038304676
0.140127450414
0.140347019920
0.140404101593
0.141133794656
0.141235791865
0.141308321158
0.141397688162
0.141539449672
0.141570836196
0.141651377127
0.141981640877
0.142098798090
0.142142079959
0.142385646291
0.142395081520
0.142515208228
0.142617623432
0.142654126897
0.142665936590
0.142743368589
0.142805208924
0.143008056947
0.143269761706
0.143288374942
0.143327374377
0.143356132966
0.143523713257
0.143820312586
0.144001093205
0.144086726340
0.144166971195
0.144187813853
0.144204004535
0.144220845540
0.144228068097
0.144247911878
0.144266191521
0.144421960621
0.144434709251
0.144521683422
0.144641649255
0.144695836092
0.144851332886
0.144974218304
0.145018149082
0.145039609837
0.145162507519
0.145222532927
0.145246380398
0.145316487759
0.145743399172
0.145879718782
0.145903221794
0.145953484648
0.145982289530
0.146305806079
0.146407503183
0.146583006217
0.146725993704
0.146931269221
0.147081920907
0.147256640054
0.147287719868
0.147406578309
0.147485354633
0.147499297314
0.147755017672
0.147793580648
0.147836317454
0.147936353930
0.147988843134
0.148045741716
0.148165003996
0.148207396894
0.148288767873
0.148329337693
0.148431911188
0.148605374758
0.148711579103
0.148754413887
0.148782080050
0.148980970997
0.149039937394
0.149242678720
0.149480760534
0.149589641410
0.149637219756
0.149645555228
0.149673243603
0.149701902768
0.149990816542
0.150057731394
0.150182374480
0.150304323380
0.150349159003
0.150362405484
0.150810375998
0.150821802260
0.150895917049
0.151023726953
0.151064942783
0.151088534359
0.151384655896
0.151482937905
0.151500692558
0.151669881670
0.152218106049
0.152362241963
0.152674205236
0.152796925347
0.152904855711
0.153120250065
0.153146810924
0.153228497803
0.153333304358
0.153461596338
0.153470633080
0.153522752462
0.153580185142
0.153582117846
0.153847703400
0.154093959999
0.154096635352
0.154265818914
0.154322579286
0.154327741409
0.154501465170
0.154538357640
0.154700474182
0.154770902180
0.154834039055
0.155069095767
0.155100522320
0.155144035155
0.155159636385
0.155267412401
0.155286475990
0.155319665180
0.155396417651
0.155408231218
0.155506888123
0.155535462881
0.155585905295
0.155611300808
0.155636628327
0.155667125381
0.155862583933
0.155864697131
0.155878114100
0.155889560606
0.156008889020
0.156401195959
0.156536043660
0.156559730681
0.156582556006
0.156636469309
0.156689305755
0.156779073993
0.157147677798
0.157152756047
0.157183939102
0.157312422635
0.157316628858
0.157376517544
0.157387898706
0.157550457310
0.157609566704
0.157695495016
0.157784636939
0.157801525425
0.157819406439
0.158192251640
0.158213936411
0.158446425679
0.158558758535
0.158570443670
0.158614594218
0.158786017508
0.158824749077
0.158940403409
0.158946693424
0.158986215477
0.159018204136
0.159177755896
0.159211204081
0.159235994078
0.159329845766
0.159398160342
0.159404238867
0.159464004387
0.159535493308
0.159635731375
0.159755864832
0.159838858948
0.159875433046
0.159907593646
0.159912239887
0.159954611361
0.159993406737
0.160074734527
0.160152894461
0.160156061987
0.160170242925
0.160202887428
0.160259950715
0.160270297095
0.160327755272
0.160408413613
0.160711595130
0.160882677849
0.161057936014
0.161197105266
0.161226204124
0.161322995259
0.161337106207
0.161361391868
0.161418075859
0.161562387982
0.161665748023
0.161693628688
0.161873465809
0.162154917085
0.162268493274
0.162283829174
0.162452061315
0.162576975894
0.162591322129
0.162619852786
0.162794208700
0.162811352178
0.162813281996
0.162837194229
0.162935458800
0.163028720293
0.163073097841
0.163169534653
0.163260712302
0.163282960876
0.163355017499
0.163378257962
0.163413714495
0.163556077804
0.163586910163
0.163608795873
0.163639551598
0.163658507593
0.163787885700
0.163819458170
0.163889344486
0.164048845110
0.164085416377
0.164138184212
0.164212238057
0.164217814344
0.164314418205
0.164349593757
0.164413952412
0.164420393167
0.164984353075
0.165039448436
0.165129755552
0.165195521821
0.165212177317
0.165260745293
0.165515929181
0.165584924975
0.165882244351
0.165899072838
0.166063176346
0.166162339139
0.166276107498
0.166280311096
0.166349536201
0.166424594878
0.166674471116
0.166703182532
0.166724852739
0.166759108732
0.166928482026
0.167009489848
0.167210121829
0.167435039288
0.167594254898
0.167618385055
0.167745965466
0.167766167959
0.167976125005
0.168260642786
0.168344080257
0.168372874733
0.168489250462
0.168534707396
0.168692783466
0.168693208314
0.168732220286
0.168747046085
0.168756144325
0.168881007275
0.169009442860
0.169189036487
0.169397284444
0.169420768713
0.169429804577
0.169497487697
0.169507906430
0.169856758021
0.169857248899
0.169916388712
0.169979268039
0.170012569993
0.170057372675
0.170061148939
0.170129309237
0.170189447322
0.170240465419
0.170256451097
0.170292680812
0.170306459671
0.170343964379
0.170487483796
0.170570006291
0.170729929700
0.170767490892
0.170974483649
0.171069832035
0.171218325984
0.171254248604
0.171420046885
0.171448357704
0.171470083301
0.171473415968
0.171786219723
0.171905235241
0.172060076203
0.172075626705
0.172168158559
0.172279605553
0.172297570451
0.172303622849
0.172496822724
0.172521770879
0.172758152083
0.172808176390
0.172824812385
0.172924706176
0.172948530527
0.172964664752
0.173070040486
0.173132331937
0.173194805721
0.173331011758
0.173383592369
0.173546062133
0.173591588787
0.173667699832
0.173679667148
0.173710379328
0.173793572786
0.173894398601
0.173972342920
0.173995176369
0.174091265426
0.174234165013
0.174386460381
0.174974703209
0.175008546991
0.175018124715
0.175180335982
0.175193081347
0.175295735249
0.175335783106
0.175354535712
0.175605423394
0.175640734382
0.175718858283
0.175847430333
0.175861237059
0.175899314370
0.176241950307
0.176273788323
0.176633550478
0.176763419775
0.176826617224
0.176831946112
0.176948667746
0.177001582031
0.177011594863
0.177097166990
0.177132108353
0.177159642725
0.177292713001
0.177436442511
0.177601470587
0.177666572942
0.177842037754
0.178042553212
0.178045649098
0.178187598317
0.178257054636
0.178438528323
0.178473096418
0.178475204471
0.178693008986
0.178696210919
0.178741557184
0.178742201401
0.178773043383
0.178953377768
0.179134360650
0.179209110514
0.179218015446
0.179281262032
0.179425163722
0.179544758007
0.179587246379
0.179623515207
0.179677176213
0.179952454894
0.179999602888
0.180400152932
0.180422060795
0.180787284272
0.180931047827
0.181032489129
0.181103984373
0.181150568794
0.181323837601
0.181391697780
0.181457616291
0.181483654438
0.181569720472
0.181854659567
0.181914375598
0.182047529619
0.182221342946
0.182474342876
0.182532047487
0.182544983588
0.182566847873
0.183171129075
0.183288453935
0.183381445326
0.183538294360
0.183588320021
0.183614913197
0.183662627987
0.183667195759
0.183700600358
0.183701344175
0.183721197000
0.183813719431
0.183840762073
0.183990665154
0.184008067901
0.184048257366
0.184061184426
0.184123469212
0.184161275311
0.184248854774
0.184291685271
0.184516169464
0.184699873175
0.184757509048
0.184763153394
0.185024591143
0.185134052624
0.185141386810
0.185214393938
0.185592394884
0.185852280435
0.185926287786
0.186030768294
0.186112466202
0.186209952410
0.186236506154
0.186335246947
0.186494854719
0.186596670452
0.186601775937
0.186608357383
0.186622172288
0.186640345468
0.186690198708
0.186704864163
0.186800033578
0.187002201085
0.187028259519
0.187270283746
0.187274305686
0.187279669857
0.187386869615
0.187400146030
0.187550261698
0.187575195359
0.187722682269
0.187731282734
0.187783530543
0.188031883740
0.188154775866
0.188374250692
0.188388915529
0.188439924661
0.188502880796
0.188532538164
0.188621701885
0.188775470703
0.188782808368
0.188790076783
0.188847064643
0.189069211398
0.189480064363
0.189587430398
0.189590019563
0.189756475055
0.189793685394
0.190000373042
0.190047732145
0.190072472179
0.190073704677
0.190116574433
0.190229455483
0.190289176079
0.190424024195
0.190837719917
0.190849324435
0.190893154260
0.191259753233
0.191266452774
0.191362620452
0.191403750110
0.191681725926
0.191767809994
0.191970291109
0.192233523434
0.192325424683
0.192421953416
0.192456559150
0.192481134843
0.192496117151
0.192670322695
0.192829476771
0.192932632607
0.193199589115
0.193454219530
0.193474131191
0.193539820567
0.193632528839
0.193665918249
0.193767078171
0.193880309030
0.193939744554
0.194031968157
0.194210941134
0.194213528624
0.194433564540
0.194489585853
0.194670659422
0.194723185123
0.194822470101
0.194865597428
0.194869035806
0.194955119654
0.194983877685
0.195085519457
0.195148659699
0.195227121386
0.195232940114
0.195324413818
0.195376493805
0.195406874589
0.195425054495
0.195486243692
0.195539859643
0.195761958813
0.195920231192
0.196100000749
0.196206245567
0.196222346724
0.196313647668
0.196394643473
0.196413736293
0.196629601818
0.196923381688
0.197003268950
0.197037050267
0.197117653666
0.197230433078
0.197337854746
0.197448737814
0.197826756724
0.198028691467
0.198204021966
0.198332133098
0.198521071396
0.198553295962
0.198794787782
0.198809698100
0.198819805630
0.198838866141
0.199184564678
0.199467522132
0.199637851694
0.199908761594
0.200085382680
0.200087207702
0.200120134480
0.200290448124
0.200342347489
0.200357850810
0.200386251664
0.200387697554
0.200788306044
0.201025150008
0.201124911905
0.201172667039
0.201230952504
0.201493432128
0.201498061439
0.201591623889
0.201784696808
0.201790521859
0.201791472407
0.201797031037
0.201962891663
0.202017281743
0.202029587472
0.202050356300
0.202298889977
0.202397721808
0.202574499584
0.202583316287
0.202858039066
0.202884419144
0.203011601709
0.203152222883
0.203162966715
0.203422655685
0.203461388451
0.203504729746
0.203516090785
0.203587690966
0.203759595043
0.203800679049
0.203946095348
0.203988402585
0.204031382705
0.204071224077
0.204336985070
0.204421957795
0.204931020476
0.204948220341
0.205138278968
0.205138318604
0.205268830995
0.205443115988
0.205446052688
0.205460291715
0.205545269875
0.205810208681
0.205840026998
0.205864184159
0.205884089977
0.206059931153
0.206162991282
0.206308805403
0.206325926178
0.206349074320
0.206512605562
0.206650480511
0.206683847008
0.206839932667
0.206897268660
0.206953399838
0.206980868411
0.207014934541
0.207023429731
0.207125867011
0.207370893141
0.207711802932
0.207783799236
0.207812030855
0.208019813616
0.208096090850
0.208210391825
0.208438745817
0.208749541728
0.208750261399
0.208752572384
0.208887543685
0.209061349333
0.209144387770
0.209190083970
0.209231312144
0.209376776362
0.209551830148
0.209728371444
0.209731013371
0.209965025291
0.209979113468
0.210076883160
0.210344274963
0.210379283513
0.210402192115
0.210414890070
0.210477233902
0.210681560114
0.210752716411
0.210924632930
0.211001123760
0.211014456051
0.211073096217
0.211074146376
0.211093973558
0.211151491926
0.211183685537
0.211464693266
0.211491479106
0.211604684122
0.211679355295
0.211901474897
0.211967782444
0.211987160396
0.211999796102
0.212011973472
0.212198196294
0.212217344380
0.212246186275
0.212271899144
0.212287335252
0.212303909089
0.212594213270
0.212747093169
0.212757167292
0.212782544389
0.212798412104
0.212883679279
0.212887255902
0.212995870286
0.213192745522
0.213552964955
0.213781503057
0.213788065015
0.213807792734
0.213898873012
0.214162420787
0.214253761279
0.214376557207
0.214477637138
0.214515486429
0.214522679024
0.214552751550
0.214648384339
0.214789420657
0.214883487037
0.214915660302
0.214921736125
0.214924599352
0.214943880056
0.214975732163
0.215077008706
0.215227015635
0.215472482483
0.215503449766
0.215696522826
0.216082483357
0.216162129250
0.216663674641
0.216699338570
0.216710532702
0.216801646912
0.216859545810
0.216871314358
0.217142651605
0.217203406578
0.217291493068
0.217378290465
0.217743900622
0.217947361961
0.218002642691
0.218029260004
0.218115250978
0.218392638473
0.218447662293
0.218617424571
0.218685505958
0.219138063198
0.219175638317
0.219210637446
0.219406371480
0.219747465100
0.219792955475
0.219886357382
0.220055118566
0.220106186743
0.220145847002
0.220262528463
0.220356879383
0.220470722855
0.220496561840
0.220596317525
0.220615276201
0.220673205805
0.220678377373
0.220728769394
0.220733980891
0.220753920278
0.220880130157
0.220943034763
0.220992443750
0.220995918096
0.221007629640
0.221019429063
0.221024931614
0.221140773608
0.221258425445
0.221315647724
0.221384605211
0.221595770311
0.221638174906
0.221675496643
0.221982078165
0.222125718851
0.222160917338
0.222162958081
0.222175129998
0.222193255502
0.222224648600
0.222358505228
0.222360397918
0.222423304932
0.222484729327
0.222621616265
0.222760687100
0.222928063590
0.223110502689
0.223251535265
0.223320431297
0.223359020962
0.223464974197
0.223527359291
0.223706892053
0.223791890816
0.223809811411
0.223896628928
0.223938989021
0.223988825964
0.224033103713
0.224190076893
0.224340232672
0.224544688627
0.224619437407
0.224665132230
0.224725975944
0.224867250756
0.224919570217
0.224919835047
0.225102859150
0.225103602728
0.225151387316
0.225302056441
0.225534616752
0.225596621516
0.225737250846
0.225878218118
0.225910540604
0.225933143496
0.226037796029
0.226197371688
0.226234440413
0.226335898661
0.226384634957
0.226561350074
0.226655077283
0.226745298108
0.226786928251
0.226826826559
0.226969528444
0.226970543343
0.227027955360
0.227045190959
0.227072946200
0.227185106662
0.227355536877
0.227403691553
0.227472898784
0.227501290373
0.227539522332
0.227636936755
0.227749372847
0.227793300442
0.228038548041
0.228060121166
0.228096748203
0.228170672579
0.228205278014
0.228276088130
0.228496146754
0.228506448219
0.228555939286
0.228894398430
0.228937430561
0.229309267639
0.229443812831
0.229760474113
0.229990327713
0.230035520396
0.230061463662
0.230125306233
0.230154684811
0.230321895944
0.230380376233
0.230456297947
0.230568722305
0.230577637724
0.230609638546
0.230639153448
0.230713081142
0.230899895491
0.231156970183
0.231294701272
0.231365754108
0.231395026918
0.231671877977
0.231680959545
0.232021279219
0.232064175663
0.232104779068
0.232136506870
0.232157356468
0.232172198063
0.232266605499
0.232335112189
0.232419462847
0.232574659555
0.232637766234
0.232718278921
0.232743501157
0.233002450032
0.233029872621
0.233048838817
0.233125223346
0.233164974831
0.233178837058
0.233324737669
0.233479673974
0.233480041031
0.233644760300
0.233730507599
0.233801582333
0.233882557730
0.233944374939
0.233983443105
0.234010935811
0.234211565780
0.234316871152
0.234359372671
0.234425795307
0.234511252605
0.234633804291
0.234644090809
0.235055827078
0.235089483546
0.235411315636
0.235482057475
0.235613707252
0.235816458967
0.236278337729
0.236404631525
0.236420600009
0.236510286974
0.236514883878
0.236530168895
0.236586750173
0.236647140240
0.236657068260
0.236829802129
0.237071649010
0.237142707644
0.237204858368
0.237215480467
0.237248815564
0.237424092816
0.237701137287
0.237747672143
0.237789217920
0.237916385390
0.237919381624
0.237922384005
0.238012544262
0.238353504498
0.238600298407
0.238657345849
0.238670481132
0.238677056628
0.238756469778
0.238817153030
0.238916656343
0.238926651157
0.239057224094
0.239120685854
0.239139650315
0.239236142425
0.239268444857
0.239333899505
0.239541479541
0.239543366173
0.239556549697
0.239600103991
0.239602149017
0.239604595537
0.239769886401
0.239872096068
0.239882346919
0.239935450586
0.239942694496
0.240042276034
0.240155675177
0.240172904526
0.240213812493
0.240309330409
0.240326065953
0.240403641160
0.240445851172
0.240561124653
0.240641670638
0.240662813891
0.240689569044
0.240780805642
0.240919859394
0.240970343087
0.241111456788
0.241177555172
0.241298561825
0.241415135631
0.241518819382
0.241552081931
0.241606244220
0.241747924308
0.241913634305
0.242065231534
0.242275159558
0.242307472351
0.242345925971
0.242529161793
0.242609523580
0.242633842771
0.242659845689
0.242797270537
0.242833910345
0.242879669193
0.243077627549
0.243083795410
0.243398424491
0.243451505989
0.243465976205
0.243545950900
0.243708501379
0.243771415853
0.243810800676
0.243837779314
0.244035368509
0.244117791385
0.244152640635
0.244251837070
0.244459014861
0.244469149800
0.244898224596
0.245007372578
0.245012303059
0.245127301530
0.245372950369
0.245430489878
0.245436994100
0.245570493183
0.245730665073
0.245863377788
0.246188082458
0.246306299965
0.246353113153
0.246391074777
0.246406042687
0.246636065250
0.246681684232
0.246707847279
0.246755687430
0.246902814333
0.247005714270
0.247047861672
0.247152585942
0.247198935603
0.247216178056
0.247216591358
0.247232624304
0.247310424203
0.247567801111
0.247703556480
0.247877477042
0.247978025925
0.248214265199
0.248311641420
0.248396802397
0.248484091782
0.248491829869
0.248567431900
0.248637795387
0.248639398831
0.248860673833
0.248867538715
0.248890888291
0.248900106825
0.249105167686
0.249106388586
0.249143460679
0.249160976339
0.249176803465
0.249241402090
0.249417519719
0.249668330519
0.249858771112
0.249903905758
0.250034634187
0.250138946697
0.250147479584
0.250165126010
0.250182097167
0.250199058146
0.250403980523
0.250432419595
0.250473578139
0.250668736936
0.250727251350
0.250930624099
0.251275559921
0.251651476427
0.251697140113
0.251740712807
0.251778237143
0.251836016974
0.251930523578
0.252112244601
0.252196293033
0.252361497164
0.252407093775
0.252462825523
0.252718274085
0.252911644722
0.253045527870
0.253231840576
0.253431435169
0.253466420531
0.253583328444
0.253648085188
0.253720307843
0.253803136104
0.254073216162
0.254235277164
0.254260598621
0.254400674988
0.254421785742
0.254423342929
0.254583958470
0.254586397838
0.254618621824
0.254657698159
0.254930021692
0.255201682976
0.255208716325
0.255243326130
0.255299968064
0.255364334290
0.255371634810
0.255398017314
0.255420750963
0.255431044700
0.255459603069
0.255799979568
0.255816660158
0.255920160849
0.255968759574
0.256028553280
0.256250726860
0.256318014211
0.256477405377
0.256815509471
0.257020255642
0.257077895143
0.257258720322
0.257324852124
0.257476912350
0.257539716667
0.257887997854
0.258010261455
0.258169166844
0.258234270590
0.258251454759
0.258470053383
0.258539163879
0.258594678930
0.258818467623
0.258860581089
0.258936014927
0.259101030507
0.259159837153
0.259277260652
0.259282891942
0.259305203180
0.259477616732
0.259518833656
0.259574967892
0.259808204306
0.260015368794
0.260041073320
0.260218871356
0.260277301520
0.260444310834
0.260492862829
0.260597574510
0.260634674727
0.260646443668
0.260750904037
0.260807218953
0.260851344313
0.260900355485
0.261141876668
0.261289427739
0.261335573071
0.261415512424
0.261572716683
0.261819055203
0.261833687108
0.261987828508
0.262131928605
0.262208522894
0.262231948551
0.262268086305
0.262370489194
0.262388254267
0.262496567856
0.262861125668
0.262988501678
0.263018529920
0.263085166055
0.263087135235
0.263127103330
0.263153401156
0.263411620565
0.263450460886
0.263484468315
0.263506862120
0.263510956018
0.263646994475
0.263680024690
0.263763150221
0.263951959476
0.263991536061
0.263998128907
0.264312821198
0.264471145301
0.264498145323
0.264524896878
0.264569038995
0.264759921800
0.264838451049
0.264870604170
0.264895039933
0.264970535355
0.265040568565
0.265047724293
0.265100298908
0.265306976935
0.265307283637
0.265330339758
0.265353368677
0.265411776381
0.265446144064
0.265486032197
0.265577878518
0.265600427281
0.265608662474
0.265678295532
0.265695086633
0.265988809188
0.266052044778
0.266227498718
0.266247148043
0.266399753926
0.266410870329
0.266484154681
0.266506207076
0.266969807329
0.267083770343
0.267135462223
0.267151656667
0.267234977577
0.267283776223
0.267351066130
0.267443858990
0.267612557506
0.267635182558
0.267725355675
0.267804254020
0.267934642272
0.267936203097
0.268119073638
0.268178165490
0.268193182384
0.268314149720
0.268387150424
0.268438737287
0.268683330942
0.268711638376
0.268783648927
0.268915997553
0.268920282622
0.269005299085
0.269044614079
0.269061988668
0.269242319066
0.269242344896
0.269257502512
0.269289297445
0.269456651027
0.269503674286
0.269558739447
0.269602793979
0.269739985568
0.269879851402
0.269915055734
0.270031472092
0.270172927218
0.270234033247
0.270289164376
0.270502149178
0.270508080243
0.270539269127
0.270688289364
0.270810356672
0.270850866594
0.270876292899
0.270884318454
0.270891678029
0.271090741224
0.271104430702
0.271179938018
0.271287116089
0.271290279455
0.271396295756
0.271453873739
0.271498533279
0.271508758978
0.271649852325
0.271660092990
0.271814354250
0.271819247480
0.271832935145
0.272217823038
0.272238838483
0.272419404133
0.272620631983
0.272841291898
0.272941225654
0.272948821008
0.273055024150
0.273347221646
0.273351874669
0.273379719049
0.273570064359
0.273754583336
0.274008771169
0.274034401360
0.274330053991
0.274454840291
0.274715538378
0.274796689289
0.275036657996
0.275056394246
0.275123068838
0.275174030037
0.275177564642
0.275287316986
0.275301127454
0.275568701998
0.275575283695
0.275673349952
0.275697308054
0.275902418982
0.275940608673
0.276056212478
0.276127818343
0.276141395221
0.276173786246
0.276301844548
0.276369345040
0.276490050463
0.276536335343
0.276830460681
0.276938509071
0.276993101540
0.277120867200
0.277158878353
0.277309230319
0.277390213297
0.277396062463
0.277481585374
0.277513240510
0.277599381338
0.277642852349
0.277652424533
0.277711946117
0.277924308363
0.277984747674
0.278073205503
0.278160517385
0.278194909988
0.278288272999
0.278300997987
0.278302376961
0.278408739754
0.278550017026
0.278560378641
0.278562926170
0.278623364096
0.278683774290
0.278764404223
0.278767072906
0.278829228878
0.278961131877
0.279176789630
0.279346279747
0.279350772635
0.279396416491
0.279415472544
0.279432437946
0.279439295109
0.279713147114
0.279874636757
0.279934958840
0.279947170788
0.279975355357
0.279993863856
0.280038727007
0.280149339375
0.280160747075
0.280194642841
0.280208575805
0.280300896858
0.280330598262
0.280436396511
0.280652439658
0.280681910438
0.280863254598
0.280944683159
0.280971172024
0.280988437368
0.281451408185
0.281546891047
0.281605367515
0.282053816726
0.282128091188
0.282208302552
0.282338640885
0.282408007444
0.282652131786
0.282749005953
0.282752308798
0.282796226276
0.282797451135
0.282799464944
0.282986787514
0.283105813503
0.283184313896
0.283247695547
0.283325023532
0.283458880375
0.283631562677
0.283639540230
0.283731822697
0.283916996392
0.284019297111
0.284240751010
0.284619710204
0.284666134489
0.284752083596
0.284781095874
0.285367557103
0.285560942714
0.285616513685
0.285920790830
0.285978528099
0.286291524156
0.286627232090
0.286703348005
0.287011137332
0.287079628587
0.287151247747
0.287247792531
0.287521056296
0.287637813726
0.287911642006
0.287922847516
0.287953432715
0.287960865917
0.288395869670
0.288632532415
0.288749366457
0.288811782078
0.288892869515
0.288928687444
0.288954851918
0.289049794987
0.289089805916
0.289455217086
0.289574663598
0.289635838411
0.289674856896
0.289802263430
0.290321228372
0.290411566078
0.290542741513
0.290582853985
0.290829438410
0.290921313079
0.290942828382
0.290996504942
0.291301494957
0.291350589577
0.291440188184
0.291624298561
0.291697108360
0.291718640904
0.291735269685
0.291782491775
0.291792026954
0.291897642892
0.291930551529
0.291975275173
0.292137240799
0.292204508257
0.292220980758
0.292263268016
0.292329350252
0.292563274917
0.292597016214
0.292610812541
0.292765663052
0.292987700871
0.293092154705
0.293231832921
0.293281612741
0.293541481729
0.293905222027
0.293988383277
0.294048028681
0.294074205312
0.294235080657
0.294277686924
0.294285184839
0.294346572170
0.294362825852
0.294416053386
0.294578532080
0.294794954242
0.294998601524
0.295057491602
0.295119557686
0.295244467141
0.295268019271
0.295270705176
0.295324776262
0.295364849664
0.295421881051
0.295777180736
0.295791706326
0.295914214529
0.295986304054
0.296164970480
0.296241234667
0.296264963594
0.296368885726
0.296552733592
0.296675203231
0.296730479928
0.296737882557
0.296831645414
0.296937542768
0.296986271786
0.297023072001
0.297090079541
0.297290471813
0.297502580060
0.297629845943
0.297987033187
0.297991070050
0.298171121146
0.298541910728
0.298621770407
0.298712583775
0.298804186658
0.298822004163
0.298835602200
0.298902943780
0.298920916745
0.299055985014
0.299081255975
0.299223095875
0.299260287122
0.299301226706
0.299375636589
0.299492823989
0.299518039098
0.299675552201
0.299763320549
0.299793210061
0.299864113185
0.299948346790
0.300042563815
0.300058166160
0.300090051488
0.300158795920
0.300191807945
0.300255608342
0.300720847492
0.300741331854
0.300840067379
0.300923768824
0.301068277642
0.301118615511
0.301332850037
0.301367862417
0.301370575128
0.301381870063
0.301465555655
0.301538552297
0.301655376005
0.301760428114
0.301977809941
0.302035629866
0.302087712827
0.302120425368
0.302353832409
0.302389758482
0.302478002300
0.302615171542
0.302664578388
0.302955458180
0.303191004568
0.303206339451
0.303224401898
0.303286752364
0.303324808779
0.303412522682
0.303573484700
0.303765017792
0.303766334186
0.303846936822
0.303894282916
0.303914751497
0.304056961984
0.304172418602
0.304207581485
0.304479614658
0.304858080545
0.304959083247
0.304966445847
0.304999946055
0.305134166427
0.305281230265
0.305333484618
0.305398165599
0.305520895325
0.305564163014
0.305595622183
0.305712536776
0.305758213279
0.305861474759
0.305882884144
0.305890279566
0.306082147365
0.306256082779
0.306540238763
0.306631150699
0.306763962590
0.306863266124
0.306943967856
0.306945704500
0.307182126870
0.307283061283
0.307322835604
0.307470455397
0.307701892084
0.307998333399
0.308001516586
0.308045321670
0.308169531654
0.308410000722
0.308681904124
0.308776878200
0.308854756346
0.308947423291
0.308972823904
0.309137079849
0.309279306264
0.309430350794
0.309470229774
0.309486947978
0.309561085682
0.309999710804
0.310065931200
0.310370723070
0.310381266614
0.310431163521
0.310503388693
0.310653912708
0.310693074015
0.310730958794
0.310951971039
0.311084432928
0.311139390068
0.311230498872
0.311238589610
0.311260799582
0.311351302202
0.311533671596
0.311883878414
0.311957126927
0.312020001338
0.312101661650
0.312151836658
0.312603546748
0.312639456598
0.312864716367
0.312941770372
0.313371368848
0.313392813747
0.313405003504
0.313591727751
0.313882897598
0.314032535325
0.314224044205
0.314240143436
0.314351200303
0.314451146192
0.314651398191
0.314685471208
0.314894787034
0.315050402918
0.315213309109
0.315299184717
0.315511326971
0.315636824989
0.315852933510
0.316051512544
0.316171242842
0.316386812275
0.316421088474
0.316694080257
0.316758879633
0.316813041985
0.316879011717
0.316880369010
0.316980466041
0.316993049909
0.317233478945
0.317371455255
0.317372079533
0.317384470559
0.317391231488
0.317448874328
0.317531034120
0.317604737910
0.317834243581
0.317928132758
0.317930715138
0.318146716562
0.318167096349
0.318182586008
0.318284247275
0.318299863672
0.318308079681
0.318329079730
0.318329488343
0.318606900652
0.318997708251
0.319229310076
0.319272297364
0.319275882465
0.319283372791
0.319380420814
0.319415882302
0.319648895174
0.319700185671
0.319729493658
0.320130725201
0.320191041033
0.320498098939
0.320753762489
0.320817597381
0.320860906588
0.320896257838
0.321019044935
0.321062738820
0.321084984646
0.321301832710
0.321318393853
0.321440764930
0.321447727592
0.321475247118
0.321622152204
0.321836725517
0.322279940704
0.322416175693
0.322635597520
0.322824892327
0.322831750841
0.322844807771
0.322849732123
0.322928000004
0.322956263684
0.322960218372
0.323110981385
0.323354873553
0.323401847036
0.323463060679
0.323518985068
0.323525529611
0.323626061259
0.323672037633
0.323701009580
0.323718316069
0.323771725792
0.323776836643
0.323872292041
0.323946897902
0.323995590851
0.324062928738
0.324099527389
0.324297144747
0.324307700564
0.324322766848
0.324739875716
0.324799226459
0.324979881433
0.325060674887
0.325153505061
0.325226758218
0.325283398487
0.325634557470
0.325702162866
0.325766232655
0.325814781926
0.325926757167
0.325980651517
0.325991934369
0.326034192348
0.326035158961
0.326189003349
0.326191800093
0.326316787359
0.326486098979
0.326501809061
0.326597990274
0.326653940037
0.326821629750
0.326844478511
0.326928949435
0.326938922785
0.327004642770
0.327009563524
0.327082779914
0.327118147992
0.327146385258
0.327146851618
0.327273742900
0.327418669028
0.327526254944
0.327538076798
0.327567123585
0.327701795283
0.327716349919
0.327782096411
0.328024208521
0.328043768822
0.328131988239
0.328269575980
0.328352037626
0.328370820950
0.328604905895
0.328659379262
0.328680557588
0.328753332260
0.328803997131
0.328907487468
0.328936826006
0.329132985197
0.329211135296
0.329214671776
0.329263434394
0.329516817315
0.329647113579
0.329758763422
0.329784212023
0.330011313260
0.330037836847
0.330108335098
0.330156866610
0.330381572671
0.330461978196
0.330585123843
0.330696692297
0.330723303891
0.330766831232
0.330772144382
0.330800534972
0.331162761097
0.331188204652
0.331339324761
0.331556598319
0.331590249374
0.331688865941
0.331971483280
0.332101387981
0.332222816467
0.332246095278
0.332476863859
0.332586124103
0.332693918196
0.332865334900
0.333163504225
0.333185291244
0.333207941129
0.333252285747
0.333290950963
0.333372995043
0.333408185387
0.333418741067
0.333629749205
0.333767975224
0.333796597585
0.333829344621
0.333871984119
0.333882097538
0.333915173243
0.334077900266
0.334089476470
0.334112525860
0.334120899510
0.334395166251
0.334410142957
0.334625494840
0.334785481729
0.334806166898
0.334809544560
0.334972447106
0.335273590317
0.335289958734
0.335512932391
0.335651281287
0.335736290225
0.335746966040
0.335811474160
0.335852410372
0.335885303655
0.335916430333
0.335929690349
0.335942959140
0.335944938963
0.336049345673
0.336138318260
0.336254372157
0.336256514186
0.336307480120
0.336390230933
0.336530905851
0.336818210431
0.336985498685
0.337082200517
0.337264873880
0.337324682199
0.337567727276
0.337780558600
0.337963081369
0.338170736347
0.338192313227
0.338225526372
0.338298250996
0.338366314974
0.338465555825
0.338515523931
0.338599936131
0.338765232644
0.339226799885
0.339385204341
0.339484454617
0.339564371509
0.339733832525
0.339786353011
0.340014507516
0.340091960845
0.340106836067
0.340126328481
0.340487439195
0.340490142504
0.340542110166
0.340543954385
0.340594585968
0.340760806905
0.340969504014
0.341216704665
0.341227038207
0.341263999412
0.341370772464
0.341376630355
0.341469653367
0.341479127383
0.342104807939
0.342115013888
0.342292040574
0.342530226376
0.342536846387
0.342583393987
0.342588793397
0.342603949290
0.342672579624
0.342721695665
0.342765507606
0.342999219339
0.343060740309
0.343158728597
0.343260520085
0.343413956283
0.343525817735
0.343571471845
0.343648154205
0.343805743175
0.343910815372
0.343958237325
0.344206573017
0.344291187757
0.344348756012
0.344416972423
0.344496084248
0.344511017223
0.344784029007
0.344813466159
0.344870135054
0.344912566086
0.345074035158
0.345127021621
0.345210452195
0.345253758944
0.345254034906
0.345331021486
0.345451658347
0.345542456309
0.345586997298
0.345612667861
0.345848801409
0.345850981603
0.345885188652
0.345888817782
0.345917480548
0.346155591766
0.346391731694
0.346398131226
0.346504124895
0.346528438716
0.346611479663
0.346646178532
0.346655322652
0.346715152849
0.346716927865
0.346791213489
0.346839841994
0.347038280069
0.347117655902
0.347290767075
0.347424745269
0.347665449146
0.347683731946
0.347724797019
0.347771247488
0.347837370087
0.347870503926
0.347924799007
0.348220587648
0.348349780543
0.348463424403
0.348510723604
0.348584312007
0.348799535911
0.349254823302
0.349301776963
0.349331012239
0.349469982902
0.349698228565
0.349752806775
0.350084068760
0.350183170860
0.350330852805
0.350343360349
0.350348419087
0.350621955020
0.350742762327
0.350795457780
0.350953303528
0.350957936134
0.351050283424
0.351116490634
0.351217631596
0.351293259756
0.351422813291
0.351426505903
0.351466460452
0.351750774335
0.351754199012
0.351805623983
0.351939076003
0.352157228096
0.352187488443
0.352187750660
0.352207864884
0.352412230606
0.352425366741
0.352438855828
0.352631918795
0.352934936379
0.352944429838
0.353438686940
0.353493896867
0.353538041486
0.353558847012
0.353787549188
0.354042532088
0.354130951135
0.354134028550
0.354149904261
0.354171946938
0.354254225000
0.354275625804
0.354298156671
0.355256942320
0.355303484601
0.355304460714
0.355414506451
0.355485910064
0.355590726926
0.355641672393
0.355649408497
0.355819199489
0.356039029755
0.356062020458
0.356348703136
0.356545415301
0.356562918066
0.356623777240
0.356654159609
0.356914038903
0.356954402934
0.357114998638
0.357286040545
0.357360889054
0.357405203124
0.357553617265
0.357563844384
0.357654870463
0.357664259331
0.357701277743
0.357715376574
0.357790626242
0.357798469384
0.357845810915
0.357886633649
0.357891750662
0.357948062166
0.358038854997
0.358102828365
0.358230999492
0.358288413313
0.358362504799
0.358370909332
0.358379885302
0.358489887355
0.358664408671
0.358725635206
0.358881999024
0.359030682252
0.359254605912
0.359347179391
0.359355259161
0.359418763114
0.359491523142
0.359561210247
0.359622164243
0.359653002451
0.359696580907
0.359754517264
0.359779080711
0.359871324653
0.359896021744
0.359907484346
0.359926756195
0.360097021948
0.360133090098
0.360140116293
0.360174936982
0.360301237427
0.360310379891
0.360319823835
0.360347190427
0.360347804922
0.360448916940
0.360492043041
0.360496773510
0.360560239898
0.360858410052
0.360860548805
0.360995866211
0.361043770283
0.361234754859
0.361299791570
0.361336180178
0.361662361444
0.361687553608
0.361691985839
0.361707938531
0.361718194428
0.361807333274
0.361903115057
0.361936525944
0.362051971639
0.362117427613
0.362294838064
0.362409526736
0.362774807257
0.362840847066
0.362911093421
0.362981991893
0.363287064165
0.363408421002
0.363421792947
0.363572845675
0.363825922957
0.364182318090
0.364247453648
0.364367931208
0.364415150543
0.364424887483
0.364744928245
0.364874978053
0.364878876295
0.365007361541
0.365110634316
0.365116476371
0.365187412001
0.365189585812
0.365356100446
0.365454217041
0.365531975988
0.365734376872
0.365776710672
0.366122765971
0.366129636066
0.366174282303
0.366305792328
0.366643997265
0.366708374961
0.366807129105
0.366963315393
0.367107195772
0.367316428728
0.367554132838
0.367660540887
0.367757137354
0.367763182599
0.368107362361
0.368197168171
0.368245509689
0.368302000057
0.368393071536
0.368418287630
0.368430056789
0.368710255816
0.368886814443
0.368965071339
0.369238628674
0.369382267065
0.369418415584
0.369514332056
0.369767530515
0.369845145863
0.369935269736
0.369951627673
0.370061273856
0.370074055988
0.370074344735
0.370521862616
0.370587166714
0.370629033684
0.370670567794
0.370683123508
0.370697309886
0.370748962809
0.370772815218
0.370965177741
0.371056694104
0.371230013841
0.371407571421
0.371675150398
0.371682828748
0.371719409388
0.371783148704
0.371886748889
0.372035752604
0.372141060425
0.372321426281
0.372422789069
0.372475222081
0.372840138237
0.372843543291
0.372894003332
0.372946241497
0.373153256730
0.373175760766
0.373306653003
0.373317793640
0.373488765395
0.373617681784
0.373644321255
0.373804828505
0.373855748116
0.373965333573
0.373987925080
0.374006469391
0.374160787067
0.374291216273
0.374314758964
0.374395927543
0.374413823720
0.374615973465
0.374696569542
0.374761106830
0.374923280592
0.374949421427
0.375052358931
0.375283382416
0.375341071126
0.375419156721
0.375504091896
0.375516491172
0.375842115234
0.375873296634
0.376004470344
0.376043703044
0.376072215205
0.376118793199
0.376233046260
0.376360508844
0.376426918615
0.376466396252
0.376679542235
0.376808002296
0.376831602777
0.377139222163
0.377217045540
0.377631542703
0.377727529424
0.377814919192
0.377955998664
0.378105319479
0.378265714282
0.378269629653
0.378381461816
0.378845590049
0.378848179149
0.378891012176
0.378912898924
0.379027551464
0.379144137930
0.379416849040
0.379432096050
0.379501502621
0.379505478174
0.379530003185
0.379964900954
0.380032375969
0.380126075468
0.380317918389
0.380339355194
0.380449793219
0.380549668435
0.380608334561
0.380676946206
0.380709598952
0.380727804897
0.380902690427
0.381345008150
0.381404783370
0.381456807880
0.381541892323
0.381725436401
0.381933288606
0.382004263358
0.382209145092
0.382267258959
0.382384075245
0.382390372058
0.382518062107
0.382524357424
0.382596993340
0.382657659738
0.382985360909
0.383025846825
0.383123232312
0.383155523469
0.383229661294
0.383279239105
0.383281846929
0.383495875201
0.383918571028
0.384033605786
0.384052404140
0.384123368704
0.384395837760
0.384518648241
0.384648295321
0.384773097913
0.384811614217
0.384830780876
0.384895357899
0.384902088805
0.384927789702
0.384944085543
0.384977259928
0.385103834546
0.385180526850
0.385378172128
0.385435764984
0.385449854469
0.385498117556
0.385571884206
0.385773506712
0.386007546011
0.386348517570
0.386372997780
0.386410401042
0.386435447611
0.386498866930
0.386533308619
0.386615438510
0.386684942734
0.386750865683
0.386751274620
0.386824972322
0.386843309861
0.386862794813
0.386920053642
0.387169477192
0.387186312233
0.387227165494
0.387342682276
0.387399537098
0.387971002601
0.388263138577
0.388346736235
0.388347355474
0.388500157502
0.388500906573
0.388654185895
0.388760375840
0.388889926963
0.389083050121
0.389390841151
0.389424393314
0.389445148486
0.389516849761
0.389941852135
0.389966613079
0.390058827592
0.390152568417
0.390353143325
0.390408677248
0.390976214662
0.391081553936
0.391128028188
0.391150859333
0.391490433145
0.391548756040
0.391579064722
0.391629959456
0.391850444284
0.391986798677
0.392035177355
0.392162185103
0.392349372872
0.392359362795
0.392383475634
0.392453391746
0.392523614577
0.392619458343
0.392746478437
0.393101547581
0.393167570393
0.393259302184
0.393392144247
0.393403109712
0.393496285632
0.393497493233
0.393583227926
0.393725764817
0.393848489347
0.393851366430
0.393920223006
0.393960090971
0.393981689748
0.394101762323
0.394144367885
0.394286727518
0.394330662369
0.394500590932
0.394528930474
0.394670549833
0.394736195354
0.394859552341
0.395213339330
0.395397193498
0.395463839287
0.395600097646
0.395651961678
0.395694607216
0.395858121369
0.396098143664
0.396159304443
0.396190807456
0.396206979347
0.396515076449
0.396538647969
0.396615895825
0.396666116911
0.397115158205
0.397348143193
0.397746914746
0.397829135080
0.397841192517
0.397976146760
0.398089491537
0.398160819132
0.398171887455
0.398231375606
0.398352804732
0.398530459274
0.398621415515
0.398642129223
0.398683303377
0.399074320620
0.399144436541
0.399175698044
0.399198382173
0.399291157328
0.399416009652
0.399472600976
0.399565876357
0.399586066292
0.399888129493
0.399890135264
0.399895364986
0.400188601569
0.400190886944
0.400640949256
0.400704135892
0.400851342982
0.401002610888
0.401139913004
0.401262029293
0.401299743418
0.401401565788
0.401496832019
0.401736850614
0.401771272860
0.401952553148
0.402129687633
0.402277142573
0.402305598347
0.402360197468
0.402445349757
0.402785594703
0.402804864074
0.402872383003
0.402950997163
0.403064506628
0.403379093294
0.403473772849
0.403596086646
0.403597381064
0.403620116341
0.403929168364
0.403978963358
0.404022355719
0.404093543036
0.404240759572
0.404319376051
0.404321316205
0.404369084956
0.404440508080
0.404535376302
0.404793510228
0.404946083890
0.404986347560
0.405094614679
0.405208699611
0.405296828955
0.405324980740
0.405429522932
0.405453878734
0.405686816307
0.405883456964
0.405982747123
0.406004896071
0.406203825175
0.406246576634
0.406281723124
0.406338418756
0.406378035649
0.406417311812
0.406514431165
0.406707928423
0.406797824742
0.407213823169
0.407215227846
0.407342686262
0.407452118245
0.407494904800
0.407496952687
0.407502662856
0.407605770546
0.407733619507
0.407841738651
0.407908287726
0.407955248573
0.408462102977
0.408497248236
0.408518025686
0.408863280796
0.408952627865
0.409089556288
0.409169757410
0.409229556642
0.409249898501
0.409621998962
0.409660266994
0.409941112586
0.409943739921
0.410064913561
0.410201927601
0.410439080508
0.410935198013
0.410943210569
0.411039671421
0.411060922445
0.411419716976
0.411461277499
0.411580626127
0.411829667755
0.412124545989
0.412281147052
0.412323431743
0.412344026623
0.412347685807
0.412401036789
0.412457335913
0.412460673339
0.412567545178
0.412671454265
0.412702121138
0.412852983425
0.412866484067
0.412882135248
0.412915282383
0.413229947918
0.413335243562
0.413395047473
0.413600260896
0.413643296680
0.413766477809
0.413872286444
0.413923442920
0.414052790965
0.414202297573
0.414239319976
0.414242503369
0.414416700841
0.414541861312
0.414746799594
0.414885226471
0.414986542642
0.415120573216
0.415205642169
0.415244740790
0.415295690017
0.415488736919
0.415630277973
0.415671080658
0.415685086703
0.415733193165
0.415811738335
0.415875973240
0.416017313717
0.416102529638
0.416110461764
0.416200113440
0.416275845470
0.416277514037
0.416516956019
0.416646234132
0.416735150813
0.417328299147
0.417568170259
0.417572031631
0.417710344585
0.417836979877
0.417868017736
0.417919662169
0.417930353327
0.418121758734
0.418145082576
0.418146955243
0.418339833827
0.418356310123
0.418493562013
0.418864566296
0.418885827069
0.418938816058
0.418942535471
0.418961449696
0.418986464605
0.419068754194
0.419198426387
0.419375797206
0.419425095884
0.419779648295
0.419800769636
0.419954743582
0.419973132884
0.420007114712
0.420086677114
0.420200528448
0.420302390723
0.420311019756
0.420478986267
0.420677701852
0.420805796033
0.420856752815
0.420973488785
0.420975889674
0.421094987936
0.421187236953
0.421205754311
0.421248936331
0.421443597564
0.421517867628
0.421690261396
0.421800532368
0.421810840747
0.421931222835
0.421966896722
0.421989315937
0.422017573550
0.422143025892
0.422168998311
0.422286376762
0.422393139915
0.422478425834
0.422544798004
0.423057091500
0.423114915498
0.423136658384
0.423666705121
0.423757581015
0.423811102386
0.423943042992
0.424155852521
0.424318419931
0.424323993786
0.424330933696
0.424480089829
0.424717894552
0.424818910591
0.424874149703
0.425003885989
0.425038119063
0.425069824302
0.425125936670
0.425148020584
0.425204779331
0.425244453047
0.425550937136
0.425632743055
0.425646431471
0.425732176513
0.425753454766
0.425782841881
0.425869247625
0.425954490702
0.426054324921
0.426160821421
0.426187464853
0.426244787247
0.426401997034
0.426513025348
0.426567126356
0.426665139535
0.426857946628
0.426981719809
0.427147007796
0.427323854117
0.427423653759
0.427424406154
0.427466478696
0.427563012581
0.427601840527
0.427651836872
0.427903849585
0.427956960704
0.428096570835
0.428108777775
0.428162317665
0.428512402858
0.428521703006
0.428667739892
0.428741002894
0.428951258092
0.428963510584
0.429013038708
0.429018098421
0.429079505289
0.429082619498
0.429194992908
0.429548335115
0.429701131318
0.429961745440
0.430038533195
0.430104705715
0.430141494718
0.430223499894
0.430277028930
0.430314885236
0.430337522936
0.430358511613
0.430403339471
0.430611166732
0.430650859284
0.430683416623
0.430743397174
0.430817733865
0.430882745149
0.431105647510
0.431188864820
0.431328367282
0.431378760389
0.431653081549
0.431709246630
0.431893997707
0.431895909289
0.431912639049
0.431915930597
0.431995794856
0.432098667279
0.432140398438
0.432154674326
0.432275345327
0.432506265232
0.432525724070
0.432604140598
0.432669644187
0.432834396387
0.433115103440
0.433220811189
0.433513613277
0.433516203314
0.433670543614
0.433694163236
0.433855723263
0.434231203719
0.434261788459
0.434316051927
0.434344206596
0.434517583682
0.434603318883
0.434617047929
0.434621707977
0.434891317613
0.435040798355
0.435069726627
0.435199836044
0.435294428961
0.435327643298
0.435741491544
0.435818564902
0.435890195989
0.436141632925
0.436157262031
0.436170085259
0.436184169527
0.436240754766
0.436256353496
0.436391419605
0.436399615708
0.436428320843
0.436518220505
0.436838964781
0.436869472207
0.436877024354
0.437034637092
0.437044979247
0.437073086428
0.437158614201
0.437210622667
0.437242610946
0.437328140473
0.437376333809
0.437434690515
0.437447109708
0.437451268007
0.437534212861
0.437582411959
0.437701949335
0.438052310203
0.438370742625
0.438526481688
0.438680059732
0.438729386740
0.438868254449
0.438885725716
0.438915993749
0.439215937354
0.439220682021
0.439461125596
0.439533994362
0.439620957150
0.439628223804
0.439657489789
0.439757067848
0.439798991098
0.439806054700
0.440296448544
0.440307123946
0.440422243275
0.440504789524
0.440549521106
0.440615570662
0.440673557858
0.440893299378
0.440946655747
0.440953940295
0.441061179242
0.441108275252
0.441555373396
0.441568483936
0.441599456058
0.441753727708
0.441766655260
0.442149626829
0.442264789856
0.442328322608
0.442344047587
0.442668611865
0.442790130330
0.442913809592
0.442948064974
0.443103231847
0.443126889526
0.443136509353
0.443366941878
0.443448137006
0.443453787399
0.443490846474
0.443617446331
0.443626713107
0.443676326182
0.443886762915
0.444362748759
0.444434435539
0.444477577217
0.444717209478
0.444732285481
0.444838914577
0.444957331963
0.445009832385
0.445051122958
0.445057707485
0.445131107197
0.445501927202
0.445749660627
0.445768628662
0.445891902977
0.446202792250
0.446287354214
0.446294730096
0.446417546730
0.446425772299
0.446429063088
0.446468453009
0.446541146764
0.446643069008
0.446731312495
0.446824072540
0.446893277606
0.447069452826
0.447080305948
0.447121357944
0.447410105303
0.447488045741
0.447679804916
0.447852159087
0.448040630345
0.448177426542
0.448272666832
0.448311893828
0.448779382186
0.448823127071
0.449173828359
0.449293502275
0.449818763124
0.449859891520
0.449889135018
0.450050751281
0.450094642827
0.450154089114
0.450349438896
0.450475588645
0.450957524528
0.451177400975
0.451294651889
0.451761495127
0.452107428718
0.452310105820
0.452366605791
0.452522770862
0.452683208615
0.452956515001
0.453166633110
0.453323970213
0.453523736095
0.453688910537
0.453721896713
0.453949084132
0.453952275139
0.454022793948
0.454066582699
0.454111247153
0.454171566165
0.454231787469
0.454712879327
0.454816499675
0.454990225500
0.454993509250
0.455104394927
0.455149432989
0.455398147133
0.455497305376
0.455507374257
0.455584611064
0.455589957780
0.455605724008
0.455664124713
0.455759199941
0.455864677985
0.456014771874
0.456032608610
0.456062243475
0.456071565903
0.456117175209
0.456120172326
0.456146127457
0.456151386507
0.456152238635
0.456224183406
0.456244738215
0.456668447680
0.456684581090
0.456785269429
0.456881699659
0.457058459269
0.457176909890
0.457294574655
0.457357995176
0.457561095855
0.457786366350
0.457870559915
0.457905110148
0.457939174700
0.457949036837
0.457980140310
0.458009823506
0.458111446947
0.458178822309
0.458356396771
0.458366518918
0.458844049271
0.459304049790
0.459345628803
0.459477951435
0.459498576143
0.459560016743
0.459684133898
0.459911086192
0.459918422626
0.460071221521
0.460182783372
0.460191301525
0.460198403150
0.460293321552
0.460294328816
0.460367286515
0.460389398231
0.460489977905
0.460496277849
0.460507638405
0.460557244497
0.460587924997
0.460604299641
0.460664711053
0.460669087531
0.460824205767
0.460836835728
0.461039853109
0.461045515538
0.461189603594
0.461383754957
0.461591103781
0.461922767348
0.462097567947
0.462127496640
0.462191151667
0.462266225075
0.462298094451
0.462327639126
0.462328554560
0.462408656154
0.462805627755
0.463000711978
0.463110988480
0.463236898862
0.463468994913
0.463529762318
0.463777202671
0.463828276501
0.463911214898
0.463942109728
0.463962845121
0.463994105835
0.464112384152
0.464160251020
0.464216732741
0.464678471315
0.464686078373
0.464693130177
0.464719207918
0.464763249355
0.464765267804
0.464778689553
0.465044487824
0.465072663227
0.465092482372
0.465106612406
0.465174887496
0.465358741794
0.465685659661
0.465714957247
0.465728184401
0.465742015201
0.466033622976
0.466161321900
0.466242276970
0.466262470161
0.466361046569
0.466384055235
0.466489237899
0.466495394088
0.466551734750
0.466616072361
0.466647625767
0.466729521037
0.466776098709
0.466918610097
0.466919745699
0.467086166228
0.467400300529
0.467566843910
0.467788813179
0.467875236060
0.467948851199
0.468123811426
0.468383624347
0.468479366338
0.468644114384
0.468789445608
0.468821586779
0.469017190241
0.469048151622
0.469141250561
0.469180919149
0.469246118923
0.469383149074
0.469438801709
0.469443843446
0.469533056601
0.469616911341
0.469831991440
0.469855055288
0.469870663617
0.469952794136
0.470142311358
0.470244162264
0.470518163660
0.470540280834
0.470725209575
0.470768036724
0.470959311188
0.470998521320
0.471057294934
0.471242172502
0.471402187744
0.471728922657
0.471777994386
0.471898791259
0.471961091135
0.472009321693
0.472033779383
0.472169011102
0.472230798611
0.472328781368
0.472432863219
0.472522349895
0.472571540050
0.472703824528
0.472722349879
0.472824546655
0.472841160972
0.473016865543
0.473034470894
0.473105128795
0.473106458527
0.473219224371
0.473325933025
0.473618782687
0.473685126701
0.473768739146
0.473788843875
0.473819176412
0.473822070990
0.473938213412
0.474071311620
0.474168431668
0.474336647327
0.474369062190
0.474402120381
0.474418072920
0.474418183864
0.474530396063
0.474555971495
0.474577628511
0.474795972792
0.474893390318
0.475036484817
0.475213471332
0.475310356754
0.475410521654
0.475481848950
0.475548841224
0.475560396483
0.475666257966
0.475697670583
0.475979898452
0.475988997158
0.476019688199
0.476141408449
0.476646761291
0.476764065489
0.477390656341
0.477440256515
0.477449531039
0.477625248356
0.477695836095
0.477696142348
0.477884086441
0.477977464707
0.478198763466
0.478244844673
0.478270469046
0.478311184339
0.478313077811
0.478357434064
0.478415248348
0.478759743771
0.478769074256
0.478846067046
0.478881608207
0.478916339502
0.478952732512
0.478971169068
0.479180987433
0.479323899507
0.479403585459
0.479454047825
0.479584433120
0.479657464351
0.479874902963
0.479912899365
0.480129848044
0.480213821607
0.480457503955
0.480568074033
0.480589767248
0.480595758247
0.480621542626
0.480636678548
0.480751374823
0.480915896902
0.480954513399
0.481078910286
0.481091560244
0.481094832288
0.481247419595
0.481438027181
0.481630342211
0.481669370237
0.481706574077
0.481822182882
0.482066998994
0.482089509054
0.482217916303
0.482235590033
0.482456220294
0.482470363672
0.482489932521
0.482517978376
0.482625760338
0.482858504509
0.483096220252
0.483455439125
0.483462378085
0.483746278716
0.483758491360
0.484201195074
0.484220692464
0.484270123402
0.484328067807
0.484406264485
0.484475312380
0.484544835663
0.484605443550
0.484667380123
0.484767775455
0.485188157417
0.485225417544
0.485280184208
0.485442619960
0.485444358972
0.485472501518
0.485493011195
0.485742245406
0.485816331822
0.485944036407
0.485987141409
0.486094320727
0.486283263484
0.486324242281
0.486408975369
0.486436296574
0.486670802799
0.486706590645
0.486766240532
0.486903979718
0.487107451143
0.487206858964
0.487267747647
0.487328687767
0.487494093787
0.487514552896
0.487839205855
0.487993710938
0.488659813802
0.488788539293
0.488825099208
0.488886892777
0.489095206272
0.489272704560
0.489280021364
0.489307737677
0.489428360449
0.489457309193
0.489549976192
0.489571423647
0.489619846646
0.489863599438
0.489908769591
0.490071825459
0.490213945726
0.490261373498
0.490321821302
0.490449131735
0.490472559771
0.490500163246
0.490506668557
0.490528637133
0.490624827662
0.490851002715
0.490855347455
0.490877591381
0.491025691849
0.491057446087
0.491326594417
0.491484265539
0.491495255085
0.491557122473
0.491610283966
0.491675088236
0.491817781904
0.491842134863
0.491891509394
0.491945486496
0.492179950976
0.492262760779
0.492293200945
0.492317681970
0.492390126916
0.492417503143
0.492463370513
0.492469419611
0.492492164488
0.492583866590
0.492820119298
0.492874385559
0.492919080876
0.492992827413
0.493112277667
0.493117512876
0.493270564023
0.493373738405
0.493449732482
0.493766229673
0.493854446004
0.493979685182
0.494165935199
0.494213646170
0.494228637261
0.494237256404
0.494386960834
0.494478579608
0.494491791625
0.494604081878
0.494839531060
0.494882549155
0.495023680174
0.495025019296
0.495060451535
0.495108765280
0.495150972625
0.495156488945
0.495393841079
0.495440259311
0.495467796217
0.495586772629
0.495589643433
0.495819311259
0.495889774627
0.495912940825
0.495944701077
0.495963982094
0.496006895633
0.496080971059
0.496195921228
0.496390138371
0.496398498779
0.496554843826
0.496735099120
0.497031166890
0.497100975524
0.497207106833
0.497263704780
0.497462753955
0.497636314149
0.497648217446
0.497957662796
0.498146499462
0.498335239316
0.498392201425
0.498608565769
0.498877635637
0.499250142648
0.499752764166
0.499950941815
0.499963255111
0.500023143053
0.500066287447
0.500073164143
0.500317100762
0.500376836359
0.500683063430
0.500767310159
0.500996013796
0.501282725208
0.501364286383
0.501470805193
0.501581730320
0.501695541332
0.501757381558
0.501923663459
0.501972660726
0.502017421275
0.502142463171
0.502177225407
0.502326531562
0.502339226177
0.502756096148
0.502803091604
0.502868862214
0.503271837649
0.503409218647
0.503425886406
0.503438359702
0.503659471443
0.503743302613
0.503802184284
0.503838281739
0.503991531966
0.504210482181
0.504254233523
0.504374055493
0.504453103434
0.504478164538
0.504609997778
0.504767197309
0.504921355631
0.505056408875
0.505131146820
0.505297605541
0.505329866672
0.505554452376
0.505558431499
0.505588091068
0.505624213817
0.505647386081
0.505705625354
0.505717255060
0.505719718784
0.505724586834
0.505846398724
0.505869261520
0.505887004693
0.505965288505
0.506166656637
0.506197784391
0.506209007509
0.506263691983
0.506372891445
0.506435532317
0.506677755989
0.506895222268
0.507025138706
0.507162455780
0.507291212499
0.507321298284
0.507373834774
0.507812836720
0.507849561488
0.507858654573
0.508073362295
0.508198813709
0.508260940359
0.508329767495
0.508455267388
0.508457678611
0.508480735818
0.508519225958
0.508811419268
0.508973130645
0.509198164549
0.509208675614
0.509325314159
0.509442692524
0.509504052349
0.509548434349
0.509626141443
0.509761690836
0.510001153137
0.510007965242
0.510138575661
0.510341685740
0.510525001526
0.510531432039
0.510632320884
0.510645400573
0.510725388487
0.510764461488
0.510793184997
0.510909566535
0.510932859244
0.511130434543
0.511232206361
0.511232371459
0.511518990941
0.511705185317
0.511837181578
0.511970734570
0.512010791359
0.512015693730
0.512032844707
0.512097656220
0.512127794962
0.512203948524
0.512644640277
0.512732276801
0.512848519075
0.513026269227
0.513076908928
0.513078548945
0.513113310309
0.513196475835
0.513235056624
0.513263299811
0.513470761613
0.513492442623
0.513549098856
0.513713136662
0.513914368179
0.514110473049
0.514175759765
0.514247027823
0.514330588502
0.514350055196
0.514412181909
0.514432172028
0.514446911654
0.514596544808
0.514696672826
0.514855332784
0.514889517438
0.514911920648
0.514996043907
0.515061747615
0.515295244802
0.515398719925
0.515872426891
0.516064950156
0.516240700718
0.516259822046
0.516548042252
0.516560708866
0.516652194729
0.516783823373
0.516885281397
0.516976127558
0.517186332993
0.517194156223
0.517199306263
0.517268965919
0.517291511448
0.517456201885
0.517561951206
0.517574095938
0.517614654892
0.517870772049
0.517992230106
0.517994475766
0.518010695717
0.518472460785
0.518593918939
0.518660198578
0.518705061115
0.518797930275
0.518869739583
0.518909342059
0.519078180700
0.519104703043
0.519219805748
0.519225683099
0.519338798745
0.519346290336
0.519387851146
0.519669408937
0.519707002106
0.519806165747
0.520023276605
0.520034075369
0.520198921753
0.520301528056
0.520387346968
0.520405993087
0.520546142008
0.520558961111
0.520791684355
0.520829441894
0.520832975771
0.521009497799
0.521029746396
0.521092656586
0.521266148701
0.521275693278
0.521395436409
0.521612257840
0.521634179940
0.521652124136
0.521669552990
0.521693069720
0.521892371482
0.522145026494
0.522174737654
0.522175688164
0.522386517180
0.522442114870
0.522455694722
0.522552958525
0.522616044917
0.522631716044
0.522677930465
0.522717219220
0.522724333885
0.522731981579
0.522795311916
0.522855763595
0.522904518816
0.522924603878
0.523163553833
0.523194992682
0.523253889599
0.523331981968
0.523485700674
0.523600945711
0.523672024360
0.523683571890
0.523693778209
0.523727298357
0.523853046040
0.523909765952
0.524035259897
0.524196230851
0.524287135393
0.524304935738
0.524334806450
0.524344491613
0.524410864597
0.524411262194
0.524447391558
0.524495339136
0.524702724843
0.524858244056
0.524968751705
0.525185322731
0.525223674896
0.525250194553
0.525267479776
0.525297277487
0.525382270454
0.525484186075
0.525645630794
0.525680132302
0.525681972930
0.525706905000
0.526088577723
0.526183557733
0.526290750516
0.526304997890
0.526311068553
0.526321082025
0.526335645164
0.526343470703
0.526507466572
0.526886614715
0.526979426868
0.527070155287
0.527092174151
0.527136095744
0.527191364214
0.527203313094
0.527296143998
0.527339304921
0.527381320802
0.527381425770
0.527417788395
0.527498498935
0.527707541212
0.527836677686
0.527852742544
0.527888859618
0.527903305654
0.527966188834
0.528062649748
0.528121071087
0.528371196922
0.528381142579
0.528398402140
0.528463734190
0.528482896924
0.528899069121
0.529261312137
0.529304169990
0.529356346898
0.529678835017
0.529727122445
0.529766994040
0.529886166043
0.530287962292
0.530304656548
0.530322592723
0.530349336595
0.530406629279
0.530493323694
0.530544686919
0.530600531223
0.530691067562
0.531022718091
0.531063318560
0.531066868843
0.531118945748
0.531157626468
0.531189308100
0.531531276612
0.531532350455
0.531574083422
0.531575218692
0.531603189417
0.531645264775
0.531662051129
0.531927416407
0.532024425129
0.532028035308
0.532121487510
0.532149556504
0.532312438982
0.532351497077
0.532449723829
0.532607857181
0.532642790301
0.532719351171
0.532768859310
0.532888070959
0.533005526965
0.533013457874
0.533238608188
0.533328896142
0.533364316120
0.533429774203
0.533451531299
0.533889237192
0.534056470786
0.534131563177
0.534285716966
0.534441775030
0.534448527989
0.534459337281
0.534549638865
0.534577373135
0.534657422710
0.534685348835
0.534842054498
0.534856351855
0.534947984437
0.535133382773
0.535225402992
0.535296542649
0.535320437806
0.535330398968
0.535616180365
0.535807095781
0.535944147993
0.535989883543
0.536001327638
0.536069985077
0.536162690224
0.536180036417
0.536225187321
0.536240405499
0.536747677457
0.536748143059
0.537045060574
0.537174550357
0.537415530771
0.537586781788
0.537628630859
0.537974475247
0.537983167439
0.537985407773
0.538088278874
0.538284233806
0.538360667723
0.538464683514
0.538469371806
0.538537469878
0.538570876186
0.538581299036
0.538596876583
0.538602893451
0.538631941964
0.538664881851
0.538665825800
0.538676378771
0.538677590002
0.538695409224
0.538902385896
0.539191018445
0.539209061416
0.539297856762
0.539423982730
0.539473864254
0.539758879165
0.539875839839
0.540389900792
0.540461198818
0.540519561203
0.540559719123
0.540585631520
0.540590140429
0.540677683743
0.540692348629
0.540715668825
0.540847820765
0.541040757348
0.541206284171
0.541696959577
0.541703594527
0.541734807006
0.541849182431
0.541944234369
0.541974441833
0.541993753196
0.542147023351
0.542195698185
0.542231234751
0.542306431414
0.542366516551
0.542412099611
0.542466302639
0.542477642122
0.542584723863
0.542612540041
0.542671626769
0.542677821069
0.542866631719
0.542933522202
0.542974916436
0.543020987948
0.543066186476
0.543263996437
0.543280972287
0.543315594040
0.543356849548
0.543482334792
0.543614991305
0.543637200463
0.543741335555
0.543834710615
0.543839174088
0.543979575370
0.543998344017
0.544031057381
0.544160898089
0.544442787416
0.544633713337
0.544685477490
0.544705835281
0.544769455205
0.544875193609
0.544893785213
0.544961228344
0.545053381070
0.545078440195
0.545090510074
0.545137489327
0.545142838552
0.545208148148
0.545240627054
0.545548099099
0.545644443843
0.545798142921
0.545880481588
0.545968896548
0.546051988394
0.546083301172
0.546134234889
0.546368048291
0.546431126583
0.546479251380
0.546550241552
0.546553144645
0.546721614411
0.546964765674
0.547094217608
0.547108578834
0.547116958053
0.547145347732
0.547174509967
0.547190892645
0.547202206845
0.547332373685
0.547617916343
0.547679538844
0.547707256328
0.547726181773
0.547810626003
0.547850964090
0.547966953582
0.548149587359
0.548350717099
0.548366016229
0.548471927997
0.548547431434
0.548630586019
0.548703148133
0.548845267216
0.548922069572
0.548959494285
0.549128878840
0.549218066457
0.549434380334
0.549549629498
0.549584708653
0.549601177955
0.549685057421
0.549750359708
0.549812041616
0.549951297227
0.550029949453
0.550057964309
0.550073562690
0.550079253175
0.550109542670
0.550111721826
0.550127325283
0.550147649860
0.550173597740
0.550187794646
0.550224957831
0.550238451121
0.550251740947
0.550412992437
0.550507373089
0.550553907291
0.550622698356
0.550793605685
0.550936650488
0.551208176079
0.551275652516
0.551334468872
0.551441268817
0.551462920192
0.551489050159
0.551494224877
0.551517055832
0.551534340899
0.551570612120
0.551798543312
0.551815870371
0.551821920962
0.551834553673
0.552128031171
0.552138765418
0.552156880420
0.552211168256
0.552243212603
0.552329724910
0.552382345748
0.552518617585
0.552532776264
0.552743237833
0.552829254256
0.552845003541
0.552879908346
0.552909175934
0.553264063418
0.553356817677
0.553414327183
0.553419187970
0.553438848543
0.553452634907
0.553577685980
0.553665947765
0.553767644647
0.553875936464
0.553885162936
0.553991764996
0.554081463878
0.554142085699
0.554180288534
0.554303652848
0.554360433955
0.554773729017
0.554806388990
0.554860363467
0.555136506188
0.555178879199
0.555210271989
0.555210983952
0.555292415062
0.555435209718
0.555578142753
0.555735596869
0.555780904248
0.555956820077
0.556184719240
0.556343536448
0.556400661167
0.556456467069
0.556551837965
0.556695266176
0.556775729258
0.556787671191
0.556823339329
0.556830811854
0.557219324276
0.557356526168
0.557393341789
0.557416175058
0.557466875023
0.557478640534
0.557627280845
0.557770754675
0.557824769806
0.557875660172
0.557918842137
0.558052256758
0.558212275584
0.558215961315
0.558240375065
0.558420182581
0.558464179455
0.558636778718
0.558637848001
0.559041994162
0.559048922008
0.559379335971
0.559541332698
0.559547469106
0.559706188302
0.559779312843
0.559821746194
0.560019232551
0.560122304755
0.560130250167
0.560168533033
0.560195550047
0.560670302712
0.560731039372
0.560744778143
0.560822543163
0.560915596722
0.561001429547
0.561085350366
0.561098243438
0.561138404575
0.561227637854
0.561246481752
0.561369930744
0.561434801146
0.561482561447
0.561560740713
0.561750240137
0.561808611324
0.561871949676
0.562042815095
0.562254570739
0.562293313049
0.562342359081
0.562393451949
0.562427028760
0.562487239844
0.562606513263
0.562625506179
0.562640495711
0.562653627257
0.562669810074
0.562708529230
0.562731510096
0.562994135612
0.563168555116
0.563205209797
0.563225332564
0.563274011581
0.563305238355
0.563359823191
0.563389450517
0.563568681720
0.563893489749
0.563904447903
0.563907319220
0.563966403312
0.564082598608
0.564195012737
0.564386843592
0.564410787700
0.564442245500
0.564489590819
0.564731613650
0.564885067904
0.564902757206
0.564932432489
0.565448160902
0.565727335323
0.565789247269
0.565856247270
0.566787842558
0.566789361055
0.566877854108
0.566914840978
0.566931588659
0.567009754072
0.567111121340
0.567151545791
0.567209705113
0.567264261620
0.567326903157
0.567349627721
0.567664942204
0.567678197663
0.567696072786
0.567919689162
0.568168039094
0.568289884217
0.568358632821
0.568441237577
0.568536569422
0.568575590981
0.568615043592
0.568621869613
0.568667145866
0.568729311776
0.568780349892
0.568783948953
0.568784578042
0.569008310846
0.569128050926
0.569130073414
0.569224259954
0.569276704926
0.569327273236
0.569473126840
0.569476576636
0.569655870757
0.569746948582
0.569895717077
0.569907266803
0.569933933234
0.569965135976
0.570024989545
0.570056161614
0.570143277138
0.570206375688
0.570222960442
0.570366090439
0.570416500203
0.570487812563
0.570588373217
0.570698082702
0.570796513972
0.570870972174
0.570962091686
0.571032509453
0.571123766614
0.571261448622
0.571285733033
0.571296901967
0.571437075791
0.571446046838
0.571481644393
0.571699421412
0.571705040853
0.572286503589
0.572334931739
0.572443339147
0.572666648075
0.572731031706
0.572783996788
0.572848195682
0.572883395963
0.572886316339
0.572911883243
0.572987619152
0.573162898338
0.573207717306
0.573340692103
0.573439459063
0.573758263534
0.573790556918
0.573821457822
0.573851721135
0.573857089905
0.573865369354
0.574162821060
0.574251242472
0.574361345888
0.574456580734
0.574587599917
0.574595747467
0.574818879147
0.574901973166
0.574941186044
0.575050089427
0.575121624335
0.575354791780
0.575366987490
0.575378328671
0.575507212444
0.575705227185
0.575904925898
0.575916107160
0.575937160251
0.575961595308
0.575979004957
0.576053279394
0.576171677520
0.576359940490
0.576436954084
0.576533822230
0.576539750168
0.576585369572
0.576717528033
0.576743083290
0.577024281952
0.577079071414
0.577110287395
0.577121797014
0.577198999507
0.577269100991
0.577275285092
0.577279137025
0.577324257941
0.577344919176
0.577432401547
0.577555918136
0.577799949845
0.577893382219
0.577934638504
0.577981311038
0.578027041020
0.578044755311
0.578051335913
0.578085561555
0.578133939371
0.578143914241
0.578160757532
0.578277251571
0.578333086883
0.578346923173
0.578395641458
0.578452794591
0.578465535116
0.578579882515
0.579040275973
0.579075512426
0.579105918974
0.579275436768
0.579305082697
0.579447316175
0.579514527559
0.579663947068
0.579749528968
0.579758665345
0.580044227446
0.580120454836
0.580217683922
0.580538414888
0.580755268191
0.581068632679
0.581077348984
0.581134931069
0.581310182015
0.581503361072
0.581515507115
0.581556161758
0.581602912833
0.581724079985
0.581736652241
0.581979106954
0.582014526100
0.582044218617
0.582173427615
0.582269221080
0.582321101363
0.582622907950
0.582832131515
0.582905771415
0.582929015672
0.583058356809
0.583095169913
0.583124223468
0.583336071110
0.583349966659
0.583476061931
0.583550626684
0.583652115068
0.583812229934
0.583936810602
0.583942012874
0.584004535962
0.584014383333
0.584284567605
0.584305574183
0.584307248800
0.584318674760
0.584504371561
0.584731635298
0.584832565083
0.584992815313
0.585105670789
0.585244478772
0.585425376282
0.585562090893
0.585589858738
0.585705844179
0.585708980399
0.585787825339
0.585829192986
0.585903041399
0.586034244365
0.586035396520
0.586057272474
0.586139909858
0.586174740396
0.586191724057
0.586245282378
0.586248319606
0.586291015869
0.586357885395
0.586398233377
0.586500789191
0.586553392240
0.586693328855
0.586813698947
0.586841717876
0.587113903746
0.587121258877
0.587205953470
0.587236910740
0.587330460287
0.587358067548
0.587422851924
0.587440866106
0.587511125659
0.587686417555
0.587909734310
0.587916816356
0.588068420913
0.588129021522
0.588271616298
0.588293739850
0.588338665961
0.588374861873
0.588459247035
0.588484328384
0.588549493487
0.588879631582
0.588936562894
0.588973278377
0.589172955567
0.589202651819
0.589261264362
0.589344943366
0.589406491574
0.589445674229
0.589465059973
0.589527039586
0.589598612515
0.589623195970
0.589645954384
0.589681470752
0.590079657584
0.590087112986
0.590176200901
0.590262736633
0.590396543027
0.590479526794
0.590498221951
0.590586095153
0.590649670846
0.590723670868
0.590857076512
0.590940316895
0.590955520642
0.590960540299
0.591059663770
0.591093824103
0.591111763476
0.591185124874
0.591274409897
0.591397587553
0.591441868443
0.591531875441
0.591616584883
0.591699215431
0.591747527310
0.591763317457
0.591848573545
0.591921463203
0.591970042265
0.591978001217
0.592026488349
0.592144480198
0.592152284594
0.592372508816
0.592416158633
0.592511494745
0.592664143434
0.592982047589
0.593006832532
0.593008010669
0.593118531552
0.593208821835
0.593247648913
0.593330418815
0.593387756917
0.593426796062
0.593484391584
0.593551120610
0.593579147936
0.593711814617
0.593765185765
0.593927891324
0.593931582827
0.594068166502
0.594078544712
0.594188790929
0.594362520527
0.594485725939
0.594548147993
0.594549305095
0.594704441170
0.594793618886
0.594819909344
0.594882881800
0.594888025312
0.594957276674
0.595379379836
0.595580004602
0.595631138457
0.595658036419
0.595662217311
0.595987437296
0.596065169600
0.596192022913
0.596339645249
0.596369487695
0.596534514692
0.596556999410
0.596687349800
0.596770893747
0.596824407717
0.596888889000
0.596924857407
0.596978684641
0.597085623897
0.597089297564
0.597122842202
0.597557038721
0.597584529753
0.597919295803
0.598077238345
0.598216508664
0.598279343579
0.598405068157
0.598519814089
0.598598857139
0.598705505227
0.598856573707
0.598878574870
0.599306818889
0.599342574817
0.599370159158
0.599518511705
0.599523112790
0.599601898755
0.599616292801
0.599646303372
0.599753668258
0.599828750940
0.599878912027
0.600004273190
0.600225382886
0.600407048065
0.600610921855
0.600855767887
0.600875315915
0.600878791892
0.601056162014
0.601151719712
0.601312959900
0.601374751877
0.601576729649
0.601585829568
0.601738996473
0.601837702909
0.601865400587
0.602036184742
0.602074148026
0.602115630871
0.602293517172
0.602297055919
0.602555587723
0.602665778602
0.602698135654
0.602719905884
0.602780978772
0.603034610617
0.603054229423
0.603089369937
0.603378222084
0.603428278565
0.603618022523
0.603657853699
0.603767127962
0.603830117866
0.604010450197
0.604017662277
0.604205596863
0.604371638017
0.604385280306
0.604407630196
0.604613192755
0.604638873962
0.604681673290
0.604965692960
0.604982185485
0.605163306868
0.605278465753
0.605315278815
0.605325723111
0.605345772546
0.605615893391
0.605819572797
0.606087247650
0.606098253014
0.606314943595
0.606338139067
0.606348334382
0.606392200992
0.607010801398
0.607021217099
0.607107249155
0.607113375794
0.607181872728
0.607203976660
0.607443684903
0.607554863998
0.607784832657
0.607876258527
0.608025057504
0.608139046205
0.608207000299
0.608243735238
0.608352491986
0.608407355411
0.608488341539
0.608707249344
0.608729650878
0.608815494247
0.608893276700
0.608921311985
0.608994887508
0.609001300252
0.609067478954
0.609099573652
0.609108242672
0.609143989363
0.609177781572
0.609214989968
0.609383422958
0.609418706625
0.609458425592
0.609632512675
0.609857038493
0.609970942323
0.610190072954
0.610259984537
0.610265915933
0.610268250143
0.610301326578
0.610406393371
0.610442631482
0.610456484806
0.610545431709
0.610628132475
0.610709506754
0.610862996358
0.610904462224
0.611079493233
0.611221350905
0.611443711594
0.611786950157
0.611815211185
0.612062226362
0.612067765526
0.612135800659
0.612201291521
0.612469382097
0.612563692958
0.612653476074
0.612707455268
0.612751456935
0.612768813003
0.613210826352
0.613225878173
0.613334597119
0.613524040194
0.613756761249
0.613846128155
0.613888790796
0.613921513741
0.613949842855
0.613986895543
0.614055917354
0.614452465418
0.614465155091
0.614470155089
0.614538315866
0.614624432225
0.614679032383
0.614867058935
0.614917519767
0.614982371366
0.614985339352
0.615186882895
0.615251264064
0.615347581252
0.615423660077
0.615520434780
0.615587496266
0.615639540125
0.615684519883
0.615740400788
0.615798734791
0.615912193852
0.616271415816
0.616312769185
0.616517305219
0.616754469201
0.616888007971
0.616922553867
0.617189384391
0.617226197239
0.617282930432
0.617294535069
0.617406937593
0.617411163411
0.617550860062
0.617600052285
0.617908634601
0.618022196350
0.618074354638
0.618091974156
0.618222738011
0.618238404091
0.618255113960
0.618322490563
0.618402381497
0.618472691769
0.618731273306
0.618748724752
0.618969566555
0.619637083584
0.619655170079
0.619714784770
0.619817909140
0.619967111080
0.620027214027
0.620104193038
0.620174178520
0.620180004845
0.620194025255
0.620278357582
0.620452022522
0.620494724189
0.620612770706
0.620742252052
0.620788676312
0.620844187768
0.620902997053
0.620975397196
0.620978967594
0.621126952467
0.621297774789
0.621344439516
0.621361206147
0.621502682709
0.621513316081
0.621532499215
0.621871570228
0.622133055786
0.622314106194
0.622481546221
0.622526326699
0.622538068031
0.622566362131
0.622582334344
0.622665659716
0.622734759539
0.622758213272
0.622791999979
0.622804878490
0.622923400837
0.622948990244
0.623071923379
0.623199786514
0.623235853234
0.623366041514
0.623401487778
0.623437003472
0.623533227206
0.623609130987
0.623638951750
0.623731324670
0.623783137604
0.624088486601
0.624187678200
0.624467410104
0.624485081696
0.624530174189
0.624635722398
0.624670500315
0.624706360976
0.624813619073
0.625125064236
0.625392537193
0.625527138939
0.625634401976
0.625648014366
0.625809541870
0.625831206544
0.625838734652
0.626104435117
0.626264922652
0.626346636233
0.626383212767
0.626412967129
0.626513298763
0.626562253138
0.626662827832
0.626837085581
0.627054662222
0.627235590751
0.627294049906
0.627306702457
0.627360519193
0.627429227857
0.627744310439
0.627772141414
0.627778114313
0.627854760997
0.627948219969
0.628007229675
0.628031882271
0.628096817107
0.628132575898
0.628294422611
0.628539031854
0.628564833219
0.628646384062
0.628818810619
0.628827606711
0.628830918901
0.628907121706
0.628993365156
0.629026928208
0.629047960722
0.629313150921
0.629398730125
0.629494058020
0.629582659450
0.629720765905
0.629756139315
0.629938771226
0.629984236069
0.630028271727
0.630034211650
0.630366689436
0.630656312443
0.630662336008
0.631003111696
0.631068328557
0.631072813889
0.631171402209
0.631459911366
0.631510925640
0.631678376712
0.631689489528
0.631779822991
0.631837760909
0.631891872578
0.631917409240
0.632106551231
0.632146708800
0.632237267159
0.632311479255
0.632336678270
0.632463173300
0.632541747546
0.632577156232
0.632608687673
0.632994547369
0.633234551617
0.633260095903
0.633293976266
0.633346466198
0.633348154502
0.633647224729
0.633656672787
0.633707978077
0.633756396491
0.633805410266
0.633852778489
0.633994146801
0.634084498175
0.634156684593
0.634222176718
0.634319189847
0.634347055861
0.634426895558
0.634482021771
0.634511802385
0.634556307243
0.634572301572
0.634594765143
0.634633088595
0.634874652639
0.635017175450
0.635300537857
0.635313573617
0.635334628119
0.635368791032
0.635386784297
0.635463832081
0.635577398664
0.635640746683
0.635758862336
0.635800757017
0.635841555651
0.635910772562
0.636130568443
0.636193279437
0.636279414076
0.636330254342
0.636346652698
0.636385814223
0.636440968822
0.636575499182
0.636628111361
0.636670043305
0.636802094387
0.636811211931
0.636821257676
0.636855044381
0.636884739240
0.636892916704
0.637103164727
0.637128823051
0.637310830366
0.637316042889
0.637611372303
0.637655935467
0.637657106831
0.637756653248
0.637802961810
0.637934286857
0.637976451829
0.637978770381
0.638032527227
0.638296434058
0.638386699335
0.638614965678
0.638618244857
0.638793704400
0.638893961733
0.639186674219
0.639198653420
0.639275871895
0.639376276357
0.639537933193
0.639708857454
0.639754286175
0.640006255723
0.640019251614
0.640054367561
0.640115487187
0.640223505726
0.640264759157
0.640378485788
0.640606013436
0.640641059405
0.640678907419
0.640759853356
0.640954234111
0.640981996015
0.641101200260
0.641108945593
0.641199957334
0.641232339385
0.641236760534
0.641287346649
0.641441044778
0.641477380209
0.641649624481
0.641673493864
0.641703028710
0.641705587609
0.641787260629
0.641873508247
0.641892050339
0.642857372227
0.642875709864
0.642932880567
0.643026867016
0.643097745825
0.643297943340
0.643299684687
0.643311772426
0.643313579956
0.643579264506
0.643719797499
0.643765087053
0.643864906326
0.643893838896
0.643942213077
0.644038338838
0.644081026430
0.644237171971
0.644238894357
0.644254280617
0.644474524148
0.644593591842
0.644885047215
0.644901073976
0.644938675343
0.644954530102
0.645218950855
0.645268535733
0.645269198646
0.645545882225
0.645799054342
0.645816523261
0.646106298467
0.646106383792
0.646188201512
0.646248029356
0.646252739522
0.646458142490
0.646591356336
0.646603759421
0.646621894609
0.646712992137
0.646746214472
0.646914443241
0.647095472243
0.647198177202
0.647606840625
0.647656794601
0.647755239949
0.647849942263
0.648127447084
0.648192713562
0.648347751727
0.648410889248
0.648436265299
0.648485130507
0.648563680965
0.648699108728
0.648818296283
0.648872632122
0.648875813323
0.649084641909
0.649231331099
0.649410180488
0.649447112919
0.649456864815
0.649596187667
0.649614031751
0.649643903038
0.649797187066
0.650099893862
0.650126302390
0.650129232217
0.650142172895
0.650186100356
0.650227826216
0.650329420799
0.650496615591
0.650511926873
0.650520099135
0.650527083981
0.650635969712
0.650667414612
0.650763002051
0.650769209264
0.650917262590
0.650933452022
0.651053125798
0.651130853242
0.651268655850
0.651568833720
0.651572287233
0.651582773369
0.651620087045
0.651623163429
0.651744964849
0.651765538516
0.652147207705
0.652330808214
0.652427633699
0.652529400482
0.652537510127
0.652637042527
0.652737166446
0.652801201598
0.652885559638
0.652993619185
0.653101103100
0.653265521113
0.653312352283
0.653325450538
0.653394036559
0.653827142093
0.653930791260
0.653948676363
0.654128910324
0.654353963995
0.654510565959
0.654625244113
0.654651341937
0.654686002952
0.654798246314
0.654885172096
0.654891996408
0.655043869629
0.655154994277
0.655171200309
0.655242558037
0.655483860266
0.655573815655
0.655612383871
0.655624065326
0.655739758161
0.655813633596
0.655858319628
0.655880403256
0.655888777545
0.655945483443
0.655969505050
0.656010773738
0.656023797685
0.656032785236
0.656082136558
0.656225777296
0.656248878840
0.656282784593
0.656355358209
0.656443345919
0.656648154908
0.656676353419
0.656720902097
0.656788792618
0.656836962951
0.656913303235
0.656975529295
0.657086557446
0.657184954225
0.657383728811
0.657391845243
0.657441182930
0.657540757181
0.657609236939
0.657757888113
0.657796191367
0.657811359476
0.657903983607
0.657963490665
0.658164809581
0.658197131641
0.658253257219
0.658289146914
0.658374609409
0.658504259432
0.658560910481
0.658681449303
0.658779250394
0.658869826528
0.658941777998
0.659045100581
0.659045357319
0.659148923050
0.659193054008
0.659406683151
0.659477865772
0.659595922365
0.659735595111
0.659745151077
0.659760834295
0.660003040536
0.660015398296
0.660085981831
0.660232777884
0.660257915705
0.660295825616
0.660549166925
0.660749914732
0.660948954684
0.660956220931
0.661007486352
0.661274708240
0.661350336248
0.661471451467
0.661580205528
0.661716882783
0.661748949436
0.661816281462
0.661821797252
0.661875264897
0.662065728559
0.662137687086
0.662194921692
0.662205737219
0.662225205989
0.662497531805
0.662621884539
0.662703150309
0.662897984252
0.662937232898
0.662966592846
0.663109883502
0.663246553450
0.663344424685
0.663345123874
0.663373601172
0.663466150627
0.663477960927
0.663687946869
0.663980577121
0.664083397400
0.664413785250
0.664492509408
0.664625322603
0.664662675512
0.664709004812
0.664729010940
0.664735154482
0.664758333756
0.664940215339
0.664957308453
0.664993066628
0.665038199987
0.665044508712
0.665075566068
0.665079135688
0.665159676617
0.665382330947
0.665391684452
0.665432175890
0.665525906821
0.665554922036
0.665603685628
0.665788750852
0.666014637838
0.666258462885
0.666477127207
0.666493418347
0.666627711989
0.666868869765
0.666982162325
0.667111970783
0.667150290615
0.667292193503
0.667363361250
0.667464399462
0.668004503827
0.668012237478
0.668042477006
0.668051669452
0.668288736860
0.668299820540
0.668304216872
0.668334517813
0.668341725572
0.668376692096
0.668463876987
0.668560896997
0.668689362552
0.668727892345
0.668775209161
0.668815927331
0.668872110692
0.669066193882
0.669177946312
0.669282534741
0.669334274930
0.669364485413
0.669418855371
0.669524819370
0.669549831547
0.669696683755
0.669850415790
0.670110105308
0.670179026869
0.670217987471
0.670240941890
0.670274727757
0.670299512041
0.670342460013
0.670427527455
0.670569400337
0.670574325420
0.670606993521
0.670701224894
0.670727039813
0.670905348943
0.670922240912
0.670992593499
0.671012707538
0.671053218709
0.671064582450
0.671176188953
0.671260092267
0.671363054137
0.671369925080
0.671399505482
0.671670538049
0.671745666775
0.671784461808
0.671925531233
0.672041315241
0.672050506212
0.672239242827
0.672329255710
0.672392459917
0.672555685953
0.672748133306
0.672789007848
0.672844059774
0.672933483071
0.672955430969
0.673190970886
0.673306864126
0.673426244715
0.673590803772
0.674029019948
0.674089253703
0.674150115893
0.674163914843
0.674371612126
0.674517791376
0.674718591428
0.674744374488
0.674744832629
0.674792291443
0.674850583807
0.674955785458
0.675091268417
0.675112855365
0.675223564755
0.675244116574
0.675616403740
0.675776154917
0.675828153576
0.675898716359
0.675993867576
0.676022676032
0.676501065734
0.676559388303
0.676633307693
0.676926347774
0.676928347481
0.676936003355
0.677387596398
0.677476713314
0.677604813888
0.677653982768
0.677763804580
0.677943159581
0.678001868518
0.678013465383
0.678155732267
0.678322527492
0.678390495012
0.678426425550
0.678443325459
0.678449146077
0.678461454282
0.678683877682
0.678699958956
0.678722201949
0.678762905791
0.678984929659
0.679078782078
0.679081141050
0.679159597789
0.679213997610
0.679225755479
0.679390541849
0.679391280358
0.679435947720
0.679452417401
0.679509857413
0.679556158696
0.679569086851
0.679793351870
0.679795690945
0.680244351857
0.680379313086
0.680448993643
0.680553447854
0.680615016753
0.680642395611
0.680766344268
0.680807748690
0.681026993304
0.681053621841
0.681060896345
0.681060917074
0.681301723552
0.681341517373
0.681376281301
0.681420422964
0.681538651785
0.681852929229
0.682001733113
0.682263864705
0.682491471707
0.682517949779
0.682527223974
0.682529092038
0.682592348840
0.682637710322
0.682720375859
0.682744297599
0.683004343924
0.683009401002
0.683077817291
0.683107424470
0.683198017934
0.683288607709
0.683326012567
0.683328094413
0.683534404749
0.683647194666
0.684154359831
0.684353734115
0.684416720428
0.684549835305
0.684708245393
0.684725409427
0.684818680946
0.684844975170
0.685016066881
0.685026171898
0.685144999493
0.685165262845
0.685244579023
0.685375347230
0.685403441224
0.685420415606
0.685464084093
0.685499973393
0.685589132946
0.685628271465
0.685796674870
0.685875218432
0.685900782124
0.686053634284
0.686169881873
0.686179290724
0.686233452981
0.686461732817
0.686561833059
0.686579057115
0.686635251554
0.686754641849
0.686858817309
0.686905845137
0.686949036963
0.686967607083
0.687192202343
0.687246023108
0.687276174739
0.687383674116
0.687391652369
0.687394344891
0.687487549810
0.687498234124
0.687719976858
0.688047782571
0.688124211367
0.688134697468
0.688149343848
0.688238227855
0.688299951467
0.688538380373
0.688546922675
0.688692342691
0.688793701674
0.688930278994
0.689021011684
0.689104542821
0.689167144038
0.689198721878
0.689201301927
0.689275206235
0.689304820955
0.689700836721
0.689768026026
0.689866180139
0.689871943308
0.689924128056
0.690072040522
0.690081487751
0.690245891621
0.690330871080
0.690378782671
0.690485112456
0.690626623117
0.690632915850
0.690820193640
0.691251348476
0.691354005007
0.691462119228
0.691535544268
0.691662203173
0.691683512989
0.691730785774
0.691753013387
0.692145221615
0.692238630598
0.692255153799
0.692531093316
0.692563830838
0.692566096960
0.692626045059
0.692684426949
0.692865943521
0.693167988134
0.693274987542
0.693443042164
0.693605736869
0.693612226017
0.693687608571
0.693779502442
0.693925991712
0.694317140698
0.694419684359
0.694487159118
0.694616301224
0.694653427766
0.694829771601
0.694851869485
0.694981690148
0.695038976109
0.695052697199
0.695075837316
0.695267757704
0.695646709098
0.695752494111
0.695786165092
0.695803156191
0.696172828846
0.696204643152
0.696206771134
0.696264056131
0.696342147004
0.696365080417
0.696541066229
0.696819862504
0.696900059935
0.696977027310
0.697078831132
0.697351473059
0.697361711675
0.697377034597
0.697401916109
0.697436909214
0.697508101449
0.697552788527
0.697689237221
0.697843164556
0.697905409436
0.698244142925
0.698423136940
0.698734341065
0.698777168112
0.698910372117
0.698949822333
0.698993834521
0.699264706018
0.699341098096
0.699350926572
0.699354876130
0.699530448434
0.699623526166
0.699641018616
0.699725035218
0.699856564892
0.699949018639
0.700031472271
0.700091220817
0.700103131880
0.700155000296
0.700180577803
0.700263066183
0.700273947778
0.700294415650
0.700330239684
0.700363322128
0.700381922122
0.700797340250
0.700809931185
0.700855751258
0.701089758702
0.701172768585
0.701270054556
0.701303458485
0.701458846061
0.701479075536
0.701491489545
0.701585335960
0.701604610394
0.701622765892
0.701756899750
0.701901969016
0.701995183701
0.702060125226
0.702095554366
0.702103724286
0.702273670538
0.702417538907
0.702489770742
0.702609240993
0.702648712466
0.702724539986
0.702745220446
0.703148866892
0.703376724573
0.703473816356
0.703714070159
0.703756043812
0.703830012087
0.703967175594
0.704070838702
0.704077378622
0.704156793846
0.704161475639
0.704197445857
0.704197883252
0.704320493228
0.704362700014
0.704508564830
0.704522759817
0.704664161139
0.704680400971
0.704697019461
0.704806052112
0.704841490246
0.704933358857
0.705117470847
0.705129676829
0.705284761303
0.705341927352
0.705343202677
0.705355509595
0.705439550773
0.705525778401
0.705681140948
0.705751404479
0.705806711520
0.705932504649
0.705989766005
0.706380562880
0.706691510051
0.706722469305
0.706742297722
0.706854388133
0.706949368833
0.706998301258
0.707078342273
0.707271649987
0.707358056607
0.707447979720
0.707883828195
0.707987932601
0.708005918342
0.708019021122
0.708078789755
0.708150539922
0.708217632915
0.708351543201
0.708370031650
0.708432897182
0.708742522600
0.708797650533
0.708818683321
0.708855224325
0.708857601367
0.708902430388
0.709030896599
0.709109106727
0.709185709485
0.709209477442
0.709324852027
0.709609514811
0.709664432040
0.709666448539
0.709754389693
0.709807672479
0.710053318662
0.710086002874
0.710264606948
0.710288850851
0.710526973930
0.710543171515
0.710568685240
0.710607084755
0.710913500451
0.710960990511
0.711023321947
0.711146474450
0.711284769003
0.711367142974
0.711373623723
0.711473768295
0.711562944290
0.711583060455
0.711645874423
0.711662796669
0.711748054665
0.712043900916
0.712137228897
0.712148684960
0.712169975732
0.712338901783
0.712341904985
0.712443784628
0.712623892618
0.712625037819
0.712775165301
0.712839079220
0.712880288755
0.712943191067
0.712967911200
0.713063324158
0.713149046405
0.713359400911
0.713382105332
0.713514167258
0.713552894041
0.713692143646
0.713703750328
0.713834297622
0.713865693215
0.714069811493
0.714120286996
0.714165157028
0.714324241854
0.714348981907
0.714924725296
0.715319654387
0.715485561500
0.715526482664
0.715563185596
0.715795289844
0.715992914243
0.716055645804
0.716082874399
0.716162298894
0.716171697683
0.716199220096
0.716310998412
0.716401091706
0.716507597317
0.716534109455
0.716557136862
0.716795103691
0.716961811675
0.717029376618
0.717110180201
0.717228793727
0.717326786708
0.717583277349
0.717590373054
0.717696577480
0.717698639037
0.717731723748
0.717750993514
0.718052875415
0.718076453810
0.718116270089
0.718360903920
0.718530819076
0.718595077350
0.718666577326
0.718754884146
0.718762409287
0.718774010274
0.718909774079
0.718973030610
0.718974148182
0.719422545692
0.719562021927
0.719623394278
0.719635535021
0.719802535210
0.719888683901
0.720013883945
0.720275427215
0.720409734124
0.720479020911
0.720494060172
0.720575617448
0.720621686906
0.720824182021
0.721109324589
0.721245656519
0.721371135438
0.721384608225
0.721492062703
0.721564010466
0.721576010913
0.721604626379
0.721799982675
0.721802524532
0.721897452448
0.721994386960
0.722037316125
0.722151687895
0.722246490471
0.722270585364
0.722286059887
0.722392563160
0.722707632948
0.722717359466
0.722757735114
0.722856916326
0.723005592569
0.723093477178
0.723318223419
0.723371886370
0.723408865193
0.723435715301
0.723446606244
0.723507891855
0.723556583318
0.723576340513
0.723725905277
0.723768319324
0.723777005755
0.723957780423
0.724153707831
0.724268637539
0.724383451841
0.724431969439
0.724480547270
0.724484330224
0.724614771446
0.724699426597
0.724724568383
0.725176875588
0.725286954675
0.725293030219
0.725371520463
0.725373558002
0.725505383676
0.725570715890
0.725572692595
0.725688050805
0.725690778265
0.725780246448
0.725822596005
0.725957251277
0.725964718350
0.725965576083
0.726152979236
0.726408544875
0.726484612386
0.726516263597
0.726655786074
0.726828100377
0.727136000263
0.727149404453
0.727244444535
0.727246136849
0.727275522038
0.727409758858
0.727463865443
0.727497409625
0.727594230466
0.727738361628
0.727769534477
0.727845981714
0.727935261694
0.728009404322
0.728240111147
0.728251241682
0.728258074310
0.728309977959
0.728383644135
0.728428351779
0.728441839954
0.728482056054
0.728736089855
0.728797913825
0.728801660958
0.728956852488
0.729100235701
0.729245397162
0.729398680310
0.729502686293
0.729513712882
0.729560829508
0.729644752419
0.729846156381
0.729847008738
0.729912828247
0.730027003852
0.730106629256
0.730232333665
0.730257771287
0.730269037518
0.730312081131
0.730339989238
0.730664513782
0.730767118925
0.730977405144
0.731004573150
0.731134916612
0.731177849504
0.731200730804
0.731315628398
0.731373942184
0.731479021099
0.731597416828
0.731812794178
0.731900612530
0.732004287040
0.732073892235
0.732362045136
0.732370225563
0.732521303328
0.732856424392
0.733053187198
0.733076139983
0.733154216824
0.733181030590
0.733310428110
0.733331681649
0.733338800093
0.733341075888
0.733523472300
0.733768056159
0.733796382494
0.733929033423
0.733955405879
0.734056063501
0.734133406267
0.734207976818
0.734550328578
0.734589209512
0.734640958617
0.734945313345
0.735023396480
0.735053465386
0.735290224125
0.735521833197
0.735562472498
0.735602754830
0.735685741154
0.735839313623
0.735845899698
0.735903969284
0.735916061353
0.735990041638
0.736079038076
0.736108664294
0.736135583844
0.736260896127
0.736406835129
0.736422701498
0.736451531053
0.736523134106
0.736551162038
0.736559152281
0.736563003099
0.736585114745
0.736611118345
0.736695079810
0.737060641745
0.737098311840
0.737632602679
0.737679822739
0.737898069203
0.737955948391
0.738410850961
0.738415453246
0.738430291073
0.738450300422
0.738549240075
0.738661384000
0.738865889539
0.738957714160
0.738976699379
0.739060409396
0.739205886048
0.739319838565
0.739337775535
0.739627749172
0.739693391684
0.739874405930
0.739907100431
0.740004304221
0.740202940808
0.740244641039
0.740610539371
0.740635651621
0.740791958908
0.740846598038
0.740846833850
0.741128913966
0.741183535924
0.741289112946
0.741330051940
0.741462544345
0.741521508192
0.741568452869
0.741699821911
0.741739801805
0.741939352280
0.742123041190
0.742133831715
0.742188041530
0.742357000714
0.742671997446
0.742724320505
0.742819709761
0.742836311916
0.742899440737
0.742950990420
0.743116494677
0.743202511673
0.743421195302
0.743517301533
0.743634202258
0.743954979592
0.744031285818
0.744031839738
0.744035522209
0.744059400705
0.744325237967
0.744345708706
0.744453912256
0.744477713016
0.744673071142
0.744705533736
0.744725943852
0.744735416367
0.744762805930
0.744911275062
0.744947352793
0.745030080896
0.745037161872
0.745096363672
0.745160955785
0.745245391139
0.745356098849
0.745404527638
0.745568243961
0.745617220751
0.745642623867
0.745764816830
0.745807439734
0.745843984497
0.745877820232
0.746057118143
0.746229253205
0.746275110910
0.746293125259
0.746310029387
0.746331447426
0.746332734683
0.746491874573
0.746495032869
0.746566408628
0.746656960520
0.746675383325
0.746812772111
0.746871184538
0.747032673191
0.747067741139
0.747071913403
0.747425429027
0.747437319631
0.747470955116
0.747514585613
0.747578008459
0.747595545367
0.747623641490
0.747630054039
0.747720975548
0.747726241344
0.747789070030
0.747898666530
0.747923334225
0.747997102079
0.748070031524
0.748150248488
0.748187165964
0.748237238254
0.748256453113
0.748337472468
0.748527637387
0.748720816006
0.748740810746
0.748808183635
0.749092192865
0.749341839917
0.749357904413
0.749364858438
0.749399071806
0.749482408846
0.749503312196
0.749542094591
0.749643064602
0.749648105807
0.749658198498
0.749683911620
0.749733759705
0.749794773314
0.750040171188
0.750164531475
0.750305584714
0.750337165094
0.750478456316
0.750618026798
0.750689193055
0.750747606482
0.750794838745
0.750873281649
0.751011575000
0.751028974266
0.751032419636
0.751095437834
0.751112264077
0.751244044720
0.751540276580
0.751708094971
0.751711884924
0.751735095493
0.751747123023
0.751776075772
0.751841800456
0.751867503673
0.751967476580
0.752219591362
0.752233580139
0.752285374780
0.752357097185
0.752595697787
0.752784693472
0.752847607412
0.752848096652
0.752868098844
0.752902620475
0.752951003361
0.753326911621
0.753455313585
0.753460092680
0.753512327175
0.753532112098
0.753548750597
0.753571938145
0.753591515389
0.753614298169
0.753669774102
0.753737138742
0.753797354465
0.753909744985
0.753912246114
0.753926734522
0.753933978759
0.754068086168
0.754177017799
0.754263348786
0.754265019455
0.754310912869
0.754484171680
0.754529907786
0.754676065115
0.754836004835
0.754884815857
0.754985423820
0.755090076648
0.755428544642
0.755502633542
0.755806887339
0.755855334607
0.755901864702
0.756130263489
0.756160616679
0.756965583907
0.757007325759
0.757089850925
0.757188026231
0.757265788316
0.757679563373
0.757683227822
0.757710906696
0.757742124427
0.757782376996
0.757868326364
0.757869157139
0.758175262801
0.758195739124
0.758253172991
0.758434534907
0.758476746594
0.758503233276
0.758546265150
0.758737623892
0.758941416372
0.758977426784
0.759213486558
0.759229570630
0.759332597651
0.759403878961
0.759404004980
0.759464451649
0.759524401464
0.759636594678
0.759781997052
0.759856885681
0.759914421424
0.760266922912
0.760334306723
0.760349890697
0.760371726866
0.760379018707
0.760498698948
0.760508532513
0.760541594305
0.760577454225
0.760806805055
0.760864366779
0.760885302708
0.760955493380
0.761128072339
0.761169141819
0.761266095769
0.761326564215
0.761347391886
0.761373760405
0.761382767765
0.761515512673
0.761549702149
0.761702793349
0.761846124849
0.761948377557
0.762052069642
0.762191693176
0.762297910135
0.762341700003
0.762703991700
0.762747539374
0.762888201785
0.762985184549
0.763003985659
0.763420038052
0.763550423383
0.763560147956
0.763564360201
0.763633931730
0.763668070923
0.764090295292
0.764101121885
0.764243366756
0.764331851239
0.764365408656
0.764618308098
0.764976822566
0.765035791313
0.765109921227
0.765259085004
0.765542832767
0.766047256214
0.766061570890
0.766168325840
0.766172569254
0.766175485426
0.766180869748
0.766183269719
0.766197824723
0.766213285551
0.766324005080
0.766446045532
0.766592989083
0.766785810584
0.766827450217
0.766888278052
0.766958301362
0.766993777100
0.767031126763
0.767122159863
0.767190641576
0.767212286691
0.767278856491
0.767321290728
0.767354270835
0.767369214092
0.767374089895
0.767552651806
0.767565059517
0.767575217377
0.767614448699
0.767847234257
0.767943551304
0.768055701792
0.768107058394
0.768120452620
0.768158741477
0.768349463327
0.768417846586
0.768541831840
0.769104087542
0.769107928397
0.769133020049
0.769134101115
0.769157411683
0.769278759233
0.769396704885
0.769615069211
0.769690741516
0.769706341623
0.769795984523
0.769822611391
0.769918251269
0.770145025746
0.770361952247
0.770442359737
0.770513972795
0.770645962688
0.770765422826
0.770785908615
0.771111908914
0.771174423107
0.771225670728
0.771231347349
0.771261231158
0.771283760854
0.771374281154
0.771381846819
0.771481104848
0.771562409748
0.771705364789
0.771792914792
0.771852570494
0.771879653114
0.772183416119
0.772263357755
0.772341184511
0.772496457043
0.773142419528
0.773203721241
0.773456801694
0.773481344949
0.773612655275
0.773626388245
0.773649504743
0.773739580536
0.773818501834
0.773995027901
0.774028098521
0.774105767735
0.774121786855
0.774152489804
0.774394542030
0.774507401527
0.774606418351
0.774877381944
0.774880028270
0.775040521890
0.775082370264
0.775174852423
0.775393830170
0.776046073744
0.776082663976
0.776107701523
0.776189080589
0.776338091721
0.776434264017
0.776512596621
0.776532899471
0.776575259460
0.776593785102
0.776752923239
0.776859372349
0.777182498654
0.777207978836
0.777294134559
0.777498576539
0.777561737580
0.777625167767
0.777655372930
0.777877148357
0.777924843711
0.777927055232
0.777993592434
0.778071491727
0.778104869009
0.778162836183
0.778331397707
0.778405795564
0.778550114459
0.778657718017
0.778686928533
0.778724255761
0.778781411265
0.778794889269
0.778882722486
0.778964802127
0.779202342509
0.779222948622
0.779298926282
0.779327604336
0.779458728370
0.779604761503
0.779900363449
0.779999693291
0.780085259957
0.780093733761
0.780154647626
0.780154913992
0.780154928668
0.780168727837
0.780196537105
0.780271225983
0.780464023976
0.780471833617
0.780494926948
0.780529595023
0.780560876142
0.780625782491
0.780630674151
0.780737716140
0.780883042142
0.780924100361
0.781085165875
0.781103010210
0.781112871391
0.781175984665
0.781333061113
0.781358644253
0.781452482991
0.781560308623
0.781616845624
0.781768594946
0.781778516773
0.782115205808
0.782383217715
0.782476699248
0.782508315516
0.782510436592
0.782592342325
0.782608689515
0.782746191540
0.782813425525
0.782814774928
0.782890474745
0.783004161534
0.783033577574
0.783142672403
0.783149429791
0.783243221825
0.783347585694
0.783347895463
0.783600061867
0.783647886528
0.783652046250
0.783666169483
0.783772109738
0.783883342326
0.783904453882
0.784043411016
0.784047322019
0.784051123321
0.784131465423
0.784285958348
0.784461860718
0.784558959384
0.784597396498
0.784678893767
0.784905373539
0.784958007829
0.784995529043
0.785149065117
0.785314938263
0.785345026177
0.785522554367
0.785640846436
0.785692802568
0.785801391797
0.785815908259
0.785823298759
0.786176320672
0.786230007816
0.786241042151
0.786283126342
0.786451192569
0.786473140934
0.786502095375
0.786626453743
0.786758530403
0.786901912036
0.786922269223
0.787079313304
0.787124262460
0.787158143400
0.787206745249
0.787525266690
0.787586906326
0.787801302349
0.787872025247
0.787872975819
0.788001597576
0.788135232067
0.788215574193
0.788225415436
0.788229640728
0.788256521965
0.788395866005
0.788426955638
0.788517944102
0.788519269564
0.788836999843
0.788966494319
0.788994553126
0.789019785407
0.789046578406
0.789062453423
0.789066577801
0.789141695256
0.789335563294
0.789387422501
0.789398645401
0.789597749473
0.789632190450
0.789712939305
0.789721775949
0.789780991383
0.789805070356
0.789917798920
0.789940133199
0.789956006625
0.790032218656
0.790156929532
0.790171093066
0.790224016709
0.790284379668
0.790378672612
0.790439207493
0.790567873635
0.790664829256
0.790696512443
0.791025333767
0.791092734180
0.791128541906
0.791285942331
0.791439072376
0.791441186302
0.791526696348
0.791546850648
0.791628620299
0.792031197240
0.792575636895
0.792584485161
0.792609875773
0.792884774997
0.793031178303
0.793159637670
0.793298360740
0.793321929021
0.793383041679
0.793483820680
0.793533575453
0.793556164958
0.793803994047
0.793833221592
0.793971560637
0.794027321688
0.794056799175
0.794275791878
0.794341049134
0.794382399977
0.794535913549
0.794561371918
0.794582966342
0.794673433457
0.794678302996
0.794917543654
0.794947368768
0.794972568209
0.795116203593
0.795356287812
0.795377309918
0.795946591710
0.795994794745
0.796069277443
0.796173725471
0.796215782531
0.796315509632
0.796343329663
0.796507939270
0.796543123126
0.796620806203
0.796774358548
0.796836427785
0.796887101987
0.797023640252
0.797064340658
0.797383122270
0.797732852899
0.797774796884
0.797780219593
0.797950674862
0.798162669235
0.798261783797
0.798409081201
0.798486945202
0.798540866758
0.798719026048
0.798787035877
0.798792833615
0.799141482121
0.799211307360
0.799264127044
0.799306151937
0.799309716068
0.799393327753
0.799425639966
0.799566601839
0.799597899158
0.799609278363
0.799669505597
0.799767557415
0.800031256185
0.800394615869
0.800465276174
0.800487609125
0.800584745554
0.800596478655
0.800991707105
0.801024950656
0.801381184499
0.801464877523
0.801491077322
0.801563692174
0.801726436334
0.801779225709
0.802004190951
0.802071619622
0.802083085845
0.802213972981
0.802569726750
0.802666541854
0.802720699438
0.802787813083
0.802793091789
0.802859600343
0.802937023359
0.803039181970
0.803132438760
0.803179113495
0.803379516635
0.803476183461
0.803778569066
0.803910580371
0.803910605077
0.803984752219
0.804069321318
0.804084177483
0.804414548978
0.804539083257
0.804615133600
0.804703500610
0.804741820732
0.804800664882
0.804940619914
0.805048695220
0.805060395862
0.805073515992
0.805229773703
0.805232588861
0.805279003912
0.805359702093
0.805365407800
0.805433603494
0.805490016049
0.805512457545
0.805585341548
0.805736766218
0.806039211610
0.806231948197
0.806284550985
0.806662147737
0.806665574441
0.806707136009
0.806713846367
0.806732103961
0.806902655060
0.806913601819
0.806919645088
0.807181900822
0.807283681118
0.807340596004
0.807373039220
0.807387549726
0.807744298595
0.807793748943
0.807826688390
0.807911550591
0.807990578492
0.807992785512
0.808142157000
0.808443343891
0.808515157692
0.808529533925
0.808572365669
0.808668683234
0.808687891442
0.808998660095
0.809103686402
0.809270915487
0.809382511059
0.809555002815
0.809562363817
0.809670006725
0.809796978482
0.809846569510
0.809865636065
0.809871648386
0.810053129290
0.810138992356
0.810409134385
0.810423416040
0.810427099609
0.810488917321
0.810554148162
0.810566438440
0.810608977303
0.810635919115
0.810647059569
0.810773537452
0.810921262033
0.810960845358
0.811040003103
0.811085491063
0.811204047319
0.811223961994
0.811362975097
0.811388137738
0.811486262263
0.811487804471
0.811505123789
0.811536456820
0.811597547488
0.811609877863
0.811622982840
0.811653891666
0.811850574742
0.811992061198
0.812042169601
0.812083782182
0.812088855472
0.812515844981
0.812721704600
0.812828192645
0.813023440370
0.813030239685
0.813041192748
0.813438848683
0.813564001838
0.813835985537
0.813863712472
0.814035857898
0.814137759490
0.814161134865
0.814337818410
0.814421076975
0.814478114801
0.814565786194
0.814681886707
0.814683784570
0.814852402287
0.814957455521
0.815202715301
0.815242092770
0.815396625423
0.815533521695
0.815664450494
0.815748726980
0.815759523477
0.815874641190
0.816032179811
0.816036154894
0.816063123284
0.816150521492
0.816259124157
0.816296766877
0.816407327468
0.816452289332
0.816689644027
0.816804172279
0.816842796620
0.816925933621
0.816991952709
0.817017360597
0.817021059420
0.817222355446
0.817407915446
0.817466987597
0.817507845021
0.817514067268
0.817590437744
0.817708655400
0.817711401423
0.817773130150
0.817840636514
0.817892208086
0.818037972818
0.818045076295
0.818334588743
0.818373983394
0.818434233365
0.818469066500
0.818524779994
0.818546051675
0.818555548155
0.818596752205
0.818692499756
0.818709111038
0.818850667619
0.818950549322
0.819066257285
0.819082136161
0.819167559126
0.819341952855
0.819351201715
0.819406062433
0.819556297766
0.819570764088
0.819638718959
0.819847313158
0.819950803312
0.820610952102
0.820653138008
0.820983577336
0.821260417928
0.821861224251
0.821869548384
0.821904974917
0.821951987620
0.822105833011
0.822127721791
0.822318982619
0.822510880454
0.822596842458
0.822641468853
0.822645846069
0.822768847445
0.822836144492
0.822914598349
0.822968016548
0.823030757021
0.823094080323
0.823145809097
0.823376179579
0.823380344368
0.823385219777
0.823496482641
0.823554400680
0.823567460563
0.823804432863
0.823884267684
0.824019515542
0.824021752530
0.824068112627
0.824147592593
0.824212199657
0.824261215277
0.824438816600
0.824540267794
0.824577954811
0.824799019345
0.824821762388
0.824841563695
0.824970609123
0.825036636266
0.825063695256
0.825191483706
0.825242936534
0.825315150440
0.825428891320
0.825563763996
0.825821826212
0.825929754766
0.825940480247
0.826133977497
0.826163092762
0.826560417755
0.826586418613
0.826597531453
0.826897914236
0.826934885223
0.826966308862
0.827268286594
0.827362952978
0.827542101938
0.827721495722
0.827736279592
0.827770678598
0.827801233453
0.827802090288
0.827962980685
0.828019092139
0.828135255788
0.828153256192
0.828185212731
0.828207310078
0.828424303771
0.828521373367
0.828590284901
0.828642367254
0.828670107888
0.828755176827
0.828871144568
0.829037032323
0.829219215144
0.829349567155
0.829422133911
0.829529793687
0.829701795763
0.829904764800
0.829928212246
0.830008233075
0.830026127427
0.830200051597
0.830242081820
0.830285117558
0.830324254602
0.830409346658
0.830464213449
0.830681274656
0.830818697973
0.830892229010
0.830898507742
0.830906646438
0.830989922380
0.830997651757
0.831067359357
0.831084108819
0.831131537543
0.831355231082
0.831435463283
0.831495525274
0.831799824820
0.831801357882
0.831926507671
0.832000426339
0.832438457065
0.832833150749
0.832837386840
0.832855683204
0.832860445655
0.832956089079
0.833234812834
0.833278889877
0.833531141402
0.833762650423
0.833800152715
0.833973174812
0.834009183652
0.834109717702
0.834205063270
0.834205237239
0.834257557209
0.834493051274
0.834551983876
0.834585549083
0.834604649960
0.834783732191
0.834840306363
0.834905874945
0.835103616254
0.835156721678
0.835218814909
0.835689036315
0.835737447938
0.835841962409
0.836007816184
0.836074114488
0.836138351074
0.836157021890
0.836218584832
0.836242660058
0.836436866009
0.836448167563
0.836770438991
0.836840268417
0.836982889670
0.837035516033
0.837061746009
0.837228204202
0.837232259462
0.837372911887
0.837479004878
0.837561908797
0.837666367101
0.837675504955
0.837909800201
0.837962622116
0.838091634114
0.838214045518
0.838489871503
0.838507025700
0.838520408853
0.838537570723
0.838561606344
0.838587516728
0.838671801761
0.838691427015
0.838768802487
0.838798795472
0.838860029540
0.839205395461
0.839246684358
0.839461039215
0.839482183688
0.839516487975
0.839974257042
0.839977007300
0.840114615587
0.840127597680
0.840462030600
0.840510259128
0.840580012537
0.840589780883
0.840741840210
0.840786733439
0.840947903407
0.840969226397
0.841016250158
0.841066512735
0.841080622137
0.841121879449
0.841183544847
0.841354568299
0.841384885275
0.841417813535
0.841505043328
0.841525777760
0.841580035106
0.841693177767
0.841810745523
0.841854062716
0.841877950105
0.842199553140
0.842285162721
0.842431553693
0.842541273389
0.842713765991
0.842726623585
0.842892043950
0.842967067391
0.842972477676
0.843143419261
0.843215252786
0.843232665488
0.843411043106
0.843444048582
0.843778290370
0.843784281025
0.843971613599
0.844101599961
0.844145085280
0.844172845189
0.844248246416
0.844273579922
0.844317499730
0.844388527602
0.844404045979
0.844439174703
0.844475956964
0.844541296538
0.844675528065
0.844952505102
0.844992720285
0.845022919815
0.845032919056
0.845106396042
0.845454215142
0.845661049886
0.845691436801
0.845801540195
0.845995275352
0.846044258097
0.846077835899
0.846077896716
0.846340590958
0.846366235459
0.846405212450
0.846497616185
0.846519626118
0.847160293845
0.847185080068
0.847262356563
0.847375472419
0.847385064813
0.847476772867
0.847597112579
0.847617793375
0.847758738964
0.847864421401
0.848035305566
0.848110852956
0.848114448304
0.848285382786
0.848326508537
0.848400871190
0.848611339672
0.848771858591
0.848816454323
0.848841323852
0.848928563327
0.848996244458
0.849132174384
0.849212253502
0.849249252801
0.849255068920
0.849332852448
0.849348712731
0.849399806682
0.849457112677
0.849494769991
0.849590048333
0.849726973855
0.849822873817
0.849885339201
0.850017813499
0.850119593736
0.850241287741
0.850267266596
0.850377641591
0.850402733586
0.850439434681
0.850942706700
0.850980643978
0.851024162787
0.851028224148
0.851075094090
0.851130947866
0.851189262075
0.851284032347
0.851291176456
0.851324402047
0.851348668820
0.851486562777
0.851509750183
0.851680660891
0.851681220680
0.851724661111
0.851746263556
0.851815731509
0.851912488360
0.851964076991
0.852195537294
0.852417131755
0.852523200329
0.852527815227
0.852623117306
0.852715847417
0.852732623174
0.852885312148
0.852911677435
0.852942608850
0.853238336921
0.853265487858
0.853400830533
0.853598520640
0.853672262500
0.853817248162
0.854152944571
0.854271626596
0.854282663919
0.854290713652
0.854777800327
0.854822361640
0.854942448714
0.855022803454
0.855041597975
0.855170691839
0.855313531174
0.855673339199
0.855755469799
0.856089001640
0.856136658020
0.856370575964
0.856519607397
0.856699412264
0.856731236398
0.856755876563
0.856827658518
0.856836472166
0.856864613789
0.856867760080
0.856932118428
0.857107185463
0.857404189176
0.857925152911
0.857995529010
0.858011339330
0.858040801530
0.858094090424
0.858103814560
0.858130361829
0.858346768204
0.858363284602
0.858401912653
0.858617075874
0.858631049172
0.858726726910
0.858739217874
0.858825742117
0.858884486547
0.858985550325
0.858987722088
0.858998074804
0.859070486271
0.859188381215
0.859628038753
0.859661327622
0.859864095001
0.860106260408
0.860110862374
0.860124137263
0.860154635517
0.860157802846
0.860228616912
0.860325365466
0.860702936453
0.860742129567
0.860758664417
0.860826978718
0.861383960294
0.861780104125
0.861806858338
0.861885351909
0.861973575867
0.862134377090
0.862137449440
0.862167110491
0.862218290974
0.862247891580
0.862261744109
0.862408843201
0.862459685727
0.862506266402
0.862679091513
0.862681446207
0.862692677720
0.862704514988
0.862759551850
0.862870649804
0.863029908366
0.863116985322
0.863140381389
0.863392129382
0.863405150386
0.863420219310
0.863429360575
0.863875563288
0.864004067961
0.864203011750
0.864269379325
0.864831444512
0.864902220195
0.865110750265
0.865293566964
0.865331835749
0.865382199104
0.865451574486
0.865559956633
0.865605327693
0.865609237541
0.865624483877
0.865742938873
0.865784991524
0.865892842014
0.866138086130
0.866202755821
0.866214089196
0.866349967772
0.866352819744
0.866356985348
0.866449508535
0.866575269549
0.866703758948
0.866768544364
0.866778057512
0.867047360656
0.867177099304
0.867202784927
0.867242706953
0.867267766162
0.867361464357
0.867488660690
0.867569880792
0.867611202583
0.867738018527
0.867739303842
0.867822730600
0.867836209163
0.867873311028
0.868053820698
0.868189888931
0.868248343578
0.868291422328
0.868325668712
0.868353587421
0.868360648070
0.868579471620
0.868672887633
0.868749563213
0.868778903633
0.868941683626
0.868965302173
0.869097294802
0.869368556599
0.869475049015
0.869547702798
0.869577534614
0.869643139128
0.869699066544
0.869841914888
0.869884419596
0.869888720331
0.869959353450
0.869989195164
0.870007650418
0.870315920092
0.870329725840
0.870329987885
0.870378426310
0.870466573193
0.870486186359
0.870685640305
0.870710076608
0.870711269939
0.870739182619
0.870770483290
0.870806358851
0.870879975172
0.870908654808
0.871027943845
0.871151526500
0.871726169464
0.871753273512
0.871753627967
0.872077160014
0.872178447901
0.872209796805
0.872432143937
0.872448679345
0.872586350029
0.872743273390
0.872764177199
0.873030579239
0.873197752087
0.873374557359
0.873536360726
0.873953370466
0.873997756711
0.874035561480
0.874160979026
0.874262702405
0.874278806484
0.874495571370
0.874552296316
0.874704750606
0.874816245245
0.874879192302
0.874883014268
0.874919975409
0.874926655537
0.874937877126
0.874964561563
0.875192479431
0.875197254994
0.875393434948
0.875409750254
0.875429277476
0.875948453587
0.875971176874
0.876049538078
0.876132160079
0.876402835123
0.876454302506
0.876498669018
0.876541186117
0.876568621150
0.876740847969
0.876904181634
0.876908052917
0.876966997989
0.877256420860
0.877350337668
0.877534094847
0.877548445193
0.877550551556
0.877716285570
0.877750623343
0.878146437314
0.878210655217
0.878286886842
0.878291940335
0.878552957746
0.878655241633
0.878669217075
0.878899023529
0.878914593251
0.879388051243
0.879661488310
0.879683774231
0.879893984044
0.880215800565
0.880457222408
0.880485921594
0.880602259782
0.880714927201
0.880863341167
0.881028617137
0.881051867287
0.881069998469
0.881257235185
0.881309349064
0.881310441591
0.881313303539
0.881427288398
0.881481498244
0.881714687051
0.881760388234
0.882022942207
0.882337534431
0.882354967157
0.882396741271
0.882402960704
0.882427949634
0.882497231517
0.882537329662
0.882567063899
0.882578846556
0.882593240471
0.882753841197
0.883099900941
0.883308247003
0.883350154620
0.883362409941
0.883417165905
0.883493111840
0.883875155767
0.883998872798
0.884106033525
0.884217263124
0.884421954521
0.884632772028
0.884774409566
0.884952496539
0.885008366622
0.885117507773
0.885228826927
0.885235529358
0.885239736126
0.885254085581
0.885359130390
0.885583143286
0.885680869931
0.885742788757
0.885833261940
0.885839155715
0.886111358151
0.886251116877
0.886272967045
0.886337615707
0.886410254261
0.886732282076
0.886835167753
0.887073510270
0.887090640165
0.887255971212
0.887356053260
0.887397103005
0.887450829242
0.887461160739
0.887473575178
0.887531670179
0.887546145536
0.887885677634
0.887953470172
0.887989514989
0.887993883312
0.888033261105
0.888229247601
0.888394986420
0.888434924814
0.888731488957
0.888922378011
0.889038511178
0.889082038074
0.889124165215
0.889572952904
0.889664817952
0.889676417016
0.889751070643
0.889944660688
0.890281974640
0.890337003658
0.890539783465
0.890671267672
0.890821532304
0.890851041213
0.890936689146
0.891090855978
0.891135682591
0.891243016998
0.891344384594
0.891394546952
0.891498710561
0.891534421286
0.891775654459
0.891779187422
0.891782029280
0.891899003447
0.892142218167
0.892144378921
0.892198231060
0.892435532402
0.892670672654
0.892720163896
0.892734567728
0.892783016989
0.892869933704
0.893034400476
0.893678457249
0.893715281923
0.893791444832
0.894197707202
0.894304726475
0.894305238109
0.894345020533
0.894357007152
0.894377732444
0.894399089632
0.894582288634
0.894584592852
0.894776303046
0.894863530092
0.895379223367
0.895418052149
0.895471951494
0.895606545683
0.895661821025
0.895725146846
0.895831780070
0.895879101960
0.895930120693
0.895992517399
0.896072208260
0.896115048403
0.896661849405
0.896711582399
0.896788263597
0.897352032203
0.897724233433
0.897804770500
0.897902327647
0.897910978951
0.897916424208
0.897981154501
0.898004431141
0.898043872301
0.898108647351
0.898243339337
0.898256859179
0.898326551474
0.898502336727
0.898609305185
0.898924677049
0.899058971788
0.899072740931
0.899150567554
0.899205011172
0.899318438224
0.899401180367
0.899493187654
0.899544066817
0.899550778790
0.899595970110
0.899641050818
0.899800627695
0.899828354503
0.899829876077
0.899863508524
0.900024615869
0.900042770152
0.900067643085
0.900113950013
0.900246364830
0.900262948174
0.900383964042
0.900391360900
0.900438807417
0.900562316074
0.900607402153
0.901213999460
0.901332248178
0.901411606405
0.901539476922
0.901706900094
0.901838609951
0.901915697056
0.902005087050
0.902013678038
0.902015227848
0.902244020696
0.902577431225
0.902789129731
0.902957809175
0.903113388614
0.903334190296
0.903673618274
0.903746898708
0.903752696351
0.903770467039
0.904005328181
0.904148639051
0.904198702604
0.904332061376
0.904336862026
0.904439870662
0.904467122083
0.904722749776
0.904728723895
0.904952731903
0.905080765546
0.905161479761
0.905170021733
0.905236171056
0.905240745892
0.905366985755
0.905371723236
0.905519784004
0.905596136046
0.905719255526
0.905865306861
0.905883304481
0.905939849775
0.905969826398
0.906177621547
0.906187323757
0.906252536390
0.906466250212
0.906492252400
0.906492683688
0.906609478575
0.906620052868
0.906678131157
0.906722758062
0.907091254565
0.907210149107
0.907251310007
0.907258694623
0.907348430053
0.907489701053
0.907509359523
0.907580138265
0.907622534288
0.907656481242
0.907791606142
0.907852948493
0.907931644750
0.908005624562
0.908284864312
0.908311609406
0.908354690123
0.908535755782
0.908585422901
0.908592984648
0.908643669147
0.908835533179
0.908838460334
0.908839187964
0.909366327011
0.909454693399
0.909700895485
0.909782059158
0.909798331896
0.909800280236
0.909921192505
0.909959611996
0.910319426290
0.910448792572
0.910461326990
0.910521636295
0.910567828032
0.910870390160
0.910933442912
0.911061681503
0.911216997123
0.911392979561
0.911402213554
0.911485138460
0.911572735675
0.911679169589
0.911891281055
0.911930744968
0.913134904199
0.913245981335
0.913449494982
0.913495674728
0.913501236573
0.913507426055
0.913569406421
0.913663779489
0.913716609462
0.913723230938
0.913724865145
0.913821598216
0.913856504630
0.914019186439
0.914111331325
0.914238994454
0.914253986282
0.914306069244
0.914324905462
0.914382848052
0.914487547859
0.914522003243
0.914547858853
0.914547879910
0.914680717818
0.914756309926
0.914768879026
0.914826023136
0.914919381491
0.915038692744
0.915067312457
0.915140240378
0.915185731125
0.915316226512
0.915326454953
0.915386762389
0.915409169338
0.915412921898
0.915551139535
0.915652939741
0.915678601258
0.915775058182
0.915778394109
0.915867038814
0.915903675074
0.915931894685
0.916238160720
0.916294381442
0.916320251487
0.916410585197
0.916417795269
0.916453047413
0.916489110386
0.916497033695
0.916699974943
0.916795718448
0.916879924775
0.916885017998
0.917105257323
0.917153730726
0.917369579638
0.917458969154
0.917578897504
0.917739943479
0.918327157858
0.918329876791
0.918449467062
0.918452075388
0.918635101624
0.919050015039
0.919183387254
0.919262943177
0.919269808831
0.919274644227
0.919421789940
0.919469302242
0.919474924599
0.919625566770
0.919672201461
0.919705826928
0.919764982058
0.919789212360
0.919797625542
0.920036998591
0.920044122455
0.920201182930
0.920214755015
0.920473192618
0.920493032511
0.920530406067
0.920833040530
0.920871293573
0.920942683000
0.920975321542
0.920987373397
0.921095984011
0.921195269811
0.921302957205
0.921315932750
0.921355314220
0.921384248907
0.921514347023
0.921624064422
0.921625841602
0.921770242079
0.921962772618
0.921983658010
0.922083488794
0.922263573154
0.922431329404
0.922451428232
0.922469556298
0.922568196144
0.922703502308
0.922780068810
0.923162157437
0.923184944434
0.923259534406
0.923616654208
0.923701113838
0.924354485345
0.924361172868
0.924362130953
0.924437358905
0.924624172834
0.924715355578
0.925005594107
0.925138209580
0.925188242969
0.925205320724
0.925328402231
0.925391035624
0.925653869993
0.925663538983
0.925831260944
0.926094185135
0.926379345665
0.926453341400
0.926459569597
0.926681319053
0.926795055001
0.926840532398
0.926943165670
0.926988054454
0.927028265197
0.927121576494
0.927123271427
0.927140652830
0.927279715444
0.927351563749
0.927397374317
0.927680700402
0.927898424117
0.927916984145
0.928090537394
0.928164124200
0.928205397774
0.928551026093
0.928589782147
0.928960642516
0.928985844531
0.929007814592
0.929060886940
0.929098837589
0.929324495402
0.929332279991
0.929347454012
0.929472275906
0.929484424135
0.929569984482
0.929647030356
0.929732335319
0.929837754622
0.930130366707
0.930219399016
0.930234637906
0.930251455943
0.930303512789
0.930375191068
0.930416288073
0.930588586967
0.930683241679
0.930714514022
0.930745467930
0.930880136232
0.931018123785
0.931115766123
0.931194326166
0.931263555645
0.931390063422
0.931447862482
0.931612987381
0.931663448957
0.931758630563
0.931853426004
0.931854501037
0.932017009818
0.932062014757
0.932081310022
0.932131208650
0.932210253638
0.932292349434
0.932328834647
0.932460484877
0.932657753832
0.932673662043
0.932761670072
0.932792881025
0.932978425601
0.933054338196
0.933422837319
0.933497251485
0.933506112599
0.933588950776
0.933601868436
0.933707460420
0.933727260982
0.933924218832
0.933996040618
0.933997842368
0.934312231040
0.934538408554
0.934654883218
0.934673153697
0.934945892135
0.935070507700
0.935108655320
0.935216115565
0.935256771007
0.935535413279
0.935558391088
0.935561280928
0.935596264565
0.935633323608
0.935793678900
0.935955210126
0.936048613758
0.936284574354
0.936347062165
0.936352692484
0.936366780658
0.936486550089
0.936522922618
0.936626171234
0.936812095680
0.936830151236
0.936918075835
0.937150044284
0.937175035391
0.937285902017
0.937302170978
0.937366319855
0.937410918515
0.937453374302
0.937480325892
0.937507974373
0.937532983439
0.937539127835
0.937674642595
0.937702991283
0.937728245127
0.937754312490
0.937842337034
0.937919904297
0.937982774447
0.938030508714
0.938093914569
0.938167571822
0.938483542392
0.938581237730
0.938644168797
0.938784112659
0.939020104785
0.939108342378
0.939197697476
0.939400073934
0.939592403697
0.939929677576
0.939998831697
0.940010268582
0.940101960830
0.940159482641
0.940268820909
0.940294789822
0.940321501015
0.940416369993
0.940624064348
0.940705668934
0.940706873561
0.940745123456
0.940966901278
0.941026273344
0.941038118791
0.941115718211
0.941199053279
0.941247562369
0.941310725428
0.941376595542
0.941529752571
0.941542273305
0.941608989793
0.941692044958
0.941731451179
0.941770916915
0.942043686257
0.942411865607
0.942544253493
0.942627847209
0.942700964929
0.942704957307
0.942757632506
0.942773531098
0.942860857658
0.942999063781
0.943073470206
0.943328687230
0.943439866913
0.943822590807
0.943938285322
0.944112881721
0.944139781500
0.944201010083
0.944262894915
0.944304933036
0.944439125268
0.944477289110
0.944490523071
0.944551523027
0.944608621799
0.944660147117
0.944714259616
0.944809192498
0.944933630526
0.944940811825
0.945315288366
0.945357203863
0.945358103174
0.945398300534
0.945553539175
0.945664843510
0.945739838002
0.946293418775
0.946373991399
0.946444996907
0.946475606486
0.946517803497
0.946618839934
0.946742738582
0.946765749986
0.946802810546
0.947267967820
0.947332626583
0.947343815676
0.947491421880
0.947602930708
0.947612996725
0.947861682195
0.947920468554
0.948196916799
0.948407229369
0.948415409069
0.948571676736
0.948811820111
0.948835075830
0.948881499094
0.948983791014
0.949075656395
0.949123130265
0.949146689758
0.949612963805
0.949652154189
0.949720630478
0.949782179582
0.949865296550
0.949871844743
0.949898607735
0.949905798287
0.949968639000
0.950017830945
0.950037767851
0.950215984651
0.950361776001
0.950437055496
0.950564086186
0.950594697211
0.950768334402
0.950798668993
0.950843942832
0.950917168765
0.951183193585
0.951270848959
0.951524305905
0.951533615797
0.951706587012
0.951835201874
0.951876419326
0.952057957940
0.952296697690
0.952630423834
0.952721688517
0.952893267476
0.952944344383
0.953172675818
0.953246743035
0.953629471722
0.953645294591
0.953703127699
0.953704107350
0.954136112889
0.954165972688
0.954173089037
0.954325662674
0.954399240481
0.954410149597
0.954633268451
0.954772939940
0.954775009052
0.954885754529
0.955134703003
0.955225289378
0.955476026374
0.955552155777
0.955616288431
0.955622158915
0.955651650703
0.955818180053
0.955907146225
0.956003085393
0.956187984038
0.956212384853
0.956235085717
0.956248400147
0.956299801096
0.956317165840
0.956475945222
0.956717210111
0.956730148790
0.956858928567
0.957047114909
0.957171273406
0.957333889101
0.957381765839
0.957440817744
0.957498330698
0.957516139069
0.957703645384
0.957711528336
0.957901783638
0.958135293049
0.958392216175
0.958452148351
0.958455053946
0.958471786881
0.958518755762
0.958644586529
0.958729271557
0.958754192662
0.958999535973
0.959108805930
0.959181344082
0.959369605817
0.959498031840
0.959701568875
0.959787889862
0.960016793107
0.960021264793
0.960113309827
0.960149458513
0.960209490099
0.960275525913
0.960450161530
0.960452205823
0.960470827941
0.960497022295
0.960526188862
0.960599830888
0.960735652092
0.961170941604
0.961250701298
0.961314448433
0.961425400063
0.961499809837
0.961554997196
0.961621010304
0.962005444739
0.962046793248
0.962066584823
0.962152325148
0.962194126878
0.962210901707
0.962295109357
0.962297915572
0.962305527744
0.962381456942
0.962383506699
0.962399656765
0.962527932097
0.962619794028
0.963378279782
0.963383856265
0.963391492705
0.963425016376
0.963556767069
0.963778782155
0.963976085390
0.964022919922
0.964078106100
0.964177101086
0.964211736488
0.964655186270
0.964657078167
0.964711461533
0.964713494328
0.964739474321
0.964931092229
0.964979441645
0.965443234424
0.965463467194
0.965513938354
0.965553975601
0.965592623073
0.965629412715
0.965703499624
0.965741127821
0.966114248270
0.966167311991
0.966255738997
0.966327857383
0.966342589371
0.966515457386
0.966720148813
0.966916113445
0.966992438778
0.966994379578
0.967318423305
0.967711419322
0.967780350536
0.968044774594
0.968184243737
0.968326083134
0.968380787110
0.968537623368
0.968635712706
0.968708828825
0.968860927213
0.968949556316
0.968960598207
0.969061754407
0.969220587864
0.969267287509
0.969453191802
0.969597267152
0.969632814378
0.969745497044
0.970077778738
0.970086345149
0.970221843035
0.970290698759
0.970339316032
0.970419745836
0.970444916675
0.970456983390
0.970505495899
0.970522751083
0.970538414865
0.970599856737
0.970650563933
0.970683026206
0.970706775406
0.970785777767
0.970802423497
0.970935609305
0.970996761720
0.971300763461
0.971344642667
0.971445666472
0.971456781382
0.971698710364
0.971723014949
0.971967656061
0.972217846427
0.972353311911
0.972418844315
0.972588873571
0.972652589591
0.972734307722
0.972773785902
0.972794958944
0.972861625623
0.972902614379
0.972951395427
0.973005650490
0.973129357743
0.973166445251
0.973229087003
0.973264402032
0.973345599770
0.973357982361
0.973518421486
0.973537012151
0.973612466806
0.973701952251
0.973793780823
0.973825853249
0.973845662868
0.973969055884
0.973979313503
0.974141090185
0.974316363411
0.974575170014
0.974639877188
0.974805126957
0.974860554238
0.974916672937
0.974966276813
0.975195709746
0.975291494448
0.975337523344
0.975365248608
0.975400376409
0.975598085257
0.975807066123
0.975885847698
0.976032437602
0.976234633730
0.976621183488
0.976642496199
0.976649853666
0.976651831183
0.976684365825
0.976967328815
0.977046536915
0.977115825035
0.977167843459
0.977249079334
0.977339901581
0.977340717570
0.977684401724
0.977698087469
0.977969483173
0.978020673602
0.978119537927
0.978224845184
0.978240202466
0.978247310823
0.978418887385
0.978489926725
0.978701612340
0.978719411333
0.978891309846
0.978919915180
0.979093323997
0.979094293073
0.979317113774
0.979362161652
0.979383615276
0.979425120780
0.979527396767
0.979675956997
0.979783810795
0.980273962626
0.980476781796
0.980573999576
0.980578410251
0.980733085274
0.980771316705
0.980848300152
0.980886013702
0.980953879941
0.981029305112
0.981159990045
0.981191845321
0.981201327495
0.981202948810
0.981282210853
0.981491422854
0.981653018749
0.981662116893
0.981664107615
0.981831055700
0.981961312930
0.982099062952
0.982308136191
0.982467377135
0.982483639863
0.982584981245
0.982672618175
0.982823199872
0.982869688927
0.982892782429
0.982905609726
0.983149880815
0.983183830952
0.983201823664
0.983464057754
0.983471189190
0.983480268472
0.983510837254
0.983513960696
0.983549707438
0.983653703009
0.983720092417
0.983731729520
0.983757046668
0.983800268426
0.983827623610
0.983915062177
0.984071215820
0.984095249005
0.984150855035
0.984195024416
0.984246774682
0.984317622658
0.984400909223
0.984528423780
0.984682277531
0.984771852095
0.984917873342
0.985151295221
0.985274256721
0.985427491424
0.985476084536
0.985651805742
0.985716811061
0.985727426666
0.985742907454
0.985937857556
0.986028551253
0.986184230414
0.986199574524
0.986205852845
0.986298285136
0.986453678174
0.986456834307
0.986483091988
0.986485245110
0.987108137954
0.987411979755
0.987829234836
0.988079255831
0.988211461667
0.988238293500
0.988248709303
0.988357014482
0.988539113368
0.988563950654
0.988726509357
0.988728516936
0.988799808672
0.988799973211
0.989007148813
0.989070853883
0.989093705900
0.989112787777
0.989114773548
0.989181066256
0.989207055526
0.989224698867
0.989401329008
0.989559059431
0.989762131543
0.989843090460
0.990050335895
0.990127200357
0.990391058470
0.990691636760
0.990703950628
0.990740493693
0.990772266578
0.990929893231
0.991110229845
0.991143799179
0.991288074643
0.991290440387
0.991315455750
0.991373006137
0.991389177976
0.991438507801
0.991530881311
0.991624856873
0.991817132370
0.992263740505
0.992420559162
0.992498219356
0.992587381845
0.992836989970
0.992978573290
0.993106295415
0.993201941301
0.993206678126
0.993299367172
0.993324224886
0.993576134916
0.993709535725
0.993846648265
0.994218224333
0.994448816888
0.994451902152
0.994606067652
0.994653551167
0.994866960839
0.994897839270
0.995017181113
0.995089120804
0.995108891174
0.995129480512
0.995210774343
0.995355985063
0.995363748115
0.995407491075
0.995438261472
0.995587543035
0.995677311804
0.995753908511
0.995798902705
0.995944533033
0.995994874699
0.996290857839
0.996503778181
0.996541173291
0.996722257074
0.997025163066
0.997039653801
0.997067514266
0.997353145625
0.997415795517
0.997619857519
0.997639722047
0.997711090641
0.997823297551
0.997923761513
0.998061867950
0.998062296841
0.998066393832
0.998152278870
0.998276272860
0.998355229823
0.998378729972
0.998595260537
0.998734275012
0.998862067657
0.998968097690
0.998988403698
0.999015397496
0.999027427322
0.999096778666
0.999192349922
0.999204016933
0.999383449522
0.999394367462
0.999414938303
0.999423018089
0.999449323085
0.999484683587
0.999643577805
0.999805976875
0.999855680738
0.999869629419
0.999873471363
0.999903548594
0.999941222408
