000000001.0000
000000001.0000
000000001.0000
000000001.0000
000000001.0000
000000001.0000
000000001.0000
000000001.0000
000000001.0000
000000001.0000
000000001.0000
000000001.0000
000000001.0000
000000001.0000
000000001.0000
000000001.0000
000000001.0000
000000001.0000
000000001.0000
000000001.0000
000000001.0000
000000001.0000
000000001.0000
000000001.0000
000000001.0000
000000001.0000
000000001.0000
000000001.0000
000000001.0000
000000001.0000
000000001.0000
000000001.0000
000000001.0000
000000001.0000
000000001.0000
000000001.0000
000000001.0000
000000001.0000
000000001.0000
000000001.0000
000000001.0000
000000001.0000
000000001.0000
000000001.0000
000000001.0000
000000001.0000
000000001.0000
000000001.0000
000000001.0000
000000001.0000
000000001.0000
000000001.0000
000000001.0000
000000001.0000
000000001.0000
000000001.0000
000000001.0000
000000001.0000
000000001.0000
000000001.0000
000000001.0000
000000001.0000
000000001.0000
000000001.0000
000000001.0000
000000001.0000
000000001.0000
000000001.0000
000000001.0000
000000001.0000
000000001.0000
000000001.0000
000000001.0000
000000001.0000
000000001.0000
000000001.0000
000000001.0000
000000001.0000
000000001.0000
000000001.0000
000000001.0000
000000001.0000
000000001.0000
000000001.0000
000000001.0000
000000001.0000
000000001.0000
000000001.0000
000000001.0000
000000001.0000
000000001.0000
000000001.0000
000000001.0000
000000001.0000
000000001.0000
000000001.0000
000000001.0000
000000001.0000
000000001.0000
000000001.0000
000000003.0000
000000001.7779
000000001.2065
000000000.9097
000000000.7634
000000000.6973
000000000.6733
000000000.6657
000000000.6640
000000000.6637
000000000.6636
000000000.6636
000000000.6636
000000000.6636
000000000.6636
000000000.6636
000000000.6636
000000000.6636
000000000.6636
000000000.6636
000000000.6636
000000000.6636
000000000.6636
000000000.6636
000000000.6636
000000000.6636
000000000.6636
000000000.6636
000000000.6636
000000000.6636
000000000.6636
000000000.6636
000000000.6636
000000000.6636
000000000.6636
000000000.6636
000000000.6636
000000000.6636
000000000.6636
000000000.6636
000000000.6636
000000000.6636
000000000.6636
000000000.6636
000000000.6636
000000000.6636
000000000.6636
000000000.6636
000000000.6636
000000000.6636
000000000.6636
000000000.6636
000000000.6636
000000000.6636
000000000.6636
000000000.6636
000000000.6636
000000000.6636
000000000.6636
000000000.6636
000000000.6636
000000000.6636
000000000.6636
000000000.6636
000000000.6636
000000000.6636
000000000.6636
000000000.6636
000000000.6636
000000000.6636
000000000.6636
000000000.6636
000000000.6636
000000000.6636
000000000.6636
000000000.6636
000000000.6636
000000000.6636
000000000.6636
000000000.6636
000000000.6636
000000000.6636
000000000.6636
000000000.6636
000000000.6636
000000000.6636
000000000.6636
000000000.6636
000000000.6636
000000000.6636
000000000.6637
000000000.6641
000000000.6664
000000000.6766
000000000.7091
000000000.7988
000000000.9994
000000001.4115
000000002.2224
000000004.0000
000000003.0000
000000001.9793
000000001.2492
000000000.7988
000000000.5529
000000000.4423
000000000.3995
000000000.3869
000000000.3839
000000000.3834
000000000.3833
000000000.3833
000000000.3833
000000000.3833
000000000.3833
000000000.3833
000000000.3833
000000000.3833
000000000.3833
000000000.3833
000000000.3833
000000000.3833
000000000.3833
000000000.3833
000000000.3833
000000000.3833
000000000.3833
000000000.3833
000000000.3833
000000000.3833
000000000.3833
000000000.3833
000000000.3833
000000000.3833
000000000.3833
000000000.3833
000000000.3833
000000000.3833
000000000.3833
000000000.3833
000000000.3833
000000000.3833
000000000.3833
000000000.3833
000000000.3833
000000000.3833
000000000.3833
000000000.3833
000000000.3833
000000000.3833
000000000.3833
000000000.3833
000000000.3833
000000000.3833
000000000.3833
000000000.3833
000000000.3833
000000000.3833
000000000.3833
000000000.3833
000000000.3833
000000000.3833
000000000.3833
000000000.3833
000000000.3833
000000000.3833
000000000.3833
000000000.3833
000000000.3833
000000000.3833
000000000.3833
000000000.3833
000000000.3833
000000000.3833
000000000.3833
000000000.3833
000000000.3833
000000000.3833
000000000.3833
000000000.3833
000000000.3833
000000000.3833
000000000.3833
000000000.3833
000000000.3833
000000000.3833
000000000.3833
000000000.3833
000000000.3833
000000000.3833
000000000.3834
000000000.3840
000000000.3882
000000000.4050
000000000.4625
000000000.6119
000000000.9454
000000001.5615
000000002.5708
000000004.0000
000000003.0000
000000002.0117
000000001.2238
000000000.6941
000000000.3997
000000000.2609
000000000.2093
000000000.1934
000000000.1899
000000000.1893
000000000.1892
000000000.1892
000000000.1892
000000000.1892
000000000.1892
000000000.1892
000000000.1892
000000000.1892
000000000.1892
000000000.1892
000000000.1892
000000000.1892
000000000.1892
000000000.1892
000000000.1892
000000000.1892
000000000.1892
000000000.1892
000000000.1892
000000000.1892
000000000.1892
000000000.1892
000000000.1892
000000000.1892
000000000.1892
000000000.1892
000000000.1892
000000000.1892
000000000.1892
000000000.1892
000000000.1892
000000000.1892
000000000.1892
000000000.1892
000000000.1892
000000000.1892
000000000.1892
000000000.1892
000000000.1892
000000000.1892
000000000.1892
000000000.1892
000000000.1892
000000000.1892
000000000.1892
000000000.1892
000000000.1892
000000000.1892
000000000.1892
000000000.1892
000000000.1892
000000000.1892
000000000.1892
000000000.1892
000000000.1892
000000000.1892
000000000.1892
000000000.1892
000000000.1892
000000000.1892
000000000.1892
000000000.1892
000000000.1892
000000000.1892
000000000.1892
000000000.1892
000000000.1892
000000000.1892
000000000.1892
000000000.1892
000000000.1892
000000000.1892
000000000.1892
000000000.1892
000000000.1892
000000000.1892
000000000.1892
000000000.1892
000000000.1892
000000000.1893
000000000.1893
000000000.1901
000000000.1949
000000000.2160
000000000.2852
000000000.4713
000000000.8676
000000001.5828
000000002.6524
000000004.0000
000000003.0000
000000002.0070
000000001.1865
000000000.6259
000000000.3051
000000000.1563
000000000.0995
000000000.0828
000000000.0790
000000000.0784
000000000.0784
000000000.0784
000000000.0784
000000000.0784
000000000.0784
000000000.0784
000000000.0784
000000000.0784
000000000.0784
000000000.0784
000000000.0784
000000000.0784
000000000.0784
000000000.0784
000000000.0784
000000000.0784
000000000.0784
000000000.0784
000000000.0784
000000000.0784
000000000.0784
000000000.0784
000000000.0784
000000000.0784
000000000.0784
000000000.0784
000000000.0784
000000000.0784
000000000.0784
000000000.0784
000000000.0784
000000000.0784
000000000.0784
000000000.0784
000000000.0784
000000000.0784
000000000.0784
000000000.0784
000000000.0784
000000000.0784
000000000.0784
000000000.0784
000000000.0784
000000000.0784
000000000.0784
000000000.0784
000000000.0784
000000000.0784
000000000.0784
000000000.0784
000000000.0784
000000000.0784
000000000.0784
000000000.0784
000000000.0784
000000000.0784
000000000.0784
000000000.0784
000000000.0784
000000000.0784
000000000.0784
000000000.0784
000000000.0784
000000000.0784
000000000.0784
000000000.0784
000000000.0784
000000000.0784
000000000.0784
000000000.0784
000000000.0784
000000000.0784
000000000.0784
000000000.0784
000000000.0784
000000000.0784
000000000.0784
000000000.0784
000000000.0784
000000000.0784
000000000.0784
000000000.0792
000000000.0843
000000000.1066
000000000.1824
000000000.3814
000000000.8107
000000001.5623
000000002.6642
000000004.0000
000000003.0000
000000001.9975
000000001.1649
000000000.5884
000000000.2600
000000000.1059
000000000.0482
000000000.0311
000000000.0273
000000000.0267
000000000.0266
000000000.0266
000000000.0266
000000000.0266
000000000.0266
000000000.0266
000000000.0266
000000000.0266
000000000.0266
000000000.0266
000000000.0266
000000000.0266
000000000.0266
000000000.0266
000000000.0266
000000000.0266
000000000.0266
000000000.0266
000000000.0266
000000000.0266
000000000.0266
000000000.0266
000000000.0266
000000000.0266
000000000.0266
000000000.0266
000000000.0266
000000000.0266
000000000.0266
000000000.0266
000000000.0266
000000000.0266
000000000.0266
000000000.0266
000000000.0266
000000000.0266
000000000.0266
000000000.0266
000000000.0266
000000000.0266
000000000.0266
000000000.0266
000000000.0266
000000000.0266
000000000.0266
000000000.0266
000000000.0266
000000000.0266
000000000.0266
000000000.0266
000000000.0266
000000000.0266
000000000.0266
000000000.0266
000000000.0266
000000000.0266
000000000.0266
000000000.0266
000000000.0266
000000000.0266
000000000.0266
000000000.0266
000000000.0266
000000000.0266
000000000.0266
000000000.0266
000000000.0266
000000000.0266
000000000.0266
000000000.0266
000000000.0266
000000000.0266
000000000.0266
000000000.0266
000000000.0266
000000000.0266
000000000.0266
000000000.0266
000000000.0266
000000000.0266
000000000.0267
000000000.0275
000000000.0326
000000000.0554
000000000.1324
000000000.3380
000000000.7765
000000001.5465
000000002.6595
000000004.0000
000000003.0000
000000001.9932
000000001.1542
000000000.5740
000000000.2419
000000000.0870
000000000.0288
000000000.0117
000000000.0079
000000000.0073
000000000.0072
000000000.0072
000000000.0072
000000000.0072
000000000.0072
000000000.0072
000000000.0072
000000000.0072
000000000.0072
000000000.0072
000000000.0072
000000000.0072
000000000.0072
000000000.0072
000000000.0072
000000000.0072
000000000.0072
000000000.0072
000000000.0072
000000000.0072
000000000.0072
000000000.0072
000000000.0072
000000000.0072
000000000.0072
000000000.0072
000000000.0072
000000000.0072
000000000.0072
000000000.0072
000000000.0072
000000000.0072
000000000.0072
000000000.0072
000000000.0072
000000000.0072
000000000.0072
000000000.0072
000000000.0072
000000000.0072
000000000.0072
000000000.0072
000000000.0072
000000000.0072
000000000.0072
000000000.0072
000000000.0072
000000000.0072
000000000.0072
000000000.0072
000000000.0072
000000000.0072
000000000.0072
000000000.0072
000000000.0072
000000000.0072
000000000.0072
000000000.0072
000000000.0072
000000000.0072
000000000.0072
000000000.0072
000000000.0072
000000000.0072
000000000.0072
000000000.0072
000000000.0072
000000000.0072
000000000.0072
000000000.0072
000000000.0072
000000000.0072
000000000.0072
000000000.0072
000000000.0072
000000000.0072
000000000.0072
000000000.0072
000000000.0072
000000000.0072
000000000.0073
000000000.0081
000000000.0132
000000000.0360
000000000.1136
000000000.3202
000000000.7630
000000001.5371
000000002.6565
000000004.0000
000000003.0000
000000001.9914
000000001.1510
000000000.5690
000000000.2366
000000000.0813
000000000.0231
000000000.0060
000000000.0022
000000000.0016
000000000.0015
000000000.0015
000000000.0015
000000000.0015
000000000.0015
000000000.0015
000000000.0015
000000000.0015
000000000.0015
000000000.0015
000000000.0015
000000000.0015
000000000.0015
000000000.0015
000000000.0015
000000000.0015
000000000.0015
000000000.0015
000000000.0015
000000000.0015
000000000.0015
000000000.0015
000000000.0015
000000000.0015
000000000.0015
000000000.0015
000000000.0015
000000000.0015
000000000.0015
000000000.0015
000000000.0015
000000000.0015
000000000.0015
000000000.0015
000000000.0015
000000000.0015
000000000.0015
000000000.0015
000000000.0015
000000000.0015
000000000.0015
000000000.0015
000000000.0015
000000000.0015
000000000.0015
000000000.0015
000000000.0015
000000000.0015
000000000.0015
000000000.0015
000000000.0015
000000000.0015
000000000.0015
000000000.0015
000000000.0015
000000000.0015
000000000.0015
000000000.0015
000000000.0015
000000000.0015
000000000.0015
000000000.0015
000000000.0015
000000000.0015
000000000.0015
000000000.0015
000000000.0015
000000000.0015
000000000.0015
000000000.0015
000000000.0015
000000000.0015
000000000.0015
000000000.0015
000000000.0015
000000000.0015
000000000.0015
000000000.0015
000000000.0015
000000000.0015
000000000.0016
000000000.0024
000000000.0074
000000000.0303
000000000.1079
000000000.3149
000000000.7583
000000001.5343
000000002.6549
000000004.0000
000000003.0000
000000001.9910
000000001.1501
000000000.5680
000000000.2353
000000000.0800
000000000.0218
000000000.0047
000000000.0009
000000000.0003
000000000.0002
000000000.0002
000000000.0002
000000000.0002
000000000.0002
000000000.0002
000000000.0002
000000000.0002
000000000.0002
000000000.0002
000000000.0002
000000000.0002
000000000.0002
000000000.0002
000000000.0002
000000000.0002
000000000.0002
000000000.0002
000000000.0002
000000000.0002
000000000.0002
000000000.0002
000000000.0002
000000000.0002
000000000.0002
000000000.0002
000000000.0002
000000000.0002
000000000.0002
000000000.0002
000000000.0002
000000000.0002
000000000.0002
000000000.0002
000000000.0002
000000000.0002
000000000.0002
000000000.0002
000000000.0002
000000000.0002
000000000.0002
000000000.0002
000000000.0002
000000000.0002
000000000.0002
000000000.0002
000000000.0002
000000000.0002
000000000.0002
000000000.0002
000000000.0002
000000000.0002
000000000.0002
000000000.0002
000000000.0002
000000000.0002
000000000.0002
000000000.0002
000000000.0002
000000000.0002
000000000.0002
000000000.0002
000000000.0002
000000000.0002
000000000.0002
000000000.0002
000000000.0002
000000000.0002
000000000.0002
000000000.0002
000000000.0002
000000000.0002
000000000.0002
000000000.0002
000000000.0002
000000000.0002
000000000.0002
000000000.0002
000000000.0002
000000000.0002
000000000.0003
000000000.0011
000000000.0062
000000000.0290
000000000.1066
000000000.3136
000000000.7572
000000001.5334
000000002.6546
000000004.0000
000000003.0000
000000001.9909
000000001.1500
000000000.5678
000000000.2351
000000000.0798
000000000.0216
000000000.0045
000000000.0007
000000000.0001
000000000.0000
000000000.0000
000000000.0000
000000000.0000
000000000.0000
000000000.0000
000000000.0000
000000000.0000
000000000.0000
000000000.0000
000000000.0000
000000000.0000
000000000.0000
000000000.0000
000000000.0000
000000000.0000
000000000.0000
000000000.0000
000000000.0000
000000000.0000
000000000.0000
000000000.0000
000000000.0000
000000000.0000
000000000.0000
000000000.0000
000000000.0000
000000000.0000
000000000.0000
000000000.0000
000000000.0000
000000000.0000
000000000.0000
000000000.0000
000000000.0000
000000000.0000
000000000.0000
000000000.0000
000000000.0000
000000000.0000
000000000.0000
000000000.0000
000000000.0000
000000000.0000
000000000.0000
000000000.0000
000000000.0000
000000000.0000
000000000.0000
000000000.0000
000000000.0000
000000000.0000
000000000.0000
000000000.0000
000000000.0000
000000000.0000
000000000.0000
000000000.0000
000000000.0000
000000000.0000
000000000.0000
000000000.0000
000000000.0000
000000000.0000
000000000.0000
000000000.0000
000000000.0000
000000000.0000
000000000.0000
000000000.0000
000000000.0000
000000000.0000
000000000.0000
000000000.0000
000000000.0000
000000000.0000
000000000.0000
000000000.0000
000000000.0000
000000000.0000
000000000.0001
000000000.0009
000000000.0060
000000000.0288
000000000.1064
000000000.3134
000000000.7570
000000001.5333
000000002.6545
000000004.0000
000000003.0000
000000001.9909
000000001.1499
000000000.5677
000000000.2351
000000000.0798
000000000.0216
000000000.0045
000000000.0007
000000000.0001
000000000.0000
000000000.0000
000000000.0000
000000000.0000
000000000.0000
000000000.0000
000000000.0000
000000000.0000
000000000.0000
000000000.0000
000000000.0000
000000000.0000
000000000.0000
000000000.0000
000000000.0000
000000000.0000
000000000.0000
000000000.0000
000000000.0000
000000000.0000
000000000.0000
000000000.0000
000000000.0000
000000000.0000
000000000.0000
000000000.0000
000000000.0000
000000000.0000
000000000.0000
000000000.0000
000000000.0000
000000000.0000
000000000.0000
000000000.0000
000000000.0000
000000000.0000
000000000.0000
000000000.0000
000000000.0000
000000000.0000
000000000.0000
000000000.0000
000000000.0000
000000000.0000
000000000.0000
000000000.0000
000000000.0000
000000000.0000
000000000.0000
000000000.0000
000000000.0000
000000000.0000
000000000.0000
000000000.0000
000000000.0000
000000000.0000
000000000.0000
000000000.0000
000000000.0000
000000000.0000
000000000.0000
000000000.0000
000000000.0000
000000000.0000
000000000.0000
000000000.0000
000000000.0000
000000000.0000
000000000.0000
000000000.0000
000000000.0000
000000000.0000
000000000.0000
000000000.0000
000000000.0000
000000000.0000
000000000.0000
000000000.0000
000000000.0000
000000000.0000
000000000.0001
000000000.0009
000000000.0060
000000000.0288
000000000.1064
000000000.3134
000000000.7570
000000001.5332
000000002.6545
000000004.0000
000000003.0000
000000001.9909
000000001.1499
000000000.5677
000000000.2351
000000000.0798
000000000.0216
000000000.0045
000000000.0007
000000000.0001
000000000.0000
000000000.0000
000000000.0000
000000000.0000
000000000.0000
000000000.0000
000000000.0000
000000000.0000
000000000.0000
000000000.0000
000000000.0000
000000000.0000
000000000.0000
000000000.0000
000000000.0000
000000000.0000
000000000.0000
000000000.0000
000000000.0000
000000000.0000
000000000.0000
000000000.0000
000000000.0000
000000000.0000
000000000.0000
000000000.0000
000000000.0000
000000000.0000
000000000.0000
000000000.0000
000000000.0000
000000000.0000
000000000.0000
000000000.0000
000000000.0000
000000000.0000
000000000.0000
000000000.0000
000000000.0000
000000000.0000
000000000.0000
000000000.0000
000000000.0000
000000000.0000
000000000.0000
000000000.0000
000000000.0000
000000000.0000
000000000.0000
000000000.0000
000000000.0000
000000000.0000
000000000.0000
000000000.0000
000000000.0000
000000000.0000
000000000.0000
000000000.0000
000000000.0000
000000000.0000
000000000.0000
000000000.0000
000000000.0000
000000000.0000
000000000.0000
000000000.0000
000000000.0000
000000000.0000
000000000.0000
000000000.0000
000000000.0000
000000000.0000
000000000.0000
000000000.0000
000000000.0000
000000000.0000
000000000.0000
000000000.0000
000000000.0000
000000000.0000
000000000.0001
000000000.0009
000000000.0060
000000000.0288
000000000.1064
000000000.3134
000000000.7570
000000001.5332
000000002.6545
000000004.0000
000000003.0000
000000001.9909
000000001.1499
000000000.5677
000000000.2351
000000000.0798
000000000.0216
000000000.0045
000000000.0007
000000000.0001
000000000.0000
000000000.0000
000000000.0000
000000000.0000
000000000.0000
000000000.0000
000000000.0000
000000000.0000
000000000.0000
000000000.0000
000000000.0000
000000000.0000
000000000.0000
000000000.0000
000000000.0000
000000000.0000
000000000.0000
000000000.0000
000000000.0000
000000000.0000
000000000.0000
000000000.0000
000000000.0000
000000000.0000
000000000.0000
000000000.0000
000000000.0000
000000000.0000
000000000.0000
000000000.0000
000000000.0000
000000000.0000
000000000.0000
000000000.0000
000000000.0000
000000000.0000
000000000.0000
000000000.0000
000000000.0000
000000000.0000
000000000.0000
000000000.0000
000000000.0000
000000000.0000
000000000.0000
000000000.0000
000000000.0000
000000000.0000
000000000.0000
000000000.0000
000000000.0000
000000000.0000
000000000.0000
000000000.0000
000000000.0000
000000000.0000
000000000.0000
000000000.0000
000000000.0000
000000000.0000
000000000.0000
000000000.0000
000000000.0000
000000000.0000
000000000.0000
000000000.0000
000000000.0000
000000000.0000
000000000.0000
000000000.0000
000000000.0000
000000000.0000
000000000.0000
000000000.0000
000000000.0000
000000000.0000
000000000.0000
000000000.0000
000000000.0000
000000000.0000
000000000.0001
000000000.0009
000000000.0060
000000000.0288
000000000.1064
000000000.3134
000000000.7570
000000001.5332
000000002.6545
000000004.0000
000000003.0000
000000001.9909
000000001.1499
000000000.5677
000000000.2351
000000000.0798
000000000.0216
000000000.0045
000000000.0007
000000000.0001
000000000.0000
000000000.0000
000000000.0000
000000000.0000
000000000.0000
000000000.0000
000000000.0000
000000000.0000
000000000.0000
000000000.0000
000000000.0000
000000000.0000
000000000.0000
000000000.0000
000000000.0000
000000000.0000
000000000.0000
000000000.0000
000000000.0000
000000000.0000
000000000.0000
000000000.0000
000000000.0000
000000000.0000
000000000.0000
000000000.0000
000000000.0000
000000000.0000
000000000.0000
000000000.0000
000000000.0000
000000000.0000
000000000.0000
000000000.0000
000000000.0000
000000000.0000
000000000.0000
000000000.0000
000000000.0000
000000000.0000
000000000.0000
000000000.0000
000000000.0000
000000000.0000
000000000.0000
000000000.0000
000000000.0000
000000000.0000
000000000.0000
000000000.0000
000000000.0000
000000000.0000
000000000.0000
000000000.0000
000000000.0000
000000000.0000
000000000.0000
000000000.0000
000000000.0000
000000000.0000
000000000.0000
000000000.0000
000000000.0000
000000000.0000
000000000.0000
000000000.0000
000000000.0000
000000000.0000
000000000.0000
000000000.0000
000000000.0000
000000000.0000
000000000.0000
000000000.0000
000000000.0000
000000000.0000
000000000.0000
000000000.0000
000000000.0000
000000000.0000
000000000.0001
000000000.0009
000000000.0060
000000000.0288
000000000.1064
000000000.3134
000000000.7570
000000001.5332
000000002.6545
000000004.0000
000000003.0000
000000001.9909
000000001.1499
000000000.5677
000000000.2351
000000000.0798
000000000.0216
000000000.0045
000000000.0007
000000000.0001
000000000.0000
000000000.0000
000000000.0000
000000000.0000
000000000.0000
000000000.0000
000000000.0000
000000000.0000
000000000.0000
000000000.0000
000000000.0000
000000000.0000
000000000.0000
000000000.0000
000000000.0000
000000000.0000
000000000.0000
000000000.0000
000000000.0000
000000000.0000
000000000.0000
000000000.0000
000000000.0000
000000000.0000
000000000.0000
000000000.0000
000000000.0000
000000000.0000
000000000.0000
000000000.0000
000000000.0000
000000000.0000
000000000.0000
000000000.0000
000000000.0000
000000000.0000
000000000.0000
000000000.0000
000000000.0000
000000000.0000
000000000.0000
000000000.0000
000000000.0000
000000000.0000
000000000.0000
000000000.0000
000000000.0000
000000000.0000
000000000.0000
000000000.0000
000000000.0000
000000000.0000
000000000.0000
000000000.0000
000000000.0000
000000000.0000
000000000.0000
000000000.0000
000000000.0000
000000000.0000
000000000.0000
000000000.0000
000000000.0000
000000000.0000
000000000.0000
000000000.0000
000000000.0000
000000000.0000
000000000.0000
000000000.0000
000000000.0000
000000000.0000
000000000.0000
000000000.0000
000000000.0000
000000000.0000
000000000.0000
000000000.0000
000000000.0000
000000000.0000
000000000.0001
000000000.0009
000000000.0060
000000000.0288
000000000.1064
000000000.3134
000000000.7570
000000001.5332
000000002.6545
000000004.0000
000000003.0000
000000001.9909
000000001.1499
000000000.5677
000000000.2351
000000000.0798
000000000.0216
000000000.0045
000000000.0007
000000000.0001
000000000.0000
000000000.0000
000000000.0000
000000000.0000
000000000.0000
000000000.0000
000000000.0000
000000000.0000
000000000.0000
000000000.0000
000000000.0000
000000000.0000
000000000.0000
000000000.0000
000000000.0000
000000000.0000
000000000.0000
000000000.0000
000000000.0000
000000000.0000
000000000.0000
000000000.0000
000000000.0000
000000000.0000
000000000.0000
000000000.0000
000000000.0000
000000000.0000
000000000.0000
000000000.0000
000000000.0000
000000000.0000
000000000.0000
000000000.0000
000000000.0000
000000000.0000
000000000.0000
000000000.0000
000000000.0000
000000000.0000
000000000.0000
000000000.0000
000000000.0000
000000000.0000
000000000.0000
000000000.0000
000000000.0000
000000000.0000
000000000.0000
000000000.0000
000000000.0000
000000000.0000
000000000.0000
000000000.0000
000000000.0000
000000000.0000
000000000.0000
000000000.0000
000000000.0000
000000000.0000
000000000.0000
000000000.0000
000000000.0000
000000000.0000
000000000.0000
000000000.0000
000000000.0000
000000000.0000
000000000.0000
000000000.0000
000000000.0000
000000000.0000
000000000.0000
000000000.0000
000000000.0000
000000000.0000
000000000.0000
000000000.0000
000000000.0000
000000000.0000
000000000.0001
000000000.0009
000000000.0060
000000000.0288
000000000.1064
000000000.3134
000000000.7570
000000001.5332
000000002.6545
000000004.0000
000000003.0000
000000001.9909
000000001.1499
000000000.5677
000000000.2351
000000000.0798
000000000.0216
000000000.0045
000000000.0007
000000000.0001
000000000.0000
000000000.0000
000000000.0000
000000000.0000
000000000.0000
000000000.0000
000000000.0000
000000000.0000
000000000.0000
000000000.0000
000000000.0000
000000000.0000
000000000.0000
000000000.0000
000000000.0000
000000000.0000
000000000.0000
000000000.0000
000000000.0000
000000000.0000
000000000.0000
000000000.0000
000000000.0000
000000000.0000
000000000.0000
000000000.0000
000000000.0000
000000000.0000
000000000.0000
000000000.0000
000000000.0000
000000000.0000
000000000.0000
000000000.0000
000000000.0000
000000000.0000
000000000.0000
000000000.0000
000000000.0000
000000000.0000
000000000.0000
000000000.0000
000000000.0000
000000000.0000
000000000.0000
000000000.0000
000000000.0000
000000000.0000
000000000.0000
000000000.0000
000000000.0000
000000000.0000
000000000.0000
000000000.0000
000000000.0000
000000000.0000
000000000.0000
000000000.0000
000000000.0000
000000000.0000
000000000.0000
000000000.0000
000000000.0000
000000000.0000
000000000.0000
000000000.0000
000000000.0000
000000000.0000
000000000.0000
000000000.0000
000000000.0000
000000000.0000
000000000.0000
000000000.0000
000000000.0000
000000000.0000
000000000.0000
000000000.0000
000000000.0000
000000000.0000
000000000.0001
000000000.0009
000000000.0060
000000000.0288
000000000.1064
000000000.3134
000000000.7570
000000001.5332
000000002.6545
000000004.0000
000000003.0000
000000001.9909
000000001.1499
000000000.5677
000000000.2351
000000000.0798
000000000.0216
000000000.0045
000000000.0007
000000000.0001
000000000.0000
000000000.0000
000000000.0000
000000000.0000
000000000.0000
000000000.0000
000000000.0000
000000000.0000
000000000.0000
000000000.0000
000000000.0000
000000000.0000
000000000.0000
000000000.0000
000000000.0000
000000000.0000
000000000.0000
000000000.0000
000000000.0000
000000000.0000
000000000.0000
000000000.0000
000000000.0000
000000000.0000
000000000.0000
000000000.0000
000000000.0000
000000000.0000
000000000.0000
000000000.0000
000000000.0000
000000000.0000
000000000.0000
000000000.0000
000000000.0000
000000000.0000
000000000.0000
000000000.0000
000000000.0000
000000000.0000
000000000.0000
000000000.0000
000000000.0000
000000000.0000
000000000.0000
000000000.0000
000000000.0000
000000000.0000
000000000.0000
000000000.0000
000000000.0000
000000000.0000
000000000.0000
000000000.0000
000000000.0000
000000000.0000
000000000.0000
000000000.0000
000000000.0000
000000000.0000
000000000.0000
000000000.0000
000000000.0000
000000000.0000
000000000.0000
000000000.0000
000000000.0000
000000000.0000
000000000.0000
000000000.0000
000000000.0000
000000000.0000
000000000.0000
000000000.0000
000000000.0000
000000000.0000
000000000.0000
000000000.0000
000000000.0000
000000000.0000
000000000.0001
000000000.0009
000000000.0060
000000000.0288
000000000.1064
000000000.3134
000000000.7570
000000001.5332
000000002.6545
000000004.0000
000000003.0000
000000001.9909
000000001.1499
000000000.5677
000000000.2351
000000000.0798
000000000.0216
000000000.0045
000000000.0007
000000000.0001
000000000.0000
000000000.0000
000000000.0000
000000000.0000
000000000.0000
000000000.0000
000000000.0000
000000000.0000
000000000.0000
000000000.0000
000000000.0000
000000000.0000
000000000.0000
000000000.0000
000000000.0000
000000000.0000
000000000.0000
000000000.0000
000000000.0000
000000000.0000
000000000.0000
000000000.0000
000000000.0000
000000000.0000
000000000.0000
000000000.0000
000000000.0000
000000000.0000
000000000.0000
000000000.0000
000000000.0000
000000000.0000
000000000.0000
000000000.0000
000000000.0000
000000000.0000
000000000.0000
000000000.0000
000000000.0000
000000000.0000
000000000.0000
000000000.0000
000000000.0000
000000000.0000
000000000.0000
000000000.0000
000000000.0000
000000000.0000
000000000.0000
000000000.0000
000000000.0000
000000000.0000
000000000.0000
000000000.0000
000000000.0000
000000000.0000
000000000.0000
000000000.0000
000000000.0000
000000000.0000
000000000.0000
000000000.0000
000000000.0000
000000000.0000
000000000.0000
000000000.0000
000000000.0000
000000000.0000
000000000.0000
000000000.0000
000000000.0000
000000000.0000
000000000.0000
000000000.0000
000000000.0000
000000000.0000
000000000.0000
000000000.0000
000000000.0000
000000000.0000
000000000.0001
000000000.0009
000000000.0060
000000000.0288
000000000.1064
000000000.3134
000000000.7570
000000001.5332
000000002.6545
000000004.0000
000000003.0000
000000001.9909
000000001.1499
000000000.5677
000000000.2351
000000000.0798
000000000.0216
000000000.0045
000000000.0007
000000000.0001
000000000.0000
000000000.0000
000000000.0000
000000000.0000
000000000.0000
000000000.0000
000000000.0000
000000000.0000
000000000.0000
000000000.0000
000000000.0000
000000000.0000
000000000.0000
000000000.0000
000000000.0000
000000000.0000
000000000.0000
000000000.0000
000000000.0000
000000000.0000
000000000.0000
000000000.0000
000000000.0000
000000000.0000
000000000.0000
000000000.0000
000000000.0000
000000000.0000
000000000.0000
000000000.0000
000000000.0000
000000000.0000
000000000.0000
000000000.0000
000000000.0000
000000000.0000
000000000.0000
000000000.0000
000000000.0000
000000000.0000
000000000.0000
000000000.0000
000000000.0000
000000000.0000
000000000.0000
000000000.0000
000000000.0000
000000000.0000
000000000.0000
000000000.0000
000000000.0000
000000000.0000
000000000.0000
000000000.0000
000000000.0000
000000000.0000
000000000.0000
000000000.0000
000000000.0000
000000000.0000
000000000.0000
000000000.0000
000000000.0000
000000000.0000
000000000.0000
000000000.0000
000000000.0000
000000000.0000
000000000.0000
000000000.0000
000000000.0000
000000000.0000
000000000.0000
000000000.0000
000000000.0000
000000000.0000
000000000.0000
000000000.0000
000000000.0000
000000000.0000
000000000.0001
000000000.0009
000000000.0060
000000000.0288
000000000.1064
000000000.3134
000000000.7570
000000001.5332
000000002.6545
000000004.0000
000000003.0000
000000001.9909
000000001.1499
000000000.5677
000000000.2351
000000000.0798
000000000.0216
000000000.0045
000000000.0007
000000000.0001
000000000.0000
000000000.0000
000000000.0000
000000000.0000
000000000.0000
000000000.0000
000000000.0000
000000000.0000
000000000.0000
000000000.0000
000000000.0000
000000000.0000
000000000.0000
000000000.0000
000000000.0000
000000000.0000
000000000.0000
000000000.0000
000000000.0000
000000000.0000
000000000.0000
000000000.0000
000000000.0000
000000000.0000
000000000.0000
000000000.0000
000000000.0000
000000000.0000
000000000.0000
000000000.0000
000000000.0000
000000000.0000
000000000.0000
000000000.0000
000000000.0000
000000000.0000
000000000.0000
000000000.0000
000000000.0000
000000000.0000
000000000.0000
000000000.0000
000000000.0000
000000000.0000
000000000.0000
000000000.0000
000000000.0000
000000000.0000
000000000.0000
000000000.0000
000000000.0000
000000000.0000
000000000.0000
000000000.0000
000000000.0000
000000000.0000
000000000.0000
000000000.0000
000000000.0000
000000000.0000
000000000.0000
000000000.0000
000000000.0000
000000000.0000
000000000.0000
000000000.0000
000000000.0000
000000000.0000
000000000.0000
000000000.0000
000000000.0000
000000000.0000
000000000.0000
000000000.0000
000000000.0000
000000000.0000
000000000.0000
000000000.0000
000000000.0000
000000000.0000
000000000.0001
000000000.0009
000000000.0060
000000000.0288
000000000.1064
000000000.3134
000000000.7570
000000001.5332
000000002.6545
000000004.0000
000000003.0000
000000001.9909
000000001.1499
000000000.5677
000000000.2351
000000000.0798
000000000.0216
000000000.0045
000000000.0007
000000000.0001
000000000.0000
000000000.0000
000000000.0000
000000000.0000
000000000.0000
000000000.0000
000000000.0000
000000000.0000
000000000.0000
000000000.0000
000000000.0000
000000000.0000
000000000.0000
000000000.0000
000000000.0000
000000000.0000
000000000.0000
000000000.0000
000000000.0000
000000000.0000
000000000.0000
000000000.0000
000000000.0000
000000000.0000
000000000.0000
000000000.0000
000000000.0000
000000000.0000
000000000.0000
000000000.0000
000000000.0000
000000000.0000
000000000.0000
000000000.0000
000000000.0000
000000000.0000
000000000.0000
000000000.0000
000000000.0000
000000000.0000
000000000.0000
000000000.0000
000000000.0000
000000000.0000
000000000.0000
000000000.0000
000000000.0000
000000000.0000
000000000.0000
000000000.0000
000000000.0000
000000000.0000
000000000.0000
000000000.0000
000000000.0000
000000000.0000
000000000.0000
000000000.0000
000000000.0000
000000000.0000
000000000.0000
000000000.0000
000000000.0000
000000000.0000
000000000.0000
000000000.0000
000000000.0000
000000000.0000
000000000.0000
000000000.0000
000000000.0000
000000000.0000
000000000.0000
000000000.0000
000000000.0000
000000000.0000
000000000.0000
000000000.0000
000000000.0000
000000000.0000
000000000.0001
000000000.0009
000000000.0060
000000000.0288
000000000.1064
000000000.3134
000000000.7570
000000001.5332
000000002.6545
000000004.0000
000000003.0000
000000001.9909
000000001.1499
000000000.5677
000000000.2351
000000000.0798
000000000.0216
000000000.0045
000000000.0007
000000000.0001
000000000.0000
000000000.0000
000000000.0000
000000000.0000
000000000.0000
000000000.0000
000000000.0000
000000000.0000
000000000.0000
000000000.0000
000000000.0000
000000000.0000
000000000.0000
000000000.0000
000000000.0000
000000000.0000
000000000.0000
000000000.0000
000000000.0000
000000000.0000
000000000.0000
000000000.0000
000000000.0000
000000000.0000
000000000.0000
000000000.0000
000000000.0000
000000000.0000
000000000.0000
000000000.0000
000000000.0000
000000000.0000
000000000.0000
000000000.0000
000000000.0000
000000000.0000
000000000.0000
000000000.0000
000000000.0000
000000000.0000
000000000.0000
000000000.0000
000000000.0000
000000000.0000
000000000.0000
000000000.0000
000000000.0000
000000000.0000
000000000.0000
000000000.0000
000000000.0000
000000000.0000
000000000.0000
000000000.0000
000000000.0000
000000000.0000
000000000.0000
000000000.0000
000000000.0000
000000000.0000
000000000.0000
000000000.0000
000000000.0000
000000000.0000
000000000.0000
000000000.0000
000000000.0000
000000000.0000
000000000.0000
000000000.0000
000000000.0000
000000000.0000
000000000.0000
000000000.0000
000000000.0000
000000000.0000
000000000.0000
000000000.0000
000000000.0000
000000000.0000
000000000.0001
000000000.0009
000000000.0060
000000000.0288
000000000.1064
000000000.3134
000000000.7570
000000001.5332
000000002.6545
000000004.0000
000000003.0000
000000001.9909
000000001.1499
000000000.5677
000000000.2351
000000000.0798
000000000.0216
000000000.0045
000000000.0007
000000000.0001
000000000.0000
000000000.0000
000000000.0000
000000000.0000
000000000.0000
000000000.0000
000000000.0000
000000000.0000
000000000.0000
000000000.0000
000000000.0000
000000000.0000
000000000.0000
000000000.0000
000000000.0000
000000000.0000
000000000.0000
000000000.0000
000000000.0000
000000000.0000
000000000.0000
000000000.0000
000000000.0000
000000000.0000
000000000.0000
000000000.0000
000000000.0000
000000000.0000
000000000.0000
000000000.0000
000000000.0000
000000000.0000
000000000.0000
000000000.0000
000000000.0000
000000000.0000
000000000.0000
000000000.0000
000000000.0000
000000000.0000
000000000.0000
000000000.0000
000000000.0000
000000000.0000
000000000.0000
000000000.0000
000000000.0000
000000000.0000
000000000.0000
000000000.0000
000000000.0000
000000000.0000
000000000.0000
000000000.0000
000000000.0000
000000000.0000
000000000.0000
000000000.0000
000000000.0000
000000000.0000
000000000.0000
000000000.0000
000000000.0000
000000000.0000
000000000.0000
000000000.0000
000000000.0000
000000000.0000
000000000.0000
000000000.0000
000000000.0000
000000000.0000
000000000.0000
000000000.0000
000000000.0000
000000000.0000
000000000.0000
000000000.0000
000000000.0000
000000000.0000
000000000.0001
000000000.0009
000000000.0060
000000000.0288
000000000.1064
000000000.3134
000000000.7570
000000001.5332
000000002.6545
000000004.0000
000000003.0000
000000001.9909
000000001.1499
000000000.5677
000000000.2351
000000000.0798
000000000.0216
000000000.0045
000000000.0007
000000000.0001
000000000.0000
000000000.0000
000000000.0000
000000000.0000
000000000.0000
000000000.0000
000000000.0000
000000000.0000
000000000.0000
000000000.0000
000000000.0000
000000000.0000
000000000.0000
000000000.0000
000000000.0000
000000000.0000
000000000.0000
000000000.0000
000000000.0000
000000000.0000
000000000.0000
000000000.0000
000000000.0000
000000000.0000
000000000.0000
000000000.0000
000000000.0000
000000000.0000
000000000.0000
000000000.0000
000000000.0000
000000000.0000
000000000.0000
000000000.0000
000000000.0000
000000000.0000
000000000.0000
000000000.0000
000000000.0000
000000000.0000
000000000.0000
000000000.0000
000000000.0000
000000000.0000
000000000.0000
000000000.0000
000000000.0000
000000000.0000
000000000.0000
000000000.0000
000000000.0000
000000000.0000
000000000.0000
000000000.0000
000000000.0000
000000000.0000
000000000.0000
000000000.0000
000000000.0000
000000000.0000
000000000.0000
000000000.0000
000000000.0000
000000000.0000
000000000.0000
000000000.0000
000000000.0000
000000000.0000
000000000.0000
000000000.0000
000000000.0000
000000000.0000
000000000.0000
000000000.0000
000000000.0000
000000000.0000
000000000.0000
000000000.0000
000000000.0000
000000000.0000
000000000.0001
000000000.0009
000000000.0060
000000000.0288
000000000.1064
000000000.3134
000000000.7570
000000001.5332
000000002.6545
000000004.0000
000000003.0000
000000001.9909
000000001.1499
000000000.5677
000000000.2351
000000000.0798
000000000.0216
000000000.0045
000000000.0007
000000000.0001
000000000.0000
000000000.0000
000000000.0000
000000000.0000
000000000.0000
000000000.0000
000000000.0000
000000000.0000
000000000.0000
000000000.0000
000000000.0000
000000000.0000
000000000.0000
000000000.0000
000000000.0000
000000000.0000
000000000.0000
000000000.0000
000000000.0000
000000000.0000
000000000.0000
000000000.0000
000000000.0000
000000000.0000
000000000.0000
000000000.0000
000000000.0000
000000000.0000
000000000.0000
000000000.0000
000000000.0000
000000000.0000
000000000.0000
000000000.0000
000000000.0000
000000000.0000
000000000.0000
000000000.0000
000000000.0000
000000000.0000
000000000.0000
000000000.0000
000000000.0000
000000000.0000
000000000.0000
000000000.0000
000000000.0000
000000000.0000
000000000.0000
000000000.0000
000000000.0000
000000000.0000
000000000.0000
000000000.0000
000000000.0000
000000000.0000
000000000.0000
000000000.0000
000000000.0000
000000000.0000
000000000.0000
000000000.0000
000000000.0000
000000000.0000
000000000.0000
000000000.0000
000000000.0000
000000000.0000
000000000.0000
000000000.0000
000000000.0000
000000000.0000
000000000.0000
000000000.0000
000000000.0000
000000000.0000
000000000.0000
000000000.0000
000000000.0000
000000000.0000
000000000.0001
000000000.0009
000000000.0060
000000000.0288
000000000.1064
000000000.3134
000000000.7570
000000001.5332
000000002.6545
000000004.0000
000000003.0000
000000001.9909
000000001.1499
000000000.5677
000000000.2351
000000000.0798
000000000.0216
000000000.0045
000000000.0007
000000000.0001
000000000.0000
000000000.0000
000000000.0000
000000000.0000
000000000.0000
000000000.0000
000000000.0000
000000000.0000
000000000.0000
000000000.0000
000000000.0000
000000000.0000
000000000.0000
000000000.0000
000000000.0000
000000000.0000
000000000.0000
000000000.0000
000000000.0000
000000000.0000
000000000.0000
000000000.0000
000000000.0000
000000000.0000
000000000.0000
000000000.0000
000000000.0000
000000000.0000
000000000.0000
000000000.0000
000000000.0000
000000000.0000
000000000.0000
000000000.0000
000000000.0000
000000000.0000
000000000.0000
000000000.0000
000000000.0000
000000000.0000
000000000.0000
000000000.0000
000000000.0000
000000000.0000
000000000.0000
000000000.0000
000000000.0000
000000000.0000
000000000.0000
000000000.0000
000000000.0000
000000000.0000
000000000.0000
000000000.0000
000000000.0000
000000000.0000
000000000.0000
000000000.0000
000000000.0000
000000000.0000
000000000.0000
000000000.0000
000000000.0000
000000000.0000
000000000.0000
000000000.0000
000000000.0000
000000000.0000
000000000.0000
000000000.0000
000000000.0000
000000000.0000
000000000.0000
000000000.0000
000000000.0000
000000000.0000
000000000.0000
000000000.0000
000000000.0000
000000000.0000
000000000.0001
000000000.0009
000000000.0060
000000000.0288
000000000.1064
000000000.3134
000000000.7570
000000001.5332
000000002.6545
000000004.0000
000000003.0000
000000001.9909
000000001.1499
000000000.5677
000000000.2351
000000000.0798
000000000.0216
000000000.0045
000000000.0007
000000000.0001
000000000.0000
000000000.0000
000000000.0000
000000000.0000
000000000.0000
000000000.0000
000000000.0000
000000000.0000
000000000.0000
000000000.0000
000000000.0000
000000000.0000
000000000.0000
000000000.0000
000000000.0000
000000000.0000
000000000.0000
000000000.0000
000000000.0000
000000000.0000
000000000.0000
000000000.0000
000000000.0000
000000000.0000
000000000.0000
000000000.0000
000000000.0000
000000000.0000
000000000.0000
000000000.0000
000000000.0000
000000000.0000
000000000.0000
000000000.0000
000000000.0000
000000000.0000
000000000.0000
000000000.0000
000000000.0000
000000000.0000
000000000.0000
000000000.0000
000000000.0000
000000000.0000
000000000.0000
000000000.0000
000000000.0000
000000000.0000
000000000.0000
000000000.0000
000000000.0000
000000000.0000
000000000.0000
000000000.0000
000000000.0000
000000000.0000
000000000.0000
000000000.0000
000000000.0000
000000000.0000
000000000.0000
000000000.0000
000000000.0000
000000000.0000
000000000.0000
000000000.0000
000000000.0000
000000000.0000
000000000.0000
000000000.0000
000000000.0000
000000000.0000
000000000.0000
000000000.0000
000000000.0000
000000000.0000
000000000.0000
000000000.0000
000000000.0000
000000000.0000
000000000.0001
000000000.0009
000000000.0060
000000000.0288
000000000.1064
000000000.3134
000000000.7570
000000001.5332
000000002.6545
000000004.0000
000000003.0000
000000001.9909
000000001.1499
000000000.5677
000000000.2351
000000000.0798
000000000.0216
000000000.0045
000000000.0007
000000000.0001
000000000.0000
000000000.0000
000000000.0000
000000000.0000
000000000.0000
000000000.0000
000000000.0000
000000000.0000
000000000.0000
000000000.0000
000000000.0000
000000000.0000
000000000.0000
000000000.0000
000000000.0000
000000000.0000
000000000.0000
000000000.0000
000000000.0000
000000000.0000
000000000.0000
000000000.0000
000000000.0000
000000000.0000
000000000.0000
000000000.0000
000000000.0000
000000000.0000
000000000.0000
000000000.0000
000000000.0000
000000000.0000
000000000.0000
000000000.0000
000000000.0000
000000000.0000
000000000.0000
000000000.0000
000000000.0000
000000000.0000
000000000.0000
000000000.0000
000000000.0000
000000000.0000
000000000.0000
000000000.0000
000000000.0000
000000000.0000
000000000.0000
000000000.0000
000000000.0000
000000000.0000
000000000.0000
000000000.0000
000000000.0000
000000000.0000
000000000.0000
000000000.0000
000000000.0000
000000000.0000
000000000.0000
000000000.0000
000000000.0000
000000000.0000
000000000.0000
000000000.0000
000000000.0000
000000000.0000
000000000.0000
000000000.0000
000000000.0000
000000000.0000
000000000.0000
000000000.0000
000000000.0000
000000000.0000
000000000.0000
000000000.0000
000000000.0000
000000000.0000
000000000.0001
000000000.0009
000000000.0060
000000000.0288
000000000.1064
000000000.3134
000000000.7570
000000001.5332
000000002.6545
000000004.0000
000000003.0000
000000001.9909
000000001.1499
000000000.5677
000000000.2351
000000000.0798
000000000.0216
000000000.0045
000000000.0007
000000000.0001
000000000.0000
000000000.0000
000000000.0000
000000000.0000
000000000.0000
000000000.0000
000000000.0000
000000000.0000
000000000.0000
000000000.0000
000000000.0000
000000000.0000
000000000.0000
000000000.0000
000000000.0000
000000000.0000
000000000.0000
000000000.0000
000000000.0000
000000000.0000
000000000.0000
000000000.0000
000000000.0000
000000000.0000
000000000.0000
000000000.0000
000000000.0000
000000000.0000
000000000.0000
000000000.0000
000000000.0000
000000000.0000
000000000.0000
000000000.0000
000000000.0000
000000000.0000
000000000.0000
000000000.0000
000000000.0000
000000000.0000
000000000.0000
000000000.0000
000000000.0000
000000000.0000
000000000.0000
000000000.0000
000000000.0000
000000000.0000
000000000.0000
000000000.0000
000000000.0000
000000000.0000
000000000.0000
000000000.0000
000000000.0000
000000000.0000
000000000.0000
000000000.0000
000000000.0000
000000000.0000
000000000.0000
000000000.0000
000000000.0000
000000000.0000
000000000.0000
000000000.0000
000000000.0000
000000000.0000
000000000.0000
000000000.0000
000000000.0000
000000000.0000
000000000.0000
000000000.0000
000000000.0000
000000000.0000
000000000.0000
000000000.0000
000000000.0000
000000000.0000
000000000.0001
000000000.0009
000000000.0060
000000000.0288
000000000.1064
000000000.3134
000000000.7570
000000001.5332
000000002.6545
000000004.0000
000000003.0000
000000001.9909
000000001.1499
000000000.5677
000000000.2351
000000000.0798
000000000.0216
000000000.0045
000000000.0007
000000000.0001
000000000.0000
000000000.0000
000000000.0000
000000000.0000
000000000.0000
000000000.0000
000000000.0000
000000000.0000
000000000.0000
000000000.0000
000000000.0000
000000000.0000
000000000.0000
000000000.0000
000000000.0000
000000000.0000
000000000.0000
000000000.0000
000000000.0000
000000000.0000
000000000.0000
000000000.0000
000000000.0000
000000000.0000
000000000.0000
000000000.0000
000000000.0000
000000000.0000
000000000.0000
000000000.0000
000000000.0000
000000000.0000
000000000.0000
000000000.0000
000000000.0000
000000000.0000
000000000.0000
000000000.0000
000000000.0000
000000000.0000
000000000.0000
000000000.0000
000000000.0000
000000000.0000
000000000.0000
000000000.0000
000000000.0000
000000000.0000
000000000.0000
000000000.0000
000000000.0000
000000000.0000
000000000.0000
000000000.0000
000000000.0000
000000000.0000
000000000.0000
000000000.0000
000000000.0000
000000000.0000
000000000.0000
000000000.0000
000000000.0000
000000000.0000
000000000.0000
000000000.0000
000000000.0000
000000000.0000
000000000.0000
000000000.0000
000000000.0000
000000000.0000
000000000.0000
000000000.0000
000000000.0000
000000000.0000
000000000.0000
000000000.0000
000000000.0000
000000000.0000
000000000.0001
000000000.0009
000000000.0060
000000000.0288
000000000.1064
000000000.3134
000000000.7570
000000001.5332
000000002.6545
000000004.0000
000000003.0000
000000001.9909
000000001.1499
000000000.5677
000000000.2351
000000000.0798
000000000.0216
000000000.0045
000000000.0007
000000000.0001
000000000.0000
000000000.0000
000000000.0000
000000000.0000
000000000.0000
000000000.0000
000000000.0000
000000000.0000
000000000.0000
000000000.0000
000000000.0000
000000000.0000
000000000.0000
000000000.0000
000000000.0000
000000000.0000
000000000.0000
000000000.0000
000000000.0000
000000000.0000
000000000.0000
000000000.0000
000000000.0000
000000000.0000
000000000.0000
000000000.0000
000000000.0000
000000000.0000
000000000.0000
000000000.0000
000000000.0000
000000000.0000
000000000.0000
000000000.0000
000000000.0000
000000000.0000
000000000.0000
000000000.0000
000000000.0000
000000000.0000
000000000.0000
000000000.0000
000000000.0000
000000000.0000
000000000.0000
000000000.0000
000000000.0000
000000000.0000
000000000.0000
000000000.0000
000000000.0000
000000000.0000
000000000.0000
000000000.0000
000000000.0000
000000000.0000
000000000.0000
000000000.0000
000000000.0000
000000000.0000
000000000.0000
000000000.0000
000000000.0000
000000000.0000
000000000.0000
000000000.0000
000000000.0000
000000000.0000
000000000.0000
000000000.0000
000000000.0000
000000000.0000
000000000.0000
000000000.0000
000000000.0000
000000000.0000
000000000.0000
000000000.0000
000000000.0000
000000000.0000
000000000.0001
000000000.0009
000000000.0060
000000000.0288
000000000.1064
000000000.3134
000000000.7570
000000001.5332
000000002.6545
000000004.0000
000000003.0000
000000001.9909
000000001.1499
000000000.5677
000000000.2351
000000000.0798
000000000.0216
000000000.0045
000000000.0007
000000000.0001
000000000.0000
000000000.0000
000000000.0000
000000000.0000
000000000.0000
000000000.0000
000000000.0000
000000000.0000
000000000.0000
000000000.0000
000000000.0000
000000000.0000
000000000.0000
000000000.0000
000000000.0000
000000000.0000
000000000.0000
000000000.0000
000000000.0000
000000000.0000
000000000.0000
000000000.0000
000000000.0000
000000000.0000
000000000.0000
000000000.0000
000000000.0000
000000000.0000
000000000.0000
000000000.0000
000000000.0000
000000000.0000
000000000.0000
000000000.0000
000000000.0000
000000000.0000
000000000.0000
000000000.0000
000000000.0000
000000000.0000
000000000.0000
000000000.0000
000000000.0000
000000000.0000
000000000.0000
000000000.0000
000000000.0000
000000000.0000
000000000.0000
000000000.0000
000000000.0000
000000000.0000
000000000.0000
000000000.0000
000000000.0000
000000000.0000
000000000.0000
000000000.0000
000000000.0000
000000000.0000
000000000.0000
000000000.0000
000000000.0000
000000000.0000
000000000.0000
000000000.0000
000000000.0000
000000000.0000
000000000.0000
000000000.0000
000000000.0000
000000000.0000
000000000.0000
000000000.0000
000000000.0000
000000000.0000
000000000.0000
000000000.0000
000000000.0000
000000000.0000
000000000.0001
000000000.0009
000000000.0060
000000000.0288
000000000.1064
000000000.3134
000000000.7570
000000001.5332
000000002.6545
000000004.0000
000000003.0000
000000001.9909
000000001.1499
000000000.5677
000000000.2351
000000000.0798
000000000.0216
000000000.0045
000000000.0007
000000000.0001
000000000.0000
000000000.0000
000000000.0000
000000000.0000
000000000.0000
000000000.0000
000000000.0000
000000000.0000
000000000.0000
000000000.0000
000000000.0000
000000000.0000
000000000.0000
000000000.0000
000000000.0000
000000000.0000
000000000.0000
000000000.0000
000000000.0000
000000000.0000
000000000.0000
000000000.0000
000000000.0000
000000000.0000
000000000.0000
000000000.0000
000000000.0000
000000000.0000
000000000.0000
000000000.0000
000000000.0000
000000000.0000
000000000.0000
000000000.0000
000000000.0000
000000000.0000
000000000.0000
000000000.0000
000000000.0000
000000000.0000
000000000.0000
000000000.0000
000000000.0000
000000000.0000
000000000.0000
000000000.0000
000000000.0000
000000000.0000
000000000.0000
000000000.0000
000000000.0000
000000000.0000
000000000.0000
000000000.0000
000000000.0000
000000000.0000
000000000.0000
000000000.0000
000000000.0000
000000000.0000
000000000.0000
000000000.0000
000000000.0000
000000000.0000
000000000.0000
000000000.0000
000000000.0000
000000000.0000
000000000.0000
000000000.0000
000000000.0000
000000000.0000
000000000.0000
000000000.0000
000000000.0000
000000000.0000
000000000.0000
000000000.0000
000000000.0000
000000000.0000
000000000.0001
000000000.0009
000000000.0060
000000000.0288
000000000.1064
000000000.3134
000000000.7570
000000001.5332
000000002.6545
000000004.0000
000000003.0000
000000001.9909
000000001.1499
000000000.5677
000000000.2351
000000000.0798
000000000.0216
000000000.0045
000000000.0007
000000000.0001
000000000.0000
000000000.0000
000000000.0000
000000000.0000
000000000.0000
000000000.0000
000000000.0000
000000000.0000
000000000.0000
000000000.0000
000000000.0000
000000000.0000
000000000.0000
000000000.0000
000000000.0000
000000000.0000
000000000.0000
000000000.0000
000000000.0000
000000000.0000
000000000.0000
000000000.0000
000000000.0000
000000000.0000
000000000.0000
000000000.0000
000000000.0000
000000000.0000
000000000.0000
000000000.0000
000000000.0000
000000000.0000
000000000.0000
000000000.0000
000000000.0000
000000000.0000
000000000.0000
000000000.0000
000000000.0000
000000000.0000
000000000.0000
000000000.0000
000000000.0000
000000000.0000
000000000.0000
000000000.0000
000000000.0000
000000000.0000
000000000.0000
000000000.0000
000000000.0000
000000000.0000
000000000.0000
000000000.0000
000000000.0000
000000000.0000
000000000.0000
000000000.0000
000000000.0000
000000000.0000
000000000.0000
000000000.0000
000000000.0000
000000000.0000
000000000.0000
000000000.0000
000000000.0000
000000000.0000
000000000.0000
000000000.0000
000000000.0000
000000000.0000
000000000.0000
000000000.0000
000000000.0000
000000000.0000
000000000.0000
000000000.0000
000000000.0000
000000000.0000
000000000.0001
000000000.0009
000000000.0060
000000000.0288
000000000.1064
000000000.3134
000000000.7570
000000001.5332
000000002.6545
000000004.0000
000000003.0000
000000001.9909
000000001.1499
000000000.5677
000000000.2351
000000000.0798
000000000.0216
000000000.0045
000000000.0007
000000000.0001
000000000.0000
000000000.0000
000000000.0000
000000000.0000
000000000.0000
000000000.0000
000000000.0000
000000000.0000
000000000.0000
000000000.0000
000000000.0000
000000000.0000
000000000.0000
000000000.0000
000000000.0000
000000000.0000
000000000.0000
000000000.0000
000000000.0000
000000000.0000
000000000.0000
000000000.0000
000000000.0000
000000000.0000
000000000.0000
000000000.0000
000000000.0000
000000000.0000
000000000.0000
000000000.0000
000000000.0000
000000000.0000
000000000.0000
000000000.0000
000000000.0000
000000000.0000
000000000.0000
000000000.0000
000000000.0000
000000000.0000
000000000.0000
000000000.0000
000000000.0000
000000000.0000
000000000.0000
000000000.0000
000000000.0000
000000000.0000
000000000.0000
000000000.0000
000000000.0000
000000000.0000
000000000.0000
000000000.0000
000000000.0000
000000000.0000
000000000.0000
000000000.0000
000000000.0000
000000000.0000
000000000.0000
000000000.0000
000000000.0000
000000000.0000
000000000.0000
000000000.0000
000000000.0000
000000000.0000
000000000.0000
000000000.0000
000000000.0000
000000000.0000
000000000.0000
000000000.0000
000000000.0000
000000000.0000
000000000.0000
000000000.0000
000000000.0000
000000000.0000
000000000.0001
000000000.0009
000000000.0060
000000000.0288
000000000.1064
000000000.3134
000000000.7570
000000001.5332
000000002.6545
000000004.0000
000000003.0000
000000001.9909
000000001.1499
000000000.5677
000000000.2351
000000000.0798
000000000.0216
000000000.0045
000000000.0007
000000000.0001
000000000.0000
000000000.0000
000000000.0000
000000000.0000
000000000.0000
000000000.0000
000000000.0000
000000000.0000
000000000.0000
000000000.0000
000000000.0000
000000000.0000
000000000.0000
000000000.0000
000000000.0000
000000000.0000
000000000.0000
000000000.0000
000000000.0000
000000000.0000
000000000.0000
000000000.0000
000000000.0000
000000000.0000
000000000.0000
000000000.0000
000000000.0000
000000000.0000
000000000.0000
000000000.0000
000000000.0000
000000000.0000
000000000.0000
000000000.0000
000000000.0000
000000000.0000
000000000.0000
000000000.0000
000000000.0000
000000000.0000
000000000.0000
000000000.0000
000000000.0000
000000000.0000
000000000.0000
000000000.0000
000000000.0000
000000000.0000
000000000.0000
000000000.0000
000000000.0000
000000000.0000
000000000.0000
000000000.0000
000000000.0000
000000000.0000
000000000.0000
000000000.0000
000000000.0000
000000000.0000
000000000.0000
000000000.0000
000000000.0000
000000000.0000
000000000.0000
000000000.0000
000000000.0000
000000000.0000
000000000.0000
000000000.0000
000000000.0000
000000000.0000
000000000.0000
000000000.0000
000000000.0000
000000000.0000
000000000.0000
000000000.0000
000000000.0000
000000000.0000
000000000.0001
000000000.0009
000000000.0060
000000000.0288
000000000.1064
000000000.3134
000000000.7570
000000001.5332
000000002.6545
000000004.0000
000000003.0000
000000001.9909
000000001.1499
000000000.5677
000000000.2351
000000000.0798
000000000.0216
000000000.0045
000000000.0007
000000000.0001
000000000.0000
000000000.0000
000000000.0000
000000000.0000
000000000.0000
000000000.0000
000000000.0000
000000000.0000
000000000.0000
000000000.0000
000000000.0000
000000000.0000
000000000.0000
000000000.0000
000000000.0000
000000000.0000
000000000.0000
000000000.0000
000000000.0000
000000000.0000
000000000.0000
000000000.0000
000000000.0000
000000000.0000
000000000.0000
000000000.0000
000000000.0000
000000000.0000
000000000.0000
000000000.0000
000000000.0000
000000000.0000
000000000.0000
000000000.0000
000000000.0000
000000000.0000
000000000.0000
000000000.0000
000000000.0000
000000000.0000
000000000.0000
000000000.0000
000000000.0000
000000000.0000
000000000.0000
000000000.0000
000000000.0000
000000000.0000
000000000.0000
000000000.0000
000000000.0000
000000000.0000
000000000.0000
000000000.0000
000000000.0000
000000000.0000
000000000.0000
000000000.0000
000000000.0000
000000000.0000
000000000.0000
000000000.0000
000000000.0000
000000000.0000
000000000.0000
000000000.0000
000000000.0000
000000000.0000
000000000.0000
000000000.0000
000000000.0000
000000000.0000
000000000.0000
000000000.0000
000000000.0000
000000000.0000
000000000.0000
000000000.0000
000000000.0000
000000000.0000
000000000.0001
000000000.0009
000000000.0060
000000000.0288
000000000.1064
000000000.3134
000000000.7570
000000001.5332
000000002.6545
000000004.0000
000000003.0000
000000001.9909
000000001.1499
000000000.5677
000000000.2351
000000000.0798
000000000.0216
000000000.0045
000000000.0007
000000000.0001
000000000.0000
000000000.0000
000000000.0000
000000000.0000
000000000.0000
000000000.0000
000000000.0000
000000000.0000
000000000.0000
000000000.0000
000000000.0000
000000000.0000
000000000.0000
000000000.0000
000000000.0000
000000000.0000
000000000.0000
000000000.0000
000000000.0000
000000000.0000
000000000.0000
000000000.0000
000000000.0000
000000000.0000
000000000.0000
000000000.0000
000000000.0000
000000000.0000
000000000.0000
000000000.0000
000000000.0000
000000000.0000
000000000.0000
000000000.0000
000000000.0000
000000000.0000
000000000.0000
000000000.0000
000000000.0000
000000000.0000
000000000.0000
000000000.0000
000000000.0000
000000000.0000
000000000.0000
000000000.0000
000000000.0000
000000000.0000
000000000.0000
000000000.0000
000000000.0000
000000000.0000
000000000.0000
000000000.0000
000000000.0000
000000000.0000
000000000.0000
000000000.0000
000000000.0000
000000000.0000
000000000.0000
000000000.0000
000000000.0000
000000000.0000
000000000.0000
000000000.0000
000000000.0000
000000000.0000
000000000.0000
000000000.0000
000000000.0000
000000000.0000
000000000.0000
000000000.0000
000000000.0000
000000000.0000
000000000.0000
000000000.0000
000000000.0000
000000000.0000
000000000.0001
000000000.0009
000000000.0060
000000000.0288
000000000.1064
000000000.3134
000000000.7570
000000001.5332
000000002.6545
000000004.0000
000000003.0000
000000001.9909
000000001.1499
000000000.5677
000000000.2351
000000000.0798
000000000.0216
000000000.0045
000000000.0007
000000000.0001
000000000.0000
000000000.0000
000000000.0000
000000000.0000
000000000.0000
000000000.0000
000000000.0000
000000000.0000
000000000.0000
000000000.0000
000000000.0000
000000000.0000
000000000.0000
000000000.0000
000000000.0000
000000000.0000
000000000.0000
000000000.0000
000000000.0000
000000000.0000
000000000.0000
000000000.0000
000000000.0000
000000000.0000
000000000.0000
000000000.0000
000000000.0000
000000000.0000
000000000.0000
000000000.0000
000000000.0000
000000000.0000
000000000.0000
000000000.0000
000000000.0000
000000000.0000
000000000.0000
000000000.0000
000000000.0000
000000000.0000
000000000.0000
000000000.0000
000000000.0000
000000000.0000
000000000.0000
000000000.0000
000000000.0000
000000000.0000
000000000.0000
000000000.0000
000000000.0000
000000000.0000
000000000.0000
000000000.0000
000000000.0000
000000000.0000
000000000.0000
000000000.0000
000000000.0000
000000000.0000
000000000.0000
000000000.0000
000000000.0000
000000000.0000
000000000.0000
000000000.0000
000000000.0000
000000000.0000
000000000.0000
000000000.0000
000000000.0000
000000000.0000
000000000.0000
000000000.0000
000000000.0000
000000000.0000
000000000.0000
000000000.0000
000000000.0000
000000000.0000
000000000.0001
000000000.0009
000000000.0060
000000000.0288
000000000.1064
000000000.3134
000000000.7570
000000001.5332
000000002.6545
000000004.0000
000000003.0000
000000001.9909
000000001.1499
000000000.5677
000000000.2351
000000000.0798
000000000.0216
000000000.0045
000000000.0007
000000000.0001
000000000.0000
000000000.0000
000000000.0000
000000000.0000
000000000.0000
000000000.0000
000000000.0000
000000000.0000
000000000.0000
000000000.0000
000000000.0000
000000000.0000
000000000.0000
000000000.0000
000000000.0000
000000000.0000
000000000.0000
000000000.0000
000000000.0000
000000000.0000
000000000.0000
000000000.0000
000000000.0000
000000000.0000
000000000.0000
000000000.0000
000000000.0000
000000000.0000
000000000.0000
000000000.0000
000000000.0000
000000000.0000
000000000.0000
000000000.0000
000000000.0000
000000000.0000
000000000.0000
000000000.0000
000000000.0000
000000000.0000
000000000.0000
000000000.0000
000000000.0000
000000000.0000
000000000.0000
000000000.0000
000000000.0000
000000000.0000
000000000.0000
000000000.0000
000000000.0000
000000000.0000
000000000.0000
000000000.0000
000000000.0000
000000000.0000
000000000.0000
000000000.0000
000000000.0000
000000000.0000
000000000.0000
000000000.0000
000000000.0000
000000000.0000
000000000.0000
000000000.0000
000000000.0000
000000000.0000
000000000.0000
000000000.0000
000000000.0000
000000000.0000
000000000.0000
000000000.0000
000000000.0000
000000000.0000
000000000.0000
000000000.0000
000000000.0000
000000000.0000
000000000.0001
000000000.0009
000000000.0060
000000000.0288
000000000.1064
000000000.3134
000000000.7570
000000001.5332
000000002.6545
000000004.0000
000000003.0000
000000001.9909
000000001.1499
000000000.5677
000000000.2351
000000000.0798
000000000.0216
000000000.0045
000000000.0007
000000000.0001
000000000.0000
000000000.0000
000000000.0000
000000000.0000
000000000.0000
000000000.0000
000000000.0000
000000000.0000
000000000.0000
000000000.0000
000000000.0000
000000000.0000
000000000.0000
000000000.0000
000000000.0000
000000000.0000
000000000.0000
000000000.0000
000000000.0000
000000000.0000
000000000.0000
000000000.0000
000000000.0000
000000000.0000
000000000.0000
000000000.0000
000000000.0000
000000000.0000
000000000.0000
000000000.0000
000000000.0000
000000000.0000
000000000.0000
000000000.0000
000000000.0000
000000000.0000
000000000.0000
000000000.0000
000000000.0000
000000000.0000
000000000.0000
000000000.0000
000000000.0000
000000000.0000
000000000.0000
000000000.0000
000000000.0000
000000000.0000
000000000.0000
000000000.0000
000000000.0000
000000000.0000
000000000.0000
000000000.0000
000000000.0000
000000000.0000
000000000.0000
000000000.0000
000000000.0000
000000000.0000
000000000.0000
000000000.0000
000000000.0000
000000000.0000
000000000.0000
000000000.0000
000000000.0000
000000000.0000
000000000.0000
000000000.0000
000000000.0000
000000000.0000
000000000.0000
000000000.0000
000000000.0000
000000000.0000
000000000.0000
000000000.0000
000000000.0000
000000000.0000
000000000.0001
000000000.0009
000000000.0060
000000000.0288
000000000.1064
000000000.3134
000000000.7570
000000001.5332
000000002.6545
000000004.0000
000000003.0000
000000001.9909
000000001.1499
000000000.5677
000000000.2351
000000000.0798
000000000.0216
000000000.0045
000000000.0007
000000000.0001
000000000.0000
000000000.0000
000000000.0000
000000000.0000
000000000.0000
000000000.0000
000000000.0000
000000000.0000
000000000.0000
000000000.0000
000000000.0000
000000000.0000
000000000.0000
000000000.0000
000000000.0000
000000000.0000
000000000.0000
000000000.0000
000000000.0000
000000000.0000
000000000.0000
000000000.0000
000000000.0000
000000000.0000
000000000.0000
000000000.0000
000000000.0000
000000000.0000
000000000.0000
000000000.0000
000000000.0000
000000000.0000
000000000.0000
000000000.0000
000000000.0000
000000000.0000
000000000.0000
000000000.0000
000000000.0000
000000000.0000
000000000.0000
000000000.0000
000000000.0000
000000000.0000
000000000.0000
000000000.0000
000000000.0000
000000000.0000
000000000.0000
000000000.0000
000000000.0000
000000000.0000
000000000.0000
000000000.0000
000000000.0000
000000000.0000
000000000.0000
000000000.0000
000000000.0000
000000000.0000
000000000.0000
000000000.0000
000000000.0000
000000000.0000
000000000.0000
000000000.0000
000000000.0000
000000000.0000
000000000.0000
000000000.0000
000000000.0000
000000000.0000
000000000.0000
000000000.0000
000000000.0000
000000000.0000
000000000.0000
000000000.0000
000000000.0000
000000000.0000
000000000.0001
000000000.0009
000000000.0060
000000000.0288
000000000.1064
000000000.3134
000000000.7570
000000001.5332
000000002.6545
000000004.0000
000000003.0000
000000001.9909
000000001.1499
000000000.5677
000000000.2351
000000000.0798
000000000.0216
000000000.0045
000000000.0007
000000000.0001
000000000.0000
000000000.0000
000000000.0000
000000000.0000
000000000.0000
000000000.0000
000000000.0000
000000000.0000
000000000.0000
000000000.0000
000000000.0000
000000000.0000
000000000.0000
000000000.0000
000000000.0000
000000000.0000
000000000.0000
000000000.0000
000000000.0000
000000000.0000
000000000.0000
000000000.0000
000000000.0000
000000000.0000
000000000.0000
000000000.0000
000000000.0000
000000000.0000
000000000.0000
000000000.0000
000000000.0000
000000000.0000
000000000.0000
000000000.0000
000000000.0000
000000000.0000
000000000.0000
000000000.0000
000000000.0000
000000000.0000
000000000.0000
000000000.0000
000000000.0000
000000000.0000
000000000.0000
000000000.0000
000000000.0000
000000000.0000
000000000.0000
000000000.0000
000000000.0000
000000000.0000
000000000.0000
000000000.0000
000000000.0000
000000000.0000
000000000.0000
000000000.0000
000000000.0000
000000000.0000
000000000.0000
000000000.0000
000000000.0000
000000000.0000
000000000.0000
000000000.0000
000000000.0000
000000000.0000
000000000.0000
000000000.0000
000000000.0000
000000000.0000
000000000.0000
000000000.0000
000000000.0000
000000000.0000
000000000.0000
000000000.0000
000000000.0000
000000000.0000
000000000.0001
000000000.0009
000000000.0060
000000000.0288
000000000.1064
000000000.3134
000000000.7570
000000001.5332
000000002.6545
000000004.0000
000000003.0000
000000001.9909
000000001.1499
000000000.5677
000000000.2351
000000000.0798
000000000.0216
000000000.0045
000000000.0007
000000000.0001
000000000.0000
000000000.0000
000000000.0000
000000000.0000
000000000.0000
000000000.0000
000000000.0000
000000000.0000
000000000.0000
000000000.0000
000000000.0000
000000000.0000
000000000.0000
000000000.0000
000000000.0000
000000000.0000
000000000.0000
000000000.0000
000000000.0000
000000000.0000
000000000.0000
000000000.0000
000000000.0000
000000000.0000
000000000.0000
000000000.0000
000000000.0000
000000000.0000
000000000.0000
000000000.0000
000000000.0000
000000000.0000
000000000.0000
000000000.0000
000000000.0000
000000000.0000
000000000.0000
000000000.0000
000000000.0000
000000000.0000
000000000.0000
000000000.0000
000000000.0000
000000000.0000
000000000.0000
000000000.0000
000000000.0000
000000000.0000
000000000.0000
000000000.0000
000000000.0000
000000000.0000
000000000.0000
000000000.0000
000000000.0000
000000000.0000
000000000.0000
000000000.0000
000000000.0000
000000000.0000
000000000.0000
000000000.0000
000000000.0000
000000000.0000
000000000.0000
000000000.0000
000000000.0000
000000000.0000
000000000.0000
000000000.0000
000000000.0000
000000000.0000
000000000.0000
000000000.0000
000000000.0000
000000000.0000
000000000.0000
000000000.0000
000000000.0000
000000000.0000
000000000.0001
000000000.0009
000000000.0060
000000000.0288
000000000.1064
000000000.3134
000000000.7570
000000001.5332
000000002.6545
000000004.0000
000000003.0000
000000001.9909
000000001.1499
000000000.5677
000000000.2351
000000000.0798
000000000.0216
000000000.0045
000000000.0007
000000000.0001
000000000.0000
000000000.0000
000000000.0000
000000000.0000
000000000.0000
000000000.0000
000000000.0000
000000000.0000
000000000.0000
000000000.0000
000000000.0000
000000000.0000
000000000.0000
000000000.0000
000000000.0000
000000000.0000
000000000.0000
000000000.0000
000000000.0000
000000000.0000
000000000.0000
000000000.0000
000000000.0000
000000000.0000
000000000.0000
000000000.0000
000000000.0000
000000000.0000
000000000.0000
000000000.0000
000000000.0000
000000000.0000
000000000.0000
000000000.0000
000000000.0000
000000000.0000
000000000.0000
000000000.0000
000000000.0000
000000000.0000
000000000.0000
000000000.0000
000000000.0000
000000000.0000
000000000.0000
000000000.0000
000000000.0000
000000000.0000
000000000.0000
000000000.0000
000000000.0000
000000000.0000
000000000.0000
000000000.0000
000000000.0000
000000000.0000
000000000.0000
000000000.0000
000000000.0000
000000000.0000
000000000.0000
000000000.0000
000000000.0000
000000000.0000
000000000.0000
000000000.0000
000000000.0000
000000000.0000
000000000.0000
000000000.0000
000000000.0000
000000000.0000
000000000.0000
000000000.0000
000000000.0000
000000000.0000
000000000.0000
000000000.0000
000000000.0000
000000000.0000
000000000.0001
000000000.0009
000000000.0060
000000000.0288
000000000.1064
000000000.3134
000000000.7570
000000001.5332
000000002.6545
000000004.0000
000000003.0000
000000001.9909
000000001.1499
000000000.5677
000000000.2351
000000000.0798
000000000.0216
000000000.0045
000000000.0007
000000000.0001
000000000.0000
000000000.0000
000000000.0000
000000000.0000
000000000.0000
000000000.0000
000000000.0000
000000000.0000
000000000.0000
000000000.0000
000000000.0000
000000000.0000
000000000.0000
000000000.0000
000000000.0000
000000000.0000
000000000.0000
000000000.0000
000000000.0000
000000000.0000
000000000.0000
000000000.0000
000000000.0000
000000000.0000
000000000.0000
000000000.0000
000000000.0000
000000000.0000
000000000.0000
000000000.0000
000000000.0000
000000000.0000
000000000.0000
000000000.0000
000000000.0000
000000000.0000
000000000.0000
000000000.0000
000000000.0000
000000000.0000
000000000.0000
000000000.0000
000000000.0000
000000000.0000
000000000.0000
000000000.0000
000000000.0000
000000000.0000
000000000.0000
000000000.0000
000000000.0000
000000000.0000
000000000.0000
000000000.0000
000000000.0000
000000000.0000
000000000.0000
000000000.0000
000000000.0000
000000000.0000
000000000.0000
000000000.0000
000000000.0000
000000000.0000
000000000.0000
000000000.0000
000000000.0000
000000000.0000
000000000.0000
000000000.0000
000000000.0000
000000000.0000
000000000.0000
000000000.0000
000000000.0000
000000000.0000
000000000.0000
000000000.0000
000000000.0000
000000000.0000
000000000.0001
000000000.0009
000000000.0060
000000000.0288
000000000.1064
000000000.3134
000000000.7570
000000001.5332
000000002.6545
000000004.0000
000000003.0000
000000001.9909
000000001.1499
000000000.5677
000000000.2351
000000000.0798
000000000.0216
000000000.0045
000000000.0007
000000000.0001
000000000.0000
000000000.0000
000000000.0000
000000000.0000
000000000.0000
000000000.0000
000000000.0000
000000000.0000
000000000.0000
000000000.0000
000000000.0000
000000000.0000
000000000.0000
000000000.0000
000000000.0000
000000000.0000
000000000.0000
000000000.0000
000000000.0000
000000000.0000
000000000.0000
000000000.0000
000000000.0000
000000000.0000
000000000.0000
000000000.0000
000000000.0000
000000000.0000
000000000.0000
000000000.0000
000000000.0000
000000000.0000
000000000.0000
000000000.0000
000000000.0000
000000000.0000
000000000.0000
000000000.0000
000000000.0000
000000000.0000
000000000.0000
000000000.0000
000000000.0000
000000000.0000
000000000.0000
000000000.0000
000000000.0000
000000000.0000
000000000.0000
000000000.0000
000000000.0000
000000000.0000
000000000.0000
000000000.0000
000000000.0000
000000000.0000
000000000.0000
000000000.0000
000000000.0000
000000000.0000
000000000.0000
000000000.0000
000000000.0000
000000000.0000
000000000.0000
000000000.0000
000000000.0000
000000000.0000
000000000.0000
000000000.0000
000000000.0000
000000000.0000
000000000.0000
000000000.0000
000000000.0000
000000000.0000
000000000.0000
000000000.0000
000000000.0000
000000000.0000
000000000.0001
000000000.0009
000000000.0060
000000000.0288
000000000.1064
000000000.3134
000000000.7570
000000001.5332
000000002.6545
000000004.0000
000000003.0000
000000001.9909
000000001.1499
000000000.5677
000000000.2351
000000000.0798
000000000.0216
000000000.0045
000000000.0007
000000000.0001
000000000.0000
000000000.0000
000000000.0000
000000000.0000
000000000.0000
000000000.0000
000000000.0000
000000000.0000
000000000.0000
000000000.0000
000000000.0000
000000000.0000
000000000.0000
000000000.0000
000000000.0000
000000000.0000
000000000.0000
000000000.0000
000000000.0000
000000000.0000
000000000.0000
000000000.0000
000000000.0000
000000000.0000
000000000.0000
000000000.0000
000000000.0000
000000000.0000
000000000.0000
000000000.0000
000000000.0000
000000000.0000
000000000.0000
000000000.0000
000000000.0000
000000000.0000
000000000.0000
000000000.0000
000000000.0000
000000000.0000
000000000.0000
000000000.0000
000000000.0000
000000000.0000
000000000.0000
000000000.0000
000000000.0000
000000000.0000
000000000.0000
000000000.0000
000000000.0000
000000000.0000
000000000.0000
000000000.0000
000000000.0000
000000000.0000
000000000.0000
000000000.0000
000000000.0000
000000000.0000
000000000.0000
000000000.0000
000000000.0000
000000000.0000
000000000.0000
000000000.0000
000000000.0000
000000000.0000
000000000.0000
000000000.0000
000000000.0000
000000000.0000
000000000.0000
000000000.0000
000000000.0000
000000000.0000
000000000.0000
000000000.0000
000000000.0000
000000000.0000
000000000.0001
000000000.0009
000000000.0060
000000000.0288
000000000.1064
000000000.3134
000000000.7570
000000001.5332
000000002.6545
000000004.0000
000000003.0000
000000001.9909
000000001.1499
000000000.5677
000000000.2351
000000000.0798
000000000.0216
000000000.0045
000000000.0007
000000000.0001
000000000.0000
000000000.0000
000000000.0000
000000000.0000
000000000.0000
000000000.0000
000000000.0000
000000000.0000
000000000.0000
000000000.0000
000000000.0000
000000000.0000
000000000.0000
000000000.0000
000000000.0000
000000000.0000
000000000.0000
000000000.0000
000000000.0000
000000000.0000
000000000.0000
000000000.0000
000000000.0000
000000000.0000
000000000.0000
000000000.0000
000000000.0000
000000000.0000
000000000.0000
000000000.0000
000000000.0000
000000000.0000
000000000.0000
000000000.0000
000000000.0000
000000000.0000
000000000.0000
000000000.0000
000000000.0000
000000000.0000
000000000.0000
000000000.0000
000000000.0000
000000000.0000
000000000.0000
000000000.0000
000000000.0000
000000000.0000
000000000.0000
000000000.0000
000000000.0000
000000000.0000
000000000.0000
000000000.0000
000000000.0000
000000000.0000
000000000.0000
000000000.0000
000000000.0000
000000000.0000
000000000.0000
000000000.0000
000000000.0000
000000000.0000
000000000.0000
000000000.0000
000000000.0000
000000000.0000
000000000.0000
000000000.0000
000000000.0000
000000000.0000
000000000.0000
000000000.0000
000000000.0000
000000000.0000
000000000.0000
000000000.0000
000000000.0000
000000000.0000
000000000.0001
000000000.0009
000000000.0060
000000000.0288
000000000.1064
000000000.3134
000000000.7570
000000001.5332
000000002.6545
000000004.0000
000000003.0000
000000001.9909
000000001.1499
000000000.5677
000000000.2351
000000000.0798
000000000.0216
000000000.0045
000000000.0007
000000000.0001
000000000.0000
000000000.0000
000000000.0000
000000000.0000
000000000.0000
000000000.0000
000000000.0000
000000000.0000
000000000.0000
000000000.0000
000000000.0000
000000000.0000
000000000.0000
000000000.0000
000000000.0000
000000000.0000
000000000.0000
000000000.0000
000000000.0000
000000000.0000
000000000.0000
000000000.0000
000000000.0000
000000000.0000
000000000.0000
000000000.0000
000000000.0000
000000000.0000
000000000.0000
000000000.0000
000000000.0000
000000000.0000
000000000.0000
000000000.0000
000000000.0000
000000000.0000
000000000.0000
000000000.0000
000000000.0000
000000000.0000
000000000.0000
000000000.0000
000000000.0000
000000000.0000
000000000.0000
000000000.0000
000000000.0000
000000000.0000
000000000.0000
000000000.0000
000000000.0000
000000000.0000
000000000.0000
000000000.0000
000000000.0000
000000000.0000
000000000.0000
000000000.0000
000000000.0000
000000000.0000
000000000.0000
000000000.0000
000000000.0000
000000000.0000
000000000.0000
000000000.0000
000000000.0000
000000000.0000
000000000.0000
000000000.0000
000000000.0000
000000000.0000
000000000.0000
000000000.0000
000000000.0000
000000000.0000
000000000.0000
000000000.0000
000000000.0000
000000000.0000
000000000.0001
000000000.0009
000000000.0060
000000000.0288
000000000.1064
000000000.3134
000000000.7570
000000001.5332
000000002.6545
000000004.0000
000000003.0000
000000001.9909
000000001.1499
000000000.5677
000000000.2351
000000000.0798
000000000.0216
000000000.0045
000000000.0007
000000000.0001
000000000.0000
000000000.0000
000000000.0000
000000000.0000
000000000.0000
000000000.0000
000000000.0000
000000000.0000
000000000.0000
000000000.0000
000000000.0000
000000000.0000
000000000.0000
000000000.0000
000000000.0000
000000000.0000
000000000.0000
000000000.0000
000000000.0000
000000000.0000
000000000.0000
000000000.0000
000000000.0000
000000000.0000
000000000.0000
000000000.0000
000000000.0000
000000000.0000
000000000.0000
000000000.0000
000000000.0000
000000000.0000
000000000.0000
000000000.0000
000000000.0000
000000000.0000
000000000.0000
000000000.0000
000000000.0000
000000000.0000
000000000.0000
000000000.0000
000000000.0000
000000000.0000
000000000.0000
000000000.0000
000000000.0000
000000000.0000
000000000.0000
000000000.0000
000000000.0000
000000000.0000
000000000.0000
000000000.0000
000000000.0000
000000000.0000
000000000.0000
000000000.0000
000000000.0000
000000000.0000
000000000.0000
000000000.0000
000000000.0000
000000000.0000
000000000.0000
000000000.0000
000000000.0000
000000000.0000
000000000.0000
000000000.0000
000000000.0000
000000000.0000
000000000.0000
000000000.0000
000000000.0000
000000000.0000
000000000.0000
000000000.0000
000000000.0000
000000000.0000
000000000.0001
000000000.0009
000000000.0060
000000000.0288
000000000.1064
000000000.3134
000000000.7570
000000001.5332
000000002.6545
000000004.0000
000000003.0000
000000001.9909
000000001.1499
000000000.5677
000000000.2351
000000000.0798
000000000.0216
000000000.0045
000000000.0007
000000000.0001
000000000.0000
000000000.0000
000000000.0000
000000000.0000
000000000.0000
000000000.0000
000000000.0000
000000000.0000
000000000.0000
000000000.0000
000000000.0000
000000000.0000
000000000.0000
000000000.0000
000000000.0000
000000000.0000
000000000.0000
000000000.0000
000000000.0000
000000000.0000
000000000.0000
000000000.0000
000000000.0000
000000000.0000
000000000.0000
000000000.0000
000000000.0000
000000000.0000
000000000.0000
000000000.0000
000000000.0000
000000000.0000
000000000.0000
000000000.0000
000000000.0000
000000000.0000
000000000.0000
000000000.0000
000000000.0000
000000000.0000
000000000.0000
000000000.0000
000000000.0000
000000000.0000
000000000.0000
000000000.0000
000000000.0000
000000000.0000
000000000.0000
000000000.0000
000000000.0000
000000000.0000
000000000.0000
000000000.0000
000000000.0000
000000000.0000
000000000.0000
000000000.0000
000000000.0000
000000000.0000
000000000.0000
000000000.0000
000000000.0000
000000000.0000
000000000.0000
000000000.0000
000000000.0000
000000000.0000
000000000.0000
000000000.0000
000000000.0000
000000000.0000
000000000.0000
000000000.0000
000000000.0000
000000000.0000
000000000.0000
000000000.0000
000000000.0000
000000000.0000
000000000.0001
000000000.0009
000000000.0060
000000000.0288
000000000.1064
000000000.3134
000000000.7570
000000001.5332
000000002.6545
000000004.0000
000000003.0000
000000001.9909
000000001.1499
000000000.5677
000000000.2351
000000000.0798
000000000.0216
000000000.0045
000000000.0007
000000000.0001
000000000.0000
000000000.0000
000000000.0000
000000000.0000
000000000.0000
000000000.0000
000000000.0000
000000000.0000
000000000.0000
000000000.0000
000000000.0000
000000000.0000
000000000.0000
000000000.0000
000000000.0000
000000000.0000
000000000.0000
000000000.0000
000000000.0000
000000000.0000
000000000.0000
000000000.0000
000000000.0000
000000000.0000
000000000.0000
000000000.0000
000000000.0000
000000000.0000
000000000.0000
000000000.0000
000000000.0000
000000000.0000
000000000.0000
000000000.0000
000000000.0000
000000000.0000
000000000.0000
000000000.0000
000000000.0000
000000000.0000
000000000.0000
000000000.0000
000000000.0000
000000000.0000
000000000.0000
000000000.0000
000000000.0000
000000000.0000
000000000.0000
000000000.0000
000000000.0000
000000000.0000
000000000.0000
000000000.0000
000000000.0000
000000000.0000
000000000.0000
000000000.0000
000000000.0000
000000000.0000
000000000.0000
000000000.0000
000000000.0000
000000000.0000
000000000.0000
000000000.0000
000000000.0000
000000000.0000
000000000.0000
000000000.0000
000000000.0000
000000000.0000
000000000.0000
000000000.0000
000000000.0000
000000000.0000
000000000.0000
000000000.0000
000000000.0000
000000000.0000
000000000.0001
000000000.0009
000000000.0060
000000000.0288
000000000.1064
000000000.3134
000000000.7570
000000001.5332
000000002.6545
000000004.0000
000000003.0000
000000001.9909
000000001.1499
000000000.5677
000000000.2351
000000000.0798
000000000.0216
000000000.0045
000000000.0007
000000000.0001
000000000.0000
000000000.0000
000000000.0000
000000000.0000
000000000.0000
000000000.0000
000000000.0000
000000000.0000
000000000.0000
000000000.0000
000000000.0000
000000000.0000
000000000.0000
000000000.0000
000000000.0000
000000000.0000
000000000.0000
000000000.0000
000000000.0000
000000000.0000
000000000.0000
000000000.0000
000000000.0000
000000000.0000
000000000.0000
000000000.0000
000000000.0000
000000000.0000
000000000.0000
000000000.0000
000000000.0000
000000000.0000
000000000.0000
000000000.0000
000000000.0000
000000000.0000
000000000.0000
000000000.0000
000000000.0000
000000000.0000
000000000.0000
000000000.0000
000000000.0000
000000000.0000
000000000.0000
000000000.0000
000000000.0000
000000000.0000
000000000.0000
000000000.0000
000000000.0000
000000000.0000
000000000.0000
000000000.0000
000000000.0000
000000000.0000
000000000.0000
000000000.0000
000000000.0000
000000000.0000
000000000.0000
000000000.0000
000000000.0000
000000000.0000
000000000.0000
000000000.0000
000000000.0000
000000000.0000
000000000.0000
000000000.0000
000000000.0000
000000000.0000
000000000.0000
000000000.0000
000000000.0000
000000000.0000
000000000.0000
000000000.0000
000000000.0000
000000000.0000
000000000.0001
000000000.0009
000000000.0060
000000000.0288
000000000.1064
000000000.3134
000000000.7570
000000001.5332
000000002.6545
000000004.0000
000000003.0000
000000001.9909
000000001.1499
000000000.5677
000000000.2351
000000000.0798
000000000.0216
000000000.0045
000000000.0007
000000000.0001
000000000.0000
000000000.0000
000000000.0000
000000000.0000
000000000.0000
000000000.0000
000000000.0000
000000000.0000
000000000.0000
000000000.0000
000000000.0000
000000000.0000
000000000.0000
000000000.0000
000000000.0000
000000000.0000
000000000.0000
000000000.0000
000000000.0000
000000000.0000
000000000.0000
000000000.0000
000000000.0000
000000000.0000
000000000.0000
000000000.0000
000000000.0000
000000000.0000
000000000.0000
000000000.0000
000000000.0000
000000000.0000
000000000.0000
000000000.0000
000000000.0000
000000000.0000
000000000.0000
000000000.0000
000000000.0000
000000000.0000
000000000.0000
000000000.0000
000000000.0000
000000000.0000
000000000.0000
000000000.0000
000000000.0000
000000000.0000
000000000.0000
000000000.0000
000000000.0000
000000000.0000
000000000.0000
000000000.0000
000000000.0000
000000000.0000
000000000.0000
000000000.0000
000000000.0000
000000000.0000
000000000.0000
000000000.0000
000000000.0000
000000000.0000
000000000.0000
000000000.0000
000000000.0000
000000000.0000
000000000.0000
000000000.0000
000000000.0000
000000000.0000
000000000.0000
000000000.0000
000000000.0000
000000000.0000
000000000.0000
000000000.0000
000000000.0000
000000000.0000
000000000.0001
000000000.0009
000000000.0060
000000000.0288
000000000.1064
000000000.3134
000000000.7570
000000001.5332
000000002.6545
000000004.0000
000000003.0000
000000001.9909
000000001.1499
000000000.5677
000000000.2351
000000000.0798
000000000.0216
000000000.0045
000000000.0007
000000000.0001
000000000.0000
000000000.0000
000000000.0000
000000000.0000
000000000.0000
000000000.0000
000000000.0000
000000000.0000
000000000.0000
000000000.0000
000000000.0000
000000000.0000
000000000.0000
000000000.0000
000000000.0000
000000000.0000
000000000.0000
000000000.0000
000000000.0000
000000000.0000
000000000.0000
000000000.0000
000000000.0000
000000000.0000
000000000.0000
000000000.0000
000000000.0000
000000000.0000
000000000.0000
000000000.0000
000000000.0000
000000000.0000
000000000.0000
000000000.0000
000000000.0000
000000000.0000
000000000.0000
000000000.0000
000000000.0000
000000000.0000
000000000.0000
000000000.0000
000000000.0000
000000000.0000
000000000.0000
000000000.0000
000000000.0000
000000000.0000
000000000.0000
000000000.0000
000000000.0000
000000000.0000
000000000.0000
000000000.0000
000000000.0000
000000000.0000
000000000.0000
000000000.0000
000000000.0000
000000000.0000
000000000.0000
000000000.0000
000000000.0000
000000000.0000
000000000.0000
000000000.0000
000000000.0000
000000000.0000
000000000.0000
000000000.0000
000000000.0000
000000000.0000
000000000.0000
000000000.0000
000000000.0000
000000000.0000
000000000.0000
000000000.0000
000000000.0000
000000000.0000
000000000.0001
000000000.0009
000000000.0060
000000000.0288
000000000.1064
000000000.3134
000000000.7570
000000001.5332
000000002.6545
000000004.0000
000000003.0000
000000001.9909
000000001.1499
000000000.5677
000000000.2351
000000000.0798
000000000.0216
000000000.0045
000000000.0007
000000000.0001
000000000.0000
000000000.0000
000000000.0000
000000000.0000
000000000.0000
000000000.0000
000000000.0000
000000000.0000
000000000.0000
000000000.0000
000000000.0000
000000000.0000
000000000.0000
000000000.0000
000000000.0000
000000000.0000
000000000.0000
000000000.0000
000000000.0000
000000000.0000
000000000.0000
000000000.0000
000000000.0000
000000000.0000
000000000.0000
000000000.0000
000000000.0000
000000000.0000
000000000.0000
000000000.0000
000000000.0000
000000000.0000
000000000.0000
000000000.0000
000000000.0000
000000000.0000
000000000.0000
000000000.0000
000000000.0000
000000000.0000
000000000.0000
000000000.0000
000000000.0000
000000000.0000
000000000.0000
000000000.0000
000000000.0000
000000000.0000
000000000.0000
000000000.0000
000000000.0000
000000000.0000
000000000.0000
000000000.0000
000000000.0000
000000000.0000
000000000.0000
000000000.0000
000000000.0000
000000000.0000
000000000.0000
000000000.0000
000000000.0000
000000000.0000
000000000.0000
000000000.0000
000000000.0000
000000000.0000
000000000.0000
000000000.0000
000000000.0000
000000000.0000
000000000.0000
000000000.0000
000000000.0000
000000000.0000
000000000.0000
000000000.0000
000000000.0000
000000000.0000
000000000.0001
000000000.0009
000000000.0060
000000000.0288
000000000.1064
000000000.3134
000000000.7570
000000001.5332
000000002.6545
000000004.0000
000000003.0000
000000001.9909
000000001.1499
000000000.5677
000000000.2351
000000000.0798
000000000.0216
000000000.0045
000000000.0007
000000000.0001
000000000.0000
000000000.0000
000000000.0000
000000000.0000
000000000.0000
000000000.0000
000000000.0000
000000000.0000
000000000.0000
000000000.0000
000000000.0000
000000000.0000
000000000.0000
000000000.0000
000000000.0000
000000000.0000
000000000.0000
000000000.0000
000000000.0000
000000000.0000
000000000.0000
000000000.0000
000000000.0000
000000000.0000
000000000.0000
000000000.0000
000000000.0000
000000000.0000
000000000.0000
000000000.0000
000000000.0000
000000000.0000
000000000.0000
000000000.0000
000000000.0000
000000000.0000
000000000.0000
000000000.0000
000000000.0000
000000000.0000
000000000.0000
000000000.0000
000000000.0000
000000000.0000
000000000.0000
000000000.0000
000000000.0000
000000000.0000
000000000.0000
000000000.0000
000000000.0000
000000000.0000
000000000.0000
000000000.0000
000000000.0000
000000000.0000
000000000.0000
000000000.0000
000000000.0000
000000000.0000
000000000.0000
000000000.0000
000000000.0000
000000000.0000
000000000.0000
000000000.0000
000000000.0000
000000000.0000
000000000.0000
000000000.0000
000000000.0000
000000000.0000
000000000.0000
000000000.0000
000000000.0000
000000000.0000
000000000.0000
000000000.0000
000000000.0000
000000000.0000
000000000.0001
000000000.0009
000000000.0060
000000000.0288
000000000.1064
000000000.3134
000000000.7570
000000001.5332
000000002.6545
000000004.0000
000000003.0000
000000001.9909
000000001.1499
000000000.5677
000000000.2351
000000000.0798
000000000.0216
000000000.0045
000000000.0007
000000000.0001
000000000.0000
000000000.0000
000000000.0000
000000000.0000
000000000.0000
000000000.0000
000000000.0000
000000000.0000
000000000.0000
000000000.0000
000000000.0000
000000000.0000
000000000.0000
000000000.0000
000000000.0000
000000000.0000
000000000.0000
000000000.0000
000000000.0000
000000000.0000
000000000.0000
000000000.0000
000000000.0000
000000000.0000
000000000.0000
000000000.0000
000000000.0000
000000000.0000
000000000.0000
000000000.0000
000000000.0000
000000000.0000
000000000.0000
000000000.0000
000000000.0000
000000000.0000
000000000.0000
000000000.0000
000000000.0000
000000000.0000
000000000.0000
000000000.0000
000000000.0000
000000000.0000
000000000.0000
000000000.0000
000000000.0000
000000000.0000
000000000.0000
000000000.0000
000000000.0000
000000000.0000
000000000.0000
000000000.0000
000000000.0000
000000000.0000
000000000.0000
000000000.0000
000000000.0000
000000000.0000
000000000.0000
000000000.0000
000000000.0000
000000000.0000
000000000.0000
000000000.0000
000000000.0000
000000000.0000
000000000.0000
000000000.0000
000000000.0000
000000000.0000
000000000.0000
000000000.0000
000000000.0000
000000000.0000
000000000.0000
000000000.0000
000000000.0000
000000000.0000
000000000.0001
000000000.0009
000000000.0060
000000000.0288
000000000.1064
000000000.3134
000000000.7570
000000001.5332
000000002.6545
000000004.0000
000000003.0000
000000001.9909
000000001.1499
000000000.5677
000000000.2351
000000000.0798
000000000.0216
000000000.0045
000000000.0007
000000000.0001
000000000.0000
000000000.0000
000000000.0000
000000000.0000
000000000.0000
000000000.0000
000000000.0000
000000000.0000
000000000.0000
000000000.0000
000000000.0000
000000000.0000
000000000.0000
000000000.0000
000000000.0000
000000000.0000
000000000.0000
000000000.0000
000000000.0000
000000000.0000
000000000.0000
000000000.0000
000000000.0000
000000000.0000
000000000.0000
000000000.0000
000000000.0000
000000000.0000
000000000.0000
000000000.0000
000000000.0000
000000000.0000
000000000.0000
000000000.0000
000000000.0000
000000000.0000
000000000.0000
000000000.0000
000000000.0000
000000000.0000
000000000.0000
000000000.0000
000000000.0000
000000000.0000
000000000.0000
000000000.0000
000000000.0000
000000000.0000
000000000.0000
000000000.0000
000000000.0000
000000000.0000
000000000.0000
000000000.0000
000000000.0000
000000000.0000
000000000.0000
000000000.0000
000000000.0000
000000000.0000
000000000.0000
000000000.0000
000000000.0000
000000000.0000
000000000.0000
000000000.0000
000000000.0000
000000000.0000
000000000.0000
000000000.0000
000000000.0000
000000000.0000
000000000.0000
000000000.0000
000000000.0000
000000000.0000
000000000.0000
000000000.0000
000000000.0000
000000000.0000
000000000.0001
000000000.0009
000000000.0060
000000000.0288
000000000.1064
000000000.3134
000000000.7570
000000001.5332
000000002.6545
000000004.0000
000000003.0000
000000001.9909
000000001.1499
000000000.5677
000000000.2351
000000000.0798
000000000.0216
000000000.0045
000000000.0007
000000000.0001
000000000.0000
000000000.0000
000000000.0000
000000000.0000
000000000.0000
000000000.0000
000000000.0000
000000000.0000
000000000.0000
000000000.0000
000000000.0000
000000000.0000
000000000.0000
000000000.0000
000000000.0000
000000000.0000
000000000.0000
000000000.0000
000000000.0000
000000000.0000
000000000.0000
000000000.0000
000000000.0000
000000000.0000
000000000.0000
000000000.0000
000000000.0000
000000000.0000
000000000.0000
000000000.0000
000000000.0000
000000000.0000
000000000.0000
000000000.0000
000000000.0000
000000000.0000
000000000.0000
000000000.0000
000000000.0000
000000000.0000
000000000.0000
000000000.0000
000000000.0000
000000000.0000
000000000.0000
000000000.0000
000000000.0000
000000000.0000
000000000.0000
000000000.0000
000000000.0000
000000000.0000
000000000.0000
000000000.0000
000000000.0000
000000000.0000
000000000.0000
000000000.0000
000000000.0000
000000000.0000
000000000.0000
000000000.0000
000000000.0000
000000000.0000
000000000.0000
000000000.0000
000000000.0000
000000000.0000
000000000.0000
000000000.0000
000000000.0000
000000000.0000
000000000.0000
000000000.0000
000000000.0000
000000000.0000
000000000.0000
000000000.0000
000000000.0000
000000000.0000
000000000.0001
000000000.0009
000000000.0060
000000000.0288
000000000.1064
000000000.3134
000000000.7570
000000001.5332
000000002.6545
000000004.0000
000000003.0000
000000001.9909
000000001.1499
000000000.5677
000000000.2351
000000000.0798
000000000.0216
000000000.0045
000000000.0007
000000000.0001
000000000.0000
000000000.0000
000000000.0000
000000000.0000
000000000.0000
000000000.0000
000000000.0000
000000000.0000
000000000.0000
000000000.0000
000000000.0000
000000000.0000
000000000.0000
000000000.0000
000000000.0000
000000000.0000
000000000.0000
000000000.0000
000000000.0000
000000000.0000
000000000.0000
000000000.0000
000000000.0000
000000000.0000
000000000.0000
000000000.0000
000000000.0000
000000000.0000
000000000.0000
000000000.0000
000000000.0000
000000000.0000
000000000.0000
000000000.0000
000000000.0000
000000000.0000
000000000.0000
000000000.0000
000000000.0000
000000000.0000
000000000.0000
000000000.0000
000000000.0000
000000000.0000
000000000.0000
000000000.0000
000000000.0000
000000000.0000
000000000.0000
000000000.0000
000000000.0000
000000000.0000
000000000.0000
000000000.0000
000000000.0000
000000000.0000
000000000.0000
000000000.0000
000000000.0000
000000000.0000
000000000.0000
000000000.0000
000000000.0000
000000000.0000
000000000.0000
000000000.0000
000000000.0000
000000000.0000
000000000.0000
000000000.0000
000000000.0000
000000000.0000
000000000.0000
000000000.0000
000000000.0000
000000000.0000
000000000.0000
000000000.0000
000000000.0000
000000000.0000
000000000.0001
000000000.0009
000000000.0060
000000000.0288
000000000.1064
000000000.3134
000000000.7570
000000001.5332
000000002.6545
000000004.0000
000000003.0000
000000001.9909
000000001.1499
000000000.5677
000000000.2351
000000000.0798
000000000.0216
000000000.0045
000000000.0007
000000000.0001
000000000.0000
000000000.0000
000000000.0000
000000000.0000
000000000.0000
000000000.0000
000000000.0000
000000000.0000
000000000.0000
000000000.0000
000000000.0000
000000000.0000
000000000.0000
000000000.0000
000000000.0000
000000000.0000
000000000.0000
000000000.0000
000000000.0000
000000000.0000
000000000.0000
000000000.0000
000000000.0000
000000000.0000
000000000.0000
000000000.0000
000000000.0000
000000000.0000
000000000.0000
000000000.0000
000000000.0000
000000000.0000
000000000.0000
000000000.0000
000000000.0000
000000000.0000
000000000.0000
000000000.0000
000000000.0000
000000000.0000
000000000.0000
000000000.0000
000000000.0000
000000000.0000
000000000.0000
000000000.0000
000000000.0000
000000000.0000
000000000.0000
000000000.0000
000000000.0000
000000000.0000
000000000.0000
000000000.0000
000000000.0000
000000000.0000
000000000.0000
000000000.0000
000000000.0000
000000000.0000
000000000.0000
000000000.0000
000000000.0000
000000000.0000
000000000.0000
000000000.0000
000000000.0000
000000000.0000
000000000.0000
000000000.0000
000000000.0000
000000000.0000
000000000.0000
000000000.0000
000000000.0000
000000000.0000
000000000.0000
000000000.0000
000000000.0000
000000000.0000
000000000.0001
000000000.0009
000000000.0060
000000000.0288
000000000.1064
000000000.3134
000000000.7570
000000001.5332
000000002.6545
000000004.0000
000000003.0000
000000001.9909
000000001.1499
000000000.5677
000000000.2351
000000000.0798
000000000.0216
000000000.0045
000000000.0007
000000000.0001
000000000.0000
000000000.0000
000000000.0000
000000000.0000
000000000.0000
000000000.0000
000000000.0000
000000000.0000
000000000.0000
000000000.0000
000000000.0000
000000000.0000
000000000.0000
000000000.0000
000000000.0000
000000000.0000
000000000.0000
000000000.0000
000000000.0000
000000000.0000
000000000.0000
000000000.0000
000000000.0000
000000000.0000
000000000.0000
000000000.0000
000000000.0000
000000000.0000
000000000.0000
000000000.0000
000000000.0000
000000000.0000
000000000.0000
000000000.0000
000000000.0000
000000000.0000
000000000.0000
000000000.0000
000000000.0000
000000000.0000
000000000.0000
000000000.0000
000000000.0000
000000000.0000
000000000.0000
000000000.0000
000000000.0000
000000000.0000
000000000.0000
000000000.0000
000000000.0000
000000000.0000
000000000.0000
000000000.0000
000000000.0000
000000000.0000
000000000.0000
000000000.0000
000000000.0000
000000000.0000
000000000.0000
000000000.0000
000000000.0000
000000000.0000
000000000.0000
000000000.0000
000000000.0000
000000000.0000
000000000.0000
000000000.0000
000000000.0000
000000000.0000
000000000.0000
000000000.0000
000000000.0000
000000000.0000
000000000.0000
000000000.0000
000000000.0000
000000000.0000
000000000.0001
000000000.0009
000000000.0060
000000000.0288
000000000.1064
000000000.3134
000000000.7570
000000001.5332
000000002.6545
000000004.0000
000000003.0000
000000001.9909
000000001.1499
000000000.5677
000000000.2351
000000000.0798
000000000.0216
000000000.0045
000000000.0007
000000000.0001
000000000.0000
000000000.0000
000000000.0000
000000000.0000
000000000.0000
000000000.0000
000000000.0000
000000000.0000
000000000.0000
000000000.0000
000000000.0000
000000000.0000
000000000.0000
000000000.0000
000000000.0000
000000000.0000
000000000.0000
000000000.0000
000000000.0000
000000000.0000
000000000.0000
000000000.0000
000000000.0000
000000000.0000
000000000.0000
000000000.0000
000000000.0000
000000000.0000
000000000.0000
000000000.0000
000000000.0000
000000000.0000
000000000.0000
000000000.0000
000000000.0000
000000000.0000
000000000.0000
000000000.0000
000000000.0000
000000000.0000
000000000.0000
000000000.0000
000000000.0000
000000000.0000
000000000.0000
000000000.0000
000000000.0000
000000000.0000
000000000.0000
000000000.0000
000000000.0000
000000000.0000
000000000.0000
000000000.0000
000000000.0000
000000000.0000
000000000.0000
000000000.0000
000000000.0000
000000000.0000
000000000.0000
000000000.0000
000000000.0000
000000000.0000
000000000.0000
000000000.0000
000000000.0000
000000000.0000
000000000.0000
000000000.0000
000000000.0000
000000000.0000
000000000.0000
000000000.0000
000000000.0000
000000000.0000
000000000.0000
000000000.0000
000000000.0000
000000000.0000
000000000.0001
000000000.0009
000000000.0060
000000000.0288
000000000.1064
000000000.3134
000000000.7570
000000001.5332
000000002.6545
000000004.0000
000000003.0000
000000001.9909
000000001.1499
000000000.5677
000000000.2351
000000000.0798
000000000.0216
000000000.0045
000000000.0007
000000000.0001
000000000.0000
000000000.0000
000000000.0000
000000000.0000
000000000.0000
000000000.0000
000000000.0000
000000000.0000
000000000.0000
000000000.0000
000000000.0000
000000000.0000
000000000.0000
000000000.0000
000000000.0000
000000000.0000
000000000.0000
000000000.0000
000000000.0000
000000000.0000
000000000.0000
000000000.0000
000000000.0000
000000000.0000
000000000.0000
000000000.0000
000000000.0000
000000000.0000
000000000.0000
000000000.0000
000000000.0000
000000000.0000
000000000.0000
000000000.0000
000000000.0000
000000000.0000
000000000.0000
000000000.0000
000000000.0000
000000000.0000
000000000.0000
000000000.0000
000000000.0000
000000000.0000
000000000.0000
000000000.0000
000000000.0000
000000000.0000
000000000.0000
000000000.0000
000000000.0000
000000000.0000
000000000.0000
000000000.0000
000000000.0000
000000000.0000
000000000.0000
000000000.0000
000000000.0000
000000000.0000
000000000.0000
000000000.0000
000000000.0000
000000000.0000
000000000.0000
000000000.0000
000000000.0000
000000000.0000
000000000.0000
000000000.0000
000000000.0000
000000000.0000
000000000.0000
000000000.0000
000000000.0000
000000000.0000
000000000.0000
000000000.0000
000000000.0000
000000000.0000
000000000.0001
000000000.0009
000000000.0060
000000000.0288
000000000.1064
000000000.3134
000000000.7570
000000001.5332
000000002.6545
000000004.0000
000000003.0000
000000001.9909
000000001.1499
000000000.5677
000000000.2351
000000000.0798
000000000.0216
000000000.0045
000000000.0007
000000000.0001
000000000.0000
000000000.0000
000000000.0000
000000000.0000
000000000.0000
000000000.0000
000000000.0000
000000000.0000
000000000.0000
000000000.0000
000000000.0000
000000000.0000
000000000.0000
000000000.0000
000000000.0000
000000000.0000
000000000.0000
000000000.0000
000000000.0000
000000000.0000
000000000.0000
000000000.0000
000000000.0000
000000000.0000
000000000.0000
000000000.0000
000000000.0000
000000000.0000
000000000.0000
000000000.0000
000000000.0000
000000000.0000
000000000.0000
000000000.0000
000000000.0000
000000000.0000
000000000.0000
000000000.0000
000000000.0000
000000000.0000
000000000.0000
000000000.0000
000000000.0000
000000000.0000
000000000.0000
000000000.0000
000000000.0000
000000000.0000
000000000.0000
000000000.0000
000000000.0000
000000000.0000
000000000.0000
000000000.0000
000000000.0000
000000000.0000
000000000.0000
000000000.0000
000000000.0000
000000000.0000
000000000.0000
000000000.0000
000000000.0000
000000000.0000
000000000.0000
000000000.0000
000000000.0000
000000000.0000
000000000.0000
000000000.0000
000000000.0000
000000000.0000
000000000.0000
000000000.0000
000000000.0000
000000000.0000
000000000.0000
000000000.0000
000000000.0000
000000000.0000
000000000.0001
000000000.0009
000000000.0060
000000000.0288
000000000.1064
000000000.3134
000000000.7570
000000001.5332
000000002.6545
000000004.0000
000000003.0000
000000001.9909
000000001.1499
000000000.5677
000000000.2351
000000000.0798
000000000.0216
000000000.0045
000000000.0007
000000000.0001
000000000.0000
000000000.0000
000000000.0000
000000000.0000
000000000.0000
000000000.0000
000000000.0000
000000000.0000
000000000.0000
000000000.0000
000000000.0000
000000000.0000
000000000.0000
000000000.0000
000000000.0000
000000000.0000
000000000.0000
000000000.0000
000000000.0000
000000000.0000
000000000.0000
000000000.0000
000000000.0000
000000000.0000
000000000.0000
000000000.0000
000000000.0000
000000000.0000
000000000.0000
000000000.0000
000000000.0000
000000000.0000
000000000.0000
000000000.0000
000000000.0000
000000000.0000
000000000.0000
000000000.0000
000000000.0000
000000000.0000
000000000.0000
000000000.0000
000000000.0000
000000000.0000
000000000.0000
000000000.0000
000000000.0000
000000000.0000
000000000.0000
000000000.0000
000000000.0000
000000000.0000
000000000.0000
000000000.0000
000000000.0000
000000000.0000
000000000.0000
000000000.0000
000000000.0000
000000000.0000
000000000.0000
000000000.0000
000000000.0000
000000000.0000
000000000.0000
000000000.0000
000000000.0000
000000000.0000
000000000.0000
000000000.0000
000000000.0000
000000000.0000
000000000.0000
000000000.0000
000000000.0000
000000000.0000
000000000.0000
000000000.0000
000000000.0000
000000000.0000
000000000.0001
000000000.0009
000000000.0060
000000000.0288
000000000.1064
000000000.3134
000000000.7570
000000001.5332
000000002.6545
000000004.0000
000000003.0000
000000001.9909
000000001.1499
000000000.5677
000000000.2351
000000000.0798
000000000.0216
000000000.0045
000000000.0007
000000000.0001
000000000.0000
000000000.0000
000000000.0000
000000000.0000
000000000.0000
000000000.0000
000000000.0000
000000000.0000
000000000.0000
000000000.0000
000000000.0000
000000000.0000
000000000.0000
000000000.0000
000000000.0000
000000000.0000
000000000.0000
000000000.0000
000000000.0000
000000000.0000
000000000.0000
000000000.0000
000000000.0000
000000000.0000
000000000.0000
000000000.0000
000000000.0000
000000000.0000
000000000.0000
000000000.0000
000000000.0000
000000000.0000
000000000.0000
000000000.0000
000000000.0000
000000000.0000
000000000.0000
000000000.0000
000000000.0000
000000000.0000
000000000.0000
000000000.0000
000000000.0000
000000000.0000
000000000.0000
000000000.0000
000000000.0000
000000000.0000
000000000.0000
000000000.0000
000000000.0000
000000000.0000
000000000.0000
000000000.0000
000000000.0000
000000000.0000
000000000.0000
000000000.0000
000000000.0000
000000000.0000
000000000.0000
000000000.0000
000000000.0000
000000000.0000
000000000.0000
000000000.0000
000000000.0000
000000000.0000
000000000.0000
000000000.0000
000000000.0000
000000000.0000
000000000.0000
000000000.0000
000000000.0000
000000000.0000
000000000.0000
000000000.0000
000000000.0000
000000000.0000
000000000.0001
000000000.0009
000000000.0060
000000000.0288
000000000.1064
000000000.3134
000000000.7570
000000001.5332
000000002.6545
000000004.0000
000000003.0000
000000001.9909
000000001.1499
000000000.5677
000000000.2351
000000000.0798
000000000.0216
000000000.0045
000000000.0007
000000000.0001
000000000.0000
000000000.0000
000000000.0000
000000000.0000
000000000.0000
000000000.0000
000000000.0000
000000000.0000
000000000.0000
000000000.0000
000000000.0000
000000000.0000
000000000.0000
000000000.0000
000000000.0000
000000000.0000
000000000.0000
000000000.0000
000000000.0000
000000000.0000
000000000.0000
000000000.0000
000000000.0000
000000000.0000
000000000.0000
000000000.0000
000000000.0000
000000000.0000
000000000.0000
000000000.0000
000000000.0000
000000000.0000
000000000.0000
000000000.0000
000000000.0000
000000000.0000
000000000.0000
000000000.0000
000000000.0000
000000000.0000
000000000.0000
000000000.0000
000000000.0000
000000000.0000
000000000.0000
000000000.0000
000000000.0000
000000000.0000
000000000.0000
000000000.0000
000000000.0000
000000000.0000
000000000.0000
000000000.0000
000000000.0000
000000000.0000
000000000.0000
000000000.0000
000000000.0000
000000000.0000
000000000.0000
000000000.0000
000000000.0000
000000000.0000
000000000.0000
000000000.0000
000000000.0000
000000000.0000
000000000.0000
000000000.0000
000000000.0000
000000000.0000
000000000.0000
000000000.0000
000000000.0000
000000000.0000
000000000.0000
000000000.0000
000000000.0000
000000000.0000
000000000.0001
000000000.0009
000000000.0060
000000000.0288
000000000.1064
000000000.3134
000000000.7570
000000001.5332
000000002.6545
000000004.0000
000000003.0000
000000001.9909
000000001.1499
000000000.5677
000000000.2351
000000000.0798
000000000.0216
000000000.0045
000000000.0007
000000000.0001
000000000.0000
000000000.0000
000000000.0000
000000000.0000
000000000.0000
000000000.0000
000000000.0000
000000000.0000
000000000.0000
000000000.0000
000000000.0000
000000000.0000
000000000.0000
000000000.0000
000000000.0000
000000000.0000
000000000.0000
000000000.0000
000000000.0000
000000000.0000
000000000.0000
000000000.0000
000000000.0000
000000000.0000
000000000.0000
000000000.0000
000000000.0000
000000000.0000
000000000.0000
000000000.0000
000000000.0000
000000000.0000
000000000.0000
000000000.0000
000000000.0000
000000000.0000
000000000.0000
000000000.0000
000000000.0000
000000000.0000
000000000.0000
000000000.0000
000000000.0000
000000000.0000
000000000.0000
000000000.0000
000000000.0000
000000000.0000
000000000.0000
000000000.0000
000000000.0000
000000000.0000
000000000.0000
000000000.0000
000000000.0000
000000000.0000
000000000.0000
000000000.0000
000000000.0000
000000000.0000
000000000.0000
000000000.0000
000000000.0000
000000000.0000
000000000.0000
000000000.0000
000000000.0000
000000000.0000
000000000.0000
000000000.0000
000000000.0000
000000000.0000
000000000.0000
000000000.0000
000000000.0000
000000000.0000
000000000.0000
000000000.0000
000000000.0000
000000000.0000
000000000.0001
000000000.0009
000000000.0060
000000000.0288
000000000.1064
000000000.3134
000000000.7570
000000001.5332
000000002.6545
000000004.0000
000000003.0000
000000001.9909
000000001.1499
000000000.5677
000000000.2351
000000000.0798
000000000.0216
000000000.0045
000000000.0007
000000000.0001
000000000.0000
000000000.0000
000000000.0000
000000000.0000
000000000.0000
000000000.0000
000000000.0000
000000000.0000
000000000.0000
000000000.0000
000000000.0000
000000000.0000
000000000.0000
000000000.0000
000000000.0000
000000000.0000
000000000.0000
000000000.0000
000000000.0000
000000000.0000
000000000.0000
000000000.0000
000000000.0000
000000000.0000
000000000.0000
000000000.0000
000000000.0000
000000000.0000
000000000.0000
000000000.0000
000000000.0000
000000000.0000
000000000.0000
000000000.0000
000000000.0000
000000000.0000
000000000.0000
000000000.0000
000000000.0000
000000000.0000
000000000.0000
000000000.0000
000000000.0000
000000000.0000
000000000.0000
000000000.0000
000000000.0000
000000000.0000
000000000.0000
000000000.0000
000000000.0000
000000000.0000
000000000.0000
000000000.0000
000000000.0000
000000000.0000
000000000.0000
000000000.0000
000000000.0000
000000000.0000
000000000.0000
000000000.0000
000000000.0000
000000000.0000
000000000.0000
000000000.0000
000000000.0000
000000000.0000
000000000.0000
000000000.0000
000000000.0000
000000000.0000
000000000.0000
000000000.0000
000000000.0000
000000000.0000
000000000.0000
000000000.0000
000000000.0000
000000000.0000
000000000.0001
000000000.0009
000000000.0060
000000000.0288
000000000.1064
000000000.3134
000000000.7570
000000001.5332
000000002.6545
000000004.0000
000000003.0000
000000001.9909
000000001.1499
000000000.5677
000000000.2351
000000000.0798
000000000.0216
000000000.0045
000000000.0007
000000000.0001
000000000.0000
000000000.0000
000000000.0000
000000000.0000
000000000.0000
000000000.0000
000000000.0000
000000000.0000
000000000.0000
000000000.0000
000000000.0000
000000000.0000
000000000.0000
000000000.0000
000000000.0000
000000000.0000
000000000.0000
000000000.0000
000000000.0000
000000000.0000
000000000.0000
000000000.0000
000000000.0000
000000000.0000
000000000.0000
000000000.0000
000000000.0000
000000000.0000
000000000.0000
000000000.0000
000000000.0000
000000000.0000
000000000.0000
000000000.0000
000000000.0000
000000000.0000
000000000.0000
000000000.0000
000000000.0000
000000000.0000
000000000.0000
000000000.0000
000000000.0000
000000000.0000
000000000.0000
000000000.0000
000000000.0000
000000000.0000
000000000.0000
000000000.0000
000000000.0000
000000000.0000
000000000.0000
000000000.0000
000000000.0000
000000000.0000
000000000.0000
000000000.0000
000000000.0000
000000000.0000
000000000.0000
000000000.0000
000000000.0000
000000000.0000
000000000.0000
000000000.0000
000000000.0000
000000000.0000
000000000.0000
000000000.0000
000000000.0000
000000000.0000
000000000.0000
000000000.0000
000000000.0000
000000000.0000
000000000.0000
000000000.0000
000000000.0000
000000000.0000
000000000.0001
000000000.0009
000000000.0060
000000000.0288
000000000.1064
000000000.3134
000000000.7570
000000001.5332
000000002.6545
000000004.0000
000000003.0000
000000001.9909
000000001.1499
000000000.5677
000000000.2351
000000000.0798
000000000.0216
000000000.0045
000000000.0007
000000000.0001
000000000.0000
000000000.0000
000000000.0000
000000000.0000
000000000.0000
000000000.0000
000000000.0000
000000000.0000
000000000.0000
000000000.0000
000000000.0000
000000000.0000
000000000.0000
000000000.0000
000000000.0000
000000000.0000
000000000.0000
000000000.0000
000000000.0000
000000000.0000
000000000.0000
000000000.0000
000000000.0000
000000000.0000
000000000.0000
000000000.0000
000000000.0000
000000000.0000
000000000.0000
000000000.0000
000000000.0000
000000000.0000
000000000.0000
000000000.0000
000000000.0000
000000000.0000
000000000.0000
000000000.0000
000000000.0000
000000000.0000
000000000.0000
000000000.0000
000000000.0000
000000000.0000
000000000.0000
000000000.0000
000000000.0000
000000000.0000
000000000.0000
000000000.0000
000000000.0000
000000000.0000
000000000.0000
000000000.0000
000000000.0000
000000000.0000
000000000.0000
000000000.0000
000000000.0000
000000000.0000
000000000.0000
000000000.0000
000000000.0000
000000000.0000
000000000.0000
000000000.0000
000000000.0000
000000000.0000
000000000.0000
000000000.0000
000000000.0000
000000000.0000
000000000.0000
000000000.0000
000000000.0000
000000000.0000
000000000.0000
000000000.0000
000000000.0000
000000000.0000
000000000.0001
000000000.0009
000000000.0060
000000000.0288
000000000.1064
000000000.3134
000000000.7570
000000001.5332
000000002.6545
000000004.0000
000000003.0000
000000001.9909
000000001.1499
000000000.5677
000000000.2351
000000000.0798
000000000.0216
000000000.0045
000000000.0007
000000000.0001
000000000.0000
000000000.0000
000000000.0000
000000000.0000
000000000.0000
000000000.0000
000000000.0000
000000000.0000
000000000.0000
000000000.0000
000000000.0000
000000000.0000
000000000.0000
000000000.0000
000000000.0000
000000000.0000
000000000.0000
000000000.0000
000000000.0000
000000000.0000
000000000.0000
000000000.0000
000000000.0000
000000000.0000
000000000.0000
000000000.0000
000000000.0000
000000000.0000
000000000.0000
000000000.0000
000000000.0000
000000000.0000
000000000.0000
000000000.0000
000000000.0000
000000000.0000
000000000.0000
000000000.0000
000000000.0000
000000000.0000
000000000.0000
000000000.0000
000000000.0000
000000000.0000
000000000.0000
000000000.0000
000000000.0000
000000000.0000
000000000.0000
000000000.0000
000000000.0000
000000000.0000
000000000.0000
000000000.0000
000000000.0000
000000000.0000
000000000.0000
000000000.0000
000000000.0000
000000000.0000
000000000.0000
000000000.0000
000000000.0000
000000000.0000
000000000.0000
000000000.0000
000000000.0000
000000000.0000
000000000.0000
000000000.0000
000000000.0000
000000000.0000
000000000.0000
000000000.0000
000000000.0000
000000000.0000
000000000.0000
000000000.0000
000000000.0000
000000000.0000
000000000.0001
000000000.0009
000000000.0060
000000000.0288
000000000.1064
000000000.3134
000000000.7570
000000001.5332
000000002.6545
000000004.0000
000000003.0000
000000001.9909
000000001.1499
000000000.5677
000000000.2351
000000000.0798
000000000.0216
000000000.0045
000000000.0007
000000000.0001
000000000.0000
000000000.0000
000000000.0000
000000000.0000
000000000.0000
000000000.0000
000000000.0000
000000000.0000
000000000.0000
000000000.0000
000000000.0000
000000000.0000
000000000.0000
000000000.0000
000000000.0000
000000000.0000
000000000.0000
000000000.0000
000000000.0000
000000000.0000
000000000.0000
000000000.0000
000000000.0000
000000000.0000
000000000.0000
000000000.0000
000000000.0000
000000000.0000
000000000.0000
000000000.0000
000000000.0000
000000000.0000
000000000.0000
000000000.0000
000000000.0000
000000000.0000
000000000.0000
000000000.0000
000000000.0000
000000000.0000
000000000.0000
000000000.0000
000000000.0000
000000000.0000
000000000.0000
000000000.0000
000000000.0000
000000000.0000
000000000.0000
000000000.0000
000000000.0000
000000000.0000
000000000.0000
000000000.0000
000000000.0000
000000000.0000
000000000.0000
000000000.0000
000000000.0000
000000000.0000
000000000.0000
000000000.0000
000000000.0000
000000000.0000
000000000.0000
000000000.0000
000000000.0000
000000000.0000
000000000.0000
000000000.0000
000000000.0000
000000000.0000
000000000.0000
000000000.0000
000000000.0000
000000000.0000
000000000.0000
000000000.0000
000000000.0000
000000000.0000
000000000.0001
000000000.0009
000000000.0060
000000000.0288
000000000.1064
000000000.3134
000000000.7570
000000001.5332
000000002.6545
000000004.0000
000000003.0000
000000001.9909
000000001.1499
000000000.5677
000000000.2351
000000000.0798
000000000.0216
000000000.0045
000000000.0007
000000000.0001
000000000.0000
000000000.0000
000000000.0000
000000000.0000
000000000.0000
000000000.0000
000000000.0000
000000000.0000
000000000.0000
000000000.0000
000000000.0000
000000000.0000
000000000.0000
000000000.0000
000000000.0000
000000000.0000
000000000.0000
000000000.0000
000000000.0000
000000000.0000
000000000.0000
000000000.0000
000000000.0000
000000000.0000
000000000.0000
000000000.0000
000000000.0000
000000000.0000
000000000.0000
000000000.0000
000000000.0000
000000000.0000
000000000.0000
000000000.0000
000000000.0000
000000000.0000
000000000.0000
000000000.0000
000000000.0000
000000000.0000
000000000.0000
000000000.0000
000000000.0000
000000000.0000
000000000.0000
000000000.0000
000000000.0000
000000000.0000
000000000.0000
000000000.0000
000000000.0000
000000000.0000
000000000.0000
000000000.0000
000000000.0000
000000000.0000
000000000.0000
000000000.0000
000000000.0000
000000000.0000
000000000.0000
000000000.0000
000000000.0000
000000000.0000
000000000.0000
000000000.0000
000000000.0000
000000000.0000
000000000.0000
000000000.0000
000000000.0000
000000000.0000
000000000.0000
000000000.0000
000000000.0000
000000000.0000
000000000.0000
000000000.0000
000000000.0000
000000000.0000
000000000.0001
000000000.0009
000000000.0060
000000000.0288
000000000.1064
000000000.3134
000000000.7570
000000001.5332
000000002.6545
000000004.0000
000000003.0000
000000001.9909
000000001.1499
000000000.5677
000000000.2351
000000000.0798
000000000.0216
000000000.0045
000000000.0007
000000000.0001
000000000.0000
000000000.0000
000000000.0000
000000000.0000
000000000.0000
000000000.0000
000000000.0000
000000000.0000
000000000.0000
000000000.0000
000000000.0000
000000000.0000
000000000.0000
000000000.0000
000000000.0000
000000000.0000
000000000.0000
000000000.0000
000000000.0000
000000000.0000
000000000.0000
000000000.0000
000000000.0000
000000000.0000
000000000.0000
000000000.0000
000000000.0000
000000000.0000
000000000.0000
000000000.0000
000000000.0000
000000000.0000
000000000.0000
000000000.0000
000000000.0000
000000000.0000
000000000.0000
000000000.0000
000000000.0000
000000000.0000
000000000.0000
000000000.0000
000000000.0000
000000000.0000
000000000.0000
000000000.0000
000000000.0000
000000000.0000
000000000.0000
000000000.0000
000000000.0000
000000000.0000
000000000.0000
000000000.0000
000000000.0000
000000000.0000
000000000.0000
000000000.0000
000000000.0000
000000000.0000
000000000.0000
000000000.0000
000000000.0000
000000000.0000
000000000.0000
000000000.0000
000000000.0000
000000000.0000
000000000.0000
000000000.0000
000000000.0000
000000000.0000
000000000.0000
000000000.0000
000000000.0000
000000000.0000
000000000.0000
000000000.0000
000000000.0000
000000000.0000
000000000.0001
000000000.0009
000000000.0060
000000000.0288
000000000.1064
000000000.3134
000000000.7570
000000001.5332
000000002.6545
000000004.0000
000000003.0000
000000001.9909
000000001.1499
000000000.5677
000000000.2351
000000000.0798
000000000.0216
000000000.0045
000000000.0007
000000000.0001
000000000.0000
000000000.0000
000000000.0000
000000000.0000
000000000.0000
000000000.0000
000000000.0000
000000000.0000
000000000.0000
000000000.0000
000000000.0000
000000000.0000
000000000.0000
000000000.0000
000000000.0000
000000000.0000
000000000.0000
000000000.0000
000000000.0000
000000000.0000
000000000.0000
000000000.0000
000000000.0000
000000000.0000
000000000.0000
000000000.0000
000000000.0000
000000000.0000
000000000.0000
000000000.0000
000000000.0000
000000000.0000
000000000.0000
000000000.0000
000000000.0000
000000000.0000
000000000.0000
000000000.0000
000000000.0000
000000000.0000
000000000.0000
000000000.0000
000000000.0000
000000000.0000
000000000.0000
000000000.0000
000000000.0000
000000000.0000
000000000.0000
000000000.0000
000000000.0000
000000000.0000
000000000.0000
000000000.0000
000000000.0000
000000000.0000
000000000.0000
000000000.0000
000000000.0000
000000000.0000
000000000.0000
000000000.0000
000000000.0000
000000000.0000
000000000.0000
000000000.0000
000000000.0000
000000000.0000
000000000.0000
000000000.0000
000000000.0000
000000000.0000
000000000.0000
000000000.0000
000000000.0000
000000000.0000
000000000.0000
000000000.0000
000000000.0000
000000000.0000
000000000.0001
000000000.0009
000000000.0060
000000000.0288
000000000.1064
000000000.3134
000000000.7570
000000001.5332
000000002.6545
000000004.0000
000000003.0000
000000001.9909
000000001.1499
000000000.5677
000000000.2351
000000000.0798
000000000.0216
000000000.0045
000000000.0007
000000000.0001
000000000.0000
000000000.0000
000000000.0000
000000000.0000
000000000.0000
000000000.0000
000000000.0000
000000000.0000
000000000.0000
000000000.0000
000000000.0000
000000000.0000
000000000.0000
000000000.0000
000000000.0000
000000000.0000
000000000.0000
000000000.0000
000000000.0000
000000000.0000
000000000.0000
000000000.0000
000000000.0000
000000000.0000
000000000.0000
000000000.0000
000000000.0000
000000000.0000
000000000.0000
000000000.0000
000000000.0000
000000000.0000
000000000.0000
000000000.0000
000000000.0000
000000000.0000
000000000.0000
000000000.0000
000000000.0000
000000000.0000
000000000.0000
000000000.0000
000000000.0000
000000000.0000
000000000.0000
000000000.0000
000000000.0000
000000000.0000
000000000.0000
000000000.0000
000000000.0000
000000000.0000
000000000.0000
000000000.0000
000000000.0000
000000000.0000
000000000.0000
000000000.0000
000000000.0000
000000000.0000
000000000.0000
000000000.0000
000000000.0000
000000000.0000
000000000.0000
000000000.0000
000000000.0000
000000000.0000
000000000.0000
000000000.0000
000000000.0000
000000000.0000
000000000.0000
000000000.0000
000000000.0000
000000000.0000
000000000.0000
000000000.0000
000000000.0000
000000000.0000
000000000.0001
000000000.0009
000000000.0060
000000000.0288
000000000.1064
000000000.3134
000000000.7570
000000001.5332
000000002.6545
000000004.0000
000000003.0000
000000001.9909
000000001.1499
000000000.5677
000000000.2351
000000000.0798
000000000.0216
000000000.0045
000000000.0007
000000000.0001
000000000.0000
000000000.0000
000000000.0000
000000000.0000
000000000.0000
000000000.0000
000000000.0000
000000000.0000
000000000.0000
000000000.0000
000000000.0000
000000000.0000
000000000.0000
000000000.0000
000000000.0000
000000000.0000
000000000.0000
000000000.0000
000000000.0000
000000000.0000
000000000.0000
000000000.0000
000000000.0000
000000000.0000
000000000.0000
000000000.0000
000000000.0000
000000000.0000
000000000.0000
000000000.0000
000000000.0000
000000000.0000
000000000.0000
000000000.0000
000000000.0000
000000000.0000
000000000.0000
000000000.0000
000000000.0000
000000000.0000
000000000.0000
000000000.0000
000000000.0000
000000000.0000
000000000.0000
000000000.0000
000000000.0000
000000000.0000
000000000.0000
000000000.0000
000000000.0000
000000000.0000
000000000.0000
000000000.0000
000000000.0000
000000000.0000
000000000.0000
000000000.0000
000000000.0000
000000000.0000
000000000.0000
000000000.0000
000000000.0000
000000000.0000
000000000.0000
000000000.0000
000000000.0000
000000000.0000
000000000.0000
000000000.0000
000000000.0000
000000000.0000
000000000.0000
000000000.0000
000000000.0000
000000000.0000
000000000.0000
000000000.0000
000000000.0000
000000000.0000
000000000.0001
000000000.0009
000000000.0060
000000000.0288
000000000.1064
000000000.3134
000000000.7570
000000001.5332
000000002.6545
000000004.0000
000000003.0000
000000001.9909
000000001.1499
000000000.5677
000000000.2351
000000000.0798
000000000.0216
000000000.0045
000000000.0007
000000000.0001
000000000.0000
000000000.0000
000000000.0000
000000000.0000
000000000.0000
000000000.0000
000000000.0000
000000000.0000
000000000.0000
000000000.0000
000000000.0000
000000000.0000
000000000.0000
000000000.0000
000000000.0000
000000000.0000
000000000.0000
000000000.0000
000000000.0000
000000000.0000
000000000.0000
000000000.0000
000000000.0000
000000000.0000
000000000.0000
000000000.0000
000000000.0000
000000000.0000
000000000.0000
000000000.0000
000000000.0000
000000000.0000
000000000.0000
000000000.0000
000000000.0000
000000000.0000
000000000.0000
000000000.0000
000000000.0000
000000000.0000
000000000.0000
000000000.0000
000000000.0000
000000000.0000
000000000.0000
000000000.0000
000000000.0000
000000000.0000
000000000.0000
000000000.0000
000000000.0000
000000000.0000
000000000.0000
000000000.0000
000000000.0000
000000000.0000
000000000.0000
000000000.0000
000000000.0000
000000000.0000
000000000.0000
000000000.0000
000000000.0000
000000000.0000
000000000.0000
000000000.0000
000000000.0000
000000000.0000
000000000.0000
000000000.0000
000000000.0000
000000000.0000
000000000.0000
000000000.0000
000000000.0000
000000000.0000
000000000.0000
000000000.0000
000000000.0000
000000000.0000
000000000.0001
000000000.0009
000000000.0060
000000000.0288
000000000.1064
000000000.3134
000000000.7570
000000001.5332
000000002.6545
000000004.0000
000000003.0000
000000001.9909
000000001.1499
000000000.5677
000000000.2351
000000000.0798
000000000.0216
000000000.0045
000000000.0007
000000000.0001
000000000.0000
000000000.0000
000000000.0000
000000000.0000
000000000.0000
000000000.0000
000000000.0000
000000000.0000
000000000.0000
000000000.0000
000000000.0000
000000000.0000
000000000.0000
000000000.0000
000000000.0000
000000000.0000
000000000.0000
000000000.0000
000000000.0000
000000000.0000
000000000.0000
000000000.0000
000000000.0000
000000000.0000
000000000.0000
000000000.0000
000000000.0000
000000000.0000
000000000.0000
000000000.0000
000000000.0000
000000000.0000
000000000.0000
000000000.0000
000000000.0000
000000000.0000
000000000.0000
000000000.0000
000000000.0000
000000000.0000
000000000.0000
000000000.0000
000000000.0000
000000000.0000
000000000.0000
000000000.0000
000000000.0000
000000000.0000
000000000.0000
000000000.0000
000000000.0000
000000000.0000
000000000.0000
000000000.0000
000000000.0000
000000000.0000
000000000.0000
000000000.0000
000000000.0000
000000000.0000
000000000.0000
000000000.0000
000000000.0000
000000000.0000
000000000.0000
000000000.0000
000000000.0000
000000000.0000
000000000.0000
000000000.0000
000000000.0000
000000000.0000
000000000.0000
000000000.0000
000000000.0000
000000000.0000
000000000.0000
000000000.0000
000000000.0000
000000000.0000
000000000.0001
000000000.0009
000000000.0060
000000000.0288
000000000.1064
000000000.3134
000000000.7570
000000001.5332
000000002.6545
000000004.0000
000000003.0000
000000001.9909
000000001.1499
000000000.5677
000000000.2351
000000000.0798
000000000.0216
000000000.0045
000000000.0007
000000000.0001
000000000.0000
000000000.0000
000000000.0000
000000000.0000
000000000.0000
000000000.0000
000000000.0000
000000000.0000
000000000.0000
000000000.0000
000000000.0000
000000000.0000
000000000.0000
000000000.0000
000000000.0000
000000000.0000
000000000.0000
000000000.0000
000000000.0000
000000000.0000
000000000.0000
000000000.0000
000000000.0000
000000000.0000
000000000.0000
000000000.0000
000000000.0000
000000000.0000
000000000.0000
000000000.0000
000000000.0000
000000000.0000
000000000.0000
000000000.0000
000000000.0000
000000000.0000
000000000.0000
000000000.0000
000000000.0000
000000000.0000
000000000.0000
000000000.0000
000000000.0000
000000000.0000
000000000.0000
000000000.0000
000000000.0000
000000000.0000
000000000.0000
000000000.0000
000000000.0000
000000000.0000
000000000.0000
000000000.0000
000000000.0000
000000000.0000
000000000.0000
000000000.0000
000000000.0000
000000000.0000
000000000.0000
000000000.0000
000000000.0000
000000000.0000
000000000.0000
000000000.0000
000000000.0000
000000000.0000
000000000.0000
000000000.0000
000000000.0000
000000000.0000
000000000.0000
000000000.0000
000000000.0000
000000000.0000
000000000.0000
000000000.0000
000000000.0000
000000000.0000
000000000.0001
000000000.0009
000000000.0060
000000000.0288
000000000.1064
000000000.3134
000000000.7570
000000001.5332
000000002.6545
000000004.0000
000000003.0000
000000001.9909
000000001.1499
000000000.5677
000000000.2351
000000000.0798
000000000.0216
000000000.0045
000000000.0007
000000000.0001
000000000.0000
000000000.0000
000000000.0000
000000000.0000
000000000.0000
000000000.0000
000000000.0000
000000000.0000
000000000.0000
000000000.0000
000000000.0000
000000000.0000
000000000.0000
000000000.0000
000000000.0000
000000000.0000
000000000.0000
000000000.0000
000000000.0000
000000000.0000
000000000.0000
000000000.0000
000000000.0000
000000000.0000
000000000.0000
000000000.0000
000000000.0000
000000000.0000
000000000.0000
000000000.0000
000000000.0000
000000000.0000
000000000.0000
000000000.0000
000000000.0000
000000000.0000
000000000.0000
000000000.0000
000000000.0000
000000000.0000
000000000.0000
000000000.0000
000000000.0000
000000000.0000
000000000.0000
000000000.0000
000000000.0000
000000000.0000
000000000.0000
000000000.0000
000000000.0000
000000000.0000
000000000.0000
000000000.0000
000000000.0000
000000000.0000
000000000.0000
000000000.0000
000000000.0000
000000000.0000
000000000.0000
000000000.0000
000000000.0000
000000000.0000
000000000.0000
000000000.0000
000000000.0000
000000000.0000
000000000.0000
000000000.0000
000000000.0000
000000000.0000
000000000.0000
000000000.0000
000000000.0000
000000000.0000
000000000.0000
000000000.0000
000000000.0000
000000000.0000
000000000.0001
000000000.0009
000000000.0060
000000000.0288
000000000.1064
000000000.3134
000000000.7570
000000001.5332
000000002.6545
000000004.0000
000000003.0000
000000001.9909
000000001.1499
000000000.5677
000000000.2351
000000000.0798
000000000.0216
000000000.0045
000000000.0007
000000000.0001
000000000.0000
000000000.0000
000000000.0000
000000000.0000
000000000.0000
000000000.0000
000000000.0000
000000000.0000
000000000.0000
000000000.0000
000000000.0000
000000000.0000
000000000.0000
000000000.0000
000000000.0000
000000000.0000
000000000.0000
000000000.0000
000000000.0000
000000000.0000
000000000.0000
000000000.0000
000000000.0000
000000000.0000
000000000.0000
000000000.0000
000000000.0000
000000000.0000
000000000.0000
000000000.0000
000000000.0000
000000000.0000
000000000.0000
000000000.0000
000000000.0000
000000000.0000
000000000.0000
000000000.0000
000000000.0000
000000000.0000
000000000.0000
000000000.0000
000000000.0000
000000000.0000
000000000.0000
000000000.0000
000000000.0000
000000000.0000
000000000.0000
000000000.0000
000000000.0000
000000000.0000
000000000.0000
000000000.0000
000000000.0000
000000000.0000
000000000.0000
000000000.0000
000000000.0000
000000000.0000
000000000.0000
000000000.0000
000000000.0000
000000000.0000
000000000.0000
000000000.0000
000000000.0000
000000000.0000
000000000.0000
000000000.0000
000000000.0000
000000000.0000
000000000.0000
000000000.0000
000000000.0000
000000000.0000
000000000.0000
000000000.0000
000000000.0000
000000000.0000
000000000.0001
000000000.0009
000000000.0060
000000000.0288
000000000.1064
000000000.3134
000000000.7570
000000001.5332
000000002.6545
000000004.0000
000000003.0000
000000001.9909
000000001.1499
000000000.5677
000000000.2351
000000000.0798
000000000.0216
000000000.0045
000000000.0007
000000000.0001
000000000.0000
000000000.0000
000000000.0000
000000000.0000
000000000.0000
000000000.0000
000000000.0000
000000000.0000
000000000.0000
000000000.0000
000000000.0000
000000000.0000
000000000.0000
000000000.0000
000000000.0000
000000000.0000
000000000.0000
000000000.0000
000000000.0000
000000000.0000
000000000.0000
000000000.0000
000000000.0000
000000000.0000
000000000.0000
000000000.0000
000000000.0000
000000000.0000
000000000.0000
000000000.0000
000000000.0000
000000000.0000
000000000.0000
000000000.0000
000000000.0000
000000000.0000
000000000.0000
000000000.0000
000000000.0000
000000000.0000
000000000.0000
000000000.0000
000000000.0000
000000000.0000
000000000.0000
000000000.0000
000000000.0000
000000000.0000
000000000.0000
000000000.0000
000000000.0000
000000000.0000
000000000.0000
000000000.0000
000000000.0000
000000000.0000
000000000.0000
000000000.0000
000000000.0000
000000000.0000
000000000.0000
000000000.0000
000000000.0000
000000000.0000
000000000.0000
000000000.0000
000000000.0000
000000000.0000
000000000.0000
000000000.0000
000000000.0000
000000000.0000
000000000.0000
000000000.0000
000000000.0000
000000000.0000
000000000.0000
000000000.0000
000000000.0000
000000000.0000
000000000.0001
000000000.0009
000000000.0060
000000000.0288
000000000.1064
000000000.3134
000000000.7570
000000001.5332
000000002.6545
000000004.0000
000000003.0000
000000001.9909
000000001.1499
000000000.5677
000000000.2351
000000000.0798
000000000.0216
000000000.0045
000000000.0007
000000000.0001
000000000.0000
000000000.0000
000000000.0000
000000000.0000
000000000.0000
000000000.0000
000000000.0000
000000000.0000
000000000.0000
000000000.0000
000000000.0000
000000000.0000
000000000.0000
000000000.0000
000000000.0000
000000000.0000
000000000.0000
000000000.0000
000000000.0000
000000000.0000
000000000.0000
000000000.0000
000000000.0000
000000000.0000
000000000.0000
000000000.0000
000000000.0000
000000000.0000
000000000.0000
000000000.0000
000000000.0000
000000000.0000
000000000.0000
000000000.0000
000000000.0000
000000000.0000
000000000.0000
000000000.0000
000000000.0000
000000000.0000
000000000.0000
000000000.0000
000000000.0000
000000000.0000
000000000.0000
000000000.0000
000000000.0000
000000000.0000
000000000.0000
000000000.0000
000000000.0000
000000000.0000
000000000.0000
000000000.0000
000000000.0000
000000000.0000
000000000.0000
000000000.0000
000000000.0000
000000000.0000
000000000.0000
000000000.0000
000000000.0000
000000000.0000
000000000.0000
000000000.0000
000000000.0000
000000000.0000
000000000.0000
000000000.0000
000000000.0000
000000000.0000
000000000.0000
000000000.0000
000000000.0000
000000000.0000
000000000.0000
000000000.0000
000000000.0000
000000000.0000
000000000.0001
000000000.0009
000000000.0060
000000000.0288
000000000.1064
000000000.3134
000000000.7570
000000001.5332
000000002.6545
000000004.0000
000000003.0000
000000001.9909
000000001.1499
000000000.5677
000000000.2351
000000000.0798
000000000.0216
000000000.0045
000000000.0007
000000000.0001
000000000.0000
000000000.0000
000000000.0000
000000000.0000
000000000.0000
000000000.0000
000000000.0000
000000000.0000
000000000.0000
000000000.0000
000000000.0000
000000000.0000
000000000.0000
000000000.0000
000000000.0000
000000000.0000
000000000.0000
000000000.0000
000000000.0000
000000000.0000
000000000.0000
000000000.0000
000000000.0000
000000000.0000
000000000.0000
000000000.0000
000000000.0000
000000000.0000
000000000.0000
000000000.0000
000000000.0000
000000000.0000
000000000.0000
000000000.0000
000000000.0000
000000000.0000
000000000.0000
000000000.0000
000000000.0000
000000000.0000
000000000.0000
000000000.0000
000000000.0000
000000000.0000
000000000.0000
000000000.0000
000000000.0000
000000000.0000
000000000.0000
000000000.0000
000000000.0000
000000000.0000
000000000.0000
000000000.0000
000000000.0000
000000000.0000
000000000.0000
000000000.0000
000000000.0000
000000000.0000
000000000.0000
000000000.0000
000000000.0000
000000000.0000
000000000.0000
000000000.0000
000000000.0000
000000000.0000
000000000.0000
000000000.0000
000000000.0000
000000000.0000
000000000.0000
000000000.0000
000000000.0000
000000000.0000
000000000.0000
000000000.0000
000000000.0000
000000000.0000
000000000.0001
000000000.0009
000000000.0060
000000000.0288
000000000.1064
000000000.3134
000000000.7570
000000001.5332
000000002.6545
000000004.0000
000000003.0000
000000001.9909
000000001.1500
000000000.5678
000000000.2351
000000000.0799
000000000.0216
000000000.0045
000000000.0007
000000000.0001
000000000.0000
000000000.0000
000000000.0000
000000000.0000
000000000.0000
000000000.0000
000000000.0000
000000000.0000
000000000.0000
000000000.0000
000000000.0000
000000000.0000
000000000.0000
000000000.0000
000000000.0000
000000000.0000
000000000.0000
000000000.0000
000000000.0000
000000000.0000
000000000.0000
000000000.0000
000000000.0000
000000000.0000
000000000.0000
000000000.0000
000000000.0000
000000000.0000
000000000.0000
000000000.0000
000000000.0000
000000000.0000
000000000.0000
000000000.0000
000000000.0000
000000000.0000
000000000.0000
000000000.0000
000000000.0000
000000000.0000
000000000.0000
000000000.0000
000000000.0000
000000000.0000
000000000.0000
000000000.0000
000000000.0000
000000000.0000
000000000.0000
000000000.0000
000000000.0000
000000000.0000
000000000.0000
000000000.0000
000000000.0000
000000000.0000
000000000.0000
000000000.0000
000000000.0000
000000000.0000
000000000.0000
000000000.0000
000000000.0000
000000000.0000
000000000.0000
000000000.0000
000000000.0000
000000000.0000
000000000.0000
000000000.0000
000000000.0000
000000000.0000
000000000.0000
000000000.0000
000000000.0000
000000000.0000
000000000.0000
000000000.0000
000000000.0000
000000000.0000
000000000.0001
000000000.0009
000000000.0060
000000000.0288
000000000.1065
000000000.3135
000000000.7570
000000001.5333
000000002.6545
000000004.0000
000000003.0000
000000001.9911
000000001.1503
000000000.5682
000000000.2355
000000000.0803
000000000.0220
000000000.0049
000000000.0011
000000000.0005
000000000.0004
000000000.0004
000000000.0004
000000000.0004
000000000.0004
000000000.0004
000000000.0004
000000000.0004
000000000.0004
000000000.0004
000000000.0004
000000000.0004
000000000.0004
000000000.0004
000000000.0004
000000000.0004
000000000.0004
000000000.0004
000000000.0004
000000000.0004
000000000.0004
000000000.0004
000000000.0004
000000000.0004
000000000.0004
000000000.0004
000000000.0004
000000000.0004
000000000.0004
000000000.0004
000000000.0004
000000000.0004
000000000.0004
000000000.0004
000000000.0004
000000000.0004
000000000.0004
000000000.0004
000000000.0004
000000000.0004
000000000.0004
000000000.0004
000000000.0004
000000000.0004
000000000.0004
000000000.0004
000000000.0004
000000000.0004
000000000.0004
000000000.0004
000000000.0004
000000000.0004
000000000.0004
000000000.0004
000000000.0004
000000000.0004
000000000.0004
000000000.0004
000000000.0004
000000000.0004
000000000.0004
000000000.0004
000000000.0004
000000000.0004
000000000.0004
000000000.0004
000000000.0004
000000000.0004
000000000.0004
000000000.0004
000000000.0004
000000000.0004
000000000.0004
000000000.0004
000000000.0004
000000000.0004
000000000.0004
000000000.0004
000000000.0004
000000000.0004
000000000.0005
000000000.0013
000000000.0064
000000000.0292
000000000.1069
000000000.3139
000000000.7574
000000001.5336
000000002.6547
000000004.0000
000000003.0000
000000001.9921
000000001.1522
000000000.5705
000000000.2380
000000000.0828
000000000.0246
000000000.0074
000000000.0036
000000000.0030
000000000.0030
000000000.0030
000000000.0030
000000000.0030
000000000.0030
000000000.0030
000000000.0030
000000000.0030
000000000.0030
000000000.0030
000000000.0030
000000000.0030
000000000.0030
000000000.0030
000000000.0030
000000000.0030
000000000.0030
000000000.0030
000000000.0030
000000000.0030
000000000.0030
000000000.0030
000000000.0030
000000000.0030
000000000.0030
000000000.0030
000000000.0030
000000000.0030
000000000.0030
000000000.0030
000000000.0030
000000000.0030
000000000.0030
000000000.0030
000000000.0030
000000000.0030
000000000.0030
000000000.0030
000000000.0030
000000000.0030
000000000.0030
000000000.0030
000000000.0030
000000000.0030
000000000.0030
000000000.0030
000000000.0030
000000000.0030
000000000.0030
000000000.0030
000000000.0030
000000000.0030
000000000.0030
000000000.0030
000000000.0030
000000000.0030
000000000.0030
000000000.0030
000000000.0030
000000000.0030
000000000.0030
000000000.0030
000000000.0030
000000000.0030
000000000.0030
000000000.0030
000000000.0030
000000000.0030
000000000.0030
000000000.0030
000000000.0030
000000000.0030
000000000.0030
000000000.0030
000000000.0030
000000000.0030
000000000.0030
000000000.0030
000000000.0030
000000000.0030
000000000.0031
000000000.0039
000000000.0089
000000000.0318
000000000.1094
000000000.3164
000000000.7597
000000001.5355
000000002.6556
000000004.0000
000000003.0000
000000001.9965
000000001.1597
000000000.5807
000000000.2490
000000000.0942
000000000.0360
000000000.0189
000000000.0151
000000000.0145
000000000.0144
000000000.0144
000000000.0144
000000000.0144
000000000.0144
000000000.0144
000000000.0144
000000000.0144
000000000.0144
000000000.0144
000000000.0144
000000000.0144
000000000.0144
000000000.0144
000000000.0144
000000000.0144
000000000.0144
000000000.0144
000000000.0144
000000000.0144
000000000.0144
000000000.0144
000000000.0144
000000000.0144
000000000.0144
000000000.0144
000000000.0144
000000000.0144
000000000.0144
000000000.0144
000000000.0144
000000000.0144
000000000.0144
000000000.0144
000000000.0144
000000000.0144
000000000.0144
000000000.0144
000000000.0144
000000000.0144
000000000.0144
000000000.0144
000000000.0144
000000000.0144
000000000.0144
000000000.0144
000000000.0144
000000000.0144
000000000.0144
000000000.0144
000000000.0144
000000000.0144
000000000.0144
000000000.0144
000000000.0144
000000000.0144
000000000.0144
000000000.0144
000000000.0144
000000000.0144
000000000.0144
000000000.0144
000000000.0144
000000000.0144
000000000.0144
000000000.0144
000000000.0144
000000000.0144
000000000.0144
000000000.0144
000000000.0144
000000000.0144
000000000.0144
000000000.0144
000000000.0144
000000000.0144
000000000.0144
000000000.0144
000000000.0144
000000000.0144
000000000.0145
000000000.0153
000000000.0204
000000000.0432
000000000.1208
000000000.3272
000000000.7698
000000001.5426
000000002.6598
000000004.0000
000000003.0000
000000002.0093
000000001.1851
000000000.6127
000000000.2861
000000000.1324
000000000.0748
000000000.0577
000000000.0539
000000000.0533
000000000.0532
000000000.0532
000000000.0532
000000000.0532
000000000.0532
000000000.0532
000000000.0532
000000000.0532
000000000.0532
000000000.0532
000000000.0532
000000000.0532
000000000.0532
000000000.0532
000000000.0532
000000000.0532
000000000.0532
000000000.0532
000000000.0532
000000000.0532
000000000.0532
000000000.0532
000000000.0532
000000000.0532
000000000.0532
000000000.0532
000000000.0532
000000000.0532
000000000.0532
000000000.0532
000000000.0532
000000000.0532
000000000.0532
000000000.0532
000000000.0532
000000000.0532
000000000.0532
000000000.0532
000000000.0532
000000000.0532
000000000.0532
000000000.0532
000000000.0532
000000000.0532
000000000.0532
000000000.0532
000000000.0532
000000000.0532
000000000.0532
000000000.0532
000000000.0532
000000000.0532
000000000.0532
000000000.0532
000000000.0532
000000000.0532
000000000.0532
000000000.0532
000000000.0532
000000000.0532
000000000.0532
000000000.0532
000000000.0532
000000000.0532
000000000.0532
000000000.0532
000000000.0532
000000000.0532
000000000.0532
000000000.0532
000000000.0532
000000000.0532
000000000.0532
000000000.0532
000000000.0532
000000000.0532
000000000.0532
000000000.0532
000000000.0532
000000000.0532
000000000.0533
000000000.0541
000000000.0592
000000000.0820
000000000.1589
000000000.3641
000000000.8008
000000001.5667
000000002.6712
000000004.0000
000000003.0000
000000002.0424
000000001.2455
000000000.6976
000000000.3814
000000000.2342
000000000.1778
000000000.1612
000000000.1574
000000000.1568
000000000.1567
000000000.1567
000000000.1567
000000000.1567
000000000.1567
000000000.1567
000000000.1567
000000000.1567
000000000.1567
000000000.1567
000000000.1567
000000000.1567
000000000.1567
000000000.1567
000000000.1567
000000000.1567
000000000.1567
000000000.1567
000000000.1567
000000000.1567
000000000.1567
000000000.1567
000000000.1567
000000000.1567
000000000.1567
000000000.1567
000000000.1567
000000000.1567
000000000.1567
000000000.1567
000000000.1567
000000000.1567
000000000.1567
000000000.1567
000000000.1567
000000000.1567
000000000.1567
000000000.1567
000000000.1567
000000000.1567
000000000.1567
000000000.1567
000000000.1567
000000000.1567
000000000.1567
000000000.1567
000000000.1567
000000000.1567
000000000.1567
000000000.1567
000000000.1567
000000000.1567
000000000.1567
000000000.1567
000000000.1567
000000000.1567
000000000.1567
000000000.1567
000000000.1567
000000000.1567
000000000.1567
000000000.1567
000000000.1567
000000000.1567
000000000.1567
000000000.1567
000000000.1567
000000000.1567
000000000.1567
000000000.1567
000000000.1567
000000000.1567
000000000.1567
000000000.1567
000000000.1567
000000000.1567
000000000.1567
000000000.1567
000000000.1567
000000000.1567
000000000.1568
000000000.1576
000000000.1627
000000000.1849
000000000.2603
000000000.4576
000000000.8823
000000001.6213
000000002.6996
000000004.0000
000000003.0000
000000002.1014
000000001.3704
000000000.8676
000000000.5844
000000000.4490
000000000.3984
000000000.3827
000000000.3792
000000000.3786
000000000.3785
000000000.3785
000000000.3785
000000000.3785
000000000.3785
000000000.3785
000000000.3785
000000000.3785
000000000.3785
000000000.3785
000000000.3785
000000000.3785
000000000.3785
000000000.3785
000000000.3785
000000000.3785
000000000.3785
000000000.3785
000000000.3785
000000000.3785
000000000.3785
000000000.3785
000000000.3785
000000000.3785
000000000.3785
000000000.3785
000000000.3785
000000000.3785
000000000.3785
000000000.3785
000000000.3785
000000000.3785
000000000.3785
000000000.3785
000000000.3785
000000000.3785
000000000.3785
000000000.3785
000000000.3785
000000000.3785
000000000.3785
000000000.3785
000000000.3785
000000000.3785
000000000.3785
000000000.3785
000000000.3785
000000000.3785
000000000.3785
000000000.3785
000000000.3785
000000000.3785
000000000.3785
000000000.3785
000000000.3785
000000000.3785
000000000.3785
000000000.3785
000000000.3785
000000000.3785
000000000.3785
000000000.3785
000000000.3785
000000000.3785
000000000.3785
000000000.3785
000000000.3785
000000000.3785
000000000.3785
000000000.3785
000000000.3785
000000000.3785
000000000.3785
000000000.3785
000000000.3785
000000000.3785
000000000.3785
000000000.3785
000000000.3785
000000000.3785
000000000.3786
000000000.3794
000000000.3841
000000000.4051
000000000.4733
000000000.6561
000000001.0411
000000001.7294
000000002.7421
000000004.0000
000000003.0000
000000002.1843
000000001.5615
000000001.1579
000000000.9287
000000000.8238
000000000.7824
000000000.7702
000000000.7672
000000000.7667
000000000.7666
000000000.7666
000000000.7666
000000000.7666
000000000.7666
000000000.7666
000000000.7666
000000000.7666
000000000.7666
000000000.7666
000000000.7666
000000000.7666
000000000.7666
000000000.7666
000000000.7666
000000000.7666
000000000.7666
000000000.7666
000000000.7666
000000000.7666
000000000.7666
000000000.7666
000000000.7666
000000000.7666
000000000.7666
000000000.7666
000000000.7666
000000000.7666
000000000.7666
000000000.7666
000000000.7666
000000000.7666
000000000.7666
000000000.7666
000000000.7666
000000000.7666
000000000.7666
000000000.7666
000000000.7666
000000000.7666
000000000.7666
000000000.7666
000000000.7666
000000000.7666
000000000.7666
000000000.7666
000000000.7666
000000000.7666
000000000.7666
000000000.7666
000000000.7666
000000000.7666
000000000.7666
000000000.7666
000000000.7666
000000000.7666
000000000.7666
000000000.7666
000000000.7666
000000000.7666
000000000.7666
000000000.7666
000000000.7666
000000000.7666
000000000.7666
000000000.7666
000000000.7666
000000000.7666
000000000.7666
000000000.7666
000000000.7666
000000000.7666
000000000.7666
000000000.7666
000000000.7666
000000000.7666
000000000.7666
000000000.7666
000000000.7666
000000000.7666
000000000.7667
000000000.7674
000000000.7714
000000000.7879
000000000.8441
000000000.9877
000000001.3045
000000001.8738
000000002.7758
000000004.0000
000000003.0000
000000002.2224
000000001.7979
000000001.5504
000000001.4206
000000001.3592
000000001.3366
000000001.3292
000000001.3276
000000001.3273
000000001.3273
000000001.3272
000000001.3272
000000001.3272
000000001.3272
000000001.3272
000000001.3272
000000001.3272
000000001.3272
000000001.3272
000000001.3272
000000001.3272
000000001.3272
000000001.3272
000000001.3272
000000001.3272
000000001.3272
000000001.3272
000000001.3272
000000001.3272
000000001.3272
000000001.3272
000000001.3272
000000001.3272
000000001.3272
000000001.3272
000000001.3272
000000001.3272
000000001.3272
000000001.3272
000000001.3272
000000001.3272
000000001.3272
000000001.3272
000000001.3272
000000001.3272
000000001.3272
000000001.3272
000000001.3272
000000001.3272
000000001.3272
000000001.3272
000000001.3272
000000001.3272
000000001.3272
000000001.3272
000000001.3272
000000001.3272
000000001.3272
000000001.3272
000000001.3272
000000001.3272
000000001.3272
000000001.3272
000000001.3272
000000001.3272
000000001.3272
000000001.3272
000000001.3272
000000001.3272
000000001.3272
000000001.3272
000000001.3272
000000001.3272
000000001.3272
000000001.3272
000000001.3272
000000001.3272
000000001.3272
000000001.3272
000000001.3272
000000001.3272
000000001.3272
000000001.3272
000000001.3272
000000001.3272
000000001.3272
000000001.3272
000000001.3272
000000001.3273
000000001.3273
000000001.3277
000000001.3299
000000001.3399
000000001.3710
000000001.4560
000000001.6400
000000002.0029
000000002.6669
000000004.0000
000000002.0000
000000002.0000
000000002.0000
000000002.0000
000000002.0000
000000002.0000
000000002.0000
000000002.0000
000000002.0000
000000002.0000
000000002.0000
000000002.0000
000000002.0000
000000002.0000
000000002.0000
000000002.0000
000000002.0000
000000002.0000
000000002.0000
000000002.0000
000000002.0000
000000002.0000
000000002.0000
000000002.0000
000000002.0000
000000002.0000
000000002.0000
000000002.0000
000000002.0000
000000002.0000
000000002.0000
000000002.0000
000000002.0000
000000002.0000
000000002.0000
000000002.0000
000000002.0000
000000002.0000
000000002.0000
000000002.0000
000000002.0000
000000002.0000
000000002.0000
000000002.0000
000000002.0000
000000002.0000
000000002.0000
000000002.0000
000000002.0000
000000002.0000
000000002.0000
000000002.0000
000000002.0000
000000002.0000
000000002.0000
000000002.0000
000000002.0000
000000002.0000
000000002.0000
000000002.0000
000000002.0000
000000002.0000
000000002.0000
000000002.0000
000000002.0000
000000002.0000
000000002.0000
000000002.0000
000000002.0000
000000002.0000
000000002.0000
000000002.0000
000000002.0000
000000002.0000
000000002.0000
000000002.0000
000000002.0000
000000002.0000
000000002.0000
000000002.0000
000000002.0000
000000002.0000
000000002.0000
000000002.0000
000000002.0000
000000002.0000
000000002.0000
000000002.0000
000000002.0000
000000002.0000
000000002.0000
000000002.0000
000000002.0000
000000002.0000
000000002.0000
000000002.0000
000000002.0000
000000002.0000
000000002.0000
000000002.0000
