000000001.0000
000000001.0000
000000001.0000
000000001.0000
000000001.0000
000000001.0000
000000001.0000
000000001.0000
000000001.0000
000000001.0000
000000001.0000
000000001.0000
000000001.0000
000000001.0000
000000001.0000
000000001.0000
000000001.0000
000000001.0000
000000001.0000
000000001.0000
000000001.0000
000000001.0000
000000001.0000
000000001.0000
000000001.0000
000000001.0000
000000001.0000
000000001.0000
000000001.0000
000000001.0000
000000001.0000
000000001.0000
000000001.0000
000000001.0000
000000001.0000
000000001.0000
000000001.0000
000000001.0000
000000001.0000
000000001.0000
000000001.0000
000000001.0000
000000001.0000
000000001.0000
000000001.0000
000000001.0000
000000001.0000
000000001.0000
000000001.0000
000000001.0000
000000001.0000
000000001.0000
000000001.0000
000000001.0000
000000001.0000
000000001.0000
000000001.0000
000000001.0000
000000001.0000
000000001.0000
000000001.0000
000000001.0000
000000001.0000
000000001.0000
000000001.0000
000000001.0000
000000001.0000
000000001.0000
000000001.0000
000000001.0000
000000001.0000
000000001.0000
000000001.0000
000000001.0000
000000001.0000
000000001.0000
000000001.0000
000000001.0000
000000001.0000
000000001.0000
000000001.0000
000000001.0000
000000001.0000
000000001.0000
000000001.0000
000000001.0000
000000001.0000
000000001.0000
000000001.0000
000000001.0000
000000001.0000
000000001.0000
000000001.0000
000000001.0000
000000001.0000
000000001.0000
000000001.0000
000000001.0000
000000001.0000
000000001.0000
000000003.0000
000000001.9749
000000001.5551
000000001.3459
000000001.2225
000000001.1403
000000001.0810
000000001.0361
000000001.0014
000000000.9742
000000000.9529
000000000.9363
000000000.9235
000000000.9137
000000000.9063
000000000.9008
000000000.8968
000000000.8939
000000000.8919
000000000.8905
000000000.8896
000000000.8889
000000000.8885
000000000.8883
000000000.8881
000000000.8880
000000000.8879
000000000.8879
000000000.8879
000000000.8879
000000000.8879
000000000.8879
000000000.8879
000000000.8879
000000000.8879
000000000.8879
000000000.8879
000000000.8879
000000000.8879
000000000.8879
000000000.8879
000000000.8879
000000000.8879
000000000.8879
000000000.8879
000000000.8879
000000000.8879
000000000.8879
000000000.8879
000000000.8879
000000000.8879
000000000.8879
000000000.8879
000000000.8879
000000000.8879
000000000.8879
000000000.8879
000000000.8879
000000000.8879
000000000.8879
000000000.8879
000000000.8879
000000000.8879
000000000.8879
000000000.8879
000000000.8879
000000000.8879
000000000.8879
000000000.8879
000000000.8879
000000000.8879
000000000.8879
000000000.8879
000000000.8880
000000000.8881
000000000.8882
000000000.8884
000000000.8888
000000000.8893
000000000.8902
000000000.8914
000000000.8933
000000000.8961
000000000.8999
000000000.9053
000000000.9128
000000000.9228
000000000.9362
000000000.9537
000000000.9765
000000001.0059
000000001.0436
000000001.0921
000000001.1552
000000001.2395
000000001.3577
000000001.5372
000000001.8451
000000002.4686
000000004.0000
000000003.0000
000000002.3455
000000001.9016
000000001.6088
000000001.4074
000000001.2617
000000001.1518
000000001.0668
000000001.0001
000000000.9473
000000000.9058
000000000.8733
000000000.8481
000000000.8288
000000000.8143
000000000.8035
000000000.7956
000000000.7899
000000000.7859
000000000.7832
000000000.7813
000000000.7801
000000000.7793
000000000.7787
000000000.7784
000000000.7782
000000000.7781
000000000.7780
000000000.7780
000000000.7779
000000000.7779
000000000.7779
000000000.7779
000000000.7779
000000000.7779
000000000.7779
000000000.7779
000000000.7779
000000000.7779
000000000.7779
000000000.7779
000000000.7779
000000000.7779
000000000.7779
000000000.7779
000000000.7779
000000000.7779
000000000.7779
000000000.7779
000000000.7779
000000000.7779
000000000.7779
000000000.7779
000000000.7779
000000000.7779
000000000.7779
000000000.7779
000000000.7779
000000000.7779
000000000.7779
000000000.7779
000000000.7779
000000000.7779
000000000.7779
000000000.7779
000000000.7779
000000000.7779
000000000.7779
000000000.7779
000000000.7779
000000000.7780
000000000.7780
000000000.7780
000000000.7781
000000000.7783
000000000.7786
000000000.7790
000000000.7797
000000000.7808
000000000.7825
000000000.7850
000000000.7887
000000000.7941
000000000.8017
000000000.8124
000000000.8270
000000000.8468
000000000.8731
000000000.9075
000000000.9521
000000001.0093
000000001.0822
000000001.1753
000000001.2946
000000001.4501
000000001.6584
000000001.9495
000000002.3770
000000003.0307
000000004.0000
000000003.0000
000000002.5074
000000002.1007
000000001.7856
000000001.5434
000000001.3551
000000001.2067
000000001.0885
000000000.9941
000000000.9186
000000000.8587
000000000.8116
000000000.7749
000000000.7468
000000000.7255
000000000.7097
000000000.6982
000000000.6899
000000000.6840
000000000.6800
000000000.6772
000000000.6754
000000000.6742
000000000.6734
000000000.6730
000000000.6727
000000000.6725
000000000.6724
000000000.6723
000000000.6723
000000000.6723
000000000.6723
000000000.6723
000000000.6723
000000000.6723
000000000.6723
000000000.6723
000000000.6723
000000000.6723
000000000.6723
000000000.6722
000000000.6722
000000000.6722
000000000.6722
000000000.6722
000000000.6722
000000000.6722
000000000.6722
000000000.6722
000000000.6722
000000000.6722
000000000.6722
000000000.6722
000000000.6722
000000000.6722
000000000.6722
000000000.6722
000000000.6722
000000000.6722
000000000.6722
000000000.6723
000000000.6723
000000000.6723
000000000.6723
000000000.6723
000000000.6723
000000000.6723
000000000.6723
000000000.6723
000000000.6723
000000000.6723
000000000.6724
000000000.6724
000000000.6726
000000000.6728
000000000.6732
000000000.6739
000000000.6749
000000000.6765
000000000.6789
000000000.6826
000000000.6881
000000000.6960
000000000.7072
000000000.7228
000000000.7442
000000000.7731
000000000.8114
000000000.8614
000000000.9259
000000001.0082
000000001.1124
000000001.2435
000000001.4086
000000001.6176
000000001.8850
000000002.2320
000000002.6874
000000003.2794
000000004.0000
000000003.0000
000000002.5862
000000002.2138
000000001.8975
000000001.6355
000000001.4203
000000001.2441
000000001.1000
000000000.9828
000000000.8880
000000000.8121
000000000.7520
000000000.7051
000000000.6690
000000000.6416
000000000.6212
000000000.6063
000000000.5955
000000000.5880
000000000.5827
000000000.5791
000000000.5768
000000000.5752
000000000.5742
000000000.5736
000000000.5732
000000000.5730
000000000.5729
000000000.5728
000000000.5727
000000000.5727
000000000.5727
000000000.5727
000000000.5727
000000000.5727
000000000.5727
000000000.5727
000000000.5727
000000000.5727
000000000.5727
000000000.5727
000000000.5727
000000000.5727
000000000.5727
000000000.5727
000000000.5727
000000000.5727
000000000.5727
000000000.5727
000000000.5727
000000000.5727
000000000.5727
000000000.5727
000000000.5727
000000000.5727
000000000.5727
000000000.5727
000000000.5727
000000000.5727
000000000.5727
000000000.5727
000000000.5727
000000000.5727
000000000.5727
000000000.5727
000000000.5727
000000000.5727
000000000.5727
000000000.5727
000000000.5727
000000000.5727
000000000.5728
000000000.5729
000000000.5731
000000000.5734
000000000.5739
000000000.5748
000000000.5761
000000000.5782
000000000.5814
000000000.5862
000000000.5932
000000000.6034
000000000.6179
000000000.6381
000000000.6657
000000000.7028
000000000.7518
000000000.8158
000000000.8978
000000001.0019
000000001.1323
000000001.2944
000000001.4946
000000001.7413
000000002.0444
000000002.4162
000000002.8681
000000003.4032
000000004.0000
000000003.0000
000000002.6273
000000002.2780
000000001.9654
000000001.6937
000000001.4616
000000001.2657
000000001.1020
000000000.9667
000000000.8560
000000000.7667
000000000.6954
000000000.6396
000000000.5964
000000000.5636
000000000.5391
000000000.5212
000000000.5083
000000000.4991
000000000.4928
000000000.4885
000000000.4856
000000000.4838
000000000.4826
000000000.4818
000000000.4813
000000000.4811
000000000.4809
000000000.4808
000000000.4808
000000000.4807
000000000.4807
000000000.4807
000000000.4807
000000000.4807
000000000.4807
000000000.4807
000000000.4807
000000000.4807
000000000.4807
000000000.4807
000000000.4807
000000000.4807
000000000.4807
000000000.4807
000000000.4807
000000000.4807
000000000.4807
000000000.4807
000000000.4807
000000000.4807
000000000.4807
000000000.4807
000000000.4807
000000000.4807
000000000.4807
000000000.4807
000000000.4807
000000000.4807
000000000.4807
000000000.4807
000000000.4807
000000000.4807
000000000.4807
000000000.4807
000000000.4807
000000000.4807
000000000.4807
000000000.4807
000000000.4807
000000000.4808
000000000.4808
000000000.4810
000000000.4812
000000000.4816
000000000.4822
000000000.4832
000000000.4848
000000000.4873
000000000.4912
000000000.4970
000000000.5055
000000000.5178
000000000.5352
000000000.5594
000000000.5925
000000000.6368
000000000.6954
000000000.7713
000000000.8683
000000000.9905
000000001.1422
000000001.3285
000000001.5548
000000001.8270
000000002.1513
000000002.5330
000000002.9745
000000003.4699
000000004.0000
000000003.0000
000000002.6493
000000002.3138
000000002.0047
000000001.7277
000000001.4846
000000001.2748
000000001.0965
000000000.9471
000000000.8236
000000000.7231
000000000.6427
000000000.5792
000000000.5300
000000000.4925
000000000.4645
000000000.4439
000000000.4291
000000000.4186
000000000.4113
000000000.4064
000000000.4031
000000000.4009
000000000.3995
000000000.3987
000000000.3981
000000000.3978
000000000.3976
000000000.3975
000000000.3975
000000000.3974
000000000.3974
000000000.3974
000000000.3974
000000000.3974
000000000.3974
000000000.3974
000000000.3974
000000000.3974
000000000.3974
000000000.3974
000000000.3974
000000000.3974
000000000.3974
000000000.3974
000000000.3974
000000000.3974
000000000.3974
000000000.3974
000000000.3974
000000000.3974
000000000.3974
000000000.3974
000000000.3974
000000000.3974
000000000.3974
000000000.3974
000000000.3974
000000000.3974
000000000.3974
000000000.3974
000000000.3974
000000000.3974
000000000.3974
000000000.3974
000000000.3974
000000000.3974
000000000.3974
000000000.3974
000000000.3974
000000000.3975
000000000.3976
000000000.3977
000000000.3980
000000000.3984
000000000.3991
000000000.4003
000000000.4021
000000000.4050
000000000.4095
000000000.4161
000000000.4259
000000000.4400
000000000.4600
000000000.4877
000000000.5255
000000000.5762
000000000.6427
000000000.7288
000000000.8381
000000000.9750
000000001.1436
000000001.3483
000000001.5935
000000001.8831
000000002.2200
000000002.6057
000000003.0375
000000003.5076
000000004.0000
000000003.0000
000000002.6609
000000002.3332
000000002.0259
000000001.7453
000000001.4946
000000001.2749
000000001.0856
000000000.9254
000000000.7918
000000000.6825
000000000.5944
000000000.5247
000000000.4704
000000000.4291
000000000.3980
000000000.3752
000000000.3587
000000000.3471
000000000.3390
000000000.3335
000000000.3298
000000000.3274
000000000.3258
000000000.3249
000000000.3243
000000000.3239
000000000.3237
000000000.3236
000000000.3235
000000000.3235
000000000.3234
000000000.3234
000000000.3234
000000000.3234
000000000.3234
000000000.3234
000000000.3234
000000000.3234
000000000.3234
000000000.3234
000000000.3234
000000000.3234
000000000.3234
000000000.3234
000000000.3234
000000000.3234
000000000.3234
000000000.3234
000000000.3234
000000000.3234
000000000.3234
000000000.3234
000000000.3234
000000000.3234
000000000.3234
000000000.3234
000000000.3234
000000000.3234
000000000.3234
000000000.3234
000000000.3234
000000000.3234
000000000.3234
000000000.3234
000000000.3234
000000000.3234
000000000.3234
000000000.3234
000000000.3235
000000000.3235
000000000.3236
000000000.3238
000000000.3241
000000000.3245
000000000.3253
000000000.3266
000000000.3287
000000000.3319
000000000.3369
000000000.3443
000000000.3551
000000000.3708
000000000.3930
000000000.4237
000000000.4655
000000000.5213
000000000.5946
000000000.6889
000000000.8083
000000000.9567
000000001.1384
000000001.3570
000000001.6159
000000001.9173
000000002.2623
000000002.6496
000000003.0748
000000003.5292
000000004.0000
000000003.0000
000000002.6668
000000002.3427
000000002.0360
000000001.7525
000000001.4962
000000001.2691
000000001.0716
000000000.9031
000000000.7617
000000000.6453
000000000.5512
000000000.4764
000000000.4181
000000000.3734
000000000.3399
000000000.3152
000000000.2974
000000000.2847
000000000.2759
000000000.2699
000000000.2660
000000000.2633
000000000.2617
000000000.2606
000000000.2600
000000000.2596
000000000.2593
000000000.2592
000000000.2591
000000000.2591
000000000.2591
000000000.2590
000000000.2590
000000000.2590
000000000.2590
000000000.2590
000000000.2590
000000000.2590
000000000.2590
000000000.2590
000000000.2590
000000000.2590
000000000.2590
000000000.2590
000000000.2590
000000000.2590
000000000.2590
000000000.2590
000000000.2590
000000000.2590
000000000.2590
000000000.2590
000000000.2590
000000000.2590
000000000.2590
000000000.2590
000000000.2590
000000000.2590
000000000.2590
000000000.2590
000000000.2590
000000000.2590
000000000.2590
000000000.2590
000000000.2590
000000000.2590
000000000.2591
000000000.2591
000000000.2591
000000000.2592
000000000.2593
000000000.2594
000000000.2597
000000000.2603
000000000.2611
000000000.2625
000000000.2648
000000000.2683
000000000.2737
000000000.2817
000000000.2935
000000000.3105
000000000.3344
000000000.3676
000000000.4127
000000000.4728
000000000.5514
000000000.6524
000000000.7796
000000000.9372
000000001.1288
000000001.3578
000000001.6266
000000001.9364
000000002.2868
000000002.6752
000000003.0963
000000003.5416
000000004.0000
000000003.0000
000000002.6693
000000002.3466
000000002.0393
000000001.7533
000000001.4927
000000001.2600
000000001.0564
000000000.8815
000000000.7341
000000000.6122
000000000.5133
000000000.4345
000000000.3729
000000000.3257
000000000.2901
000000000.2639
000000000.2449
000000000.2315
000000000.2221
000000000.2157
000000000.2115
000000000.2087
000000000.2069
000000000.2058
000000000.2051
000000000.2047
000000000.2044
000000000.2043
000000000.2042
000000000.2042
000000000.2041
000000000.2041
000000000.2041
000000000.2041
000000000.2041
000000000.2041
000000000.2041
000000000.2041
000000000.2041
000000000.2041
000000000.2041
000000000.2041
000000000.2041
000000000.2041
000000000.2041
000000000.2041
000000000.2041
000000000.2041
000000000.2041
000000000.2041
000000000.2041
000000000.2041
000000000.2041
000000000.2041
000000000.2041
000000000.2041
000000000.2041
000000000.2041
000000000.2041
000000000.2041
000000000.2041
000000000.2041
000000000.2041
000000000.2041
000000000.2041
000000000.2041
000000000.2041
000000000.2041
000000000.2042
000000000.2042
000000000.2043
000000000.2045
000000000.2049
000000000.2054
000000000.2063
000000000.2078
000000000.2102
000000000.2140
000000000.2197
000000000.2282
000000000.2408
000000000.2588
000000000.2843
000000000.3194
000000000.3672
000000000.4307
000000000.5136
000000000.6197
000000000.7531
000000000.9176
000000001.1169
000000001.3535
000000001.6296
000000001.9454
000000002.2998
000000002.6893
000000003.1082
000000003.5485
000000004.0000
000000003.0000
000000002.6699
000000002.3473
000000002.0389
000000001.7505
000000001.4865
000000001.2496
000000001.0412
000000000.8616
000000000.7096
000000000.5835
000000000.4809
000000000.3989
000000000.3347
000000000.2854
000000000.2483
000000000.2209
000000000.2010
000000000.1869
000000000.1771
000000000.1704
000000000.1659
000000000.1630
000000000.1611
000000000.1599
000000000.1592
000000000.1588
000000000.1585
000000000.1583
000000000.1583
000000000.1582
000000000.1582
000000000.1582
000000000.1582
000000000.1582
000000000.1582
000000000.1582
000000000.1582
000000000.1582
000000000.1582
000000000.1582
000000000.1582
000000000.1582
000000000.1582
000000000.1582
000000000.1582
000000000.1582
000000000.1582
000000000.1582
000000000.1582
000000000.1582
000000000.1582
000000000.1582
000000000.1582
000000000.1582
000000000.1582
000000000.1582
000000000.1582
000000000.1582
000000000.1582
000000000.1582
000000000.1582
000000000.1582
000000000.1582
000000000.1582
000000000.1582
000000000.1582
000000000.1582
000000000.1582
000000000.1582
000000000.1583
000000000.1584
000000000.1586
000000000.1590
000000000.1595
000000000.1605
000000000.1621
000000000.1646
000000000.1685
000000000.1745
000000000.1835
000000000.1966
000000000.2155
000000000.2421
000000000.2789
000000000.3287
000000000.3949
000000000.4811
000000000.5913
000000000.7294
000000000.8992
000000001.1040
000000001.3464
000000001.6278
000000001.9481
000000002.3055
000000002.6962
000000003.1143
000000003.5520
000000004.0000
000000003.0000
000000002.6696
000000002.3463
000000002.0365
000000001.7461
000000001.4792
000000001.2391
000000001.0272
000000000.8439
000000000.6884
000000000.5591
000000000.4537
000000000.3693
000000000.3031
000000000.2522
000000000.2138
000000000.1855
000000000.1649
000000000.1503
000000000.1401
000000000.1332
000000000.1285
000000000.1255
000000000.1236
000000000.1223
000000000.1216
000000000.1211
000000000.1209
000000000.1207
000000000.1206
000000000.1206
000000000.1205
000000000.1205
000000000.1205
000000000.1205
000000000.1205
000000000.1205
000000000.1205
000000000.1205
000000000.1205
000000000.1205
000000000.1205
000000000.1205
000000000.1205
000000000.1205
000000000.1205
000000000.1205
000000000.1205
000000000.1205
000000000.1205
000000000.1205
000000000.1205
000000000.1205
000000000.1205
000000000.1205
000000000.1205
000000000.1205
000000000.1205
000000000.1205
000000000.1205
000000000.1205
000000000.1205
000000000.1205
000000000.1205
000000000.1205
000000000.1205
000000000.1205
000000000.1205
000000000.1205
000000000.1206
000000000.1206
000000000.1208
000000000.1210
000000000.1213
000000000.1219
000000000.1229
000000000.1246
000000000.1272
000000000.1313
000000000.1375
000000000.1467
000000000.1604
000000000.1799
000000000.2074
000000000.2454
000000000.2969
000000000.3651
000000000.4539
000000000.5671
000000000.7087
000000000.8824
000000001.0915
000000001.3381
000000001.6234
000000001.9470
000000002.3069
000000002.6988
000000003.1169
000000003.5536
000000004.0000
000000003.0000
000000002.6688
000000002.3445
000000002.0334
000000001.7411
000000001.4721
000000001.2293
000000001.0148
000000000.8287
000000000.6707
000000000.5390
000000000.4314
000000000.3452
000000000.2775
000000000.2254
000000000.1861
000000000.1570
000000000.1359
000000000.1209
000000000.1104
000000000.1033
000000000.0985
000000000.0954
000000000.0934
000000000.0921
000000000.0913
000000000.0909
000000000.0906
000000000.0904
000000000.0903
000000000.0903
000000000.0903
000000000.0903
000000000.0902
000000000.0902
000000000.0902
000000000.0902
000000000.0902
000000000.0902
000000000.0902
000000000.0902
000000000.0902
000000000.0902
000000000.0902
000000000.0902
000000000.0902
000000000.0902
000000000.0902
000000000.0902
000000000.0902
000000000.0902
000000000.0902
000000000.0902
000000000.0902
000000000.0902
000000000.0902
000000000.0902
000000000.0902
000000000.0902
000000000.0902
000000000.0902
000000000.0902
000000000.0902
000000000.0902
000000000.0902
000000000.0902
000000000.0902
000000000.0903
000000000.0903
000000000.0903
000000000.0904
000000000.0905
000000000.0907
000000000.0911
000000000.0917
000000000.0927
000000000.0944
000000000.0971
000000000.1013
000000000.1077
000000000.1172
000000000.1312
000000000.1512
000000000.1795
000000000.2184
000000000.2710
000000000.3408
000000000.4315
000000000.5470
000000000.6912
000000000.8679
000000001.0800
000000001.3297
000000001.6179
000000001.9441
000000002.3059
000000002.6990
000000003.1176
000000003.5542
000000004.0000
000000003.0000
000000002.6679
000000002.3425
000000002.0301
000000001.7363
000000001.4655
000000001.2208
000000001.0042
000000000.8162
000000000.6562
000000000.5227
000000000.4135
000000000.3260
000000000.2572
000000000.2041
000000000.1641
000000000.1345
000000000.1129
000000000.0977
000000000.0870
000000000.0797
000000000.0748
000000000.0717
000000000.0696
000000000.0683
000000000.0675
000000000.0670
000000000.0668
000000000.0666
000000000.0665
000000000.0665
000000000.0664
000000000.0664
000000000.0664
000000000.0664
000000000.0664
000000000.0664
000000000.0664
000000000.0664
000000000.0664
000000000.0664
000000000.0664
000000000.0664
000000000.0664
000000000.0664
000000000.0664
000000000.0664
000000000.0664
000000000.0664
000000000.0664
000000000.0664
000000000.0664
000000000.0664
000000000.0664
000000000.0664
000000000.0664
000000000.0664
000000000.0664
000000000.0664
000000000.0664
000000000.0664
000000000.0664
000000000.0664
000000000.0664
000000000.0664
000000000.0664
000000000.0664
000000000.0664
000000000.0664
000000000.0665
000000000.0665
000000000.0667
000000000.0669
000000000.0673
000000000.0679
000000000.0690
000000000.0707
000000000.0734
000000000.0777
000000000.0842
000000000.0939
000000000.1082
000000000.1286
000000000.1573
000000000.1970
000000000.2505
000000000.3214
000000000.4135
000000000.5307
000000000.6768
000000000.8556
000000001.0700
000000001.3220
000000001.6124
000000001.9405
000000002.3038
000000002.6980
000000003.1173
000000003.5541
000000004.0000
000000003.0000
000000002.6669
000000002.3405
000000002.0271
000000001.7320
000000001.4598
000000001.2137
000000000.9956
000000000.8060
000000000.6446
000000000.5098
000000000.3995
000000000.3110
000000000.2413
000000000.1876
000000000.1471
000000000.1170
000000000.0952
000000000.0797
000000000.0689
000000000.0615
000000000.0566
000000000.0533
000000000.0513
000000000.0500
000000000.0491
000000000.0487
000000000.0484
000000000.0482
000000000.0481
000000000.0481
000000000.0480
000000000.0480
000000000.0480
000000000.0480
000000000.0480
000000000.0480
000000000.0480
000000000.0480
000000000.0480
000000000.0480
000000000.0480
000000000.0480
000000000.0480
000000000.0480
000000000.0480
000000000.0480
000000000.0480
000000000.0480
000000000.0480
000000000.0480
000000000.0480
000000000.0480
000000000.0480
000000000.0480
000000000.0480
000000000.0480
000000000.0480
000000000.0480
000000000.0480
000000000.0480
000000000.0480
000000000.0480
000000000.0480
000000000.0480
000000000.0480
000000000.0480
000000000.0480
000000000.0480
000000000.0481
000000000.0481
000000000.0483
000000000.0485
000000000.0489
000000000.0495
000000000.0506
000000000.0523
000000000.0551
000000000.0595
000000000.0660
000000000.0759
000000000.0904
000000000.1111
000000000.1402
000000000.1804
000000000.2346
000000000.3063
000000000.3994
000000000.5178
000000000.6653
000000000.8456
000000001.0616
000000001.3153
000000001.6073
000000001.9368
000000002.3013
000000002.6965
000000003.1165
000000003.5538
000000004.0000
000000003.0000
000000002.6661
000000002.3389
000000002.0245
000000001.7285
000000001.4552
000000001.2080
000000000.9887
000000000.7981
000000000.6356
000000000.4999
000000000.3887
000000000.2995
000000000.2293
000000000.1751
000000000.1342
000000000.1038
000000000.0818
000000000.0661
000000000.0552
000000000.0477
000000000.0428
000000000.0395
000000000.0374
000000000.0361
000000000.0352
000000000.0347
000000000.0345
000000000.0343
000000000.0342
000000000.0341
000000000.0341
000000000.0341
000000000.0341
000000000.0341
000000000.0341
000000000.0341
000000000.0341
000000000.0341
000000000.0341
000000000.0341
000000000.0341
000000000.0341
000000000.0341
000000000.0341
000000000.0341
000000000.0341
000000000.0341
000000000.0341
000000000.0341
000000000.0341
000000000.0341
000000000.0341
000000000.0341
000000000.0341
000000000.0341
000000000.0341
000000000.0341
000000000.0341
000000000.0341
000000000.0341
000000000.0341
000000000.0341
000000000.0341
000000000.0341
000000000.0341
000000000.0341
000000000.0341
000000000.0341
000000000.0342
000000000.0342
000000000.0344
000000000.0346
000000000.0350
000000000.0356
000000000.0367
000000000.0385
000000000.0413
000000000.0457
000000000.0523
000000000.0623
000000000.0769
000000000.0978
000000000.1272
000000000.1677
000000000.2224
000000000.2947
000000000.3885
000000000.5078
000000000.6563
000000000.8377
000000001.0549
000000001.3097
000000001.6029
000000001.9335
000000002.2990
000000002.6950
000000003.1155
000000003.5533
000000004.0000
000000003.0000
000000002.6655
000000002.3375
000000002.0224
000000001.7256
000000001.4516
000000001.2035
000000000.9834
000000000.7920
000000000.6288
000000000.4924
000000000.3806
000000000.2909
000000000.2203
000000000.1658
000000000.1246
000000000.0940
000000000.0718
000000000.0561
000000000.0450
000000000.0375
000000000.0325
000000000.0292
000000000.0271
000000000.0257
000000000.0249
000000000.0244
000000000.0241
000000000.0240
000000000.0239
000000000.0238
000000000.0238
000000000.0238
000000000.0238
000000000.0238
000000000.0238
000000000.0238
000000000.0238
000000000.0238
000000000.0238
000000000.0238
000000000.0238
000000000.0238
000000000.0238
000000000.0238
000000000.0238
000000000.0238
000000000.0238
000000000.0238
000000000.0238
000000000.0238
000000000.0238
000000000.0238
000000000.0238
000000000.0238
000000000.0238
000000000.0238
000000000.0238
000000000.0238
000000000.0238
000000000.0238
000000000.0238
000000000.0238
000000000.0238
000000000.0238
000000000.0238
000000000.0238
000000000.0238
000000000.0238
000000000.0238
000000000.0239
000000000.0240
000000000.0243
000000000.0247
000000000.0253
000000000.0264
000000000.0282
000000000.0310
000000000.0354
000000000.0421
000000000.0522
000000000.0669
000000000.0879
000000000.1175
000000000.1583
000000000.2133
000000000.2861
000000000.3804
000000000.5002
000000000.6494
000000000.8316
000000001.0496
000000001.3053
000000001.5993
000000001.9307
000000002.2969
000000002.6935
000000003.1146
000000003.5529
000000004.0000
000000003.0000
000000002.6649
000000002.3364
000000002.0208
000000001.7234
000000001.4487
000000001.2001
000000000.9795
000000000.7875
000000000.6237
000000000.4869
000000000.3747
000000000.2846
000000000.2137
000000000.1589
000000000.1175
000000000.0869
000000000.0646
000000000.0487
000000000.0377
000000000.0301
000000000.0250
000000000.0217
000000000.0196
000000000.0183
000000000.0174
000000000.0169
000000000.0166
000000000.0165
000000000.0164
000000000.0163
000000000.0163
000000000.0163
000000000.0163
000000000.0163
000000000.0163
000000000.0163
000000000.0163
000000000.0163
000000000.0163
000000000.0163
000000000.0163
000000000.0163
000000000.0163
000000000.0163
000000000.0163
000000000.0163
000000000.0163
000000000.0163
000000000.0163
000000000.0163
000000000.0163
000000000.0163
000000000.0163
000000000.0163
000000000.0163
000000000.0163
000000000.0163
000000000.0163
000000000.0163
000000000.0163
000000000.0163
000000000.0163
000000000.0163
000000000.0163
000000000.0163
000000000.0163
000000000.0163
000000000.0163
000000000.0163
000000000.0164
000000000.0165
000000000.0168
000000000.0172
000000000.0178
000000000.0189
000000000.0207
000000000.0236
000000000.0280
000000000.0347
000000000.0448
000000000.0596
000000000.0807
000000000.1105
000000000.1514
000000000.2066
000000000.2797
000000000.3744
000000000.4946
000000000.6443
000000000.8270
000000001.0456
000000001.3019
000000001.5965
000000001.9285
000000002.2952
000000002.6923
000000003.1139
000000003.5525
000000004.0000
000000003.0000
000000002.6645
000000002.3356
000000002.0195
000000001.7217
000000001.4467
000000001.1976
000000000.9765
000000000.7842
000000000.6201
000000000.4829
000000000.3704
000000000.2801
000000000.2090
000000000.1541
000000000.1125
000000000.0818
000000000.0594
000000000.0435
000000000.0324
000000000.0248
000000000.0197
000000000.0164
000000000.0143
000000000.0129
000000000.0121
000000000.0116
000000000.0113
000000000.0111
000000000.0110
000000000.0110
000000000.0110
000000000.0109
000000000.0109
000000000.0109
000000000.0109
000000000.0109
000000000.0109
000000000.0109
000000000.0109
000000000.0109
000000000.0109
000000000.0109
000000000.0109
000000000.0109
000000000.0109
000000000.0109
000000000.0109
000000000.0109
000000000.0109
000000000.0109
000000000.0109
000000000.0109
000000000.0109
000000000.0109
000000000.0109
000000000.0109
000000000.0109
000000000.0109
000000000.0109
000000000.0109
000000000.0109
000000000.0109
000000000.0109
000000000.0109
000000000.0109
000000000.0109
000000000.0109
000000000.0110
000000000.0110
000000000.0111
000000000.0112
000000000.0114
000000000.0118
000000000.0125
000000000.0136
000000000.0154
000000000.0182
000000000.0227
000000000.0295
000000000.0396
000000000.0544
000000000.0756
000000000.1054
000000000.1465
000000000.2019
000000000.2751
000000000.3700
000000000.4906
000000000.6406
000000000.8237
000000001.0426
000000001.2994
000000001.5944
000000001.9268
000000002.2939
000000002.6914
000000003.1132
000000003.5522
000000004.0000
000000003.0000
000000002.6642
000000002.3350
000000002.0186
000000001.7205
000000001.4452
000000001.1958
000000000.9745
000000000.7818
000000000.6175
000000000.4801
000000000.3674
000000000.2769
000000000.2057
000000000.1507
000000000.1091
000000000.0782
000000000.0558
000000000.0399
000000000.0287
000000000.0211
000000000.0160
000000000.0127
000000000.0106
000000000.0092
000000000.0084
000000000.0079
000000000.0076
000000000.0074
000000000.0073
000000000.0073
000000000.0072
000000000.0072
000000000.0072
000000000.0072
000000000.0072
000000000.0072
000000000.0072
000000000.0072
000000000.0072
000000000.0072
000000000.0072
000000000.0072
000000000.0072
000000000.0072
000000000.0072
000000000.0072
000000000.0072
000000000.0072
000000000.0072
000000000.0072
000000000.0072
000000000.0072
000000000.0072
000000000.0072
000000000.0072
000000000.0072
000000000.0072
000000000.0072
000000000.0072
000000000.0072
000000000.0072
000000000.0072
000000000.0072
000000000.0072
000000000.0072
000000000.0072
000000000.0072
000000000.0072
000000000.0073
000000000.0074
000000000.0075
000000000.0077
000000000.0081
000000000.0088
000000000.0099
000000000.0117
000000000.0145
000000000.0190
000000000.0258
000000000.0359
000000000.0507
000000000.0720
000000000.1019
000000000.1430
000000000.1985
000000000.2719
000000000.3670
000000000.4877
000000000.6380
000000000.8213
000000001.0405
000000001.2975
000000001.5928
000000001.9255
000000002.2929
000000002.6906
000000003.1128
000000003.5520
000000004.0000
000000003.0000
000000002.6640
000000002.3346
000000002.0180
000000001.7197
000000001.4441
000000001.1946
000000000.9730
000000000.7802
000000000.6157
000000000.4781
000000000.3654
000000000.2748
000000000.2034
000000000.1483
000000000.1067
000000000.0758
000000000.0533
000000000.0374
000000000.0262
000000000.0186
000000000.0135
000000000.0102
000000000.0080
000000000.0067
000000000.0058
000000000.0053
000000000.0050
000000000.0049
000000000.0048
000000000.0047
000000000.0047
000000000.0047
000000000.0047
000000000.0047
000000000.0047
000000000.0047
000000000.0047
000000000.0047
000000000.0047
000000000.0047
000000000.0047
000000000.0047
000000000.0047
000000000.0047
000000000.0047
000000000.0047
000000000.0047
000000000.0047
000000000.0047
000000000.0047
000000000.0047
000000000.0047
000000000.0047
000000000.0047
000000000.0047
000000000.0047
000000000.0047
000000000.0047
000000000.0047
000000000.0047
000000000.0047
000000000.0047
000000000.0047
000000000.0047
000000000.0047
000000000.0047
000000000.0047
000000000.0047
000000000.0047
000000000.0048
000000000.0049
000000000.0052
000000000.0056
000000000.0062
000000000.0073
000000000.0091
000000000.0120
000000000.0165
000000000.0233
000000000.0334
000000000.0483
000000000.0696
000000000.0995
000000000.1407
000000000.1963
000000000.2697
000000000.3649
000000000.4857
000000000.6361
000000000.8196
000000001.0390
000000001.2962
000000001.5917
000000001.9246
000000002.2922
000000002.6901
000000003.1124
000000003.5518
000000004.0000
000000003.0000
000000002.6639
000000002.3343
000000002.0176
000000001.7191
000000001.4434
000000001.1937
000000000.9720
000000000.7791
000000000.6145
000000000.4768
000000000.3640
000000000.2733
000000000.2019
000000000.1468
000000000.1050
000000000.0741
000000000.0517
000000000.0357
000000000.0245
000000000.0169
000000000.0118
000000000.0085
000000000.0063
000000000.0050
000000000.0041
000000000.0036
000000000.0033
000000000.0032
000000000.0031
000000000.0030
000000000.0030
000000000.0030
000000000.0030
000000000.0030
000000000.0030
000000000.0030
000000000.0030
000000000.0030
000000000.0030
000000000.0030
000000000.0030
000000000.0030
000000000.0030
000000000.0030
000000000.0030
000000000.0030
000000000.0030
000000000.0030
000000000.0030
000000000.0030
000000000.0030
000000000.0030
000000000.0030
000000000.0030
000000000.0030
000000000.0030
000000000.0030
000000000.0030
000000000.0030
000000000.0030
000000000.0030
000000000.0030
000000000.0030
000000000.0030
000000000.0030
000000000.0030
000000000.0030
000000000.0030
000000000.0030
000000000.0031
000000000.0032
000000000.0035
000000000.0039
000000000.0045
000000000.0056
000000000.0074
000000000.0103
000000000.0148
000000000.0216
000000000.0317
000000000.0466
000000000.0679
000000000.0979
000000000.1391
000000000.1947
000000000.2682
000000000.3635
000000000.4844
000000000.6349
000000000.8185
000000001.0380
000000001.2953
000000001.5909
000000001.9240
000000002.2917
000000002.6897
000000003.1122
000000003.5517
000000004.0000
000000003.0000
000000002.6638
000000002.3341
000000002.0173
000000001.7187
000000001.4429
000000001.1931
000000000.9714
000000000.7783
000000000.6137
000000000.4760
000000000.3631
000000000.2723
000000000.2009
000000000.1457
000000000.1040
000000000.0731
000000000.0506
000000000.0346
000000000.0234
000000000.0158
000000000.0107
000000000.0074
000000000.0052
000000000.0039
000000000.0030
000000000.0025
000000000.0022
000000000.0021
000000000.0020
000000000.0019
000000000.0019
000000000.0019
000000000.0018
000000000.0018
000000000.0018
000000000.0018
000000000.0018
000000000.0018
000000000.0018
000000000.0018
000000000.0018
000000000.0018
000000000.0018
000000000.0018
000000000.0018
000000000.0018
000000000.0018
000000000.0018
000000000.0018
000000000.0018
000000000.0018
000000000.0018
000000000.0018
000000000.0018
000000000.0018
000000000.0018
000000000.0018
000000000.0018
000000000.0018
000000000.0018
000000000.0018
000000000.0018
000000000.0018
000000000.0018
000000000.0018
000000000.0019
000000000.0019
000000000.0019
000000000.0019
000000000.0020
000000000.0021
000000000.0024
000000000.0027
000000000.0034
000000000.0045
000000000.0063
000000000.0092
000000000.0137
000000000.0205
000000000.0306
000000000.0455
000000000.0668
000000000.0968
000000000.1381
000000000.1937
000000000.2672
000000000.3625
000000000.4835
000000000.6341
000000000.8177
000000001.0373
000000001.2947
000000001.5904
000000001.9235
000000002.2913
000000002.6895
000000003.1120
000000003.5516
000000004.0000
000000003.0000
000000002.6637
000000002.3340
000000002.0171
000000001.7184
000000001.4426
000000001.1927
000000000.9709
000000000.7779
000000000.6132
000000000.4754
000000000.3625
000000000.2717
000000000.2002
000000000.1451
000000000.1033
000000000.0724
000000000.0499
000000000.0339
000000000.0227
000000000.0151
000000000.0100
000000000.0066
000000000.0045
000000000.0031
000000000.0023
000000000.0018
000000000.0015
000000000.0013
000000000.0012
000000000.0012
000000000.0012
000000000.0011
000000000.0011
000000000.0011
000000000.0011
000000000.0011
000000000.0011
000000000.0011
000000000.0011
000000000.0011
000000000.0011
000000000.0011
000000000.0011
000000000.0011
000000000.0011
000000000.0011
000000000.0011
000000000.0011
000000000.0011
000000000.0011
000000000.0011
000000000.0011
000000000.0011
000000000.0011
000000000.0011
000000000.0011
000000000.0011
000000000.0011
000000000.0011
000000000.0011
000000000.0011
000000000.0011
000000000.0011
000000000.0011
000000000.0011
000000000.0011
000000000.0011
000000000.0012
000000000.0012
000000000.0013
000000000.0014
000000000.0016
000000000.0020
000000000.0027
000000000.0038
000000000.0056
000000000.0085
000000000.0129
000000000.0198
000000000.0299
000000000.0448
000000000.0661
000000000.0961
000000000.1374
000000000.1930
000000000.2666
000000000.3619
000000000.4829
000000000.6335
000000000.8172
000000001.0369
000000001.2943
000000001.5901
000000001.9232
000000002.2911
000000002.6893
000000003.1119
000000003.5515
000000004.0000
000000003.0000
000000002.6636
000000002.3339
000000002.0169
000000001.7183
000000001.4424
000000001.1925
000000000.9707
000000000.7776
000000000.6128
000000000.4750
000000000.3621
000000000.2713
000000000.1998
000000000.1446
000000000.1029
000000000.0719
000000000.0494
000000000.0334
000000000.0223
000000000.0146
000000000.0095
000000000.0062
000000000.0040
000000000.0027
000000000.0019
000000000.0014
000000000.0011
000000000.0009
000000000.0008
000000000.0007
000000000.0007
000000000.0007
000000000.0007
000000000.0007
000000000.0007
000000000.0007
000000000.0007
000000000.0007
000000000.0007
000000000.0007
000000000.0007
000000000.0007
000000000.0007
000000000.0007
000000000.0007
000000000.0007
000000000.0007
000000000.0007
000000000.0007
000000000.0007
000000000.0007
000000000.0007
000000000.0007
000000000.0007
000000000.0007
000000000.0007
000000000.0007
000000000.0007
000000000.0007
000000000.0007
000000000.0007
000000000.0007
000000000.0007
000000000.0007
000000000.0007
000000000.0007
000000000.0007
000000000.0007
000000000.0008
000000000.0008
000000000.0010
000000000.0012
000000000.0016
000000000.0022
000000000.0034
000000000.0052
000000000.0080
000000000.0125
000000000.0193
000000000.0295
000000000.0444
000000000.0657
000000000.0957
000000000.1370
000000000.1926
000000000.2662
000000000.3615
000000000.4826
000000000.6332
000000000.8169
000000001.0366
000000001.2940
000000001.5899
000000001.9230
000000002.2909
000000002.6892
000000003.1118
000000003.5515
000000004.0000
000000003.0000
000000002.6636
000000002.3338
000000002.0169
000000001.7182
000000001.4423
000000001.1924
000000000.9705
000000000.7774
000000000.6126
000000000.4748
000000000.3618
000000000.2711
000000000.1996
000000000.1444
000000000.1026
000000000.0717
000000000.0492
000000000.0332
000000000.0220
000000000.0144
000000000.0093
000000000.0059
000000000.0038
000000000.0024
000000000.0016
000000000.0011
000000000.0008
000000000.0006
000000000.0005
000000000.0005
000000000.0004
000000000.0004
000000000.0004
000000000.0004
000000000.0004
000000000.0004
000000000.0004
000000000.0004
000000000.0004
000000000.0004
000000000.0004
000000000.0004
000000000.0004
000000000.0004
000000000.0004
000000000.0004
000000000.0004
000000000.0004
000000000.0004
000000000.0004
000000000.0004
000000000.0004
000000000.0004
000000000.0004
000000000.0004
000000000.0004
000000000.0004
000000000.0004
000000000.0004
000000000.0004
000000000.0004
000000000.0004
000000000.0004
000000000.0004
000000000.0004
000000000.0004
000000000.0004
000000000.0004
000000000.0005
000000000.0005
000000000.0007
000000000.0009
000000000.0013
000000000.0020
000000000.0031
000000000.0049
000000000.0078
000000000.0122
000000000.0190
000000000.0292
000000000.0441
000000000.0654
000000000.0954
000000000.1367
000000000.1924
000000000.2660
000000000.3613
000000000.4823
000000000.6330
000000000.8167
000000001.0364
000000001.2939
000000001.5897
000000001.9229
000000002.2908
000000002.6891
000000003.1118
000000003.5515
000000004.0000
000000003.0000
000000002.6636
000000002.3338
000000002.0168
000000001.7181
000000001.4422
000000001.1923
000000000.9704
000000000.7773
000000000.6125
000000000.4747
000000000.3617
000000000.2709
000000000.1994
000000000.1442
000000000.1025
000000000.0715
000000000.0490
000000000.0330
000000000.0218
000000000.0142
000000000.0091
000000000.0057
000000000.0036
000000000.0022
000000000.0014
000000000.0009
000000000.0006
000000000.0004
000000000.0003
000000000.0003
000000000.0003
000000000.0002
000000000.0002
000000000.0002
000000000.0002
000000000.0002
000000000.0002
000000000.0002
000000000.0002
000000000.0002
000000000.0002
000000000.0002
000000000.0002
000000000.0002
000000000.0002
000000000.0002
000000000.0002
000000000.0002
000000000.0002
000000000.0002
000000000.0002
000000000.0002
000000000.0002
000000000.0002
000000000.0002
000000000.0002
000000000.0002
000000000.0002
000000000.0002
000000000.0002
000000000.0002
000000000.0002
000000000.0002
000000000.0002
000000000.0002
000000000.0002
000000000.0002
000000000.0003
000000000.0003
000000000.0004
000000000.0005
000000000.0007
000000000.0011
000000000.0018
000000000.0029
000000000.0047
000000000.0076
000000000.0121
000000000.0189
000000000.0290
000000000.0439
000000000.0653
000000000.0953
000000000.1365
000000000.1922
000000000.2658
000000000.3612
000000000.4822
000000000.6328
000000000.8166
000000001.0363
000000001.2938
000000001.5896
000000001.9229
000000002.2908
000000002.6891
000000003.1117
000000003.5515
000000004.0000
000000003.0000
000000002.6636
000000002.3338
000000002.0168
000000001.7181
000000001.4421
000000001.1922
000000000.9703
000000000.7772
000000000.6124
000000000.4746
000000000.3616
000000000.2708
000000000.1993
000000000.1441
000000000.1024
000000000.0714
000000000.0489
000000000.0329
000000000.0217
000000000.0141
000000000.0090
000000000.0056
000000000.0035
000000000.0021
000000000.0013
000000000.0008
000000000.0005
000000000.0003
000000000.0002
000000000.0002
000000000.0002
000000000.0001
000000000.0001
000000000.0001
000000000.0001
000000000.0001
000000000.0001
000000000.0001
000000000.0001
000000000.0001
000000000.0001
000000000.0001
000000000.0001
000000000.0001
000000000.0001
000000000.0001
000000000.0001
000000000.0001
000000000.0001
000000000.0001
000000000.0001
000000000.0001
000000000.0001
000000000.0001
000000000.0001
000000000.0001
000000000.0001
000000000.0001
000000000.0001
000000000.0001
000000000.0001
000000000.0001
000000000.0001
000000000.0001
000000000.0001
000000000.0001
000000000.0001
000000000.0002
000000000.0002
000000000.0003
000000000.0004
000000000.0006
000000000.0010
000000000.0017
000000000.0028
000000000.0046
000000000.0075
000000000.0120
000000000.0188
000000000.0289
000000000.0438
000000000.0652
000000000.0952
000000000.1364
000000000.1921
000000000.2657
000000000.3611
000000000.4821
000000000.6328
000000000.8165
000000001.0362
000000001.2937
000000001.5896
000000001.9228
000000002.2907
000000002.6890
000000003.1117
000000003.5515
000000004.0000
000000003.0000
000000002.6636
000000002.3338
000000002.0168
000000001.7181
000000001.4421
000000001.1922
000000000.9703
000000000.7772
000000000.6124
000000000.4746
000000000.3616
000000000.2708
000000000.1993
000000000.1441
000000000.1023
000000000.0714
000000000.0489
000000000.0328
000000000.0217
000000000.0141
000000000.0089
000000000.0056
000000000.0034
000000000.0021
000000000.0013
000000000.0008
000000000.0005
000000000.0003
000000000.0002
000000000.0001
000000000.0001
000000000.0001
000000000.0001
000000000.0001
000000000.0001
000000000.0001
000000000.0001
000000000.0001
000000000.0001
000000000.0001
000000000.0001
000000000.0001
000000000.0001
000000000.0001
000000000.0001
000000000.0001
000000000.0001
000000000.0001
000000000.0001
000000000.0001
000000000.0001
000000000.0001
000000000.0001
000000000.0001
000000000.0001
000000000.0001
000000000.0001
000000000.0001
000000000.0001
000000000.0001
000000000.0001
000000000.0001
000000000.0001
000000000.0001
000000000.0001
000000000.0001
000000000.0001
000000000.0001
000000000.0002
000000000.0002
000000000.0004
000000000.0006
000000000.0010
000000000.0016
000000000.0028
000000000.0046
000000000.0074
000000000.0119
000000000.0187
000000000.0289
000000000.0438
000000000.0651
000000000.0951
000000000.1364
000000000.1921
000000000.2657
000000000.3610
000000000.4821
000000000.6327
000000000.8165
000000001.0362
000000001.2937
000000001.5896
000000001.9228
000000002.2907
000000002.6890
000000003.1117
000000003.5515
000000004.0000
000000003.0000
000000002.6636
000000002.3338
000000002.0168
000000001.7180
000000001.4421
000000001.1922
000000000.9703
000000000.7771
000000000.6123
000000000.4745
000000000.3615
000000000.2707
000000000.1992
000000000.1440
000000000.1023
000000000.0713
000000000.0488
000000000.0328
000000000.0216
000000000.0140
000000000.0089
000000000.0056
000000000.0034
000000000.0021
000000000.0012
000000000.0007
000000000.0004
000000000.0002
000000000.0002
000000000.0001
000000000.0001
000000000.0001
000000000.0000
000000000.0000
000000000.0000
000000000.0000
000000000.0000
000000000.0000
000000000.0000
000000000.0000
000000000.0000
000000000.0000
000000000.0000
000000000.0000
000000000.0000
000000000.0000
000000000.0000
000000000.0000
000000000.0000
000000000.0000
000000000.0000
000000000.0000
000000000.0000
000000000.0000
000000000.0000
000000000.0000
000000000.0000
000000000.0000
000000000.0000
000000000.0000
000000000.0000
000000000.0000
000000000.0000
000000000.0000
000000000.0000
000000000.0000
000000000.0001
000000000.0001
000000000.0001
000000000.0002
000000000.0003
000000000.0005
000000000.0009
000000000.0016
000000000.0027
000000000.0045
000000000.0074
000000000.0119
000000000.0187
000000000.0289
000000000.0437
000000000.0651
000000000.0951
000000000.1364
000000000.1920
000000000.2656
000000000.3610
000000000.4820
000000000.6327
000000000.8164
000000001.0362
000000001.2937
000000001.5895
000000001.9228
000000002.2907
000000002.6890
000000003.1117
000000003.5514
000000004.0000
000000003.0000
000000002.6636
000000002.3338
000000002.0168
000000001.7180
000000001.4421
000000001.1921
000000000.9702
000000000.7771
000000000.6123
000000000.4745
000000000.3615
000000000.2707
000000000.1992
000000000.1440
000000000.1023
000000000.0713
000000000.0488
000000000.0328
000000000.0216
000000000.0140
000000000.0089
000000000.0055
000000000.0034
000000000.0020
000000000.0012
000000000.0007
000000000.0004
000000000.0002
000000000.0001
000000000.0001
000000000.0001
000000000.0000
000000000.0000
000000000.0000
000000000.0000
000000000.0000
000000000.0000
000000000.0000
000000000.0000
000000000.0000
000000000.0000
000000000.0000
000000000.0000
000000000.0000
000000000.0000
000000000.0000
000000000.0000
000000000.0000
000000000.0000
000000000.0000
000000000.0000
000000000.0000
000000000.0000
000000000.0000
000000000.0000
000000000.0000
000000000.0000
000000000.0000
000000000.0000
000000000.0000
000000000.0000
000000000.0000
000000000.0000
000000000.0000
000000000.0000
000000000.0000
000000000.0000
000000000.0001
000000000.0001
000000000.0002
000000000.0003
000000000.0005
000000000.0009
000000000.0016
000000000.0027
000000000.0045
000000000.0074
000000000.0118
000000000.0187
000000000.0288
000000000.0437
000000000.0651
000000000.0951
000000000.1363
000000000.1920
000000000.2656
000000000.3610
000000000.4820
000000000.6327
000000000.8164
000000001.0361
000000001.2937
000000001.5895
000000001.9228
000000002.2907
000000002.6890
000000003.1117
000000003.5514
000000004.0000
000000003.0000
000000002.6636
000000002.3338
000000002.0168
000000001.7180
000000001.4421
000000001.1921
000000000.9702
000000000.7771
000000000.6123
000000000.4745
000000000.3615
000000000.2707
000000000.1992
000000000.1440
000000000.1023
000000000.0713
000000000.0488
000000000.0328
000000000.0216
000000000.0140
000000000.0089
000000000.0055
000000000.0034
000000000.0020
000000000.0012
000000000.0007
000000000.0004
000000000.0002
000000000.0001
000000000.0001
000000000.0000
000000000.0000
000000000.0000
000000000.0000
000000000.0000
000000000.0000
000000000.0000
000000000.0000
000000000.0000
000000000.0000
000000000.0000
000000000.0000
000000000.0000
000000000.0000
000000000.0000
000000000.0000
000000000.0000
000000000.0000
000000000.0000
000000000.0000
000000000.0000
000000000.0000
000000000.0000
000000000.0000
000000000.0000
000000000.0000
000000000.0000
000000000.0000
000000000.0000
000000000.0000
000000000.0000
000000000.0000
000000000.0000
000000000.0000
000000000.0000
000000000.0000
000000000.0000
000000000.0001
000000000.0001
000000000.0002
000000000.0003
000000000.0005
000000000.0009
000000000.0016
000000000.0027
000000000.0045
000000000.0074
000000000.0118
000000000.0187
000000000.0288
000000000.0437
000000000.0651
000000000.0951
000000000.1363
000000000.1920
000000000.2656
000000000.3610
000000000.4820
000000000.6327
000000000.8164
000000001.0361
000000001.2937
000000001.5895
000000001.9228
000000002.2907
000000002.6890
000000003.1117
000000003.5514
000000004.0000
000000003.0000
000000002.6636
000000002.3338
000000002.0168
000000001.7180
000000001.4421
000000001.1921
000000000.9702
000000000.7771
000000000.6123
000000000.4745
000000000.3615
000000000.2707
000000000.1992
000000000.1440
000000000.1022
000000000.0713
000000000.0488
000000000.0328
000000000.0216
000000000.0140
000000000.0089
000000000.0055
000000000.0034
000000000.0020
000000000.0012
000000000.0007
000000000.0004
000000000.0002
000000000.0001
000000000.0001
000000000.0000
000000000.0000
000000000.0000
000000000.0000
000000000.0000
000000000.0000
000000000.0000
000000000.0000
000000000.0000
000000000.0000
000000000.0000
000000000.0000
000000000.0000
000000000.0000
000000000.0000
000000000.0000
000000000.0000
000000000.0000
000000000.0000
000000000.0000
000000000.0000
000000000.0000
000000000.0000
000000000.0000
000000000.0000
000000000.0000
000000000.0000
000000000.0000
000000000.0000
000000000.0000
000000000.0000
000000000.0000
000000000.0000
000000000.0000
000000000.0000
000000000.0000
000000000.0000
000000000.0000
000000000.0001
000000000.0002
000000000.0003
000000000.0005
000000000.0009
000000000.0016
000000000.0027
000000000.0045
000000000.0074
000000000.0118
000000000.0186
000000000.0288
000000000.0437
000000000.0651
000000000.0950
000000000.1363
000000000.1920
000000000.2656
000000000.3610
000000000.4820
000000000.6327
000000000.8164
000000001.0361
000000001.2937
000000001.5895
000000001.9228
000000002.2907
000000002.6890
000000003.1117
000000003.5514
000000004.0000
000000003.0000
000000002.6636
000000002.3338
000000002.0168
000000001.7180
000000001.4421
000000001.1921
000000000.9702
000000000.7771
000000000.6123
000000000.4745
000000000.3615
000000000.2707
000000000.1992
000000000.1440
000000000.1022
000000000.0713
000000000.0488
000000000.0328
000000000.0216
000000000.0140
000000000.0089
000000000.0055
000000000.0034
000000000.0020
000000000.0012
000000000.0007
000000000.0004
000000000.0002
000000000.0001
000000000.0001
000000000.0000
000000000.0000
000000000.0000
000000000.0000
000000000.0000
000000000.0000
000000000.0000
000000000.0000
000000000.0000
000000000.0000
000000000.0000
000000000.0000
000000000.0000
000000000.0000
000000000.0000
000000000.0000
000000000.0000
000000000.0000
000000000.0000
000000000.0000
000000000.0000
000000000.0000
000000000.0000
000000000.0000
000000000.0000
000000000.0000
000000000.0000
000000000.0000
000000000.0000
000000000.0000
000000000.0000
000000000.0000
000000000.0000
000000000.0000
000000000.0000
000000000.0000
000000000.0000
000000000.0000
000000000.0001
000000000.0002
000000000.0003
000000000.0005
000000000.0009
000000000.0016
000000000.0027
000000000.0045
000000000.0074
000000000.0118
000000000.0186
000000000.0288
000000000.0437
000000000.0651
000000000.0950
000000000.1363
000000000.1920
000000000.2656
000000000.3610
000000000.4820
000000000.6327
000000000.8164
000000001.0361
000000001.2936
000000001.5895
000000001.9228
000000002.2907
000000002.6890
000000003.1117
000000003.5514
000000004.0000
000000003.0000
000000002.6636
000000002.3338
000000002.0168
000000001.7180
000000001.4421
000000001.1921
000000000.9702
000000000.7771
000000000.6123
000000000.4745
000000000.3615
000000000.2707
000000000.1992
000000000.1440
000000000.1022
000000000.0713
000000000.0488
000000000.0328
000000000.0216
000000000.0140
000000000.0089
000000000.0055
000000000.0034
000000000.0020
000000000.0012
000000000.0007
000000000.0004
000000000.0002
000000000.0001
000000000.0001
000000000.0000
000000000.0000
000000000.0000
000000000.0000
000000000.0000
000000000.0000
000000000.0000
000000000.0000
000000000.0000
000000000.0000
000000000.0000
000000000.0000
000000000.0000
000000000.0000
000000000.0000
000000000.0000
000000000.0000
000000000.0000
000000000.0000
000000000.0000
000000000.0000
000000000.0000
000000000.0000
000000000.0000
000000000.0000
000000000.0000
000000000.0000
000000000.0000
000000000.0000
000000000.0000
000000000.0000
000000000.0000
000000000.0000
000000000.0000
000000000.0000
000000000.0000
000000000.0000
000000000.0000
000000000.0001
000000000.0002
000000000.0003
000000000.0005
000000000.0009
000000000.0016
000000000.0027
000000000.0045
000000000.0074
000000000.0118
000000000.0186
000000000.0288
000000000.0437
000000000.0651
000000000.0950
000000000.1363
000000000.1920
000000000.2656
000000000.3610
000000000.4820
000000000.6327
000000000.8164
000000001.0361
000000001.2936
000000001.5895
000000001.9228
000000002.2907
000000002.6890
000000003.1117
000000003.5514
000000004.0000
000000003.0000
000000002.6636
000000002.3338
000000002.0168
000000001.7180
000000001.4421
000000001.1921
000000000.9702
000000000.7771
000000000.6123
000000000.4745
000000000.3615
000000000.2707
000000000.1992
000000000.1440
000000000.1022
000000000.0713
000000000.0488
000000000.0328
000000000.0216
000000000.0140
000000000.0089
000000000.0055
000000000.0034
000000000.0020
000000000.0012
000000000.0007
000000000.0004
000000000.0002
000000000.0001
000000000.0001
000000000.0000
000000000.0000
000000000.0000
000000000.0000
000000000.0000
000000000.0000
000000000.0000
000000000.0000
000000000.0000
000000000.0000
000000000.0000
000000000.0000
000000000.0000
000000000.0000
000000000.0000
000000000.0000
000000000.0000
000000000.0000
000000000.0000
000000000.0000
000000000.0000
000000000.0000
000000000.0000
000000000.0000
000000000.0000
000000000.0000
000000000.0000
000000000.0000
000000000.0000
000000000.0000
000000000.0000
000000000.0000
000000000.0000
000000000.0000
000000000.0000
000000000.0000
000000000.0000
000000000.0000
000000000.0001
000000000.0002
000000000.0003
000000000.0005
000000000.0009
000000000.0016
000000000.0027
000000000.0045
000000000.0074
000000000.0118
000000000.0186
000000000.0288
000000000.0437
000000000.0651
000000000.0950
000000000.1363
000000000.1920
000000000.2656
000000000.3610
000000000.4820
000000000.6327
000000000.8164
000000001.0361
000000001.2936
000000001.5895
000000001.9228
000000002.2907
000000002.6890
000000003.1117
000000003.5514
000000004.0000
000000003.0000
000000002.6636
000000002.3338
000000002.0168
000000001.7180
000000001.4421
000000001.1921
000000000.9702
000000000.7771
000000000.6123
000000000.4745
000000000.3615
000000000.2707
000000000.1992
000000000.1440
000000000.1022
000000000.0713
000000000.0488
000000000.0328
000000000.0216
000000000.0140
000000000.0089
000000000.0055
000000000.0034
000000000.0020
000000000.0012
000000000.0007
000000000.0004
000000000.0002
000000000.0001
000000000.0001
000000000.0000
000000000.0000
000000000.0000
000000000.0000
000000000.0000
000000000.0000
000000000.0000
000000000.0000
000000000.0000
000000000.0000
000000000.0000
000000000.0000
000000000.0000
000000000.0000
000000000.0000
000000000.0000
000000000.0000
000000000.0000
000000000.0000
000000000.0000
000000000.0000
000000000.0000
000000000.0000
000000000.0000
000000000.0000
000000000.0000
000000000.0000
000000000.0000
000000000.0000
000000000.0000
000000000.0000
000000000.0000
000000000.0000
000000000.0000
000000000.0000
000000000.0000
000000000.0000
000000000.0000
000000000.0001
000000000.0002
000000000.0003
000000000.0005
000000000.0009
000000000.0016
000000000.0027
000000000.0045
000000000.0074
000000000.0118
000000000.0186
000000000.0288
000000000.0437
000000000.0651
000000000.0950
000000000.1363
000000000.1920
000000000.2656
000000000.3610
000000000.4820
000000000.6327
000000000.8164
000000001.0361
000000001.2936
000000001.5895
000000001.9228
000000002.2907
000000002.6890
000000003.1117
000000003.5514
000000004.0000
000000003.0000
000000002.6636
000000002.3338
000000002.0167
000000001.7180
000000001.4421
000000001.1921
000000000.9702
000000000.7771
000000000.6123
000000000.4745
000000000.3615
000000000.2707
000000000.1992
000000000.1440
000000000.1022
000000000.0713
000000000.0488
000000000.0328
000000000.0216
000000000.0140
000000000.0089
000000000.0055
000000000.0034
000000000.0020
000000000.0012
000000000.0007
000000000.0004
000000000.0002
000000000.0001
000000000.0001
000000000.0000
000000000.0000
000000000.0000
000000000.0000
000000000.0000
000000000.0000
000000000.0000
000000000.0000
000000000.0000
000000000.0000
000000000.0000
000000000.0000
000000000.0000
000000000.0000
000000000.0000
000000000.0000
000000000.0000
000000000.0000
000000000.0000
000000000.0000
000000000.0000
000000000.0000
000000000.0000
000000000.0000
000000000.0000
000000000.0000
000000000.0000
000000000.0000
000000000.0000
000000000.0000
000000000.0000
000000000.0000
000000000.0000
000000000.0000
000000000.0000
000000000.0000
000000000.0000
000000000.0000
000000000.0001
000000000.0002
000000000.0003
000000000.0005
000000000.0009
000000000.0016
000000000.0027
000000000.0045
000000000.0074
000000000.0118
000000000.0186
000000000.0288
000000000.0437
000000000.0651
000000000.0950
000000000.1363
000000000.1920
000000000.2656
000000000.3610
000000000.4820
000000000.6327
000000000.8164
000000001.0361
000000001.2936
000000001.5895
000000001.9228
000000002.2907
000000002.6890
000000003.1117
000000003.5514
000000004.0000
000000003.0000
000000002.6636
000000002.3338
000000002.0167
000000001.7180
000000001.4421
000000001.1921
000000000.9702
000000000.7771
000000000.6123
000000000.4745
000000000.3615
000000000.2707
000000000.1992
000000000.1440
000000000.1022
000000000.0713
000000000.0488
000000000.0328
000000000.0216
000000000.0140
000000000.0089
000000000.0055
000000000.0034
000000000.0020
000000000.0012
000000000.0007
000000000.0004
000000000.0002
000000000.0001
000000000.0001
000000000.0000
000000000.0000
000000000.0000
000000000.0000
000000000.0000
000000000.0000
000000000.0000
000000000.0000
000000000.0000
000000000.0000
000000000.0000
000000000.0000
000000000.0000
000000000.0000
000000000.0000
000000000.0000
000000000.0000
000000000.0000
000000000.0000
000000000.0000
000000000.0000
000000000.0000
000000000.0000
000000000.0000
000000000.0000
000000000.0000
000000000.0000
000000000.0000
000000000.0000
000000000.0000
000000000.0000
000000000.0000
000000000.0000
000000000.0000
000000000.0000
000000000.0000
000000000.0000
000000000.0000
000000000.0001
000000000.0002
000000000.0003
000000000.0005
000000000.0009
000000000.0016
000000000.0027
000000000.0045
000000000.0074
000000000.0118
000000000.0186
000000000.0288
000000000.0437
000000000.0651
000000000.0950
000000000.1363
000000000.1920
000000000.2656
000000000.3610
000000000.4820
000000000.6327
000000000.8164
000000001.0361
000000001.2936
000000001.5895
000000001.9228
000000002.2907
000000002.6890
000000003.1117
000000003.5514
000000004.0000
000000003.0000
000000002.6636
000000002.3338
000000002.0167
000000001.7180
000000001.4421
000000001.1921
000000000.9702
000000000.7771
000000000.6123
000000000.4745
000000000.3615
000000000.2707
000000000.1992
000000000.1440
000000000.1022
000000000.0713
000000000.0488
000000000.0328
000000000.0216
000000000.0140
000000000.0089
000000000.0055
000000000.0034
000000000.0020
000000000.0012
000000000.0007
000000000.0004
000000000.0002
000000000.0001
000000000.0001
000000000.0000
000000000.0000
000000000.0000
000000000.0000
000000000.0000
000000000.0000
000000000.0000
000000000.0000
000000000.0000
000000000.0000
000000000.0000
000000000.0000
000000000.0000
000000000.0000
000000000.0000
000000000.0000
000000000.0000
000000000.0000
000000000.0000
000000000.0000
000000000.0000
000000000.0000
000000000.0000
000000000.0000
000000000.0000
000000000.0000
000000000.0000
000000000.0000
000000000.0000
000000000.0000
000000000.0000
000000000.0000
000000000.0000
000000000.0000
000000000.0000
000000000.0000
000000000.0000
000000000.0000
000000000.0001
000000000.0002
000000000.0003
000000000.0005
000000000.0009
000000000.0016
000000000.0027
000000000.0045
000000000.0074
000000000.0118
000000000.0186
000000000.0288
000000000.0437
000000000.0651
000000000.0950
000000000.1363
000000000.1920
000000000.2656
000000000.3610
000000000.4820
000000000.6327
000000000.8164
000000001.0361
000000001.2936
000000001.5895
000000001.9228
000000002.2907
000000002.6890
000000003.1117
000000003.5514
000000004.0000
000000003.0000
000000002.6636
000000002.3338
000000002.0167
000000001.7180
000000001.4421
000000001.1921
000000000.9702
000000000.7771
000000000.6123
000000000.4745
000000000.3615
000000000.2707
000000000.1992
000000000.1440
000000000.1022
000000000.0713
000000000.0488
000000000.0328
000000000.0216
000000000.0140
000000000.0089
000000000.0055
000000000.0034
000000000.0020
000000000.0012
000000000.0007
000000000.0004
000000000.0002
000000000.0001
000000000.0001
000000000.0000
000000000.0000
000000000.0000
000000000.0000
000000000.0000
000000000.0000
000000000.0000
000000000.0000
000000000.0000
000000000.0000
000000000.0000
000000000.0000
000000000.0000
000000000.0000
000000000.0000
000000000.0000
000000000.0000
000000000.0000
000000000.0000
000000000.0000
000000000.0000
000000000.0000
000000000.0000
000000000.0000
000000000.0000
000000000.0000
000000000.0000
000000000.0000
000000000.0000
000000000.0000
000000000.0000
000000000.0000
000000000.0000
000000000.0000
000000000.0000
000000000.0000
000000000.0000
000000000.0000
000000000.0001
000000000.0002
000000000.0003
000000000.0005
000000000.0009
000000000.0016
000000000.0027
000000000.0045
000000000.0074
000000000.0118
000000000.0186
000000000.0288
000000000.0437
000000000.0651
000000000.0950
000000000.1363
000000000.1920
000000000.2656
000000000.3610
000000000.4820
000000000.6327
000000000.8164
000000001.0361
000000001.2936
000000001.5895
000000001.9228
000000002.2907
000000002.6890
000000003.1117
000000003.5514
000000004.0000
000000003.0000
000000002.6636
000000002.3338
000000002.0167
000000001.7180
000000001.4421
000000001.1921
000000000.9702
000000000.7771
000000000.6123
000000000.4745
000000000.3615
000000000.2707
000000000.1992
000000000.1440
000000000.1022
000000000.0713
000000000.0488
000000000.0328
000000000.0216
000000000.0140
000000000.0089
000000000.0055
000000000.0034
000000000.0020
000000000.0012
000000000.0007
000000000.0004
000000000.0002
000000000.0001
000000000.0001
000000000.0000
000000000.0000
000000000.0000
000000000.0000
000000000.0000
000000000.0000
000000000.0000
000000000.0000
000000000.0000
000000000.0000
000000000.0000
000000000.0000
000000000.0000
000000000.0000
000000000.0000
000000000.0000
000000000.0000
000000000.0000
000000000.0000
000000000.0000
000000000.0000
000000000.0000
000000000.0000
000000000.0000
000000000.0000
000000000.0000
000000000.0000
000000000.0000
000000000.0000
000000000.0000
000000000.0000
000000000.0000
000000000.0000
000000000.0000
000000000.0000
000000000.0000
000000000.0000
000000000.0000
000000000.0001
000000000.0002
000000000.0003
000000000.0005
000000000.0009
000000000.0016
000000000.0027
000000000.0045
000000000.0074
000000000.0118
000000000.0186
000000000.0288
000000000.0437
000000000.0651
000000000.0950
000000000.1363
000000000.1920
000000000.2656
000000000.3610
000000000.4820
000000000.6327
000000000.8164
000000001.0361
000000001.2936
000000001.5895
000000001.9228
000000002.2907
000000002.6890
000000003.1117
000000003.5514
000000004.0000
000000003.0000
000000002.6636
000000002.3338
000000002.0167
000000001.7180
000000001.4421
000000001.1921
000000000.9702
000000000.7771
000000000.6123
000000000.4745
000000000.3615
000000000.2707
000000000.1992
000000000.1440
000000000.1022
000000000.0713
000000000.0488
000000000.0328
000000000.0216
000000000.0140
000000000.0089
000000000.0055
000000000.0034
000000000.0020
000000000.0012
000000000.0007
000000000.0004
000000000.0002
000000000.0001
000000000.0001
000000000.0000
000000000.0000
000000000.0000
000000000.0000
000000000.0000
000000000.0000
000000000.0000
000000000.0000
000000000.0000
000000000.0000
000000000.0000
000000000.0000
000000000.0000
000000000.0000
000000000.0000
000000000.0000
000000000.0000
000000000.0000
000000000.0000
000000000.0000
000000000.0000
000000000.0000
000000000.0000
000000000.0000
000000000.0000
000000000.0000
000000000.0000
000000000.0000
000000000.0000
000000000.0000
000000000.0000
000000000.0000
000000000.0000
000000000.0000
000000000.0000
000000000.0000
000000000.0000
000000000.0000
000000000.0001
000000000.0002
000000000.0003
000000000.0005
000000000.0009
000000000.0016
000000000.0027
000000000.0045
000000000.0074
000000000.0118
000000000.0186
000000000.0288
000000000.0437
000000000.0651
000000000.0950
000000000.1363
000000000.1920
000000000.2656
000000000.3610
000000000.4820
000000000.6327
000000000.8164
000000001.0361
000000001.2936
000000001.5895
000000001.9228
000000002.2907
000000002.6890
000000003.1117
000000003.5514
000000004.0000
000000003.0000
000000002.6636
000000002.3338
000000002.0167
000000001.7180
000000001.4421
000000001.1921
000000000.9702
000000000.7771
000000000.6123
000000000.4745
000000000.3615
000000000.2707
000000000.1992
000000000.1440
000000000.1022
000000000.0713
000000000.0488
000000000.0328
000000000.0216
000000000.0140
000000000.0089
000000000.0055
000000000.0034
000000000.0020
000000000.0012
000000000.0007
000000000.0004
000000000.0002
000000000.0001
000000000.0001
000000000.0000
000000000.0000
000000000.0000
000000000.0000
000000000.0000
000000000.0000
000000000.0000
000000000.0000
000000000.0000
000000000.0000
000000000.0000
000000000.0000
000000000.0000
000000000.0000
000000000.0000
000000000.0000
000000000.0000
000000000.0000
000000000.0000
000000000.0000
000000000.0000
000000000.0000
000000000.0000
000000000.0000
000000000.0000
000000000.0000
000000000.0000
000000000.0000
000000000.0000
000000000.0000
000000000.0000
000000000.0000
000000000.0000
000000000.0000
000000000.0000
000000000.0000
000000000.0000
000000000.0000
000000000.0001
000000000.0002
000000000.0003
000000000.0005
000000000.0009
000000000.0016
000000000.0027
000000000.0045
000000000.0074
000000000.0118
000000000.0186
000000000.0288
000000000.0437
000000000.0651
000000000.0950
000000000.1363
000000000.1920
000000000.2656
000000000.3610
000000000.4820
000000000.6327
000000000.8164
000000001.0361
000000001.2936
000000001.5895
000000001.9228
000000002.2907
000000002.6890
000000003.1117
000000003.5514
000000004.0000
000000003.0000
000000002.6636
000000002.3338
000000002.0167
000000001.7180
000000001.4421
000000001.1921
000000000.9702
000000000.7771
000000000.6123
000000000.4745
000000000.3615
000000000.2707
000000000.1992
000000000.1440
000000000.1022
000000000.0713
000000000.0488
000000000.0328
000000000.0216
000000000.0140
000000000.0089
000000000.0055
000000000.0034
000000000.0020
000000000.0012
000000000.0007
000000000.0004
000000000.0002
000000000.0001
000000000.0001
000000000.0000
000000000.0000
000000000.0000
000000000.0000
000000000.0000
000000000.0000
000000000.0000
000000000.0000
000000000.0000
000000000.0000
000000000.0000
000000000.0000
000000000.0000
000000000.0000
000000000.0000
000000000.0000
000000000.0000
000000000.0000
000000000.0000
000000000.0000
000000000.0000
000000000.0000
000000000.0000
000000000.0000
000000000.0000
000000000.0000
000000000.0000
000000000.0000
000000000.0000
000000000.0000
000000000.0000
000000000.0000
000000000.0000
000000000.0000
000000000.0000
000000000.0000
000000000.0000
000000000.0000
000000000.0001
000000000.0002
000000000.0003
000000000.0005
000000000.0009
000000000.0016
000000000.0027
000000000.0045
000000000.0074
000000000.0118
000000000.0186
000000000.0288
000000000.0437
000000000.0651
000000000.0950
000000000.1363
000000000.1920
000000000.2656
000000000.3610
000000000.4820
000000000.6327
000000000.8164
000000001.0361
000000001.2936
000000001.5895
000000001.9228
000000002.2907
000000002.6890
000000003.1117
000000003.5514
000000004.0000
000000003.0000
000000002.6636
000000002.3338
000000002.0167
000000001.7180
000000001.4421
000000001.1921
000000000.9702
000000000.7771
000000000.6123
000000000.4745
000000000.3615
000000000.2707
000000000.1992
000000000.1440
000000000.1022
000000000.0713
000000000.0488
000000000.0328
000000000.0216
000000000.0140
000000000.0089
000000000.0055
000000000.0034
000000000.0020
000000000.0012
000000000.0007
000000000.0004
000000000.0002
000000000.0001
000000000.0001
000000000.0000
000000000.0000
000000000.0000
000000000.0000
000000000.0000
000000000.0000
000000000.0000
000000000.0000
000000000.0000
000000000.0000
000000000.0000
000000000.0000
000000000.0000
000000000.0000
000000000.0000
000000000.0000
000000000.0000
000000000.0000
000000000.0000
000000000.0000
000000000.0000
000000000.0000
000000000.0000
000000000.0000
000000000.0000
000000000.0000
000000000.0000
000000000.0000
000000000.0000
000000000.0000
000000000.0000
000000000.0000
000000000.0000
000000000.0000
000000000.0000
000000000.0000
000000000.0000
000000000.0000
000000000.0001
000000000.0002
000000000.0003
000000000.0005
000000000.0009
000000000.0016
000000000.0027
000000000.0045
000000000.0074
000000000.0118
000000000.0186
000000000.0288
000000000.0437
000000000.0651
000000000.0950
000000000.1363
000000000.1920
000000000.2656
000000000.3610
000000000.4820
000000000.6327
000000000.8164
000000001.0361
000000001.2936
000000001.5895
000000001.9228
000000002.2907
000000002.6890
000000003.1117
000000003.5514
000000004.0000
000000003.0000
000000002.6636
000000002.3338
000000002.0167
000000001.7180
000000001.4421
000000001.1921
000000000.9702
000000000.7771
000000000.6123
000000000.4745
000000000.3615
000000000.2707
000000000.1992
000000000.1440
000000000.1022
000000000.0713
000000000.0488
000000000.0328
000000000.0216
000000000.0140
000000000.0089
000000000.0055
000000000.0034
000000000.0020
000000000.0012
000000000.0007
000000000.0004
000000000.0002
000000000.0001
000000000.0001
000000000.0000
000000000.0000
000000000.0000
000000000.0000
000000000.0000
000000000.0000
000000000.0000
000000000.0000
000000000.0000
000000000.0000
000000000.0000
000000000.0000
000000000.0000
000000000.0000
000000000.0000
000000000.0000
000000000.0000
000000000.0000
000000000.0000
000000000.0000
000000000.0000
000000000.0000
000000000.0000
000000000.0000
000000000.0000
000000000.0000
000000000.0000
000000000.0000
000000000.0000
000000000.0000
000000000.0000
000000000.0000
000000000.0000
000000000.0000
000000000.0000
000000000.0000
000000000.0000
000000000.0000
000000000.0001
000000000.0002
000000000.0003
000000000.0005
000000000.0009
000000000.0016
000000000.0027
000000000.0045
000000000.0074
000000000.0118
000000000.0186
000000000.0288
000000000.0437
000000000.0651
000000000.0950
000000000.1363
000000000.1920
000000000.2656
000000000.3610
000000000.4820
000000000.6327
000000000.8164
000000001.0361
000000001.2936
000000001.5895
000000001.9228
000000002.2907
000000002.6890
000000003.1117
000000003.5514
000000004.0000
000000003.0000
000000002.6636
000000002.3338
000000002.0167
000000001.7180
000000001.4421
000000001.1921
000000000.9702
000000000.7771
000000000.6123
000000000.4745
000000000.3615
000000000.2707
000000000.1992
000000000.1440
000000000.1022
000000000.0713
000000000.0488
000000000.0328
000000000.0216
000000000.0140
000000000.0089
000000000.0055
000000000.0034
000000000.0020
000000000.0012
000000000.0007
000000000.0004
000000000.0002
000000000.0001
000000000.0001
000000000.0000
000000000.0000
000000000.0000
000000000.0000
000000000.0000
000000000.0000
000000000.0000
000000000.0000
000000000.0000
000000000.0000
000000000.0000
000000000.0000
000000000.0000
000000000.0000
000000000.0000
000000000.0000
000000000.0000
000000000.0000
000000000.0000
000000000.0000
000000000.0000
000000000.0000
000000000.0000
000000000.0000
000000000.0000
000000000.0000
000000000.0000
000000000.0000
000000000.0000
000000000.0000
000000000.0000
000000000.0000
000000000.0000
000000000.0000
000000000.0000
000000000.0000
000000000.0000
000000000.0000
000000000.0001
000000000.0002
000000000.0003
000000000.0005
000000000.0009
000000000.0016
000000000.0027
000000000.0045
000000000.0074
000000000.0118
000000000.0186
000000000.0288
000000000.0437
000000000.0651
000000000.0950
000000000.1363
000000000.1920
000000000.2656
000000000.3610
000000000.4820
000000000.6327
000000000.8164
000000001.0361
000000001.2936
000000001.5895
000000001.9228
000000002.2907
000000002.6890
000000003.1117
000000003.5514
000000004.0000
000000003.0000
000000002.6636
000000002.3338
000000002.0167
000000001.7180
000000001.4421
000000001.1921
000000000.9702
000000000.7771
000000000.6123
000000000.4745
000000000.3615
000000000.2707
000000000.1992
000000000.1440
000000000.1022
000000000.0713
000000000.0488
000000000.0328
000000000.0216
000000000.0140
000000000.0089
000000000.0055
000000000.0034
000000000.0020
000000000.0012
000000000.0007
000000000.0004
000000000.0002
000000000.0001
000000000.0001
000000000.0000
000000000.0000
000000000.0000
000000000.0000
000000000.0000
000000000.0000
000000000.0000
000000000.0000
000000000.0000
000000000.0000
000000000.0000
000000000.0000
000000000.0000
000000000.0000
000000000.0000
000000000.0000
000000000.0000
000000000.0000
000000000.0000
000000000.0000
000000000.0000
000000000.0000
000000000.0000
000000000.0000
000000000.0000
000000000.0000
000000000.0000
000000000.0000
000000000.0000
000000000.0000
000000000.0000
000000000.0000
000000000.0000
000000000.0000
000000000.0000
000000000.0000
000000000.0000
000000000.0000
000000000.0001
000000000.0002
000000000.0003
000000000.0005
000000000.0009
000000000.0016
000000000.0027
000000000.0045
000000000.0074
000000000.0118
000000000.0186
000000000.0288
000000000.0437
000000000.0651
000000000.0950
000000000.1363
000000000.1920
000000000.2656
000000000.3610
000000000.4820
000000000.6327
000000000.8164
000000001.0361
000000001.2936
000000001.5895
000000001.9228
000000002.2907
000000002.6890
000000003.1117
000000003.5514
000000004.0000
000000003.0000
000000002.6636
000000002.3338
000000002.0167
000000001.7180
000000001.4421
000000001.1921
000000000.9702
000000000.7771
000000000.6123
000000000.4745
000000000.3615
000000000.2707
000000000.1992
000000000.1440
000000000.1022
000000000.0713
000000000.0488
000000000.0328
000000000.0216
000000000.0140
000000000.0089
000000000.0055
000000000.0034
000000000.0020
000000000.0012
000000000.0007
000000000.0004
000000000.0002
000000000.0001
000000000.0001
000000000.0000
000000000.0000
000000000.0000
000000000.0000
000000000.0000
000000000.0000
000000000.0000
000000000.0000
000000000.0000
000000000.0000
000000000.0000
000000000.0000
000000000.0000
000000000.0000
000000000.0000
000000000.0000
000000000.0000
000000000.0000
000000000.0000
000000000.0000
000000000.0000
000000000.0000
000000000.0000
000000000.0000
000000000.0000
000000000.0000
000000000.0000
000000000.0000
000000000.0000
000000000.0000
000000000.0000
000000000.0000
000000000.0000
000000000.0000
000000000.0000
000000000.0000
000000000.0000
000000000.0000
000000000.0001
000000000.0002
000000000.0003
000000000.0005
000000000.0009
000000000.0016
000000000.0027
000000000.0045
000000000.0074
000000000.0118
000000000.0186
000000000.0288
000000000.0437
000000000.0651
000000000.0950
000000000.1363
000000000.1920
000000000.2656
000000000.3610
000000000.4820
000000000.6327
000000000.8164
000000001.0361
000000001.2936
000000001.5895
000000001.9228
000000002.2907
000000002.6890
000000003.1117
000000003.5514
000000004.0000
000000003.0000
000000002.6636
000000002.3338
000000002.0167
000000001.7180
000000001.4421
000000001.1921
000000000.9702
000000000.7771
000000000.6123
000000000.4745
000000000.3615
000000000.2707
000000000.1992
000000000.1440
000000000.1022
000000000.0713
000000000.0488
000000000.0328
000000000.0216
000000000.0140
000000000.0089
000000000.0055
000000000.0034
000000000.0020
000000000.0012
000000000.0007
000000000.0004
000000000.0002
000000000.0001
000000000.0001
000000000.0000
000000000.0000
000000000.0000
000000000.0000
000000000.0000
000000000.0000
000000000.0000
000000000.0000
000000000.0000
000000000.0000
000000000.0000
000000000.0000
000000000.0000
000000000.0000
000000000.0000
000000000.0000
000000000.0000
000000000.0000
000000000.0000
000000000.0000
000000000.0000
000000000.0000
000000000.0000
000000000.0000
000000000.0000
000000000.0000
000000000.0000
000000000.0000
000000000.0000
000000000.0000
000000000.0000
000000000.0000
000000000.0000
000000000.0000
000000000.0000
000000000.0000
000000000.0000
000000000.0000
000000000.0001
000000000.0002
000000000.0003
000000000.0005
000000000.0009
000000000.0016
000000000.0027
000000000.0045
000000000.0074
000000000.0118
000000000.0186
000000000.0288
000000000.0437
000000000.0651
000000000.0950
000000000.1363
000000000.1920
000000000.2656
000000000.3610
000000000.4820
000000000.6327
000000000.8164
000000001.0361
000000001.2936
000000001.5895
000000001.9228
000000002.2907
000000002.6890
000000003.1117
000000003.5514
000000004.0000
000000003.0000
000000002.6636
000000002.3338
000000002.0167
000000001.7180
000000001.4421
000000001.1921
000000000.9702
000000000.7771
000000000.6123
000000000.4745
000000000.3615
000000000.2707
000000000.1992
000000000.1440
000000000.1022
000000000.0713
000000000.0488
000000000.0328
000000000.0216
000000000.0140
000000000.0089
000000000.0055
000000000.0034
000000000.0020
000000000.0012
000000000.0007
000000000.0004
000000000.0002
000000000.0001
000000000.0001
000000000.0000
000000000.0000
000000000.0000
000000000.0000
000000000.0000
000000000.0000
000000000.0000
000000000.0000
000000000.0000
000000000.0000
000000000.0000
000000000.0000
000000000.0000
000000000.0000
000000000.0000
000000000.0000
000000000.0000
000000000.0000
000000000.0000
000000000.0000
000000000.0000
000000000.0000
000000000.0000
000000000.0000
000000000.0000
000000000.0000
000000000.0000
000000000.0000
000000000.0000
000000000.0000
000000000.0000
000000000.0000
000000000.0000
000000000.0000
000000000.0000
000000000.0000
000000000.0000
000000000.0000
000000000.0001
000000000.0002
000000000.0003
000000000.0005
000000000.0009
000000000.0016
000000000.0027
000000000.0045
000000000.0074
000000000.0118
000000000.0186
000000000.0288
000000000.0437
000000000.0651
000000000.0950
000000000.1363
000000000.1920
000000000.2656
000000000.3610
000000000.4820
000000000.6327
000000000.8164
000000001.0361
000000001.2936
000000001.5895
000000001.9228
000000002.2907
000000002.6890
000000003.1117
000000003.5514
000000004.0000
000000003.0000
000000002.6636
000000002.3338
000000002.0167
000000001.7180
000000001.4421
000000001.1921
000000000.9702
000000000.7771
000000000.6123
000000000.4745
000000000.3615
000000000.2707
000000000.1992
000000000.1440
000000000.1022
000000000.0713
000000000.0488
000000000.0328
000000000.0216
000000000.0140
000000000.0089
000000000.0055
000000000.0034
000000000.0020
000000000.0012
000000000.0007
000000000.0004
000000000.0002
000000000.0001
000000000.0001
000000000.0000
000000000.0000
000000000.0000
000000000.0000
000000000.0000
000000000.0000
000000000.0000
000000000.0000
000000000.0000
000000000.0000
000000000.0000
000000000.0000
000000000.0000
000000000.0000
000000000.0000
000000000.0000
000000000.0000
000000000.0000
000000000.0000
000000000.0000
000000000.0000
000000000.0000
000000000.0000
000000000.0000
000000000.0000
000000000.0000
000000000.0000
000000000.0000
000000000.0000
000000000.0000
000000000.0000
000000000.0000
000000000.0000
000000000.0000
000000000.0000
000000000.0000
000000000.0000
000000000.0000
000000000.0001
000000000.0002
000000000.0003
000000000.0005
000000000.0009
000000000.0016
000000000.0027
000000000.0045
000000000.0074
000000000.0118
000000000.0186
000000000.0288
000000000.0437
000000000.0651
000000000.0950
000000000.1363
000000000.1920
000000000.2656
000000000.3610
000000000.4820
000000000.6327
000000000.8164
000000001.0361
000000001.2936
000000001.5895
000000001.9228
000000002.2907
000000002.6890
000000003.1117
000000003.5514
000000004.0000
000000003.0000
000000002.6636
000000002.3338
000000002.0167
000000001.7180
000000001.4421
000000001.1921
000000000.9702
000000000.7771
000000000.6123
000000000.4745
000000000.3615
000000000.2707
000000000.1992
000000000.1440
000000000.1022
000000000.0713
000000000.0488
000000000.0328
000000000.0216
000000000.0140
000000000.0089
000000000.0055
000000000.0034
000000000.0020
000000000.0012
000000000.0007
000000000.0004
000000000.0002
000000000.0001
000000000.0001
000000000.0000
000000000.0000
000000000.0000
000000000.0000
000000000.0000
000000000.0000
000000000.0000
000000000.0000
000000000.0000
000000000.0000
000000000.0000
000000000.0000
000000000.0000
000000000.0000
000000000.0000
000000000.0000
000000000.0000
000000000.0000
000000000.0000
000000000.0000
000000000.0000
000000000.0000
000000000.0000
000000000.0000
000000000.0000
000000000.0000
000000000.0000
000000000.0000
000000000.0000
000000000.0000
000000000.0000
000000000.0000
000000000.0000
000000000.0000
000000000.0000
000000000.0000
000000000.0000
000000000.0000
000000000.0001
000000000.0002
000000000.0003
000000000.0005
000000000.0009
000000000.0016
000000000.0027
000000000.0045
000000000.0074
000000000.0118
000000000.0186
000000000.0288
000000000.0437
000000000.0651
000000000.0950
000000000.1363
000000000.1920
000000000.2656
000000000.3610
000000000.4820
000000000.6327
000000000.8164
000000001.0361
000000001.2936
000000001.5895
000000001.9228
000000002.2907
000000002.6890
000000003.1117
000000003.5514
000000004.0000
000000003.0000
000000002.6636
000000002.3338
000000002.0167
000000001.7180
000000001.4421
000000001.1921
000000000.9702
000000000.7771
000000000.6123
000000000.4745
000000000.3615
000000000.2707
000000000.1992
000000000.1440
000000000.1022
000000000.0713
000000000.0488
000000000.0328
000000000.0216
000000000.0140
000000000.0089
000000000.0055
000000000.0034
000000000.0020
000000000.0012
000000000.0007
000000000.0004
000000000.0002
000000000.0001
000000000.0001
000000000.0000
000000000.0000
000000000.0000
000000000.0000
000000000.0000
000000000.0000
000000000.0000
000000000.0000
000000000.0000
000000000.0000
000000000.0000
000000000.0000
000000000.0000
000000000.0000
000000000.0000
000000000.0000
000000000.0000
000000000.0000
000000000.0000
000000000.0000
000000000.0000
000000000.0000
000000000.0000
000000000.0000
000000000.0000
000000000.0000
000000000.0000
000000000.0000
000000000.0000
000000000.0000
000000000.0000
000000000.0000
000000000.0000
000000000.0000
000000000.0000
000000000.0000
000000000.0000
000000000.0000
000000000.0001
000000000.0002
000000000.0003
000000000.0005
000000000.0009
000000000.0016
000000000.0027
000000000.0045
000000000.0074
000000000.0118
000000000.0186
000000000.0288
000000000.0437
000000000.0651
000000000.0950
000000000.1363
000000000.1920
000000000.2656
000000000.3610
000000000.4820
000000000.6327
000000000.8164
000000001.0361
000000001.2936
000000001.5895
000000001.9228
000000002.2907
000000002.6890
000000003.1117
000000003.5514
000000004.0000
000000003.0000
000000002.6636
000000002.3338
000000002.0167
000000001.7180
000000001.4421
000000001.1921
000000000.9702
000000000.7771
000000000.6123
000000000.4745
000000000.3615
000000000.2707
000000000.1992
000000000.1440
000000000.1022
000000000.0713
000000000.0488
000000000.0328
000000000.0216
000000000.0140
000000000.0089
000000000.0055
000000000.0034
000000000.0020
000000000.0012
000000000.0007
000000000.0004
000000000.0002
000000000.0001
000000000.0001
000000000.0000
000000000.0000
000000000.0000
000000000.0000
000000000.0000
000000000.0000
000000000.0000
000000000.0000
000000000.0000
000000000.0000
000000000.0000
000000000.0000
000000000.0000
000000000.0000
000000000.0000
000000000.0000
000000000.0000
000000000.0000
000000000.0000
000000000.0000
000000000.0000
000000000.0000
000000000.0000
000000000.0000
000000000.0000
000000000.0000
000000000.0000
000000000.0000
000000000.0000
000000000.0000
000000000.0000
000000000.0000
000000000.0000
000000000.0000
000000000.0000
000000000.0000
000000000.0000
000000000.0000
000000000.0001
000000000.0002
000000000.0003
000000000.0005
000000000.0009
000000000.0016
000000000.0027
000000000.0045
000000000.0074
000000000.0118
000000000.0186
000000000.0288
000000000.0437
000000000.0651
000000000.0950
000000000.1363
000000000.1920
000000000.2656
000000000.3610
000000000.4820
000000000.6327
000000000.8164
000000001.0361
000000001.2936
000000001.5895
000000001.9228
000000002.2907
000000002.6890
000000003.1117
000000003.5514
000000004.0000
000000003.0000
000000002.6636
000000002.3338
000000002.0167
000000001.7180
000000001.4421
000000001.1921
000000000.9702
000000000.7771
000000000.6123
000000000.4745
000000000.3615
000000000.2707
000000000.1992
000000000.1440
000000000.1022
000000000.0713
000000000.0488
000000000.0328
000000000.0216
000000000.0140
000000000.0089
000000000.0055
000000000.0034
000000000.0020
000000000.0012
000000000.0007
000000000.0004
000000000.0002
000000000.0001
000000000.0001
000000000.0000
000000000.0000
000000000.0000
000000000.0000
000000000.0000
000000000.0000
000000000.0000
000000000.0000
000000000.0000
000000000.0000
000000000.0000
000000000.0000
000000000.0000
000000000.0000
000000000.0000
000000000.0000
000000000.0000
000000000.0000
000000000.0000
000000000.0000
000000000.0000
000000000.0000
000000000.0000
000000000.0000
000000000.0000
000000000.0000
000000000.0000
000000000.0000
000000000.0000
000000000.0000
000000000.0000
000000000.0000
000000000.0000
000000000.0000
000000000.0000
000000000.0000
000000000.0000
000000000.0000
000000000.0001
000000000.0002
000000000.0003
000000000.0005
000000000.0009
000000000.0016
000000000.0027
000000000.0045
000000000.0074
000000000.0118
000000000.0186
000000000.0288
000000000.0437
000000000.0651
000000000.0950
000000000.1363
000000000.1920
000000000.2656
000000000.3610
000000000.4820
000000000.6327
000000000.8164
000000001.0361
000000001.2936
000000001.5895
000000001.9228
000000002.2907
000000002.6890
000000003.1117
000000003.5514
000000004.0000
000000003.0000
000000002.6636
000000002.3338
000000002.0167
000000001.7180
000000001.4421
000000001.1921
000000000.9702
000000000.7771
000000000.6123
000000000.4745
000000000.3615
000000000.2707
000000000.1992
000000000.1440
000000000.1022
000000000.0713
000000000.0488
000000000.0328
000000000.0216
000000000.0140
000000000.0089
000000000.0055
000000000.0034
000000000.0020
000000000.0012
000000000.0007
000000000.0004
000000000.0002
000000000.0001
000000000.0001
000000000.0000
000000000.0000
000000000.0000
000000000.0000
000000000.0000
000000000.0000
000000000.0000
000000000.0000
000000000.0000
000000000.0000
000000000.0000
000000000.0000
000000000.0000
000000000.0000
000000000.0000
000000000.0000
000000000.0000
000000000.0000
000000000.0000
000000000.0000
000000000.0000
000000000.0000
000000000.0000
000000000.0000
000000000.0000
000000000.0000
000000000.0000
000000000.0000
000000000.0000
000000000.0000
000000000.0000
000000000.0000
000000000.0000
000000000.0000
000000000.0000
000000000.0000
000000000.0000
000000000.0000
000000000.0001
000000000.0002
000000000.0003
000000000.0005
000000000.0009
000000000.0016
000000000.0027
000000000.0045
000000000.0074
000000000.0118
000000000.0186
000000000.0288
000000000.0437
000000000.0651
000000000.0950
000000000.1363
000000000.1920
000000000.2656
000000000.3610
000000000.4820
000000000.6327
000000000.8164
000000001.0361
000000001.2936
000000001.5895
000000001.9228
000000002.2907
000000002.6890
000000003.1117
000000003.5514
000000004.0000
000000003.0000
000000002.6636
000000002.3338
000000002.0167
000000001.7180
000000001.4421
000000001.1921
000000000.9702
000000000.7771
000000000.6123
000000000.4745
000000000.3615
000000000.2707
000000000.1992
000000000.1440
000000000.1022
000000000.0713
000000000.0488
000000000.0328
000000000.0216
000000000.0140
000000000.0089
000000000.0055
000000000.0034
000000000.0020
000000000.0012
000000000.0007
000000000.0004
000000000.0002
000000000.0001
000000000.0001
000000000.0000
000000000.0000
000000000.0000
000000000.0000
000000000.0000
000000000.0000
000000000.0000
000000000.0000
000000000.0000
000000000.0000
000000000.0000
000000000.0000
000000000.0000
000000000.0000
000000000.0000
000000000.0000
000000000.0000
000000000.0000
000000000.0000
000000000.0000
000000000.0000
000000000.0000
000000000.0000
000000000.0000
000000000.0000
000000000.0000
000000000.0000
000000000.0000
000000000.0000
000000000.0000
000000000.0000
000000000.0000
000000000.0000
000000000.0000
000000000.0000
000000000.0000
000000000.0000
000000000.0000
000000000.0001
000000000.0002
000000000.0003
000000000.0005
000000000.0009
000000000.0016
000000000.0027
000000000.0045
000000000.0074
000000000.0118
000000000.0186
000000000.0288
000000000.0437
000000000.0651
000000000.0950
000000000.1363
000000000.1920
000000000.2656
000000000.3610
000000000.4820
000000000.6327
000000000.8164
000000001.0361
000000001.2936
000000001.5895
000000001.9228
000000002.2907
000000002.6890
000000003.1117
000000003.5514
000000004.0000
000000003.0000
000000002.6636
000000002.3338
000000002.0167
000000001.7180
000000001.4421
000000001.1921
000000000.9702
000000000.7771
000000000.6123
000000000.4745
000000000.3615
000000000.2707
000000000.1992
000000000.1440
000000000.1022
000000000.0713
000000000.0488
000000000.0328
000000000.0216
000000000.0140
000000000.0089
000000000.0055
000000000.0034
000000000.0020
000000000.0012
000000000.0007
000000000.0004
000000000.0002
000000000.0001
000000000.0001
000000000.0000
000000000.0000
000000000.0000
000000000.0000
000000000.0000
000000000.0000
000000000.0000
000000000.0000
000000000.0000
000000000.0000
000000000.0000
000000000.0000
000000000.0000
000000000.0000
000000000.0000
000000000.0000
000000000.0000
000000000.0000
000000000.0000
000000000.0000
000000000.0000
000000000.0000
000000000.0000
000000000.0000
000000000.0000
000000000.0000
000000000.0000
000000000.0000
000000000.0000
000000000.0000
000000000.0000
000000000.0000
000000000.0000
000000000.0000
000000000.0000
000000000.0000
000000000.0000
000000000.0000
000000000.0001
000000000.0002
000000000.0003
000000000.0005
000000000.0009
000000000.0016
000000000.0027
000000000.0045
000000000.0074
000000000.0118
000000000.0186
000000000.0288
000000000.0437
000000000.0651
000000000.0950
000000000.1363
000000000.1920
000000000.2656
000000000.3610
000000000.4820
000000000.6327
000000000.8164
000000001.0361
000000001.2936
000000001.5895
000000001.9228
000000002.2907
000000002.6890
000000003.1117
000000003.5514
000000004.0000
000000003.0000
000000002.6636
000000002.3338
000000002.0167
000000001.7180
000000001.4421
000000001.1921
000000000.9702
000000000.7771
000000000.6123
000000000.4745
000000000.3615
000000000.2707
000000000.1992
000000000.1440
000000000.1022
000000000.0713
000000000.0488
000000000.0328
000000000.0216
000000000.0140
000000000.0089
000000000.0055
000000000.0034
000000000.0020
000000000.0012
000000000.0007
000000000.0004
000000000.0002
000000000.0001
000000000.0001
000000000.0000
000000000.0000
000000000.0000
000000000.0000
000000000.0000
000000000.0000
000000000.0000
000000000.0000
000000000.0000
000000000.0000
000000000.0000
000000000.0000
000000000.0000
000000000.0000
000000000.0000
000000000.0000
000000000.0000
000000000.0000
000000000.0000
000000000.0000
000000000.0000
000000000.0000
000000000.0000
000000000.0000
000000000.0000
000000000.0000
000000000.0000
000000000.0000
000000000.0000
000000000.0000
000000000.0000
000000000.0000
000000000.0000
000000000.0000
000000000.0000
000000000.0000
000000000.0000
000000000.0000
000000000.0001
000000000.0002
000000000.0003
000000000.0005
000000000.0009
000000000.0016
000000000.0027
000000000.0045
000000000.0074
000000000.0118
000000000.0186
000000000.0288
000000000.0437
000000000.0651
000000000.0950
000000000.1363
000000000.1920
000000000.2656
000000000.3610
000000000.4820
000000000.6327
000000000.8164
000000001.0361
000000001.2936
000000001.5895
000000001.9228
000000002.2907
000000002.6890
000000003.1117
000000003.5514
000000004.0000
000000003.0000
000000002.6636
000000002.3338
000000002.0167
000000001.7180
000000001.4421
000000001.1921
000000000.9702
000000000.7771
000000000.6123
000000000.4745
000000000.3615
000000000.2707
000000000.1992
000000000.1440
000000000.1022
000000000.0713
000000000.0488
000000000.0328
000000000.0216
000000000.0140
000000000.0089
000000000.0055
000000000.0034
000000000.0020
000000000.0012
000000000.0007
000000000.0004
000000000.0002
000000000.0001
000000000.0001
000000000.0000
000000000.0000
000000000.0000
000000000.0000
000000000.0000
000000000.0000
000000000.0000
000000000.0000
000000000.0000
000000000.0000
000000000.0000
000000000.0000
000000000.0000
000000000.0000
000000000.0000
000000000.0000
000000000.0000
000000000.0000
000000000.0000
000000000.0000
000000000.0000
000000000.0000
000000000.0000
000000000.0000
000000000.0000
000000000.0000
000000000.0000
000000000.0000
000000000.0000
000000000.0000
000000000.0000
000000000.0000
000000000.0000
000000000.0000
000000000.0000
000000000.0000
000000000.0000
000000000.0000
000000000.0001
000000000.0002
000000000.0003
000000000.0005
000000000.0009
000000000.0016
000000000.0027
000000000.0045
000000000.0074
000000000.0118
000000000.0186
000000000.0288
000000000.0437
000000000.0651
000000000.0950
000000000.1363
000000000.1920
000000000.2656
000000000.3610
000000000.4820
000000000.6327
000000000.8164
000000001.0361
000000001.2936
000000001.5895
000000001.9228
000000002.2907
000000002.6890
000000003.1117
000000003.5514
000000004.0000
000000003.0000
000000002.6636
000000002.3338
000000002.0168
000000001.7180
000000001.4421
000000001.1921
000000000.9702
000000000.7771
000000000.6123
000000000.4745
000000000.3615
000000000.2707
000000000.1992
000000000.1440
000000000.1022
000000000.0713
000000000.0488
000000000.0328
000000000.0216
000000000.0140
000000000.0089
000000000.0055
000000000.0034
000000000.0020
000000000.0012
000000000.0007
000000000.0004
000000000.0002
000000000.0001
000000000.0001
000000000.0000
000000000.0000
000000000.0000
000000000.0000
000000000.0000
000000000.0000
000000000.0000
000000000.0000
000000000.0000
000000000.0000
000000000.0000
000000000.0000
000000000.0000
000000000.0000
000000000.0000
000000000.0000
000000000.0000
000000000.0000
000000000.0000
000000000.0000
000000000.0000
000000000.0000
000000000.0000
000000000.0000
000000000.0000
000000000.0000
000000000.0000
000000000.0000
000000000.0000
000000000.0000
000000000.0000
000000000.0000
000000000.0000
000000000.0000
000000000.0000
000000000.0000
000000000.0000
000000000.0000
000000000.0001
000000000.0002
000000000.0003
000000000.0005
000000000.0009
000000000.0016
000000000.0027
000000000.0045
000000000.0074
000000000.0118
000000000.0186
000000000.0288
000000000.0437
000000000.0651
000000000.0950
000000000.1363
000000000.1920
000000000.2656
000000000.3610
000000000.4820
000000000.6327
000000000.8164
000000001.0361
000000001.2936
000000001.5895
000000001.9228
000000002.2907
000000002.6890
000000003.1117
000000003.5514
000000004.0000
000000003.0000
000000002.6636
000000002.3338
000000002.0168
000000001.7180
000000001.4421
000000001.1921
000000000.9702
000000000.7771
000000000.6123
000000000.4745
000000000.3615
000000000.2707
000000000.1992
000000000.1440
000000000.1022
000000000.0713
000000000.0488
000000000.0328
000000000.0216
000000000.0140
000000000.0089
000000000.0055
000000000.0034
000000000.0020
000000000.0012
000000000.0007
000000000.0004
000000000.0002
000000000.0001
000000000.0001
000000000.0000
000000000.0000
000000000.0000
000000000.0000
000000000.0000
000000000.0000
000000000.0000
000000000.0000
000000000.0000
000000000.0000
000000000.0000
000000000.0000
000000000.0000
000000000.0000
000000000.0000
000000000.0000
000000000.0000
000000000.0000
000000000.0000
000000000.0000
000000000.0000
000000000.0000
000000000.0000
000000000.0000
000000000.0000
000000000.0000
000000000.0000
000000000.0000
000000000.0000
000000000.0000
000000000.0000
000000000.0000
000000000.0000
000000000.0000
000000000.0000
000000000.0000
000000000.0000
000000000.0000
000000000.0001
000000000.0002
000000000.0003
000000000.0005
000000000.0009
000000000.0016
000000000.0027
000000000.0045
000000000.0074
000000000.0118
000000000.0186
000000000.0288
000000000.0437
000000000.0651
000000000.0950
000000000.1363
000000000.1920
000000000.2656
000000000.3610
000000000.4820
000000000.6327
000000000.8164
000000001.0361
000000001.2936
000000001.5895
000000001.9228
000000002.2907
000000002.6890
000000003.1117
000000003.5514
000000004.0000
000000003.0000
000000002.6636
000000002.3338
000000002.0168
000000001.7180
000000001.4421
000000001.1921
000000000.9702
000000000.7771
000000000.6123
000000000.4745
000000000.3615
000000000.2707
000000000.1992
000000000.1440
000000000.1022
000000000.0713
000000000.0488
000000000.0328
000000000.0216
000000000.0140
000000000.0089
000000000.0055
000000000.0034
000000000.0020
000000000.0012
000000000.0007
000000000.0004
000000000.0002
000000000.0001
000000000.0001
000000000.0000
000000000.0000
000000000.0000
000000000.0000
000000000.0000
000000000.0000
000000000.0000
000000000.0000
000000000.0000
000000000.0000
000000000.0000
000000000.0000
000000000.0000
000000000.0000
000000000.0000
000000000.0000
000000000.0000
000000000.0000
000000000.0000
000000000.0000
000000000.0000
000000000.0000
000000000.0000
000000000.0000
000000000.0000
000000000.0000
000000000.0000
000000000.0000
000000000.0000
000000000.0000
000000000.0000
000000000.0000
000000000.0000
000000000.0000
000000000.0000
000000000.0000
000000000.0000
000000000.0000
000000000.0001
000000000.0002
000000000.0003
000000000.0005
000000000.0009
000000000.0016
000000000.0027
000000000.0045
000000000.0074
000000000.0118
000000000.0186
000000000.0288
000000000.0437
000000000.0651
000000000.0950
000000000.1363
000000000.1920
000000000.2656
000000000.3610
000000000.4820
000000000.6327
000000000.8164
000000001.0361
000000001.2936
000000001.5895
000000001.9228
000000002.2907
000000002.6890
000000003.1117
000000003.5514
000000004.0000
000000003.0000
000000002.6636
000000002.3338
000000002.0168
000000001.7180
000000001.4421
000000001.1921
000000000.9702
000000000.7771
000000000.6123
000000000.4745
000000000.3615
000000000.2707
000000000.1992
000000000.1440
000000000.1022
000000000.0713
000000000.0488
000000000.0328
000000000.0216
000000000.0140
000000000.0089
000000000.0055
000000000.0034
000000000.0020
000000000.0012
000000000.0007
000000000.0004
000000000.0002
000000000.0001
000000000.0001
000000000.0000
000000000.0000
000000000.0000
000000000.0000
000000000.0000
000000000.0000
000000000.0000
000000000.0000
000000000.0000
000000000.0000
000000000.0000
000000000.0000
000000000.0000
000000000.0000
000000000.0000
000000000.0000
000000000.0000
000000000.0000
000000000.0000
000000000.0000
000000000.0000
000000000.0000
000000000.0000
000000000.0000
000000000.0000
000000000.0000
000000000.0000
000000000.0000
000000000.0000
000000000.0000
000000000.0000
000000000.0000
000000000.0000
000000000.0000
000000000.0000
000000000.0000
000000000.0000
000000000.0000
000000000.0001
000000000.0002
000000000.0003
000000000.0005
000000000.0009
000000000.0016
000000000.0027
000000000.0045
000000000.0074
000000000.0118
000000000.0186
000000000.0288
000000000.0437
000000000.0651
000000000.0950
000000000.1363
000000000.1920
000000000.2656
000000000.3610
000000000.4820
000000000.6327
000000000.8164
000000001.0361
000000001.2936
000000001.5895
000000001.9228
000000002.2907
000000002.6890
000000003.1117
000000003.5514
000000004.0000
000000003.0000
000000002.6636
000000002.3338
000000002.0168
000000001.7180
000000001.4421
000000001.1921
000000000.9702
000000000.7771
000000000.6123
000000000.4745
000000000.3615
000000000.2707
000000000.1992
000000000.1440
000000000.1022
000000000.0713
000000000.0488
000000000.0328
000000000.0216
000000000.0140
000000000.0089
000000000.0055
000000000.0034
000000000.0020
000000000.0012
000000000.0007
000000000.0004
000000000.0002
000000000.0001
000000000.0001
000000000.0000
000000000.0000
000000000.0000
000000000.0000
000000000.0000
000000000.0000
000000000.0000
000000000.0000
000000000.0000
000000000.0000
000000000.0000
000000000.0000
000000000.0000
000000000.0000
000000000.0000
000000000.0000
000000000.0000
000000000.0000
000000000.0000
000000000.0000
000000000.0000
000000000.0000
000000000.0000
000000000.0000
000000000.0000
000000000.0000
000000000.0000
000000000.0000
000000000.0000
000000000.0000
000000000.0000
000000000.0000
000000000.0000
000000000.0000
000000000.0000
000000000.0000
000000000.0000
000000000.0000
000000000.0001
000000000.0002
000000000.0003
000000000.0005
000000000.0009
000000000.0016
000000000.0027
000000000.0045
000000000.0074
000000000.0118
000000000.0186
000000000.0288
000000000.0437
000000000.0651
000000000.0950
000000000.1363
000000000.1920
000000000.2656
000000000.3610
000000000.4820
000000000.6327
000000000.8164
000000001.0361
000000001.2937
000000001.5895
000000001.9228
000000002.2907
000000002.6890
000000003.1117
000000003.5514
000000004.0000
000000003.0000
000000002.6636
000000002.3338
000000002.0168
000000001.7180
000000001.4421
000000001.1921
000000000.9702
000000000.7771
000000000.6123
000000000.4745
000000000.3615
000000000.2707
000000000.1992
000000000.1440
000000000.1023
000000000.0713
000000000.0488
000000000.0328
000000000.0216
000000000.0140
000000000.0089
000000000.0055
000000000.0034
000000000.0020
000000000.0012
000000000.0007
000000000.0004
000000000.0002
000000000.0001
000000000.0001
000000000.0000
000000000.0000
000000000.0000
000000000.0000
000000000.0000
000000000.0000
000000000.0000
000000000.0000
000000000.0000
000000000.0000
000000000.0000
000000000.0000
000000000.0000
000000000.0000
000000000.0000
000000000.0000
000000000.0000
000000000.0000
000000000.0000
000000000.0000
000000000.0000
000000000.0000
000000000.0000
000000000.0000
000000000.0000
000000000.0000
000000000.0000
000000000.0000
000000000.0000
000000000.0000
000000000.0000
000000000.0000
000000000.0000
000000000.0000
000000000.0000
000000000.0000
000000000.0000
000000000.0001
000000000.0001
000000000.0002
000000000.0003
000000000.0005
000000000.0009
000000000.0016
000000000.0027
000000000.0045
000000000.0074
000000000.0118
000000000.0187
000000000.0288
000000000.0437
000000000.0651
000000000.0951
000000000.1363
000000000.1920
000000000.2656
000000000.3610
000000000.4820
000000000.6327
000000000.8164
000000001.0361
000000001.2937
000000001.5895
000000001.9228
000000002.2907
000000002.6890
000000003.1117
000000003.5514
000000004.0000
000000003.0000
000000002.6636
000000002.3338
000000002.0168
000000001.7180
000000001.4421
000000001.1921
000000000.9702
000000000.7771
000000000.6123
000000000.4745
000000000.3615
000000000.2707
000000000.1992
000000000.1440
000000000.1023
000000000.0713
000000000.0488
000000000.0328
000000000.0216
000000000.0140
000000000.0089
000000000.0055
000000000.0034
000000000.0020
000000000.0012
000000000.0007
000000000.0004
000000000.0002
000000000.0001
000000000.0001
000000000.0001
000000000.0000
000000000.0000
000000000.0000
000000000.0000
000000000.0000
000000000.0000
000000000.0000
000000000.0000
000000000.0000
000000000.0000
000000000.0000
000000000.0000
000000000.0000
000000000.0000
000000000.0000
000000000.0000
000000000.0000
000000000.0000
000000000.0000
000000000.0000
000000000.0000
000000000.0000
000000000.0000
000000000.0000
000000000.0000
000000000.0000
000000000.0000
000000000.0000
000000000.0000
000000000.0000
000000000.0000
000000000.0000
000000000.0000
000000000.0000
000000000.0000
000000000.0000
000000000.0001
000000000.0001
000000000.0002
000000000.0003
000000000.0005
000000000.0009
000000000.0016
000000000.0027
000000000.0045
000000000.0074
000000000.0118
000000000.0187
000000000.0288
000000000.0437
000000000.0651
000000000.0951
000000000.1363
000000000.1920
000000000.2656
000000000.3610
000000000.4820
000000000.6327
000000000.8164
000000001.0361
000000001.2937
000000001.5895
000000001.9228
000000002.2907
000000002.6890
000000003.1117
000000003.5514
000000004.0000
000000003.0000
000000002.6636
000000002.3338
000000002.0168
000000001.7180
000000001.4421
000000001.1922
000000000.9703
000000000.7771
000000000.6123
000000000.4745
000000000.3615
000000000.2708
000000000.1992
000000000.1440
000000000.1023
000000000.0713
000000000.0488
000000000.0328
000000000.0217
000000000.0140
000000000.0089
000000000.0056
000000000.0034
000000000.0021
000000000.0012
000000000.0007
000000000.0004
000000000.0003
000000000.0002
000000000.0001
000000000.0001
000000000.0001
000000000.0000
000000000.0000
000000000.0000
000000000.0000
000000000.0000
000000000.0000
000000000.0000
000000000.0000
000000000.0000
000000000.0000
000000000.0000
000000000.0000
000000000.0000
000000000.0000
000000000.0000
000000000.0000
000000000.0000
000000000.0000
000000000.0000
000000000.0000
000000000.0000
000000000.0000
000000000.0000
000000000.0000
000000000.0000
000000000.0000
000000000.0000
000000000.0000
000000000.0000
000000000.0000
000000000.0000
000000000.0000
000000000.0000
000000000.0001
000000000.0001
000000000.0001
000000000.0001
000000000.0002
000000000.0003
000000000.0006
000000000.0009
000000000.0016
000000000.0027
000000000.0045
000000000.0074
000000000.0119
000000000.0187
000000000.0289
000000000.0437
000000000.0651
000000000.0951
000000000.1364
000000000.1920
000000000.2656
000000000.3610
000000000.4820
000000000.6327
000000000.8165
000000001.0362
000000001.2937
000000001.5895
000000001.9228
000000002.2907
000000002.6890
000000003.1117
000000003.5514
000000004.0000
000000003.0000
000000002.6636
000000002.3338
000000002.0168
000000001.7181
000000001.4421
000000001.1922
000000000.9703
000000000.7772
000000000.6124
000000000.4746
000000000.3616
000000000.2708
000000000.1993
000000000.1441
000000000.1023
000000000.0714
000000000.0489
000000000.0329
000000000.0217
000000000.0141
000000000.0089
000000000.0056
000000000.0034
000000000.0021
000000000.0013
000000000.0008
000000000.0005
000000000.0003
000000000.0002
000000000.0001
000000000.0001
000000000.0001
000000000.0001
000000000.0001
000000000.0001
000000000.0001
000000000.0001
000000000.0001
000000000.0001
000000000.0001
000000000.0001
000000000.0001
000000000.0001
000000000.0001
000000000.0001
000000000.0001
000000000.0001
000000000.0001
000000000.0001
000000000.0001
000000000.0001
000000000.0001
000000000.0001
000000000.0001
000000000.0001
000000000.0001
000000000.0001
000000000.0001
000000000.0001
000000000.0001
000000000.0001
000000000.0001
000000000.0001
000000000.0001
000000000.0001
000000000.0001
000000000.0001
000000000.0001
000000000.0002
000000000.0002
000000000.0004
000000000.0006
000000000.0010
000000000.0017
000000000.0028
000000000.0046
000000000.0074
000000000.0119
000000000.0187
000000000.0289
000000000.0438
000000000.0651
000000000.0951
000000000.1364
000000000.1921
000000000.2657
000000000.3610
000000000.4821
000000000.6327
000000000.8165
000000001.0362
000000001.2937
000000001.5896
000000001.9228
000000002.2907
000000002.6890
000000003.1117
000000003.5515
000000004.0000
000000003.0000
000000002.6636
000000002.3338
000000002.0168
000000001.7181
000000001.4421
000000001.1922
000000000.9703
000000000.7772
000000000.6124
000000000.4746
000000000.3616
000000000.2708
000000000.1993
000000000.1441
000000000.1024
000000000.0714
000000000.0489
000000000.0329
000000000.0218
000000000.0141
000000000.0090
000000000.0057
000000000.0035
000000000.0022
000000000.0013
000000000.0008
000000000.0005
000000000.0004
000000000.0003
000000000.0002
000000000.0002
000000000.0002
000000000.0001
000000000.0001
000000000.0001
000000000.0001
000000000.0001
000000000.0001
000000000.0001
000000000.0001
000000000.0001
000000000.0001
000000000.0001
000000000.0001
000000000.0001
000000000.0001
000000000.0001
000000000.0001
000000000.0001
000000000.0001
000000000.0001
000000000.0001
000000000.0001
000000000.0001
000000000.0001
000000000.0001
000000000.0001
000000000.0001
000000000.0001
000000000.0001
000000000.0001
000000000.0001
000000000.0001
000000000.0001
000000000.0001
000000000.0002
000000000.0002
000000000.0002
000000000.0002
000000000.0003
000000000.0004
000000000.0007
000000000.0010
000000000.0017
000000000.0028
000000000.0046
000000000.0075
000000000.0120
000000000.0188
000000000.0290
000000000.0438
000000000.0652
000000000.0952
000000000.1365
000000000.1921
000000000.2657
000000000.3611
000000000.4821
000000000.6328
000000000.8165
000000001.0362
000000001.2937
000000001.5896
000000001.9228
000000002.2908
000000002.6890
000000003.1117
000000003.5515
000000004.0000
000000003.0000
000000002.6636
000000002.3338
000000002.0168
000000001.7181
000000001.4422
000000001.1923
000000000.9704
000000000.7773
000000000.6125
000000000.4747
000000000.3617
000000000.2709
000000000.1994
000000000.1442
000000000.1025
000000000.0715
000000000.0490
000000000.0330
000000000.0219
000000000.0142
000000000.0091
000000000.0058
000000000.0036
000000000.0023
000000000.0014
000000000.0009
000000000.0006
000000000.0005
000000000.0004
000000000.0003
000000000.0003
000000000.0003
000000000.0003
000000000.0003
000000000.0003
000000000.0003
000000000.0003
000000000.0003
000000000.0003
000000000.0003
000000000.0003
000000000.0003
000000000.0003
000000000.0003
000000000.0003
000000000.0003
000000000.0003
000000000.0003
000000000.0003
000000000.0003
000000000.0003
000000000.0003
000000000.0003
000000000.0003
000000000.0003
000000000.0003
000000000.0003
000000000.0003
000000000.0003
000000000.0003
000000000.0003
000000000.0003
000000000.0003
000000000.0003
000000000.0003
000000000.0003
000000000.0003
000000000.0003
000000000.0003
000000000.0004
000000000.0005
000000000.0008
000000000.0012
000000000.0018
000000000.0029
000000000.0047
000000000.0076
000000000.0121
000000000.0189
000000000.0291
000000000.0440
000000000.0653
000000000.0953
000000000.1366
000000000.1922
000000000.2658
000000000.3612
000000000.4822
000000000.6329
000000000.8166
000000001.0363
000000001.2938
000000001.5897
000000001.9229
000000002.2908
000000002.6891
000000003.1117
000000003.5515
000000004.0000
000000003.0000
000000002.6636
000000002.3339
000000002.0169
000000001.7182
000000001.4423
000000001.1924
000000000.9705
000000000.7774
000000000.6127
000000000.4749
000000000.3619
000000000.2711
000000000.1996
000000000.1444
000000000.1027
000000000.0717
000000000.0492
000000000.0332
000000000.0221
000000000.0144
000000000.0093
000000000.0060
000000000.0038
000000000.0025
000000000.0016
000000000.0011
000000000.0008
000000000.0007
000000000.0006
000000000.0005
000000000.0005
000000000.0005
000000000.0005
000000000.0005
000000000.0005
000000000.0005
000000000.0005
000000000.0005
000000000.0005
000000000.0005
000000000.0005
000000000.0005
000000000.0005
000000000.0005
000000000.0005
000000000.0005
000000000.0005
000000000.0005
000000000.0005
000000000.0005
000000000.0005
000000000.0005
000000000.0005
000000000.0005
000000000.0005
000000000.0005
000000000.0005
000000000.0005
000000000.0005
000000000.0005
000000000.0005
000000000.0005
000000000.0005
000000000.0005
000000000.0005
000000000.0005
000000000.0005
000000000.0005
000000000.0005
000000000.0006
000000000.0007
000000000.0010
000000000.0014
000000000.0020
000000000.0031
000000000.0049
000000000.0078
000000000.0123
000000000.0191
000000000.0293
000000000.0442
000000000.0655
000000000.0955
000000000.1368
000000000.1924
000000000.2660
000000000.3614
000000000.4824
000000000.6330
000000000.8168
000000001.0365
000000001.2939
000000001.5898
000000001.9230
000000002.2909
000000002.6891
000000003.1118
000000003.5515
000000004.0000
000000003.0000
000000002.6637
000000002.3339
000000002.0170
000000001.7184
000000001.4425
000000001.1926
000000000.9708
000000000.7777
000000000.6129
000000000.4752
000000000.3622
000000000.2714
000000000.1999
000000000.1448
000000000.1030
000000000.0721
000000000.0496
000000000.0336
000000000.0224
000000000.0148
000000000.0097
000000000.0063
000000000.0042
000000000.0028
000000000.0020
000000000.0015
000000000.0012
000000000.0010
000000000.0009
000000000.0008
000000000.0008
000000000.0008
000000000.0008
000000000.0008
000000000.0008
000000000.0008
000000000.0008
000000000.0008
000000000.0008
000000000.0008
000000000.0008
000000000.0008
000000000.0008
000000000.0008
000000000.0008
000000000.0008
000000000.0008
000000000.0008
000000000.0008
000000000.0008
000000000.0008
000000000.0008
000000000.0008
000000000.0008
000000000.0008
000000000.0008
000000000.0008
000000000.0008
000000000.0008
000000000.0008
000000000.0008
000000000.0008
000000000.0008
000000000.0008
000000000.0008
000000000.0008
000000000.0008
000000000.0008
000000000.0009
000000000.0009
000000000.0011
000000000.0013
000000000.0017
000000000.0024
000000000.0035
000000000.0053
000000000.0081
000000000.0126
000000000.0194
000000000.0296
000000000.0445
000000000.0658
000000000.0958
000000000.1371
000000000.1928
000000000.2663
000000000.3617
000000000.4827
000000000.6333
000000000.8170
000000001.0367
000000001.2942
000000001.5900
000000001.9231
000000002.2910
000000002.6892
000000003.1119
000000003.5515
000000004.0000
000000003.0000
000000002.6637
000000002.3341
000000002.0172
000000001.7186
000000001.4428
000000001.1929
000000000.9711
000000000.7781
000000000.6134
000000000.4756
000000000.3627
000000000.2719
000000000.2005
000000000.1453
000000000.1035
000000000.0726
000000000.0501
000000000.0341
000000000.0229
000000000.0153
000000000.0102
000000000.0069
000000000.0047
000000000.0034
000000000.0025
000000000.0020
000000000.0017
000000000.0016
000000000.0015
000000000.0014
000000000.0014
000000000.0014
000000000.0014
000000000.0013
000000000.0013
000000000.0013
000000000.0013
000000000.0013
000000000.0013
000000000.0013
000000000.0013
000000000.0013
000000000.0013
000000000.0013
000000000.0013
000000000.0013
000000000.0013
000000000.0013
000000000.0013
000000000.0013
000000000.0013
000000000.0013
000000000.0013
000000000.0013
000000000.0013
000000000.0013
000000000.0013
000000000.0013
000000000.0013
000000000.0013
000000000.0013
000000000.0013
000000000.0013
000000000.0013
000000000.0013
000000000.0014
000000000.0014
000000000.0014
000000000.0014
000000000.0015
000000000.0016
000000000.0019
000000000.0023
000000000.0029
000000000.0040
000000000.0058
000000000.0087
000000000.0132
000000000.0200
000000000.0301
000000000.0450
000000000.0664
000000000.0964
000000000.1376
000000000.1933
000000000.2669
000000000.3622
000000000.4832
000000000.6338
000000000.8175
000000001.0371
000000001.2945
000000001.5903
000000001.9234
000000002.2913
000000002.6894
000000003.1120
000000003.5516
000000004.0000
000000003.0000
000000002.6638
000000002.3343
000000002.0175
000000001.7190
000000001.4432
000000001.1935
000000000.9717
000000000.7788
000000000.6141
000000000.4764
000000000.3635
000000000.2728
000000000.2013
000000000.1461
000000000.1044
000000000.0735
000000000.0510
000000000.0350
000000000.0238
000000000.0162
000000000.0111
000000000.0078
000000000.0056
000000000.0043
000000000.0034
000000000.0029
000000000.0026
000000000.0025
000000000.0024
000000000.0023
000000000.0023
000000000.0023
000000000.0023
000000000.0023
000000000.0022
000000000.0022
000000000.0022
000000000.0022
000000000.0022
000000000.0022
000000000.0022
000000000.0022
000000000.0022
000000000.0022
000000000.0022
000000000.0022
000000000.0022
000000000.0022
000000000.0022
000000000.0022
000000000.0022
000000000.0022
000000000.0022
000000000.0022
000000000.0022
000000000.0022
000000000.0022
000000000.0022
000000000.0022
000000000.0022
000000000.0022
000000000.0022
000000000.0022
000000000.0022
000000000.0023
000000000.0023
000000000.0023
000000000.0023
000000000.0023
000000000.0024
000000000.0025
000000000.0028
000000000.0032
000000000.0038
000000000.0049
000000000.0067
000000000.0096
000000000.0141
000000000.0209
000000000.0310
000000000.0459
000000000.0673
000000000.0972
000000000.1385
000000000.1941
000000000.2677
000000000.3630
000000000.4840
000000000.6345
000000000.8182
000000001.0378
000000001.2951
000000001.5908
000000001.9239
000000002.2916
000000002.6897
000000003.1122
000000003.5517
000000004.0000
000000003.0000
000000002.6640
000000002.3346
000000002.0179
000000001.7196
000000001.4439
000000001.1943
000000000.9727
000000000.7798
000000000.6152
000000000.4776
000000000.3647
000000000.2741
000000000.2026
000000000.1475
000000000.1058
000000000.0749
000000000.0524
000000000.0364
000000000.0253
000000000.0176
000000000.0125
000000000.0092
000000000.0070
000000000.0057
000000000.0049
000000000.0044
000000000.0041
000000000.0039
000000000.0038
000000000.0037
000000000.0037
000000000.0037
000000000.0037
000000000.0037
000000000.0037
000000000.0037
000000000.0037
000000000.0037
000000000.0037
000000000.0037
000000000.0037
000000000.0037
000000000.0037
000000000.0037
000000000.0037
000000000.0037
000000000.0037
000000000.0037
000000000.0037
000000000.0037
000000000.0037
000000000.0037
000000000.0037
000000000.0037
000000000.0037
000000000.0037
000000000.0037
000000000.0037
000000000.0037
000000000.0037
000000000.0037
000000000.0037
000000000.0037
000000000.0037
000000000.0037
000000000.0037
000000000.0037
000000000.0037
000000000.0038
000000000.0038
000000000.0040
000000000.0042
000000000.0046
000000000.0053
000000000.0064
000000000.0082
000000000.0110
000000000.0155
000000000.0223
000000000.0325
000000000.0473
000000000.0687
000000000.0986
000000000.1399
000000000.1955
000000000.2690
000000000.3643
000000000.4852
000000000.6357
000000000.8193
000000001.0388
000000001.2960
000000001.5916
000000001.9246
000000002.2922
000000002.6901
000000003.1124
000000003.5518
000000004.0000
000000003.0000
000000002.6642
000000002.3350
000000002.0186
000000001.7205
000000001.4451
000000001.1956
000000000.9742
000000000.7814
000000000.6170
000000000.4794
000000000.3667
000000000.2761
000000000.2047
000000000.1496
000000000.1080
000000000.0771
000000000.0546
000000000.0386
000000000.0275
000000000.0199
000000000.0148
000000000.0114
000000000.0093
000000000.0079
000000000.0071
000000000.0066
000000000.0063
000000000.0061
000000000.0060
000000000.0060
000000000.0059
000000000.0059
000000000.0059
000000000.0059
000000000.0059
000000000.0059
000000000.0059
000000000.0059
000000000.0059
000000000.0059
000000000.0059
000000000.0059
000000000.0059
000000000.0059
000000000.0059
000000000.0059
000000000.0059
000000000.0059
000000000.0059
000000000.0059
000000000.0059
000000000.0059
000000000.0059
000000000.0059
000000000.0059
000000000.0059
000000000.0059
000000000.0059
000000000.0059
000000000.0059
000000000.0059
000000000.0059
000000000.0059
000000000.0059
000000000.0059
000000000.0059
000000000.0059
000000000.0060
000000000.0060
000000000.0061
000000000.0062
000000000.0064
000000000.0068
000000000.0075
000000000.0086
000000000.0104
000000000.0133
000000000.0177
000000000.0245
000000000.0347
000000000.0495
000000000.0709
000000000.1008
000000000.1420
000000000.1976
000000000.2711
000000000.3662
000000000.4871
000000000.6375
000000000.8210
000000001.0403
000000001.2975
000000001.5929
000000001.9256
000000002.2931
000000002.6908
000000003.1129
000000003.5521
000000004.0000
000000003.0000
000000002.6646
000000002.3358
000000002.0197
000000001.7219
000000001.4468
000000001.1976
000000000.9764
000000000.7839
000000000.6196
000000000.4823
000000000.3696
000000000.2791
000000000.2079
000000000.1529
000000000.1112
000000000.0804
000000000.0580
000000000.0420
000000000.0309
000000000.0233
000000000.0182
000000000.0148
000000000.0127
000000000.0113
000000000.0105
000000000.0100
000000000.0097
000000000.0095
000000000.0094
000000000.0094
000000000.0094
000000000.0093
000000000.0093
000000000.0093
000000000.0093
000000000.0093
000000000.0093
000000000.0093
000000000.0093
000000000.0093
000000000.0093
000000000.0093
000000000.0093
000000000.0093
000000000.0093
000000000.0093
000000000.0093
000000000.0093
000000000.0093
000000000.0093
000000000.0093
000000000.0093
000000000.0093
000000000.0093
000000000.0093
000000000.0093
000000000.0093
000000000.0093
000000000.0093
000000000.0093
000000000.0093
000000000.0093
000000000.0093
000000000.0093
000000000.0093
000000000.0093
000000000.0093
000000000.0094
000000000.0094
000000000.0095
000000000.0096
000000000.0098
000000000.0102
000000000.0109
000000000.0120
000000000.0138
000000000.0167
000000000.0211
000000000.0279
000000000.0381
000000000.0529
000000000.0742
000000000.1041
000000000.1453
000000000.2008
000000000.2742
000000000.3693
000000000.4900
000000000.6403
000000000.8236
000000001.0427
000000001.2996
000000001.5948
000000001.9273
000000002.2944
000000002.6918
000000003.1136
000000003.5524
000000004.0000
000000003.0000
000000002.6651
000000002.3368
000000002.0213
000000001.7240
000000001.4493
000000001.2006
000000000.9798
000000000.7876
000000000.6236
000000000.4865
000000000.3741
000000000.2837
000000000.2126
000000000.1577
000000000.1161
000000000.0853
000000000.0629
000000000.0470
000000000.0359
000000000.0283
000000000.0232
000000000.0199
000000000.0178
000000000.0164
000000000.0156
000000000.0151
000000000.0148
000000000.0146
000000000.0145
000000000.0145
000000000.0144
000000000.0144
000000000.0144
000000000.0144
000000000.0144
000000000.0144
000000000.0144
000000000.0144
000000000.0144
000000000.0144
000000000.0144
000000000.0144
000000000.0144
000000000.0144
000000000.0144
000000000.0144
000000000.0144
000000000.0144
000000000.0144
000000000.0144
000000000.0144
000000000.0144
000000000.0144
000000000.0144
000000000.0144
000000000.0144
000000000.0144
000000000.0144
000000000.0144
000000000.0144
000000000.0144
000000000.0144
000000000.0144
000000000.0144
000000000.0144
000000000.0144
000000000.0144
000000000.0144
000000000.0145
000000000.0146
000000000.0147
000000000.0149
000000000.0153
000000000.0160
000000000.0171
000000000.0189
000000000.0217
000000000.0262
000000000.0330
000000000.0431
000000000.0579
000000000.0792
000000000.1090
000000000.1501
000000000.2056
000000000.2788
000000000.3738
000000000.4943
000000000.6444
000000000.8274
000000001.0463
000000001.3028
000000001.5976
000000001.9297
000000002.2963
000000002.6933
000000003.1146
000000003.5529
000000004.0000
000000003.0000
000000002.6659
000000002.3384
000000002.0236
000000001.7270
000000001.4530
000000001.2049
000000000.9846
000000000.7929
000000000.6294
000000000.4926
000000000.3805
000000000.2904
000000000.2195
000000000.1647
000000000.1233
000000000.0926
000000000.0703
000000000.0544
000000000.0433
000000000.0357
000000000.0307
000000000.0273
000000000.0252
000000000.0239
000000000.0230
000000000.0225
000000000.0222
000000000.0221
000000000.0220
000000000.0219
000000000.0219
000000000.0219
000000000.0219
000000000.0219
000000000.0219
000000000.0219
000000000.0219
000000000.0219
000000000.0219
000000000.0219
000000000.0219
000000000.0219
000000000.0219
000000000.0219
000000000.0219
000000000.0219
000000000.0219
000000000.0219
000000000.0219
000000000.0219
000000000.0219
000000000.0219
000000000.0219
000000000.0219
000000000.0219
000000000.0219
000000000.0219
000000000.0219
000000000.0219
000000000.0219
000000000.0219
000000000.0219
000000000.0219
000000000.0219
000000000.0219
000000000.0219
000000000.0219
000000000.0219
000000000.0219
000000000.0220
000000000.0221
000000000.0224
000000000.0228
000000000.0234
000000000.0245
000000000.0263
000000000.0292
000000000.0336
000000000.0404
000000000.0505
000000000.0652
000000000.0864
000000000.1162
000000000.1572
000000000.2125
000000000.2856
000000000.3803
000000000.5006
000000000.6503
000000000.8330
000000001.0514
000000001.3074
000000001.6017
000000001.9331
000000002.2992
000000002.6954
000000003.1160
000000003.5536
000000004.0000
000000003.0000
000000002.6670
000000002.3406
000000002.0269
000000001.7313
000000001.4583
000000001.2110
000000000.9915
000000000.8006
000000000.6376
000000000.5014
000000000.3897
000000000.3000
000000000.2293
000000000.1748
000000000.1335
000000000.1029
000000000.0807
000000000.0649
000000000.0539
000000000.0463
000000000.0413
000000000.0380
000000000.0359
000000000.0345
000000000.0337
000000000.0332
000000000.0329
000000000.0327
000000000.0326
000000000.0326
000000000.0326
000000000.0325
000000000.0325
000000000.0325
000000000.0325
000000000.0325
000000000.0325
000000000.0325
000000000.0325
000000000.0325
000000000.0325
000000000.0325
000000000.0325
000000000.0325
000000000.0325
000000000.0325
000000000.0325
000000000.0325
000000000.0325
000000000.0325
000000000.0325
000000000.0325
000000000.0325
000000000.0325
000000000.0325
000000000.0325
000000000.0325
000000000.0325
000000000.0325
000000000.0325
000000000.0325
000000000.0325
000000000.0325
000000000.0325
000000000.0325
000000000.0325
000000000.0325
000000000.0326
000000000.0326
000000000.0327
000000000.0328
000000000.0330
000000000.0334
000000000.0341
000000000.0352
000000000.0370
000000000.0398
000000000.0442
000000000.0510
000000000.0610
000000000.0758
000000000.0969
000000000.1265
000000000.1674
000000000.2225
000000000.2953
000000000.3897
000000000.5096
000000000.6588
000000000.8409
000000001.0587
000000001.3140
000000001.6074
000000001.9380
000000002.3031
000000002.6984
000000003.1180
000000003.5546
000000004.0000
000000003.0000
000000002.6686
000000002.3437
000000002.0314
000000001.7372
000000001.4656
000000001.2195
000000001.0012
000000000.8112
000000000.6492
000000000.5137
000000000.4026
000000000.3134
000000000.2432
000000000.1889
000000000.1479
000000000.1175
000000000.0954
000000000.0797
000000000.0687
000000000.0613
000000000.0562
000000000.0529
000000000.0508
000000000.0495
000000000.0487
000000000.0482
000000000.0479
000000000.0477
000000000.0476
000000000.0476
000000000.0476
000000000.0475
000000000.0475
000000000.0475
000000000.0475
000000000.0475
000000000.0475
000000000.0475
000000000.0475
000000000.0475
000000000.0475
000000000.0475
000000000.0475
000000000.0475
000000000.0475
000000000.0475
000000000.0475
000000000.0475
000000000.0475
000000000.0475
000000000.0475
000000000.0475
000000000.0475
000000000.0475
000000000.0475
000000000.0475
000000000.0475
000000000.0475
000000000.0475
000000000.0475
000000000.0475
000000000.0475
000000000.0475
000000000.0475
000000000.0475
000000000.0475
000000000.0475
000000000.0476
000000000.0476
000000000.0477
000000000.0478
000000000.0480
000000000.0484
000000000.0491
000000000.0502
000000000.0519
000000000.0548
000000000.0592
000000000.0659
000000000.0759
000000000.0905
000000000.1115
000000000.1410
000000000.1816
000000000.2365
000000000.3089
000000000.4029
000000000.5222
000000000.6707
000000000.8520
000000001.0688
000000001.3231
000000001.6154
000000001.9447
000000002.3086
000000002.7026
000000003.1208
000000003.5560
000000004.0000
000000003.0000
000000002.6707
000000002.3478
000000002.0376
000000001.7454
000000001.4755
000000001.2312
000000001.0144
000000000.8258
000000000.6650
000000000.5305
000000000.4203
000000000.3318
000000000.2621
000000000.2084
000000000.1677
000000000.1376
000000000.1157
000000000.1001
000000000.0892
000000000.0818
000000000.0768
000000000.0735
000000000.0714
000000000.0701
000000000.0693
000000000.0688
000000000.0685
000000000.0684
000000000.0683
000000000.0682
000000000.0682
000000000.0682
000000000.0682
000000000.0682
000000000.0682
000000000.0682
000000000.0682
000000000.0682
000000000.0682
000000000.0682
000000000.0682
000000000.0682
000000000.0682
000000000.0682
000000000.0682
000000000.0682
000000000.0682
000000000.0682
000000000.0682
000000000.0682
000000000.0682
000000000.0682
000000000.0682
000000000.0682
000000000.0682
000000000.0682
000000000.0682
000000000.0682
000000000.0682
000000000.0682
000000000.0682
000000000.0682
000000000.0682
000000000.0682
000000000.0682
000000000.0682
000000000.0682
000000000.0682
000000000.0682
000000000.0683
000000000.0684
000000000.0687
000000000.0690
000000000.0697
000000000.0708
000000000.0725
000000000.0753
000000000.0797
000000000.0863
000000000.0963
000000000.1108
000000000.1316
000000000.1609
000000000.2012
000000000.2557
000000000.3276
000000000.4209
000000000.5394
000000000.6869
000000000.8670
000000001.0826
000000001.3354
000000001.6261
000000001.9538
000000002.3159
000000002.7081
000000003.1245
000000003.5579
000000004.0000
000000003.0000
000000002.6734
000000002.3533
000000002.0458
000000001.7561
000000001.4887
000000001.2467
000000001.0320
000000000.8453
000000000.6861
000000000.5531
000000000.4441
000000000.3566
000000000.2877
000000000.2346
000000000.1944
000000000.1646
000000000.1429
000000000.1275
000000000.1168
000000000.1094
000000000.1045
000000000.1013
000000000.0992
000000000.0979
000000000.0971
000000000.0967
000000000.0964
000000000.0962
000000000.0961
000000000.0961
000000000.0960
000000000.0960
000000000.0960
000000000.0960
000000000.0960
000000000.0960
000000000.0960
000000000.0960
000000000.0960
000000000.0960
000000000.0960
000000000.0960
000000000.0960
000000000.0960
000000000.0960
000000000.0960
000000000.0960
000000000.0960
000000000.0960
000000000.0960
000000000.0960
000000000.0960
000000000.0960
000000000.0960
000000000.0960
000000000.0960
000000000.0960
000000000.0960
000000000.0960
000000000.0960
000000000.0960
000000000.0960
000000000.0960
000000000.0960
000000000.0960
000000000.0960
000000000.0960
000000000.0960
000000000.0961
000000000.0962
000000000.0963
000000000.0965
000000000.0969
000000000.0975
000000000.0986
000000000.1003
000000000.1031
000000000.1074
000000000.1140
000000000.1238
000000000.1382
000000000.1588
000000000.1877
000000000.2276
000000000.2815
000000000.3527
000000000.4450
000000000.5624
000000000.7086
000000000.8872
000000001.1009
000000001.3517
000000001.6403
000000001.9657
000000002.3254
000000002.7152
000000003.1292
000000003.5602
000000004.0000
000000003.0000
000000002.6770
000000002.3605
000000002.0564
000000001.7701
000000001.5059
000000001.2670
000000001.0551
000000000.8709
000000000.7140
000000000.5829
000000000.4755
000000000.3893
000000000.3214
000000000.2691
000000000.2296
000000000.2003
000000000.1790
000000000.1638
000000000.1532
000000000.1460
000000000.1412
000000000.1380
000000000.1360
000000000.1347
000000000.1339
000000000.1334
000000000.1332
000000000.1330
000000000.1329
000000000.1329
000000000.1328
000000000.1328
000000000.1328
000000000.1328
000000000.1328
000000000.1328
000000000.1328
000000000.1328
000000000.1328
000000000.1328
000000000.1328
000000000.1328
000000000.1328
000000000.1328
000000000.1328
000000000.1328
000000000.1328
000000000.1328
000000000.1328
000000000.1328
000000000.1328
000000000.1328
000000000.1328
000000000.1328
000000000.1328
000000000.1328
000000000.1328
000000000.1328
000000000.1328
000000000.1328
000000000.1328
000000000.1328
000000000.1328
000000000.1328
000000000.1328
000000000.1328
000000000.1328
000000000.1328
000000000.1329
000000000.1329
000000000.1331
000000000.1333
000000000.1337
000000000.1343
000000000.1354
000000000.1371
000000000.1398
000000000.1440
000000000.1505
000000000.1602
000000000.1743
000000000.1946
000000000.2231
000000000.2624
000000000.3155
000000000.3857
000000000.4768
000000000.5926
000000000.7370
000000000.9134
000000001.1247
000000001.3729
000000001.6586
000000001.9809
000000002.3376
000000002.7243
000000003.1353
000000003.5632
000000004.0000
000000003.0000
000000002.6815
000000002.3694
000000002.0698
000000001.7879
000000001.5279
000000001.2929
000000001.0847
000000000.9038
000000000.7498
000000000.6212
000000000.5159
000000000.4315
000000000.3651
000000000.3138
000000000.2751
000000000.2464
000000000.2256
000000000.2108
000000000.2005
000000000.1934
000000000.1887
000000000.1856
000000000.1836
000000000.1823
000000000.1816
000000000.1811
000000000.1808
000000000.1807
000000000.1806
000000000.1805
000000000.1805
000000000.1805
000000000.1805
000000000.1805
000000000.1805
000000000.1805
000000000.1805
000000000.1805
000000000.1805
000000000.1805
000000000.1805
000000000.1805
000000000.1805
000000000.1805
000000000.1805
000000000.1805
000000000.1805
000000000.1805
000000000.1805
000000000.1805
000000000.1805
000000000.1805
000000000.1805
000000000.1805
000000000.1805
000000000.1805
000000000.1805
000000000.1805
000000000.1805
000000000.1805
000000000.1805
000000000.1805
000000000.1805
000000000.1805
000000000.1805
000000000.1805
000000000.1805
000000000.1805
000000000.1806
000000000.1806
000000000.1807
000000000.1810
000000000.1813
000000000.1819
000000000.1830
000000000.1847
000000000.1873
000000000.1915
000000000.1978
000000000.2073
000000000.2211
000000000.2410
000000000.2689
000000000.3075
000000000.3595
000000000.4284
000000000.5178
000000000.6315
000000000.7734
000000000.9470
000000001.1550
000000001.3996
000000001.6815
000000002.0000
000000002.3526
000000002.7355
000000003.1426
000000003.5669
000000004.0000
000000003.0000
000000002.6870
000000002.3805
000000002.0863
000000001.8098
000000001.5551
000000001.3252
000000001.1217
000000000.9451
000000000.7949
000000000.6696
000000000.5671
000000000.4849
000000000.4203
000000000.3705
000000000.3329
000000000.3050
000000000.2848
000000000.2704
000000000.2604
000000000.2536
000000000.2490
000000000.2460
000000000.2440
000000000.2428
000000000.2421
000000000.2416
000000000.2414
000000000.2412
000000000.2411
000000000.2411
000000000.2410
000000000.2410
000000000.2410
000000000.2410
000000000.2410
000000000.2410
000000000.2410
000000000.2410
000000000.2410
000000000.2410
000000000.2410
000000000.2410
000000000.2410
000000000.2410
000000000.2410
000000000.2410
000000000.2410
000000000.2410
000000000.2410
000000000.2410
000000000.2410
000000000.2410
000000000.2410
000000000.2410
000000000.2410
000000000.2410
000000000.2410
000000000.2410
000000000.2410
000000000.2410
000000000.2410
000000000.2410
000000000.2410
000000000.2410
000000000.2410
000000000.2410
000000000.2410
000000000.2410
000000000.2411
000000000.2411
000000000.2413
000000000.2415
000000000.2418
000000000.2424
000000000.2434
000000000.2451
000000000.2476
000000000.2517
000000000.2578
000000000.2670
000000000.2805
000000000.2998
000000000.3270
000000000.3645
000000000.4152
000000000.4823
000000000.5695
000000000.6805
000000000.8191
000000000.9888
000000001.1927
000000001.4326
000000001.7095
000000002.0229
000000002.3706
000000002.7486
000000003.1511
000000003.5711
000000004.0000
000000003.0000
000000002.6935
000000002.3935
000000002.1061
000000001.8362
000000001.5882
000000001.3645
000000001.1670
000000000.9959
000000000.8505
000000000.7294
000000000.6304
000000000.5511
000000000.4889
000000000.4409
000000000.4047
000000000.3779
000000000.3585
000000000.3446
000000000.3350
000000000.3284
000000000.3240
000000000.3211
000000000.3192
000000000.3181
000000000.3174
000000000.3169
000000000.3167
000000000.3165
000000000.3164
000000000.3164
000000000.3164
000000000.3163
000000000.3163
000000000.3163
000000000.3163
000000000.3163
000000000.3163
000000000.3163
000000000.3163
000000000.3163
000000000.3163
000000000.3163
000000000.3163
000000000.3163
000000000.3163
000000000.3163
000000000.3163
000000000.3163
000000000.3163
000000000.3163
000000000.3163
000000000.3163
000000000.3163
000000000.3163
000000000.3163
000000000.3163
000000000.3163
000000000.3163
000000000.3163
000000000.3163
000000000.3163
000000000.3163
000000000.3163
000000000.3163
000000000.3163
000000000.3163
000000000.3163
000000000.3164
000000000.3164
000000000.3165
000000000.3166
000000000.3168
000000000.3171
000000000.3177
000000000.3187
000000000.3202
000000000.3227
000000000.3266
000000000.3325
000000000.3414
000000000.3543
000000000.3730
000000000.3992
000000000.4353
000000000.4842
000000000.5491
000000000.6334
000000000.7409
000000000.8752
000000001.0401
000000001.2383
000000001.4722
000000001.7427
000000002.0498
000000002.3912
000000002.7633
000000003.1605
000000003.5756
000000004.0000
000000003.0000
000000002.7009
000000002.4086
000000002.1289
000000001.8671
000000001.6271
000000001.4114
000000001.2213
000000001.0570
000000000.9176
000000000.8018
000000000.7073
000000000.6317
000000000.5723
000000000.5267
000000000.4922
000000000.4667
000000000.4482
000000000.4351
000000000.4259
000000000.4197
000000000.4155
000000000.4127
000000000.4110
000000000.4099
000000000.4092
000000000.4088
000000000.4085
000000000.4084
000000000.4083
000000000.4083
000000000.4082
000000000.4082
000000000.4082
000000000.4082
000000000.4082
000000000.4082
000000000.4082
000000000.4082
000000000.4082
000000000.4082
000000000.4082
000000000.4082
000000000.4082
000000000.4082
000000000.4082
000000000.4082
000000000.4082
000000000.4082
000000000.4082
000000000.4082
000000000.4082
000000000.4082
000000000.4082
000000000.4082
000000000.4082
000000000.4082
000000000.4082
000000000.4082
000000000.4082
000000000.4082
000000000.4082
000000000.4082
000000000.4082
000000000.4082
000000000.4082
000000000.4082
000000000.4082
000000000.4082
000000000.4083
000000000.4083
000000000.4084
000000000.4086
000000000.4090
000000000.4095
000000000.4104
000000000.4119
000000000.4143
000000000.4180
000000000.4236
000000000.4320
000000000.4444
000000000.4621
000000000.4871
000000000.5215
000000000.5682
000000000.6301
000000000.7108
000000000.8137
000000000.9427
000000001.1012
000000001.2923
000000001.5184
000000001.7809
000000002.0798
000000002.4136
000000002.7788
000000003.1701
000000003.5801
000000004.0000
000000003.0000
000000002.7089
000000002.4249
000000002.1543
000000001.9020
000000001.6717
000000001.4656
000000001.2847
000000001.1288
000000000.9971
000000000.8877
000000000.7987
000000000.7276
000000000.6719
000000000.6290
000000000.5967
000000000.5728
000000000.5555
000000000.5432
000000000.5346
000000000.5288
000000000.5249
000000000.5223
000000000.5207
000000000.5196
000000000.5190
000000000.5186
000000000.5184
000000000.5182
000000000.5182
000000000.5181
000000000.5181
000000000.5181
000000000.5181
000000000.5181
000000000.5181
000000000.5181
000000000.5181
000000000.5181
000000000.5181
000000000.5181
000000000.5181
000000000.5181
000000000.5181
000000000.5181
000000000.5181
000000000.5181
000000000.5181
000000000.5181
000000000.5181
000000000.5181
000000000.5181
000000000.5181
000000000.5181
000000000.5181
000000000.5181
000000000.5181
000000000.5181
000000000.5181
000000000.5181
000000000.5181
000000000.5181
000000000.5181
000000000.5181
000000000.5181
000000000.5181
000000000.5181
000000000.5181
000000000.5181
000000000.5181
000000000.5182
000000000.5183
000000000.5185
000000000.5188
000000000.5193
000000000.5201
000000000.5215
000000000.5238
000000000.5272
000000000.5325
000000000.5404
000000000.5519
000000000.5686
000000000.5920
000000000.6244
000000000.6683
000000000.7266
000000000.8026
000000000.8999
000000001.0220
000000001.1726
000000001.3546
000000001.5709
000000001.8231
000000002.1119
000000002.4363
000000002.7935
000000003.1784
000000003.5838
000000004.0000
000000003.0000
000000002.7169
000000002.4416
000000002.1809
000000001.9397
000000001.7210
000000001.5267
000000001.3570
000000001.2116
000000001.0890
000000000.9876
000000000.9053
000000000.8396
000000000.7882
000000000.7488
000000000.7190
000000000.6971
000000000.6812
000000000.6699
000000000.6620
000000000.6566
000000000.6531
000000000.6507
000000000.6492
000000000.6482
000000000.6477
000000000.6473
000000000.6471
000000000.6470
000000000.6469
000000000.6469
000000000.6468
000000000.6468
000000000.6468
000000000.6468
000000000.6468
000000000.6468
000000000.6468
000000000.6468
000000000.6468
000000000.6468
000000000.6468
000000000.6468
000000000.6468
000000000.6468
000000000.6468
000000000.6468
000000000.6468
000000000.6468
000000000.6468
000000000.6468
000000000.6468
000000000.6468
000000000.6468
000000000.6468
000000000.6468
000000000.6468
000000000.6468
000000000.6468
000000000.6468
000000000.6468
000000000.6468
000000000.6468
000000000.6468
000000000.6468
000000000.6468
000000000.6468
000000000.6468
000000000.6469
000000000.6469
000000000.6469
000000000.6470
000000000.6472
000000000.6475
000000000.6479
000000000.6487
000000000.6500
000000000.6520
000000000.6552
000000000.6601
000000000.6673
000000000.6780
000000000.6933
000000000.7149
000000000.7447
000000000.7852
000000000.8391
000000000.9095
000000000.9998
000000001.1134
000000001.2539
000000001.4246
000000001.6284
000000001.8677
000000002.1438
000000002.4567
000000002.8046
000000003.1832
000000003.5852
000000004.0000
000000003.0000
000000002.7235
000000002.4566
000000002.2066
000000001.9782
000000001.7736
000000001.5935
000000001.4375
000000001.3046
000000001.1932
000000001.1013
000000001.0270
000000000.9678
000000000.9216
000000000.8861
000000000.8595
000000000.8398
000000000.8255
000000000.8154
000000000.8084
000000000.8035
000000000.8003
000000000.7982
000000000.7969
000000000.7960
000000000.7955
000000000.7952
000000000.7950
000000000.7949
000000000.7948
000000000.7948
000000000.7948
000000000.7948
000000000.7948
000000000.7948
000000000.7948
000000000.7948
000000000.7948
000000000.7948
000000000.7948
000000000.7948
000000000.7948
000000000.7948
000000000.7948
000000000.7948
000000000.7948
000000000.7948
000000000.7948
000000000.7948
000000000.7948
000000000.7948
000000000.7948
000000000.7948
000000000.7948
000000000.7948
000000000.7948
000000000.7948
000000000.7948
000000000.7948
000000000.7948
000000000.7948
000000000.7948
000000000.7948
000000000.7948
000000000.7948
000000000.7948
000000000.7948
000000000.7948
000000000.7948
000000000.7948
000000000.7949
000000000.7949
000000000.7951
000000000.7953
000000000.7958
000000000.7965
000000000.7976
000000000.7994
000000000.8023
000000000.8066
000000000.8131
000000000.8227
000000000.8364
000000000.8558
000000000.8827
000000000.9191
000000000.9677
000000001.0313
000000001.1131
000000001.2163
000000001.3445
000000001.5011
000000001.6894
000000001.9122
000000002.1721
000000002.4706
000000002.8076
000000003.1803
000000003.5818
000000004.0000
000000003.0000
000000002.7265
000000002.4663
000000002.2279
000000002.0146
000000001.8270
000000001.6642
000000001.5248
000000001.4070
000000001.3088
000000001.2283
000000001.1632
000000001.1116
000000001.0714
000000001.0406
000000001.0174
000000001.0004
000000000.9880
000000000.9792
000000000.9731
000000000.9690
000000000.9662
000000000.9644
000000000.9632
000000000.9625
000000000.9620
000000000.9617
000000000.9616
000000000.9615
000000000.9614
000000000.9614
000000000.9614
000000000.9614
000000000.9614
000000000.9614
000000000.9614
000000000.9614
000000000.9614
000000000.9614
000000000.9614
000000000.9614
000000000.9614
000000000.9614
000000000.9614
000000000.9614
000000000.9614
000000000.9614
000000000.9614
000000000.9614
000000000.9614
000000000.9614
000000000.9614
000000000.9614
000000000.9614
000000000.9614
000000000.9614
000000000.9614
000000000.9614
000000000.9614
000000000.9614
000000000.9614
000000000.9614
000000000.9614
000000000.9614
000000000.9614
000000000.9614
000000000.9614
000000000.9614
000000000.9614
000000000.9614
000000000.9615
000000000.9615
000000000.9617
000000000.9619
000000000.9622
000000000.9629
000000000.9638
000000000.9654
000000000.9679
000000000.9717
000000000.9773
000000000.9856
000000000.9975
000000001.0144
000000001.0377
000000001.0695
000000001.1119
000000001.1675
000000001.2391
000000001.3299
000000001.4432
000000001.5825
000000001.7512
000000001.9533
000000002.1924
000000002.4722
000000002.7955
000000003.1629
000000003.5691
000000004.0000
000000003.0000
000000002.7214
000000002.4649
000000002.2391
000000002.0444
000000001.8779
000000001.7364
000000001.6170
000000001.5171
000000001.4345
000000001.3670
000000001.3128
000000001.2699
000000001.2365
000000001.2109
000000001.1917
000000001.1776
000000001.1674
000000001.1601
000000001.1551
000000001.1516
000000001.1493
000000001.1478
000000001.1469
000000001.1463
000000001.1459
000000001.1457
000000001.1455
000000001.1454
000000001.1454
000000001.1454
000000001.1454
000000001.1454
000000001.1454
000000001.1454
000000001.1454
000000001.1454
000000001.1454
000000001.1454
000000001.1454
000000001.1454
000000001.1454
000000001.1454
000000001.1454
000000001.1454
000000001.1454
000000001.1454
000000001.1454
000000001.1454
000000001.1454
000000001.1454
000000001.1454
000000001.1454
000000001.1454
000000001.1454
000000001.1454
000000001.1454
000000001.1454
000000001.1454
000000001.1454
000000001.1454
000000001.1454
000000001.1454
000000001.1454
000000001.1454
000000001.1454
000000001.1454
000000001.1454
000000001.1454
000000001.1454
000000001.1454
000000001.1455
000000001.1456
000000001.1458
000000001.1461
000000001.1466
000000001.1474
000000001.1487
000000001.1507
000000001.1538
000000001.1585
000000001.1654
000000001.1753
000000001.1892
000000001.2086
000000001.2350
000000001.2703
000000001.3166
000000001.3766
000000001.4528
000000001.5484
000000001.6666
000000001.8114
000000001.9870
000000002.1988
000000002.4533
000000002.7578
000000003.1191
000000003.5384
000000004.0000
000000003.0000
000000002.6987
000000002.4414
000000002.2320
000000002.0621
000000001.9228
000000001.8076
000000001.7122
000000001.6333
000000001.5685
000000001.5160
000000001.4738
000000001.4406
000000001.4147
000000001.3950
000000001.3802
000000001.3693
000000001.3614
000000001.3559
000000001.3520
000000001.3493
000000001.3476
000000001.3464
000000001.3457
000000001.3452
000000001.3449
000000001.3447
000000001.3446
000000001.3446
000000001.3445
000000001.3445
000000001.3445
000000001.3445
000000001.3445
000000001.3445
000000001.3445
000000001.3445
000000001.3445
000000001.3445
000000001.3445
000000001.3445
000000001.3445
000000001.3445
000000001.3445
000000001.3445
000000001.3445
000000001.3445
000000001.3445
000000001.3445
000000001.3445
000000001.3445
000000001.3445
000000001.3445
000000001.3445
000000001.3445
000000001.3445
000000001.3445
000000001.3445
000000001.3445
000000001.3445
000000001.3445
000000001.3445
000000001.3445
000000001.3445
000000001.3445
000000001.3445
000000001.3445
000000001.3445
000000001.3445
000000001.3445
000000001.3446
000000001.3446
000000001.3447
000000001.3448
000000001.3451
000000001.3454
000000001.3461
000000001.3471
000000001.3486
000000001.3510
000000001.3546
000000001.3599
000000001.3675
000000001.3783
000000001.3933
000000001.4137
000000001.4410
000000001.4770
000000001.5236
000000001.5831
000000001.6581
000000001.7516
000000001.8671
000000002.0096
000000002.1852
000000002.4037
000000002.6784
000000003.0281
000000003.4707
000000004.0000
000000003.0000
000000002.6355
000000002.3770
000000002.1955
000000002.0617
000000001.9582
000000001.8756
000000001.8084
000000001.7536
000000001.7089
000000001.6728
000000001.6440
000000001.6212
000000001.6036
000000001.5902
000000001.5801
000000001.5727
000000001.5673
000000001.5636
000000001.5609
000000001.5591
000000001.5579
000000001.5571
000000001.5566
000000001.5563
000000001.5561
000000001.5560
000000001.5559
000000001.5559
000000001.5559
000000001.5559
000000001.5558
000000001.5558
000000001.5558
000000001.5558
000000001.5558
000000001.5558
000000001.5558
000000001.5558
000000001.5558
000000001.5558
000000001.5558
000000001.5558
000000001.5558
000000001.5558
000000001.5558
000000001.5558
000000001.5558
000000001.5558
000000001.5558
000000001.5558
000000001.5558
000000001.5558
000000001.5558
000000001.5558
000000001.5558
000000001.5558
000000001.5558
000000001.5558
000000001.5558
000000001.5558
000000001.5558
000000001.5558
000000001.5558
000000001.5558
000000001.5558
000000001.5558
000000001.5558
000000001.5559
000000001.5559
000000001.5559
000000001.5559
000000001.5560
000000001.5561
000000001.5562
000000001.5565
000000001.5569
000000001.5576
000000001.5587
000000001.5603
000000001.5627
000000001.5663
000000001.5715
000000001.5789
000000001.5891
000000001.6030
000000001.6216
000000001.6462
000000001.6782
000000001.7191
000000001.7708
000000001.8358
000000001.9168
000000002.0183
000000002.1466
000000002.3127
000000002.5362
000000002.8524
000000003.3207
000000004.0000
000000003.0000
000000002.4686
000000002.2403
000000002.1180
000000002.0395
000000001.9830
000000001.9393
000000001.9045
000000001.8763
000000001.8534
000000001.8350
000000001.8204
000000001.8088
000000001.7999
000000001.7931
000000001.7880
000000001.7843
000000001.7815
000000001.7796
000000001.7783
000000001.7774
000000001.7768
000000001.7764
000000001.7761
000000001.7760
000000001.7759
000000001.7758
000000001.7758
000000001.7757
000000001.7757
000000001.7757
000000001.7757
000000001.7757
000000001.7757
000000001.7757
000000001.7757
000000001.7757
000000001.7757
000000001.7757
000000001.7757
000000001.7757
000000001.7757
000000001.7757
000000001.7757
000000001.7757
000000001.7757
000000001.7757
000000001.7757
000000001.7757
000000001.7757
000000001.7757
000000001.7757
000000001.7757
000000001.7757
000000001.7757
000000001.7757
000000001.7757
000000001.7757
000000001.7757
000000001.7757
000000001.7757
000000001.7757
000000001.7757
000000001.7757
000000001.7757
000000001.7757
000000001.7757
000000001.7757
000000001.7757
000000001.7757
000000001.7757
000000001.7758
000000001.7758
000000001.7758
000000001.7759
000000001.7760
000000001.7763
000000001.7766
000000001.7771
000000001.7780
000000001.7792
000000001.7810
000000001.7837
000000001.7874
000000001.7925
000000001.7996
000000001.8091
000000001.8216
000000001.8378
000000001.8586
000000001.8851
000000001.9185
000000001.9604
000000002.0135
000000002.0822
000000002.1747
000000002.3093
000000002.5303
000000002.9624
000000004.0000
000000002.0000
000000002.0000
000000002.0000
000000002.0000
000000002.0000
000000002.0000
000000002.0000
000000002.0000
000000002.0000
000000002.0000
000000002.0000
000000002.0000
000000002.0000
000000002.0000
000000002.0000
000000002.0000
000000002.0000
000000002.0000
000000002.0000
000000002.0000
000000002.0000
000000002.0000
000000002.0000
000000002.0000
000000002.0000
000000002.0000
000000002.0000
000000002.0000
000000002.0000
000000002.0000
000000002.0000
000000002.0000
000000002.0000
000000002.0000
000000002.0000
000000002.0000
000000002.0000
000000002.0000
000000002.0000
000000002.0000
000000002.0000
000000002.0000
000000002.0000
000000002.0000
000000002.0000
000000002.0000
000000002.0000
000000002.0000
000000002.0000
000000002.0000
000000002.0000
000000002.0000
000000002.0000
000000002.0000
000000002.0000
000000002.0000
000000002.0000
000000002.0000
000000002.0000
000000002.0000
000000002.0000
000000002.0000
000000002.0000
000000002.0000
000000002.0000
000000002.0000
000000002.0000
000000002.0000
000000002.0000
000000002.0000
000000002.0000
000000002.0000
000000002.0000
000000002.0000
000000002.0000
000000002.0000
000000002.0000
000000002.0000
000000002.0000
000000002.0000
000000002.0000
000000002.0000
000000002.0000
000000002.0000
000000002.0000
000000002.0000
000000002.0000
000000002.0000
000000002.0000
000000002.0000
000000002.0000
000000002.0000
000000002.0000
000000002.0000
000000002.0000
000000002.0000
000000002.0000
000000002.0000
000000002.0000
000000002.0000
